======================================================================
19本撚線 K_c 成分分解 FD 診断（status-343 推奨アクション 1）
仮説 A 最終検証: x 成分 68% 不整合の部分行列由来を切り分け
======================================================================
cfg: n_strands=19, κ_max=0.015, mu=0.15, n_incr_per_cycle=20, tangent_fd_diagnostic=True, kc_component_fd_diagnostic=True

  [f_ref] Incr 1: f_ref=4.231e+02 (dynamic_ref)
  Incr 1 (frac=0.0500), attempt 0 [C], ||R_t||/||f|| = 1.000e+00, ||R_r|| = 6.146e+02, ||R_w||/||f||=1.026e+00, active=0, R(x=4.2e+02/57%,y=2.2e-14/0%,z=3.2e+01/4%)
  Incr 1 (frac=0.0500), attempt 5 [C+D.div], ||R_t||/||f|| = 2.329e-04, ||R_r|| = 1.192e+00, ||R_w||/||f||=5.050e-04, rate=1.135, active=0, R(x=8.8e-04/0%,y=9.8e-02/8%,z=1.1e-02/1%)
  Incr 1 (frac=0.0500), attempt 10 [C], ||R_t||/||f|| = 1.463e-05, ||R_r|| = 7.494e-02, ||R_w||/||f||=3.175e-05, rate=0.366, active=0, R(x=6.9e-05/0%,y=6.2e-03/8%,z=5.4e-04/1%)
  Incr 1 (frac=0.0500), attempt 15 [C+D.div], ||R_t||/||f|| = 2.839e-06, ||R_r|| = 1.456e-02, ||R_w||/||f||=6.165e-06, rate=1.130, active=0, R(x=6.3e-06/0%,y=1.2e-03/8%,z=1.1e-04/1%)
  Incr 1 (frac=0.0500), attempt 15, energy = 2.597e-08 (energy converged)
  [NR診断] Incr 1 (frac=0.0500), 収束 att=16, Type分布[C:9(56%), C+D.div:7(44%)], 直近10[C:5, C+D.div:5], R_c=0.00e+00, R_s=1.46e-02, active=0, sliding=0, activated=0, deactivated=0, stick→slide=0, slide→stick=0, comp(x=6.3e-06/0%,y=1.2e-03/8%,z=1.1e-04/1%,θx=1.4e-02/99%,θy=7.4e-05/1%,θz=1.4e-03/9%)
  [f_ref] Incr 2: f_ref=3.218e+03 (dynamic_ref), atol=4.23e-06
  Incr 2 (frac=0.0750), attempt 0 [C], ||R_t||/||f|| = 1.000e+00, ||R_r|| = 4.077e+02, ||R_w||/||f||=1.000e+00, active=0, R(x=8.1e+02/25%,y=2.8e+02/9%,z=3.1e+03/96%)
  Incr 2 (frac=0.0750), attempt 5 [A+B+D.div], ||R_t||/||f|| = 5.111e-01, ||R_r|| = 3.218e+02, ||R_w||/||f||=5.113e-01, rate=1.210, active=336, R(x=3.2e+02/19%,y=3.1e+02/18%,z=1.6e+03/94%)
  Incr 2 (frac=0.0750), 発散検知 (残差 5 回連続増加) → early abort
  [NR診断] Incr 2 (frac=0.0750), 不収束 att=7, Type分布[A+B+D.div:2(29%), A+B+D.stall:1(14%), A+D.div:1(14%), C:2(29%), C+D.div:1(14%)], 直近10[A+B+D.div:2, A+B+D.stall:1, A+D.div:1, C:2, C+D.div:1], R_c=1.71e+03, R_s=3.72e+02, active=306, sliding=665, activated=35, deactivated=0, stick→slide=4, slide→stick=3, comp(x=3.2e+02/19%,y=3.6e+02/20%,z=1.7e+03/95%,θx=2.2e+02/12%,θy=2.1e+02/12%,θz=2.5e+01/1%)
  [CUTBACK:diverged] frac 0.0750, dt=2.5000e-02 → sub-steps (cutback #1)
  [f_ref] Incr 2: f_ref=4.073e+02 (dynamic_ref), atol=4.23e-06
  Incr 2 (frac=0.0563), attempt 0 [C], ||R_t||/||f|| = 1.000e+00, ||R_r|| = 8.293e+01, ||R_w||/||f||=1.001e+00, active=0, R(x=9.7e+01/23%,y=3.6e+01/9%,z=3.9e+02/95%)
  Incr 2 (frac=0.0563), attempt 5 [C], ||R_t||/||f|| = 2.538e-08, ||R_r|| = 1.437e-04, ||R_w||/||f||=6.161e-08, rate=0.003, active=0, R(x=7.6e-07/1%,y=1.0e-05/7%,z=1.2e-06/1%)
  Incr 2 (frac=0.0563), attempt 5, ||du||/||u|| = 1.039e-08 (disp converged, 0 active)
  [f_ref] Incr 3: f_ref=6.403e+02 (dynamic_ref), atol=4.18e-06
  Incr 3 (frac=0.0625), attempt 0 [C], ||R_t||/||f|| = 1.000e+00, ||R_r|| = 1.426e+02, ||R_w||/||f||=1.001e+00, active=0, R(x=1.5e+02/23%,y=5.6e+01/9%,z=6.2e+02/95%)
  Incr 3 (frac=0.0625), attempt 5 [C], ||R_t||/||f|| = 8.084e+00, ||R_r|| = 5.028e+03, ||R_w||/||f||=8.180e+00, rate=0.677, active=186, R(x=9.6e+02/13%,y=1.2e+03/16%,z=4.9e+03/69%)
  Incr 3 (frac=0.0625), 発散検知 (残差 5 回連続増加) → early abort
  [NR診断] Incr 3 (frac=0.0625), 不収束 att=11, Type分布[A+B:1(9%), A+B+D.div:3(27%), C:2(18%), C+D.div:5(45%)], 直近10[A+B:1, A+B+D.div:3, C:1, C+D.div:5], R_c=5.64e+04, R_s=1.18e+05, active=58, sliding=887, activated=16, deactivated=0, stick→slide=0, slide→stick=0, comp(x=3.9e+04/30%,y=8.0e+04/61%,z=8.3e+04/63%,θx=3.2e+04/24%,θy=2.3e+04/18%,θz=2.8e+04/22%)
  [CUTBACK:diverged] frac 0.0625, dt=6.2500e-03 → sub-steps (cutback #2)
  [f_ref] Incr 3: f_ref=1.053e+02 (dynamic_ref), atol=4.18e-06
  Incr 3 (frac=0.0578), attempt 0 [C], ||R_t||/||f|| = 1.000e+00, ||R_r|| = 2.298e+01, ||R_w||/||f||=1.001e+00, active=0, R(x=2.5e+01/23%,y=9.2e+00/9%,z=1.0e+02/95%)
  Incr 3 (frac=0.0578), attempt 4, ||R_t||/||f|| = 2.918e-08, ||R_r|| = 3.109e-05 (force converged, 0 active)
  [f_ref] Incr 4: f_ref=3.546e+02 (dynamic_ref), atol=3.24e-06
  Incr 4 (frac=0.0602), attempt 0 [C], ||R_t||/||f|| = 1.000e+00, ||R_r|| = 6.919e+01, ||R_w||/||f||=1.000e+00, active=0, R(x=8.4e+01/23%,y=3.1e+01/9%,z=3.4e+02/95%)
  Incr 4 (frac=0.0602), attempt 4, ||du||/||u|| = 9.299e-10 (disp converged, 0 active)
  [f_ref] Incr 5: f_ref=7.722e+02 (dynamic_ref), atol=3.33e-06
  Incr 5 (frac=0.0637), attempt 0 [C], ||R_t||/||f|| = 1.000e+00, ||R_r|| = 1.676e+02, ||R_w||/||f||=1.001e+00, active=0, R(x=1.8e+02/22%,y=6.8e+01/9%,z=7.5e+02/95%)
  Incr 5 (frac=0.0637), attempt 5 [C+D.div], ||R_t||/||f|| = 1.051e+01, ||R_r|| = 1.613e+03, ||R_w||/||f||=1.052e+01, rate=1.409, active=293, R(x=1.3e+03/16%,y=1.7e+03/21%,z=7.8e+03/95%)
  Incr 5 (frac=0.0637), 発散検知 (残差 5 回連続増加) → early abort
  [NR診断] Incr 5 (frac=0.0637), 不収束 att=7, Type分布[A+B:1(14%), A+B+D.div:3(43%), C:1(14%), C+D.div:2(29%)], 直近10[A+B:1, A+B+D.div:3, C:1, C+D.div:2], R_c=8.00e+03, R_s=7.90e+03, active=211, sliding=965, activated=36, deactivated=0, stick→slide=2, slide→stick=1, comp(x=2.2e+03/20%,y=2.4e+03/21%,z=9.6e+03/86%,θx=2.3e+03/21%,θy=4.1e+03/37%,θz=7.2e+02/6%)
  [CUTBACK:diverged] frac 0.0637, dt=3.5156e-03 → sub-steps (cutback #3)
  [f_ref] Incr 5: f_ref=8.835e+01 (dynamic_ref), atol=3.33e-06
  Incr 5 (frac=0.0610), attempt 0 [C], ||R_t||/||f|| = 1.000e+00, ||R_r|| = 1.810e+01, ||R_w||/||f||=1.001e+00, active=0, R(x=2.1e+01/23%,y=7.7e+00/9%,z=8.6e+01/95%)
  Incr 5 (frac=0.0610), attempt 3, ||du||/||u|| = 2.206e-09 (disp converged, 0 active)
  [f_ref] Incr 6: f_ref=2.487e+02 (dynamic_ref), atol=2.60e-06
  Incr 6 (frac=0.0624), attempt 0 [C], ||R_t||/||f|| = 1.000e+00, ||R_r|| = 4.777e+01, ||R_w||/||f||=1.000e+00, active=0, R(x=5.8e+01/23%,y=2.2e+01/8%,z=2.4e+02/95%)
  Incr 6 (frac=0.0624), attempt 3, energy = 6.142e-11 (energy converged)
  [f_ref] Incr 7: f_ref=5.313e+02 (dynamic_ref), atol=2.57e-06
  Incr 7 (frac=0.0643), attempt 0 [C], ||R_t||/||f|| = 1.000e+00, ||R_r|| = 1.091e+02, ||R_w||/||f||=1.001e+00, active=0, R(x=1.2e+02/22%,y=4.6e+01/9%,z=5.2e+02/95%)
  Incr 7 (frac=0.0643), 発散検知 (残差 5 回連続増加) → early abort
  [NR診断] Incr 7 (frac=0.0643), 不収束 att=6, Type分布[A+B:1(17%), A+B+D.div:4(67%), C:1(17%)], 直近10[A+B:1, A+B+D.div:4, C:1], R_c=2.62e+04, R_s=1.11e+04, active=238, sliding=976, activated=34, deactivated=0, stick→slide=0, slide→stick=4, comp(x=1.1e+04/38%,y=7.6e+03/27%,z=2.3e+04/79%,θx=6.1e+03/21%,θy=5.6e+03/20%,θz=7.4e+03/26%)
  [CUTBACK:diverged] frac 0.0643, dt=1.9775e-03 → sub-steps (cutback #4)
  [f_ref] Incr 7: f_ref=5.517e+01 (dynamic_ref), atol=2.57e-06
  Incr 7 (frac=0.0628), attempt 0 [C], ||R_t||/||f|| = 1.000e+00, ||R_r|| = 1.093e+01, ||R_w||/||f||=1.000e+00, active=0, R(x=1.3e+01/23%,y=4.8e+00/9%,z=5.3e+01/95%)
  Incr 7 (frac=0.0628), attempt 3, ||R_t||/||f|| = 3.371e-09, ||R_r|| = 2.230e-06 (force converged, 0 active)
  [f_ref] Incr 8: f_ref=1.594e+02 (dynamic_ref), atol=1.96e-06
  Incr 8 (frac=0.0636), attempt 0 [C], ||R_t||/||f|| = 1.000e+00, ||R_r|| = 3.049e+01, ||R_w||/||f||=1.000e+00, active=0, R(x=3.7e+01/23%,y=1.4e+01/8%,z=1.5e+02/95%)
  Incr 8 (frac=0.0636), attempt 3, ||du||/||u|| = 1.758e-09 (disp converged, 0 active)
  [f_ref] Incr 9: f_ref=3.418e+02 (dynamic_ref), atol=1.85e-06
  Incr 9 (frac=0.0648), attempt 0 [C], ||R_t||/||f|| = 1.000e+00, ||R_r|| = 6.783e+01, ||R_w||/||f||=1.000e+00, active=0, R(x=7.8e+01/22%,y=3.0e+01/9%,z=3.3e+02/95%)
  Incr 9 (frac=0.0648), attempt 5 [C+D.div], ||R_t||/||f|| = 4.514e+00, ||R_r|| = 1.470e+02, ||R_w||/||f||=4.514e+00, rate=2.868, active=281, R(x=2.7e+02/17%,y=3.9e+02/25%,z=1.5e+03/95%)
  Incr 9 (frac=0.0648), 発散検知 (残差 5 回連続増加) → early abort
  [NR診断] Incr 9 (frac=0.0648), 不収束 att=8, Type分布[A+B:2(25%), A+B+D.div:4(50%), C:1(12%), C+D.div:1(12%)], 直近10[A+B:2, A+B+D.div:4, C:1, C+D.div:1], R_c=8.36e+03, R_s=4.02e+03, active=185, sliding=953, activated=26, deactivated=0, stick→slide=3, slide→stick=5, comp(x=1.6e+03/17%,y=2.4e+03/25%,z=8.8e+03/95%,θx=8.4e+02/9%,θy=5.4e+02/6%,θz=1.9e+02/2%)
  [CUTBACK:diverged] frac 0.0648, dt=1.1719e-03 → sub-steps (cutback #5)
  [f_ref] Incr 9: f_ref=3.370e+01 (dynamic_ref), atol=1.85e-06
  Incr 9 (frac=0.0639), attempt 0 [C], ||R_t||/||f|| = 1.000e+00, ||R_r|| = 6.560e+00, ||R_w||/||f||=1.000e+00, active=0, R(x=7.8e+00/23%,y=2.9e+00/8%,z=3.3e+01/95%)
  Incr 9 (frac=0.0639), attempt 2, ||du||/||u|| = 1.498e-10 (disp converged, 0 active)
  [f_ref] Incr 10: f_ref=2.427e+02 (dynamic_ref), atol=1.40e-06
  Incr 10 (frac=0.0647), attempt 0 [C], ||R_t||/||f|| = 1.000e+00, ||R_r|| = 4.562e+01, ||R_w||/||f||=1.000e+00, active=0, R(x=5.7e+01/23%,y=2.1e+01/8%,z=2.4e+02/95%)
  Incr 10 (frac=0.0647), attempt 3, ||du||/||u|| = 3.412e-09 (disp converged, 0 active)
  [f_ref] Incr 11: f_ref=4.782e+02 (dynamic_ref), atol=1.71e-06
  Incr 11 (frac=0.0659), attempt 0 [C], ||R_t||/||f|| = 1.000e+00, ||R_r|| = 9.448e+01, ||R_w||/||f||=1.000e+00, active=0, R(x=1.1e+02/22%,y=4.1e+01/8%,z=4.6e+02/95%)
  Incr 11 (frac=0.0659), attempt 5 [A+B+D.div], ||R_t||/||f|| = 2.843e+00, ||R_r|| = 1.813e+02, ||R_w||/||f||=2.843e+00, rate=1.451, active=354, R(x=2.5e+02/19%,y=2.8e+02/20%,z=1.3e+03/95%)
  Incr 11 (frac=0.0659), 発散検知 (残差 5 回連続増加) → early abort
  [NR診断] Incr 11 (frac=0.0659), 不収束 att=7, Type分布[A+B:1(14%), A+B+D.div:5(71%), C:1(14%)], 直近10[A+B:1, A+B+D.div:5, C:1], R_c=3.57e+03, R_s=1.03e+03, active=260, sliding=1038, activated=36, deactivated=0, stick→slide=1, slide→stick=4, comp(x=7.6e+02/20%,y=6.6e+02/18%,z=3.6e+03/96%,θx=2.0e+02/5%,θy=2.6e+02/7%,θz=5.7e+01/2%)
  [CUTBACK:diverged] frac 0.0659, dt=1.1719e-03 → sub-steps (cutback #6)
  [f_ref] Incr 11: f_ref=4.187e+01 (dynamic_ref), atol=1.71e-06
  Incr 11 (frac=0.0650), attempt 0 [C], ||R_t||/||f|| = 1.000e+00, ||R_r|| = 8.050e+00, ||R_w||/||f||=1.000e+00, active=0, R(x=9.7e+00/23%,y=3.6e+00/8%,z=4.1e+01/95%)
  Incr 11 (frac=0.0650), attempt 2, ||du||/||u|| = 1.820e-10 (disp converged, 0 active)
  [f_ref] Incr 12: f_ref=2.882e+02 (dynamic_ref), atol=1.32e-06
  Incr 12 (frac=0.0658), attempt 0 [C], ||R_t||/||f|| = 1.000e+00, ||R_r|| = 5.348e+01, ||R_w||/||f||=1.000e+00, active=0, R(x=6.7e+01/23%,y=2.5e+01/8%,z=2.8e+02/95%)
  Incr 12 (frac=0.0658), attempt 3, ||du||/||u|| = 3.901e-09 (disp converged, 0 active)
  [f_ref] Incr 13: f_ref=5.505e+02 (dynamic_ref), atol=1.79e-06
  Incr 13 (frac=0.0669), attempt 0 [C], ||R_t||/||f|| = 1.000e+00, ||R_r|| = 1.077e+02, ||R_w||/||f||=1.000e+00, active=0, R(x=1.2e+02/22%,y=4.7e+01/8%,z=5.3e+02/95%)
  Incr 13 (frac=0.0669), 発散検知 (残差 5 回連続増加) → early abort
  [NR診断] Incr 13 (frac=0.0669), 不収束 att=6, Type分布[A+B:1(17%), A+B+D.div:3(50%), C:1(17%), C+D.div:1(17%)], 直近10[A+B:1, A+B+D.div:3, C:1, C+D.div:1], R_c=2.43e+03, R_s=9.20e+02, active=310, sliding=981, activated=15, deactivated=0, stick→slide=6, slide→stick=2, comp(x=4.6e+02/18%,y=4.9e+02/19%,z=2.5e+03/95%,θx=3.3e+02/13%,θy=1.8e+02/7%,θz=5.9e+01/2%)
  [CUTBACK:diverged] frac 0.0669, dt=1.1719e-03 → sub-steps (cutback #7)
  [f_ref] Incr 13: f_ref=4.560e+01 (dynamic_ref), atol=1.79e-06
  Incr 13 (frac=0.0661), attempt 0 [C], ||R_t||/||f|| = 1.000e+00, ||R_r|| = 8.664e+00, ||R_w||/||f||=1.000e+00, active=0, R(x=1.1e+01/23%,y=3.9e+00/8%,z=4.4e+01/95%)
  Incr 13 (frac=0.0661), attempt 2, ||du||/||u|| = 1.494e-10 (disp converged, 0 active)
  [f_ref] Incr 14: f_ref=3.061e+02 (dynamic_ref), atol=1.39e-06
  Incr 14 (frac=0.0669), attempt 0 [C], ||R_t||/||f|| = 1.000e+00, ||R_r|| = 5.623e+01, ||R_w||/||f||=1.000e+00, active=0, R(x=7.2e+01/23%,y=2.6e+01/8%,z=3.0e+02/95%)
  Incr 14 (frac=0.0669), attempt 3, ||du||/||u|| = 3.552e-09 (disp converged, 0 active)
  [f_ref] Incr 15: f_ref=5.771e+02 (dynamic_ref), atol=1.89e-06
  Incr 15 (frac=0.0680), attempt 0 [C], ||R_t||/||f|| = 1.000e+00, ||R_r|| = 1.114e+02, ||R_w||/||f||=1.000e+00, active=0, R(x=1.3e+02/22%,y=5.0e+01/8%,z=5.6e+02/95%)
  Incr 15 (frac=0.0680), 発散検知 (残差 5 回連続増加) → early abort
  [NR診断] Incr 15 (frac=0.0680), 不収束 att=6, Type分布[A+B:1(17%), A+B+D.div:3(50%), C:1(17%), C+D.div:1(17%)], 直近10[A+B:1, A+B+D.div:3, C:1, C+D.div:1], R_c=1.32e+04, R_s=1.52e+04, active=169, sliding=1047, activated=25, deactivated=0, stick→slide=1, slide→stick=1, comp(x=4.0e+03/20%,y=4.4e+03/22%,z=1.0e+04/49%,θx=1.2e+04/58%,θy=9.2e+03/46%,θz=6.9e+03/34%)
  [CUTBACK:diverged] frac 0.0680, dt=1.1719e-03 → sub-steps (cutback #8)
  [f_ref] Incr 15: f_ref=4.616e+01 (dynamic_ref), atol=1.89e-06
  Incr 15 (frac=0.0671), attempt 0 [C], ||R_t||/||f|| = 1.000e+00, ||R_r|| = 8.674e+00, ||R_w||/||f||=1.000e+00, active=0, R(x=1.1e+01/23%,y=3.9e+00/8%,z=4.5e+01/95%)
  Incr 15 (frac=0.0671), attempt 2, ||du||/||u|| = 1.123e-10 (disp converged, 0 active)
  [f_ref] Incr 16: f_ref=3.047e+02 (dynamic_ref), atol=1.46e-06
  Incr 16 (frac=0.0679), attempt 0 [C], ||R_t||/||f|| = 1.000e+00, ||R_r|| = 5.548e+01, ||R_w||/||f||=1.000e+00, active=0, R(x=7.1e+01/23%,y=2.6e+01/8%,z=3.0e+02/95%)
  Incr 16 (frac=0.0679), attempt 3, ||du||/||u|| = 2.883e-09 (disp converged, 0 active)
  [f_ref] Incr 17: f_ref=5.716e+02 (dynamic_ref), atol=1.94e-06
  Incr 17 (frac=0.0691), attempt 0 [C], ||R_t||/||f|| = 1.000e+00, ||R_r|| = 1.088e+02, ||R_w||/||f||=1.000e+00, active=0, R(x=1.3e+02/22%,y=4.9e+01/8%,z=5.5e+02/95%)
  Incr 17 (frac=0.0691), 発散検知 (残差 5 回連続増加) → early abort
  [NR診断] Incr 17 (frac=0.0691), 不収束 att=6, Type分布[A+B:1(17%), A+B+D.div:4(67%), C:1(17%)], 直近10[A+B:1, A+B+D.div:4, C:1], R_c=3.33e+03, R_s=3.29e+03, active=340, sliding=1004, activated=41, deactivated=0, stick→slide=6, slide→stick=12, comp(x=1.2e+03/26%,y=1.1e+03/24%,z=4.4e+03/93%,θx=3.9e+02/8%,θy=2.4e+02/5%,θz=1.1e+02/2%)
  [CUTBACK:diverged] frac 0.0691, dt=1.1719e-03 → sub-steps (cutback #9)
  [f_ref] Incr 17: f_ref=4.458e+01 (dynamic_ref), atol=1.94e-06
  Incr 17 (frac=0.0682), attempt 0 [C], ||R_t||/||f|| = 1.000e+00, ||R_r|| = 8.286e+00, ||R_w||/||f||=1.000e+00, active=0, R(x=1.0e+01/23%,y=3.8e+00/8%,z=4.3e+01/95%)
  Incr 17 (frac=0.0682), attempt 2, ||du||/||u|| = 8.669e-11 (disp converged, 0 active)
  [f_ref] Incr 18: f_ref=2.905e+02 (dynamic_ref), atol=1.49e-06
  Incr 18 (frac=0.0690), attempt 0 [C], ||R_t||/||f|| = 1.000e+00, ||R_r|| = 5.247e+01, ||R_w||/||f||=1.000e+00, active=0, R(x=6.8e+01/23%,y=2.4e+01/8%,z=2.8e+02/95%)
  Incr 18 (frac=0.0690), attempt 3, ||du||/||u|| = 2.204e-09 (disp converged, 0 active)
  [f_ref] Incr 19: f_ref=5.443e+02 (dynamic_ref), atol=1.91e-06
  Incr 19 (frac=0.0702), attempt 0 [C], ||R_t||/||f|| = 1.000e+00, ||R_r|| = 1.022e+02, ||R_w||/||f||=1.000e+00, active=0, R(x=1.2e+02/22%,y=4.6e+01/8%,z=5.3e+02/95%)
  Incr 19 (frac=0.0702), attempt 5 [A+B+D.div], ||R_t||/||f|| = 5.116e+00, ||R_r|| = 1.625e+03, ||R_w||/||f||=5.138e+00, rate=1.758, active=263, R(x=5.0e+02/15%,y=5.9e+02/18%,z=2.7e+03/83%)
  Incr 19 (frac=0.0702), 発散検知 (残差 5 回連続増加) → early abort
  [NR診断] Incr 19 (frac=0.0702), 不収束 att=8, Type分布[A+B+D.div:4(50%), C:3(38%), C+D.div:1(12%)], 直近10[A+B+D.div:4, C:3, C+D.div:1], R_c=3.24e+03, R_s=1.03e+04, active=248, sliding=1070, activated=23, deactivated=0, stick→slide=1, slide→stick=1, comp(x=3.2e+03/29%,y=7.0e+02/6%,z=8.9e+03/83%,θx=4.5e+03/42%,θy=2.3e+03/21%,θz=1.1e+03/10%)
  [CUTBACK:diverged] frac 0.0702, dt=1.1719e-03 → sub-steps (cutback #10)
  [f_ref] Incr 19: f_ref=4.161e+01 (dynamic_ref), atol=1.91e-06
  Incr 19 (frac=0.0693), attempt 0 [C], ||R_t||/||f|| = 1.000e+00, ||R_r|| = 7.655e+00, ||R_w||/||f||=1.000e+00, active=0, R(x=9.6e+00/23%,y=3.5e+00/8%,z=4.0e+01/95%)
  Incr 19 (frac=0.0693), attempt 2, ||du||/||u|| = 6.365e-11 (disp converged, 0 active)
  [f_ref] Incr 20: f_ref=2.683e+02 (dynamic_ref), atol=1.46e-06
  Incr 20 (frac=0.0701), attempt 0 [C], ||R_t||/||f|| = 1.000e+00, ||R_r|| = 4.811e+01, ||R_w||/||f||=1.000e+00, active=0, R(x=6.3e+01/23%,y=2.2e+01/8%,z=2.6e+02/95%)
  Incr 20 (frac=0.0701), attempt 3, ||du||/||u|| = 1.619e-09 (disp converged, 0 active)
  [f_ref] Incr 21: f_ref=5.032e+02 (dynamic_ref), atol=1.83e-06
  Incr 21 (frac=0.0712), attempt 0 [C], ||R_t||/||f|| = 1.000e+00, ||R_r|| = 9.313e+01, ||R_w||/||f||=1.000e+00, active=0, R(x=1.1e+02/22%,y=4.2e+01/8%,z=4.9e+02/95%)
  Incr 21 (frac=0.0712), attempt 5 [A+B+D.div], ||R_t||/||f|| = 1.836e+00, ||R_r|| = 8.725e+01, ||R_w||/||f||=1.836e+00, rate=2.817, active=385, R(x=1.9e+02/21%,y=2.3e+02/25%,z=8.7e+02/94%)
  Incr 21 (frac=0.0712), 発散検知 (残差 5 回連続増加) → early abort
  [NR診断] Incr 21 (frac=0.0712), 不収束 att=7, Type分布[A:1(14%), A+B+D.div:5(71%), C:1(14%)], 直近10[A:1, A+B+D.div:5, C:1], R_c=1.54e+03, R_s=2.04e+02, active=373, sliding=1028, activated=36, deactivated=0, stick→slide=3, slide→stick=3, comp(x=2.2e+02/14%,y=2.6e+02/17%,z=1.5e+03/94%,θx=3.8e+02/24%,θy=1.2e+02/8%,θz=3.6e+01/2%)
  [CUTBACK:diverged] frac 0.0712, dt=1.1719e-03 → sub-steps (cutback #11)
  [f_ref] Incr 21: f_ref=3.783e+01 (dynamic_ref), atol=1.83e-06
  Incr 21 (frac=0.0704), attempt 0 [C], ||R_t||/||f|| = 1.000e+00, ||R_r|| = 6.892e+00, ||R_w||/||f||=1.000e+00, active=0, R(x=8.7e+00/23%,y=3.2e+00/8%,z=3.7e+01/95%)
  Incr 21 (frac=0.0704), attempt 2, ||du||/||u|| = 4.308e-11 (disp converged, 0 active)
  [f_ref] Incr 22: f_ref=2.419e+02 (dynamic_ref), atol=1.39e-06
  Incr 22 (frac=0.0711), attempt 0 [C], ||R_t||/||f|| = 1.000e+00, ||R_r|| = 4.306e+01, ||R_w||/||f||=1.000e+00, active=0, R(x=5.6e+01/23%,y=2.0e+01/8%,z=2.3e+02/95%)
  Incr 22 (frac=0.0711), attempt 3, ||du||/||u|| = 1.152e-09 (disp converged, 0 active)
  [f_ref] Incr 23: f_ref=4.543e+02 (dynamic_ref), atol=1.70e-06
  Incr 23 (frac=0.0723), attempt 0 [C], ||R_t||/||f|| = 1.000e+00, ||R_r|| = 8.296e+01, ||R_w||/||f||=1.000e+00, active=0, R(x=1.0e+02/22%,y=3.8e+01/8%,z=4.4e+02/95%)
  Incr 23 (frac=0.0723), attempt 5 [A+B+D.div], ||R_t||/||f|| = 6.236e+00, ||R_r|| = 5.578e+02, ||R_w||/||f||=6.239e+00, rate=1.256, active=326, R(x=5.2e+02/18%,y=5.7e+02/20%,z=2.7e+03/94%)
  Incr 23 (frac=0.0723), 発散検知 (残差 5 回連続増加) → early abort
  [NR診断] Incr 23 (frac=0.0723), 不収束 att=7, Type分布[A+B:1(14%), A+B+D.div:5(71%), C:1(14%)], 直近10[A+B:1, A+B+D.div:5, C:1], R_c=3.87e+03, R_s=2.05e+03, active=272, sliding=1085, activated=32, deactivated=0, stick→slide=1, slide→stick=4, comp(x=9.1e+02/21%,y=9.0e+02/21%,z=4.1e+03/95%,θx=4.7e+02/11%,θy=3.7e+02/8%,θz=1.2e+02/3%)
  [CUTBACK:diverged] frac 0.0723, dt=1.1719e-03 → sub-steps (cutback #12)
  [f_ref] Incr 23: f_ref=3.368e+01 (dynamic_ref), atol=1.70e-06
  Incr 23 (frac=0.0714), attempt 0 [C], ||R_t||/||f|| = 1.000e+00, ||R_r|| = 6.078e+00, ||R_w||/||f||=1.000e+00, active=0, R(x=7.7e+00/23%,y=2.8e+00/8%,z=3.3e+01/95%)
  Incr 23 (frac=0.0714), attempt 2, ||du||/||u|| = 2.791e-11 (disp converged, 0 active)
  [f_ref] Incr 24: f_ref=2.137e+02 (dynamic_ref), atol=1.29e-06
  Incr 24 (frac=0.0722), attempt 0 [C], ||R_t||/||f|| = 1.000e+00, ||R_r|| = 3.779e+01, ||R_w||/||f||=1.000e+00, active=0, R(x=5.0e+01/23%,y=1.8e+01/8%,z=2.1e+02/95%)
  Incr 24 (frac=0.0722), attempt 3, ||du||/||u|| = 7.985e-10 (disp converged, 0 active)
  [f_ref] Incr 25: f_ref=4.021e+02 (dynamic_ref), atol=1.55e-06
  Incr 25 (frac=0.0734), attempt 0 [C], ||R_t||/||f|| = 1.000e+00, ||R_r|| = 7.251e+01, ||R_w||/||f||=1.000e+00, active=0, R(x=9.1e+01/22%,y=3.4e+01/8%,z=3.9e+02/96%)
  Incr 25 (frac=0.0734), attempt 5 [A+B+D.div], ||R_t||/||f|| = 2.042e+01, ||R_r|| = 1.974e+03, ||R_w||/||f||=2.043e+01, rate=2.886, active=250, R(x=1.9e+03/22%,y=2.2e+03/26%,z=7.7e+03/91%)
  Incr 25 (frac=0.0734), 発散検知 (残差 5 回連続増加) → early abort
  [NR診断] Incr 25 (frac=0.0734), 不収束 att=7, Type分布[A:1(14%), A+B+D.div:4(57%), C:1(14%), C+D.div:1(14%)], 直近10[A:1, A+B+D.div:4, C:1, C+D.div:1], R_c=1.33e+04, R_s=9.89e+03, active=144, sliding=1067, activated=31, deactivated=0, stick→slide=3, slide→stick=2, comp(x=5.0e+03/30%,y=3.9e+03/24%,z=1.4e+04/85%,θx=5.0e+03/30%,θy=2.9e+03/18%,θz=9.7e+02/6%)
  [CUTBACK:diverged] frac 0.0734, dt=1.1719e-03 → sub-steps (cutback #13)
  [f_ref] Incr 25: f_ref=2.945e+01 (dynamic_ref), atol=1.55e-06
  Incr 25 (frac=0.0725), attempt 0 [C], ||R_t||/||f|| = 1.000e+00, ||R_r|| = 5.267e+00, ||R_w||/||f||=1.000e+00, active=0, R(x=6.8e+00/23%,y=2.5e+00/8%,z=2.9e+01/95%)
  Incr 25 (frac=0.0725), attempt 2, ||du||/||u|| = 1.819e-11 (disp converged, 0 active)
  [f_ref] Incr 26: f_ref=1.857e+02 (dynamic_ref), atol=1.17e-06
  Incr 26 (frac=0.0733), attempt 0 [C], ||R_t||/||f|| = 1.000e+00, ||R_r|| = 3.261e+01, ||R_w||/||f||=1.000e+00, active=0, R(x=4.3e+01/23%,y=1.5e+01/8%,z=1.8e+02/95%)
  Incr 26 (frac=0.0733), attempt 3, ||R_t||/||f|| = 7.807e-09, ||R_r|| = 1.794e-05 (force converged, 0 active)
  [f_ref] Incr 27: f_ref=3.499e+02 (dynamic_ref), atol=1.38e-06
  Incr 27 (frac=0.0745), attempt 0 [C], ||R_t||/||f|| = 1.000e+00, ||R_r|| = 6.234e+01, ||R_w||/||f||=1.000e+00, active=0, R(x=7.9e+01/22%,y=2.9e+01/8%,z=3.4e+02/96%)
  Incr 27 (frac=0.0745), attempt 4, ||du||/||u|| = 7.461e-10 (disp converged, 0 active)
  [f_ref] Incr 28: f_ref=4.181e+02 (dynamic_ref), atol=2.01e-06
  Incr 28 (frac=0.0758), attempt 0 [C], ||R_t||/||f|| = 1.000e+00, ||R_r|| = 7.105e+01, ||R_w||/||f||=1.000e+00, active=0, R(x=9.8e+01/23%,y=3.4e+01/8%,z=4.0e+02/95%)
  Incr 28 (frac=0.0758), attempt 3, energy = 4.828e-10 (energy converged)
  [f_ref] Incr 29: f_ref=4.308e+02 (dynamic_ref), atol=2.66e-06
  Incr 29 (frac=0.0774), attempt 0 [C], ||R_t||/||f|| = 1.000e+00, ||R_r|| = 7.497e+01, ||R_w||/||f||=1.000e+00, active=0, R(x=9.8e+01/22%,y=3.6e+01/8%,z=4.2e+02/96%)
  Incr 29 (frac=0.0774), attempt 5 [A+B+D.div], ||R_t||/||f|| = 7.459e+00, ||R_r|| = 2.535e+02, ||R_w||/||f||=7.460e+00, rate=3.018, active=304, R(x=4.8e+02/15%,y=6.9e+02/21%,z=3.1e+03/96%)
  Incr 29 (frac=0.0774), 発散検知 (残差 5 回連続増加) → early abort
  [NR診断] Incr 29 (frac=0.0774), 不収束 att=7, Type分布[A+B:1(14%), A+B+D.div:4(57%), C:1(14%), C+D.div:1(14%)], 直近10[A+B:1, A+B+D.div:4, C:1, C+D.div:1], R_c=7.03e+03, R_s=6.35e+03, active=215, sliding=1063, activated=27, deactivated=0, stick→slide=3, slide→stick=1, comp(x=1.7e+03/18%,y=2.8e+03/29%,z=8.7e+03/92%,θx=8.4e+02/9%,θy=1.4e+03/14%,θz=5.8e+02/6%)
  [CUTBACK:diverged] frac 0.0774, dt=1.5381e-03 → sub-steps (cutback #14)
  [f_ref] Incr 29: f_ref=2.967e+01 (dynamic_ref), atol=2.66e-06
  Incr 29 (frac=0.0762), attempt 0 [C], ||R_t||/||f|| = 1.000e+00, ||R_r|| = 5.139e+00, ||R_w||/||f||=1.000e+00, active=0, R(x=6.8e+00/23%,y=2.4e+00/8%,z=2.9e+01/96%)
  Incr 29 (frac=0.0762), attempt 2, ||du||/||u|| = 2.887e-11 (disp converged, 0 active)
  [f_ref] Incr 30: f_ref=1.065e+02 (dynamic_ref), atol=1.95e-06
  Incr 30 (frac=0.0770), attempt 0 [C], ||R_t||/||f|| = 1.000e+00, ||R_r|| = 1.819e+01, ||R_w||/||f||=1.000e+00, active=0, R(x=2.5e+01/23%,y=8.7e+00/8%,z=1.0e+02/96%)
  Incr 30 (frac=0.0770), attempt 3, ||R_t||/||f|| = 2.072e-09, ||R_r|| = 2.896e-06 (force converged, 0 active)
  [f_ref] Incr 31: f_ref=2.002e+02 (dynamic_ref), atol=1.69e-06
  Incr 31 (frac=0.0782), attempt 0 [C], ||R_t||/||f|| = 1.000e+00, ||R_r|| = 3.436e+01, ||R_w||/||f||=1.000e+00, active=0, R(x=4.6e+01/23%,y=1.6e+01/8%,z=1.9e+02/96%)
  Incr 31 (frac=0.0782), attempt 3, energy = 2.420e-10 (energy converged)
  [f_ref] Incr 32: f_ref=2.331e+02 (dynamic_ref), atol=1.78e-06
  Incr 32 (frac=0.0795), attempt 0 [C], ||R_t||/||f|| = 1.000e+00, ||R_r|| = 3.876e+01, ||R_w||/||f||=1.000e+00, active=0, R(x=5.5e+01/23%,y=1.9e+01/8%,z=2.3e+02/96%)
  Incr 32 (frac=0.0795), attempt 3, ||du||/||u|| = 2.211e-09 (disp converged, 0 active)
  [f_ref] Incr 33: f_ref=2.406e+02 (dynamic_ref), atol=1.95e-06
  Incr 33 (frac=0.0811), attempt 0 [C], ||R_t||/||f|| = 1.000e+00, ||R_r|| = 4.037e+01, ||R_w||/||f||=1.000e+00, active=0, R(x=5.5e+01/23%,y=2.0e+01/8%,z=2.3e+02/96%)
  Incr 33 (frac=0.0811), 発散検知 (残差 5 回連続増加) → early abort
  [NR診断] Incr 33 (frac=0.0811), 不収束 att=6, Type分布[A+B+D.div:1(17%), C:2(33%), C+D.div:3(50%)], 直近10[A+B+D.div:1, C:2, C+D.div:3], R_c=2.26e+04, R_s=5.90e+04, active=133, sliding=1048, activated=20, deactivated=0, stick→slide=2, slide→stick=0, comp(x=3.7e+04/59%,y=2.1e+04/33%,z=4.1e+04/65%,θx=1.2e+04/19%,θy=1.2e+04/19%,θz=1.3e+04/20%)
  [CUTBACK:diverged] frac 0.0811, dt=1.5381e-03 → sub-steps (cutback #15)
  [f_ref] Incr 33: f_ref=1.591e+01 (dynamic_ref), atol=1.95e-06
  Incr 33 (frac=0.0799), attempt 0 [C], ||R_t||/||f|| = 1.000e+00, ||R_r|| = 2.683e+00, ||R_w||/||f||=1.000e+00, active=0, R(x=3.7e+00/23%,y=1.3e+00/8%,z=1.5e+01/96%)
  Incr 33 (frac=0.0799), attempt 2, ||du||/||u|| = 7.291e-12 (disp converged, 0 active)
  [f_ref] Incr 34: f_ref=5.576e+01 (dynamic_ref), atol=1.41e-06
  Incr 34 (frac=0.0807), attempt 0 [C], ||R_t||/||f|| = 1.000e+00, ||R_r|| = 9.285e+00, ||R_w||/||f||=1.000e+00, active=0, R(x=1.3e+01/23%,y=4.5e+00/8%,z=5.4e+01/96%)
  Incr 34 (frac=0.0807), attempt 2, ||du||/||u|| = 9.884e-09 (disp converged, 0 active)
  [f_ref] Incr 35: f_ref=1.031e+02 (dynamic_ref), atol=1.15e-06
  Incr 35 (frac=0.0819), attempt 0 [C], ||R_t||/||f|| = 1.000e+00, ||R_r|| = 1.722e+01, ||R_w||/||f||=1.000e+00, active=0, R(x=2.4e+01/23%,y=8.4e+00/8%,z=1.0e+02/96%)
  Incr 35 (frac=0.0819), attempt 3, ||R_t||/||f|| = 4.365e-09, ||R_r|| = 6.307e-06 (force converged, 0 active)
  [f_ref] Incr 36: f_ref=1.172e+02 (dynamic_ref), atol=1.12e-06
  Incr 36 (frac=0.0832), attempt 0 [C], ||R_t||/||f|| = 1.000e+00, ||R_r|| = 1.910e+01, ||R_w||/||f||=1.000e+00, active=0, R(x=2.7e+01/23%,y=9.5e+00/8%,z=1.1e+02/96%)
  Incr 36 (frac=0.0832), attempt 3, ||R_t||/||f|| = 4.273e-09, ||R_r|| = 6.857e-06 (force converged, 0 active)
  [f_ref] Incr 37: f_ref=1.190e+02 (dynamic_ref), atol=1.13e-06
  Incr 37 (frac=0.0848), attempt 0 [C], ||R_t||/||f|| = 1.000e+00, ||R_r|| = 1.950e+01, ||R_w||/||f||=1.000e+00, active=0, R(x=2.8e+01/23%,y=9.6e+00/8%,z=1.2e+02/96%)
  Incr 37 (frac=0.0848), attempt 3, ||R_t||/||f|| = 7.215e-09, ||R_r|| = 1.268e-05 (force converged, 0 active)
  [f_ref] Incr 38: f_ref=1.180e+02 (dynamic_ref), atol=1.15e-06
  Incr 38 (frac=0.0865), attempt 0 [C], ||R_t||/||f|| = 1.000e+00, ||R_r|| = 1.878e+01, ||R_w||/||f||=1.000e+00, active=0, R(x=2.8e+01/23%,y=9.5e+00/8%,z=1.1e+02/96%)
  Incr 38 (frac=0.0865), attempt 3, ||R_t||/||f|| = 5.389e-09, ||R_r|| = 8.873e-06 (force converged, 0 active)
  [f_ref] Incr 39: f_ref=1.077e+02 (dynamic_ref), atol=1.16e-06
  Incr 39 (frac=0.0883), attempt 0 [C], ||R_t||/||f|| = 1.000e+00, ||R_r|| = 1.730e+01, ||R_w||/||f||=1.000e+00, active=0, R(x=2.5e+01/23%,y=8.7e+00/8%,z=1.0e+02/96%)
  Incr 39 (frac=0.0883), attempt 3, ||R_t||/||f|| = 7.151e-09, ||R_r|| = 1.167e-05 (force converged, 0 active)
  [f_ref] Incr 40: f_ref=9.853e+01 (dynamic_ref), atol=1.13e-06
  Incr 40 (frac=0.0903), attempt 0 [C], ||R_t||/||f|| = 1.000e+00, ||R_r|| = 1.529e+01, ||R_w||/||f||=1.000e+00, active=0, R(x=2.3e+01/23%,y=7.9e+00/8%,z=9.5e+01/96%)
  Incr 40 (frac=0.0903), attempt 3, ||R_t||/||f|| = 4.314e-09, ||R_r|| = 6.347e-06 (force converged, 0 active)
  [f_ref] Incr 41: f_ref=8.217e+01 (dynamic_ref), atol=1.09e-06
  Incr 41 (frac=0.0924), attempt 0 [C], ||R_t||/||f|| = 1.000e+00, ||R_r|| = 1.298e+01, ||R_w||/||f||=1.000e+00, active=0, R(x=2.0e+01/24%,y=6.6e+00/8%,z=8.0e+01/96%)
  Incr 41 (frac=0.0924), attempt 3, ||R_t||/||f|| = 8.488e-09, ||R_r|| = 9.617e-06 (force converged, 0 active)
  [f_ref] Incr 42: f_ref=6.944e+01 (dynamic_ref), atol=1.01e-06
  Incr 42 (frac=0.0946), attempt 0 [C], ||R_t||/||f|| = 1.000e+00, ||R_r|| = 1.053e+01, ||R_w||/||f||=1.000e+00, active=0, R(x=1.7e+01/24%,y=5.6e+00/8%,z=6.7e+01/96%)
  Incr 42 (frac=0.0946), attempt 3, ||R_t||/||f|| = 7.682e-09, ||R_r|| = 7.085e-06 (force converged, 0 active)
  [f_ref] Incr 43: f_ref=5.069e+01 (dynamic_ref), atol=9.15e-07
  Incr 43 (frac=0.0969), attempt 0 [C], ||R_t||/||f|| = 1.000e+00, ||R_r|| = 8.066e+00, ||R_w||/||f||=1.000e+00, active=0, R(x=1.2e+01/24%,y=4.0e+00/8%,z=4.9e+01/95%)
  Incr 43 (frac=0.0969), attempt 3, ||du||/||u|| = 1.971e-10 (disp converged, 0 active)
  [f_ref] Incr 44: f_ref=3.790e+01 (dynamic_ref), atol=7.92e-07
  Incr 44 (frac=0.0993), attempt 0 [C], ||R_t||/||f|| = 1.000e+00, ||R_r|| = 5.750e+00, ||R_w||/||f||=1.000e+00, active=0, R(x=9.1e+00/24%,y=3.0e+00/8%,z=3.7e+01/96%)
  Incr 44 (frac=0.0993), attempt 3, ||du||/||u|| = 3.356e-11 (disp converged, 0 active)
  [f_ref] Incr 45: f_ref=1.966e+01 (dynamic_ref), atol=6.68e-07
  Incr 45 (frac=0.1019), attempt 0 [C], ||R_t||/||f|| = 1.000e+00, ||R_r|| = 3.642e+00, ||R_w||/||f||=1.000e+00, active=0, R(x=4.9e+00/25%,y=1.6e+00/8%,z=1.9e+01/95%)
  Incr 45 (frac=0.1019), attempt 3, ||du||/||u|| = 7.160e-11 (disp converged, 0 active)
  [f_ref] Incr 46: f_ref=9.279e+00 (dynamic_ref), atol=5.27e-07
  Incr 46 (frac=0.1045), attempt 0 [C], ||R_t||/||f|| = 1.000e+00, ||R_r|| = 2.004e+00, ||R_w||/||f||=1.001e+00, active=0, R(x=2.0e+00/21%,y=7.9e-01/8%,z=9.0e+00/95%)
  Incr 46 (frac=0.1045), attempt 3, ||du||/||u|| = 3.780e-09 (disp converged, 0 active)
  [f_ref] Incr 47: f_ref=1.407e+01 (dynamic_ref), atol=3.97e-07
  Incr 47 (frac=0.1073), attempt 0 [C], ||R_t||/||f|| = 1.000e+00, ||R_r|| = 1.968e+00, ||R_w||/||f||=1.000e+00, active=0, R(x=3.2e+00/22%,y=1.1e+00/8%,z=1.4e+01/96%)
  Incr 47 (frac=0.1073), attempt 3, ||du||/||u|| = 8.667e-09 (disp converged, 0 active)
  [f_ref] Incr 48: f_ref=2.346e+01 (dynamic_ref), atol=3.20e-07
  Incr 48 (frac=0.1103), attempt 0 [C], ||R_t||/||f|| = 1.000e+00, ||R_r|| = 3.299e+00, ||R_w||/||f||=1.000e+00, active=0, R(x=5.9e+00/25%,y=1.7e+00/7%,z=2.3e+01/96%)
  Incr 48 (frac=0.1103), attempt 3, ||du||/||u|| = 1.616e-09 (disp converged, 0 active)
  [f_ref] Incr 49: f_ref=4.225e+01 (dynamic_ref), atol=2.94e-07
  Incr 49 (frac=0.1134), attempt 0 [C], ||R_t||/||f|| = 1.000e+00, ||R_r|| = 4.912e+00, ||R_w||/||f||=1.000e+00, active=0, R(x=1.0e+01/25%,y=3.2e+00/8%,z=4.1e+01/96%)
  Incr 49 (frac=0.1134), attempt 3, energy = 5.501e-12 (energy converged)
  [f_ref] Incr 50: f_ref=5.053e+01 (dynamic_ref), atol=3.33e-07
  Incr 50 (frac=0.1166), attempt 0 [C], ||R_t||/||f|| = 1.000e+00, ||R_r|| = 6.430e+00, ||R_w||/||f||=1.000e+00, active=1, R(x=1.3e+01/26%,y=3.8e+00/7%,z=4.9e+01/96%)
  Incr 50 (frac=0.1166), attempt 4, ||R_t||/||f|| = 9.852e-09, ||R_r|| = 4.987e-06 (force converged, 1 active)
  [f_ref] Incr 51: f_ref=6.982e+01 (dynamic_ref), atol=3.85e-07
  Incr 51 (frac=0.1201), attempt 0 [C], ||R_t||/||f|| = 1.000e+00, ||R_r|| = 7.894e+00, ||R_w||/||f||=1.000e+00, active=1, R(x=1.8e+01/25%,y=5.3e+00/8%,z=6.7e+01/96%)
  Incr 51 (frac=0.1201), attempt 3, energy = 2.612e-11 (energy converged)
  [f_ref] Incr 52: f_ref=2.161e+01 (dynamic_ref), atol=4.79e-07
  Incr 52 (frac=0.1218), attempt 0 [C], ||R_t||/||f|| = 1.000e+00, ||R_r|| = 2.624e+00, ||R_w||/||f||=1.000e+00, active=0, R(x=5.7e+00/26%,y=1.6e+00/7%,z=2.1e+01/95%)
  Incr 52 (frac=0.1218), attempt 2, energy = 4.158e-12 (energy converged)
  [f_ref] Incr 53: f_ref=9.050e+00 (dynamic_ref), atol=4.00e-07
  Incr 53 (frac=0.1226), attempt 0 [C], ||R_t||/||f|| = 1.000e+00, ||R_r|| = 1.039e+00, ||R_w||/||f||=1.000e+00, active=0, R(x=2.4e+00/26%,y=6.9e-01/8%,z=8.7e+00/96%)
  Incr 53 (frac=0.1226), attempt 2, ||du||/||u|| = 6.658e-10 (disp converged, 0 active)
  [f_ref] Incr 54: f_ref=2.221e+01 (dynamic_ref), atol=3.07e-07
  Incr 54 (frac=0.1239), attempt 0 [C], ||R_t||/||f|| = 1.000e+00, ||R_r|| = 2.633e+00, ||R_w||/||f||=1.000e+00, active=0, R(x=5.9e+00/26%,y=1.7e+00/7%,z=2.1e+01/95%)
  Incr 54 (frac=0.1239), attempt 2, ||du||/||u|| = 4.599e-09 (disp converged, 0 active)
  [f_ref] Incr 55: f_ref=5.203e+01 (dynamic_ref), atol=2.82e-07
  Incr 55 (frac=0.1258), attempt 0 [C], ||R_t||/||f|| = 1.000e+00, ||R_r|| = 5.868e+00, ||R_w||/||f||=1.000e+00, active=0, R(x=1.4e+01/26%,y=3.9e+00/8%,z=5.0e+01/96%)
  Incr 55 (frac=0.1258), attempt 3, ||R_t||/||f|| = 9.772e-09, ||R_r|| = 6.267e-06 (force converged, 0 active)
  [f_ref] Incr 56: f_ref=6.601e+01 (dynamic_ref), atol=3.53e-07
  Incr 56 (frac=0.1281), attempt 0 [C], ||R_t||/||f|| = 1.000e+00, ||R_r|| = 7.634e+00, ||R_w||/||f||=1.000e+00, active=2, R(x=1.8e+01/27%,y=5.0e+00/7%,z=6.3e+01/95%)
  Incr 56 (frac=0.1281), attempt 3, ||R_t||/||f|| = 4.154e-09, ||R_r|| = 4.491e-06 (force converged, 1 active)
  [f_ref] Incr 57: f_ref=8.294e+01 (dynamic_ref), atol=4.45e-07
  Incr 57 (frac=0.1306), attempt 0 [C], ||R_t||/||f|| = 1.000e+00, ||R_r|| = 9.061e+00, ||R_w||/||f||=1.000e+00, active=3, R(x=2.2e+01/27%,y=6.3e+00/8%,z=8.0e+01/95%)
  Incr 57 (frac=0.1306), attempt 3, ||du||/||u|| = 3.538e-09 (disp converged, 3 active)
  [f_ref] Incr 58: f_ref=2.136e+01 (dynamic_ref), atol=5.61e-07
  Incr 58 (frac=0.1319), attempt 0 [C], ||R_t||/||f|| = 1.000e+00, ||R_r|| = 2.412e+00, ||R_w||/||f||=1.000e+00, active=2, R(x=5.8e+00/27%,y=1.6e+00/7%,z=2.0e+01/95%)
  Incr 58 (frac=0.1319), attempt 2, energy = 2.033e-12 (energy converged)
  [f_ref] Incr 59: f_ref=1.009e+01 (dynamic_ref), atol=4.56e-07
  Incr 59 (frac=0.1326), attempt 0 [C], ||R_t||/||f|| = 1.000e+00, ||R_r|| = 1.096e+00, ||R_w||/||f||=1.000e+00, active=2, R(x=2.7e+00/27%,y=7.6e-01/7%,z=9.7e+00/95%)
  Incr 59 (frac=0.1326), attempt 2, ||du||/||u|| = 4.809e-10 (disp converged, 2 active)
  [f_ref] Incr 60: f_ref=1.097e+01 (dynamic_ref), atol=3.50e-07
  Incr 60 (frac=0.1334), attempt 0 [C], ||R_t||/||f|| = 1.000e+00, ||R_r|| = 1.222e+00, ||R_w||/||f||=1.000e+00, active=1, R(x=3.0e+00/27%,y=8.2e-01/7%,z=1.1e+01/95%)
  Incr 60 (frac=0.1334), attempt 2, ||du||/||u|| = 1.341e-11 (disp converged, 1 active)
  [f_ref] Incr 61: f_ref=1.216e+01 (dynamic_ref), atol=2.78e-07
  Incr 61 (frac=0.1342), attempt 0 [C], ||R_t||/||f|| = 1.000e+00, ||R_r|| = 1.313e+00, ||R_w||/||f||=1.000e+00, active=2, R(x=3.3e+00/27%,y=9.1e-01/7%,z=1.2e+01/95%)
  Incr 61 (frac=0.1342), attempt 2, ||du||/||u|| = 4.918e-10 (disp converged, 2 active)
  [f_ref] Incr 62: f_ref=1.245e+01 (dynamic_ref), atol=2.31e-07
  Incr 62 (frac=0.1350), attempt 0 [C], ||R_t||/||f|| = 1.000e+00, ||R_r|| = 1.372e+00, ||R_w||/||f||=1.000e+00, active=1, R(x=3.4e+00/27%,y=9.3e-01/7%,z=1.2e+01/95%)
  Incr 62 (frac=0.1350), attempt 2, ||du||/||u|| = 1.469e-11 (disp converged, 1 active)
  [f_ref] Incr 63: f_ref=1.315e+01 (dynamic_ref), atol=1.99e-07
  Incr 63 (frac=0.1358), attempt 0 [C], ||R_t||/||f|| = 1.000e+00, ||R_r|| = 1.408e+00, ||R_w||/||f||=1.000e+00, active=1, R(x=3.6e+00/27%,y=9.9e-01/7%,z=1.3e+01/95%)
  Incr 63 (frac=0.1358), attempt 2, ||du||/||u|| = 5.410e-10 (disp converged, 1 active)
  [f_ref] Incr 64: f_ref=1.303e+01 (dynamic_ref), atol=1.79e-07
  Incr 64 (frac=0.1365), attempt 0 [C], ||R_t||/||f|| = 1.000e+00, ||R_r|| = 1.421e+00, ||R_w||/||f||=1.000e+00, active=2, R(x=3.6e+00/27%,y=9.7e-01/7%,z=1.2e+01/95%)
  Incr 64 (frac=0.1365), attempt 2, ||du||/||u|| = 1.481e-11 (disp converged, 2 active)
  [f_ref] Incr 65: f_ref=1.338e+01 (dynamic_ref), atol=1.64e-07
  Incr 65 (frac=0.1373), attempt 0 [C], ||R_t||/||f|| = 1.000e+00, ||R_r|| = 1.420e+00, ||R_w||/||f||=1.000e+00, active=2, R(x=3.7e+00/27%,y=1.0e+00/7%,z=1.3e+01/95%)
  Incr 65 (frac=0.1373), attempt 2, ||du||/||u|| = 5.073e-10 (disp converged, 2 active)
  [f_ref] Incr 66: f_ref=2.743e+01 (dynamic_ref), atol=1.55e-07
  Incr 66 (frac=0.1385), attempt 0 [C], ||R_t||/||f|| = 1.000e+00, ||R_r|| = 2.960e+00, ||R_w||/||f||=1.000e+00, active=2, R(x=7.6e+00/28%,y=2.0e+00/7%,z=2.6e+01/95%)
  Incr 66 (frac=0.1385), attempt 2, ||du||/||u|| = 3.505e-09 (disp converged, 2 active)
  [f_ref] Incr 67: f_ref=5.683e+01 (dynamic_ref), atol=1.91e-07
  Incr 67 (frac=0.1403), attempt 0 [C], ||R_t||/||f|| = 1.000e+00, ||R_r|| = 5.905e+00, ||R_w||/||f||=1.000e+00, active=2, R(x=1.6e+01/28%,y=4.3e+00/7%,z=5.4e+01/95%)
  Incr 67 (frac=0.1403), attempt 3, ||R_t||/||f|| = 5.428e-09, ||R_r|| = 3.893e-06 (force converged, 2 active)
  [f_ref] Incr 68: f_ref=1.341e+01 (dynamic_ref), atol=3.04e-07
  Incr 68 (frac=0.1411), attempt 0 [C], ||R_t||/||f|| = 1.000e+00, ||R_r|| = 1.426e+00, ||R_w||/||f||=1.000e+00, active=4, R(x=3.8e+00/28%,y=1.0e+00/7%,z=1.3e+01/95%)
  Incr 68 (frac=0.1411), attempt 2, ||du||/||u|| = 1.555e-09 (disp converged, 4 active)
  [f_ref] Incr 69: f_ref=1.076e+01 (dynamic_ref), atol=2.53e-07
  Incr 69 (frac=0.1419), attempt 0 [C], ||R_t||/||f|| = 1.000e+00, ||R_r|| = 1.107e+00, ||R_w||/||f||=1.000e+00, active=4, R(x=3.0e+00/28%,y=8.0e-01/7%,z=1.0e+01/95%)
  Incr 69 (frac=0.1419), attempt 2, ||du||/||u|| = 2.137e-09 (disp converged, 4 active)
  [f_ref] Incr 70: f_ref=2.170e+01 (dynamic_ref), atol=2.09e-07
  Incr 70 (frac=0.1431), attempt 0 [C], ||R_t||/||f|| = 1.000e+00, ||R_r|| = 2.285e+00, ||R_w||/||f||=1.000e+00, active=4, R(x=6.1e+00/28%,y=1.6e+00/7%,z=2.1e+01/95%)
  Incr 70 (frac=0.1431), attempt 2, ||du||/||u|| = 7.792e-09 (disp converged, 4 active)
  [f_ref] Incr 71: f_ref=4.495e+01 (dynamic_ref), atol=2.12e-07
  Incr 71 (frac=0.1448), attempt 0 [C], ||R_t||/||f|| = 1.000e+00, ||R_r|| = 4.531e+00, ||R_w||/||f||=1.000e+00, active=4, R(x=1.3e+01/28%,y=3.4e+00/7%,z=4.3e+01/95%)
  Incr 71 (frac=0.1448), attempt 3, ||R_t||/||f|| = 5.378e-09, ||R_r|| = 2.600e-06 (force converged, 4 active)
  [f_ref] Incr 72: f_ref=5.176e+01 (dynamic_ref), atol=2.83e-07
  Incr 72 (frac=0.1469), attempt 0 [C], ||R_t||/||f|| = 1.000e+00, ||R_r|| = 5.354e+00, ||R_w||/||f||=1.000e+00, active=5, R(x=1.5e+01/28%,y=3.8e+00/7%,z=4.9e+01/95%)
  Incr 72 (frac=0.1469), attempt 3, ||du||/||u|| = 2.860e-09 (disp converged, 5 active)
  [f_ref] Incr 73: f_ref=5.976e+01 (dynamic_ref), atol=3.53e-07
  Incr 73 (frac=0.1492), attempt 0 [C], ||R_t||/||f|| = 1.000e+00, ||R_r|| = 5.844e+00, ||R_w||/||f||=1.000e+00, active=5, R(x=1.7e+01/28%,y=4.5e+00/7%,z=5.7e+01/95%)
  Incr 73 (frac=0.1492), attempt 3, ||du||/||u|| = 7.407e-10 (disp converged, 5 active)
  [f_ref] Incr 74: f_ref=1.308e+01 (dynamic_ref), atol=4.27e-07
  Incr 74 (frac=0.1504), attempt 0 [C], ||R_t||/||f|| = 1.000e+00, ||R_r|| = 1.333e+00, ||R_w||/||f||=1.000e+00, active=5, R(x=3.8e+00/29%,y=9.7e-01/7%,z=1.2e+01/95%)
  Incr 74 (frac=0.1504), attempt 2, ||du||/||u|| = 2.383e-09 (disp converged, 5 active)
  [f_ref] Incr 75: f_ref=2.751e+01 (dynamic_ref), atol=3.38e-07
  Incr 75 (frac=0.1521), attempt 0 [C], ||R_t||/||f|| = 1.000e+00, ||R_r|| = 2.636e+00, ||R_w||/||f||=1.000e+00, active=5, R(x=7.9e+00/29%,y=2.0e+00/7%,z=2.6e+01/95%)
  Incr 75 (frac=0.1521), attempt 3, ||R_t||/||f|| = 4.627e-09, ||R_r|| = 1.267e-06 (force converged, 5 active)
  [f_ref] Incr 76: f_ref=6.182e+00 (dynamic_ref), atol=3.19e-07
  Incr 76 (frac=0.1529), attempt 0 [C], ||R_t||/||f|| = 1.000e+00, ||R_r|| = 6.236e-01, ||R_w||/||f||=1.000e+00, active=5, R(x=1.8e+00/29%,y=4.6e-01/7%,z=5.9e+00/95%)
  Incr 76 (frac=0.1529), attempt 2, ||du||/||u|| = 1.093e-11 (disp converged, 5 active)
  [f_ref] Incr 77: f_ref=1.340e+01 (dynamic_ref), atol=2.42e-07
  Incr 77 (frac=0.1542), attempt 0 [C], ||R_t||/||f|| = 1.000e+00, ||R_r|| = 1.264e+00, ||R_w||/||f||=1.000e+00, active=5, R(x=3.9e+00/29%,y=1.0e+00/7%,z=1.3e+01/95%)
  Incr 77 (frac=0.1542), attempt 3, ||R_t||/||f|| = 1.510e-09, ||R_r|| = 2.182e-07 (force converged, 5 active)
  [f_ref] Incr 78: f_ref=2.465e+01 (dynamic_ref), atol=2.10e-07
  Incr 78 (frac=0.1562), attempt 0 [C], ||R_t||/||f|| = 1.000e+00, ||R_r|| = 2.460e+00, ||R_w||/||f||=1.000e+00, active=5, R(x=7.3e+00/29%,y=1.8e+00/7%,z=2.3e+01/95%)
  Incr 78 (frac=0.1562), attempt 3, ||du||/||u|| = 9.918e-11 (disp converged, 5 active)
  [f_ref] Incr 79: f_ref=3.156e+01 (dynamic_ref), atol=2.21e-07
  Incr 79 (frac=0.1585), attempt 0 [C], ||R_t||/||f|| = 1.000e+00, ||R_r|| = 2.881e+00, ||R_w||/||f||=1.000e+00, active=5, R(x=9.3e+00/29%,y=2.3e+00/7%,z=3.0e+01/95%)
  Incr 79 (frac=0.1585), attempt 3, ||du||/||u|| = 3.995e-10 (disp converged, 5 active)
  [f_ref] Incr 80: f_ref=6.573e+00 (dynamic_ref), atol=2.49e-07
  Incr 80 (frac=0.1596), attempt 0 [C], ||R_t||/||f|| = 1.000e+00, ||R_r|| = 6.502e-01, ||R_w||/||f||=1.000e+00, active=5, R(x=2.0e+00/30%,y=4.8e-01/7%,z=6.3e+00/95%)
  Incr 80 (frac=0.1596), attempt 2, ||du||/||u|| = 2.170e-09 (disp converged, 5 active)
  [f_ref] Incr 81: f_ref=1.438e+01 (dynamic_ref), atol=1.94e-07
  Incr 81 (frac=0.1613), attempt 0 [C], ||R_t||/||f|| = 1.000e+00, ||R_r|| = 1.282e+00, ||R_w||/||f||=1.000e+00, active=5, R(x=4.3e+00/30%,y=1.1e+00/7%,z=1.4e+01/95%)
  Incr 81 (frac=0.1613), attempt 3, ||du||/||u|| = 4.672e-11 (disp converged, 5 active)
  [f_ref] Incr 82: f_ref=2.483e+01 (dynamic_ref), atol=1.79e-07
  Incr 82 (frac=0.1639), attempt 0 [C], ||R_t||/||f|| = 1.000e+00, ||R_r|| = 2.435e+00, ||R_w||/||f||=1.000e+00, active=5, R(x=7.6e+00/30%,y=1.8e+00/7%,z=2.4e+01/95%)
  Incr 82 (frac=0.1639), attempt 3, ||du||/||u|| = 2.041e-09 (disp converged, 5 active)
  [f_ref] Incr 83: f_ref=3.295e+01 (dynamic_ref), atol=2.00e-07
  Incr 83 (frac=0.1668), attempt 0 [C], ||R_t||/||f|| = 1.000e+00, ||R_r|| = 2.804e+00, ||R_w||/||f||=1.000e+00, active=5, R(x=9.9e+00/30%,y=2.4e+00/7%,z=3.1e+01/95%)
  Incr 83 (frac=0.1668), attempt 4, ||du||/||u|| = 9.390e-10 (disp converged, 6 active)
  [f_ref] Incr 84: f_ref=6.164e+00 (dynamic_ref), atol=2.39e-07
  Incr 84 (frac=0.1683), attempt 0 [C], ||R_t||/||f|| = 1.000e+00, ||R_r|| = 6.033e-01, ||R_w||/||f||=1.000e+00, active=6, R(x=1.9e+00/31%,y=4.5e-01/7%,z=5.8e+00/94%)
  Incr 84 (frac=0.1683), attempt 3, ||R_t||/||f|| = 3.526e-08, ||R_r|| = 2.208e-07 (force converged, 6 active)
  [f_ref] Incr 85: f_ref=1.416e+01 (dynamic_ref), atol=1.86e-07
  Incr 85 (frac=0.1706), attempt 0 [C], ||R_t||/||f|| = 1.000e+00, ||R_r|| = 1.158e+00, ||R_w||/||f||=1.000e+00, active=1, R(x=4.3e+00/30%,y=1.1e+00/7%,z=1.3e+01/95%)
  Incr 85 (frac=0.1706), attempt 3, ||du||/||u|| = 5.732e-10 (disp converged, 6 active)
  [f_ref] Incr 86: f_ref=2.177e+01 (dynamic_ref), atol=1.72e-07
  Incr 86 (frac=0.1739), attempt 0 [C], ||R_t||/||f|| = 1.000e+00, ||R_r|| = 2.137e+00, ||R_w||/||f||=1.000e+00, active=7, R(x=6.9e+00/32%,y=1.6e+00/7%,z=2.1e+01/94%)
  Incr 86 (frac=0.1739), attempt 4, energy = 1.757e-12 (energy converged)
  [f_ref] Incr 87: f_ref=5.904e+00 (dynamic_ref), atol=1.86e-07
  Incr 87 (frac=0.1756), attempt 0 [C], ||R_t||/||f|| = 1.000e+00, ||R_r|| = 4.565e-01, ||R_w||/||f||=1.000e+00, active=6, R(x=1.8e+00/31%,y=4.4e-01/7%,z=5.6e+00/95%)
  Incr 87 (frac=0.1756), attempt 3, ||du||/||u|| = 8.254e-11 (disp converged, 6 active)
  [f_ref] Incr 88: f_ref=8.279e+00 (dynamic_ref), atol=1.48e-07
  Incr 88 (frac=0.1781), attempt 0 [C], ||R_t||/||f|| = 1.000e+00, ||R_r|| = 8.357e-01, ||R_w||/||f||=1.000e+00, active=5, R(x=2.7e+00/32%,y=5.9e-01/7%,z=7.8e+00/94%)
  Incr 88 (frac=0.1781), attempt 3, ||du||/||u|| = 6.521e-10 (disp converged, 6 active)
  [f_ref] Incr 89: f_ref=2.187e+01 (dynamic_ref), atol=1.28e-07
  Incr 89 (frac=0.1819), attempt 0 [C], ||R_t||/||f|| = 1.000e+00, ||R_r|| = 1.564e+00, ||R_w||/||f||=1.000e+00, active=5, R(x=6.8e+00/31%,y=1.6e+00/7%,z=2.1e+01/94%)
  Incr 89 (frac=0.1819), attempt 4, ||du||/||u|| = 6.129e-10 (disp converged, 6 active)
  [f_ref] Incr 90: f_ref=1.595e+01 (dynamic_ref), atol=1.55e-07
  Incr 90 (frac=0.1863), attempt 0 [C], ||R_t||/||f|| = 1.000e+00, ||R_r|| = 1.675e+00, ||R_w||/||f||=1.000e+00, active=7, R(x=5.4e+00/34%,y=1.1e+00/7%,z=1.5e+01/93%)
  Incr 90 (frac=0.1863), attempt 5 [C], ||R_t||/||f|| = 1.201e-08, ||R_r|| = 1.176e-06, ||R_w||/||f||=1.679e-08, rate=0.082, active=6, R(x=6.6e-08/6%,y=5.7e-08/5%,z=1.7e-07/14%)
  Incr 90 (frac=0.1863), attempt 5, ||du||/||u|| = 1.874e-10 (disp converged, 6 active)
  [f_ref] Incr 91: f_ref=5.287e+00 (dynamic_ref), atol=1.57e-07
  Incr 91 (frac=0.1885), attempt 0 [C], ||R_t||/||f|| = 1.000e+00, ||R_r|| = 3.404e-01, ||R_w||/||f||=1.000e+00, active=7, R(x=1.7e+00/32%,y=4.0e-01/8%,z=5.0e+00/94%)
  Incr 91 (frac=0.1885), attempt 3, ||R_t||/||f|| = 2.583e-08, ||R_r|| = 2.523e-07 (force converged, 7 active)
  [f_ref] Incr 92: f_ref=4.796e+00 (dynamic_ref), atol=1.26e-07
  Incr 92 (frac=0.1918), attempt 0 [C], ||R_t||/||f|| = 1.000e+00, ||R_r|| = 5.751e-01, ||R_w||/||f||=1.000e+00, active=7, R(x=1.7e+00/35%,y=3.3e-01/7%,z=4.5e+00/93%)
  Incr 92 (frac=0.1918), attempt 3, ||du||/||u|| = 4.706e-09 (disp converged, 8 active)
  [f_ref] Incr 93: f_ref=1.917e+01 (dynamic_ref), atol=1.02e-07
  Incr 93 (frac=0.1967), attempt 0 [C], ||R_t||/||f|| = 1.000e+00, ||R_r|| = 1.060e+00, ||R_w||/||f||=1.000e+00, active=9, R(x=6.2e+00/32%,y=1.5e+00/8%,z=1.8e+01/94%)
  Incr 93 (frac=0.1967), attempt 4, energy = 2.534e-12 (energy converged)
  [f_ref] Incr 94: f_ref=1.129e+00 (dynamic_ref), atol=1.29e-07
  Incr 94 (frac=0.1992), attempt 0 [C], ||R_t||/||f|| = 1.000e+00, ||R_r|| = 1.757e-01, ||R_w||/||f||=1.000e+00, active=10, R(x=4.2e-01/37%,y=8.7e-02/8%,z=1.0e+00/91%)
  Incr 94 (frac=0.1992), attempt 5 [C], ||R_t||/||f|| = 4.280e-06, ||R_r|| = 1.015e-05, ||R_w||/||f||=4.513e-06, rate=0.474, active=10, R(x=4.5e-06/40%,y=1.6e-06/14%,z=6.5e-07/6%)
  Incr 94 (frac=0.1992), attempt 10 [C+D.stall], ||R_t||/||f|| = 1.731e-06, ||R_r|| = 4.286e-06, ||R_w||/||f||=1.833e-06, rate=0.953, active=10, R(x=1.8e-06/39%,y=6.6e-07/14%,z=1.9e-07/4%)
============================================================
接線剛性FD方向診断（status-256）
============================================================
  ||du|| = 4.6320e-05
  ||R_u|| = 4.4915e-06
  ⚠ R_u vs compute_residual(u) 乖離: 1.5826e-11 (リラクゼーション/動的項の差異)
  ||R_base|| = 4.4915e-06
  ||R(u+eps*du)|| = 4.4915e-06
  方向有効性: ||R(u+eps*du)||/||R(u)|| = 1.000001
  ⚠ du方向で残差が増加 — Newton方向が無効
  FD方向微分 = 1.0029e-06
  解析方向微分 = 1.0291e-06
  全体系 K@du: FD vs 解析 相対誤差 = 1.0000e+00
  ⚠ 全体系で接線剛性不整合 — K_c自体が不正確
  全体系不整合DOF上位5件:
    dof=1196 (node=199, comp=2): FD=-4.3787e-03, analytical=-6.8026e-11, diff=-4.3787e-03
    dof=1100 (node=183, comp=2): FD=4.2580e-03, analytical=-3.6781e-09, diff=4.2580e-03
    dof=1094 (node=182, comp=2): FD=-3.8909e-03, analytical=1.5695e-09, diff=-3.8909e-03
    dof=1106 (node=184, comp=2): FD=-2.9697e-03, analytical=-9.4039e-09, diff=-2.9696e-03
    dof=1070 (node=178, comp=2): FD=2.7324e-03, analytical=5.2885e-09, diff=2.7324e-03
  comp別不整合: [x:2.83e-03(22%), y:1.11e-03(9%), z:1.25e-02(97%), θx:5.11e-05(0%), θy:1.42e-04(1%), θz:5.59e-06(0%)]
  接触DOF不整合: 4.68e-03 (96 DOFs), 構造DOF不整合: 1.20e-02 (1842 DOFs)
  活性DOF K@du: FD vs 解析 相対誤差 = 1.0002e+00 (96 DOFs)
  ⚠ 活性DOFで接線剛性不整合
  方向微分整合度: |FD-解析|/max = 2.5418e-02
------------------------------------------------------------
  f_c 単独FD検証（K_c精度）
  ||∂f_c/∂u·du (FD)|| = 1.1945e-06
  ||K_c @ du|| = 1.2436e-06
  f_c FD相対誤差 = 7.4005e-01
  ⚠ K_c自体が不正確（f_c単独で10%超の不整合）
  f_c comp別不整合: [x=8.7e-07/94%, y=3.0e-07/32%, z=8.9e-08/10%, θx=0.0e+00/0%, θy=0.0e+00/0%, θz=0.0e+00/0%]
  f_c不整合DOF上位5件:
    dof=396 (node=66, comp=0): FD=2.0367e-07, K_c=-2.7145e-07, diff=4.7512e-07
    dof=1110 (node=185, comp=0): FD=-2.0158e-07, K_c=2.6865e-07, diff=-4.7023e-07
    dof=1116 (node=186, comp=0): FD=-1.6901e-07, K_c=2.0621e-07, diff=-3.7522e-07
    dof=402 (node=67, comp=0): FD=1.6689e-07, K_c=-2.0344e-07, diff=3.7033e-07
    dof=445 (node=74, comp=1): FD=-3.3057e-07, K_c=-4.9710e-07, diff=1.6653e-07
============================================================
[K_c成分FD]
============================================================
K_c 成分分解 FD 診断（status-342）  [incr=94 att=11]
============================================================
  ||du|| = 4.6320e-05, eps = 1.00e-07
  ||dfc (FD)|| = 1.1945e-06
  ||K_mat@du|| = 1.1537e-06, ||K_geo@du|| = 2.2604e-09, ||K_st@du||  = 3.8226e-07
  ||K_c@du||   = 1.2102e-06
  寄与率: mat= 0.95, geo= 0.00, st= 0.32
------------------------------------------------------------
  組み合わせ別 FD 相対誤差（K_c = K_mat - K_geo + K_st 合意）:
    full     = 5.1258e-01
    mat_only = 4.0373e-01  (geo/st 除外)
    mat_geo  = 4.0540e-01  (st 除外)
    mat_st   = 5.1129e-01   (geo 除外)
  最良組み合わせ: mat_only (rel_err=4.0373e-01)
------------------------------------------------------------
  [    full] comp 別不整合: [x= 58.8%, y= 79.7%, z= 13.7%, tx=  0.0%, ty=  0.0%, tz=  0.0%]
  [mat_only] comp 別不整合: [x= 89.4%, y= 38.4%, z= 23.2%, tx=  0.0%, ty=  0.0%, tz=  0.0%]
  [ mat_geo] comp 別不整合: [x= 89.4%, y= 38.4%, z= 23.1%, tx=  0.0%, ty=  0.0%, tz=  0.0%]
  [  mat_st] comp 別不整合: [x= 58.7%, y= 79.8%, z= 13.7%, tx=  0.0%, ty=  0.0%, tz=  0.0%]
  ⚠ K_st 足し込みで rel_err が +1.0718e-01 悪化 — K_st が primary driver の可能性
  ⚠ K_geo 足し込みで rel_err が +1.0756e-01 悪化 — K_geo が primary driver の可能性
============================================================
  [Type D対策] FD診断: Newton方向精度不良 (dir_ratio=1.000), NR上限拡張→200
  Incr 94 (frac=0.1992), attempt 14, ||du||/||u|| = 9.998e-09 (disp converged, 10 active)
  [f_ref] Incr 95: f_ref=6.955e-01 (dynamic_ref), atol=9.38e-08
  Incr 95 (frac=0.2005), attempt 0 [C], ||R_t||/||f|| = 1.000e+00, ||R_r|| = 2.566e-02, ||R_w||/||f||=1.000e+00, active=11, R(x=2.2e-01/32%,y=5.7e-02/8%,z=6.6e-01/94%)
  Incr 95 (frac=0.2005), attempt 2, ||du||/||u|| = 2.369e-09 (disp converged, 11 active)
  [f_ref] Incr 96: f_ref=1.798e-01 (dynamic_ref), atol=6.77e-08
  Incr 96 (frac=0.2012), attempt 0 [C], ||R_t||/||f|| = 1.000e+00, ||R_r|| = 4.522e-03, ||R_w||/||f||=1.000e+00, active=9, R(x=5.5e-02/31%,y=1.6e-02/9%,z=1.7e-01/95%)
  Incr 96 (frac=0.2012), attempt 1, ||du||/||u|| = 4.447e-10 (disp converged, 8 active)
  [f_ref] Incr 97: f_ref=2.113e-01 (dynamic_ref), atol=4.79e-08
  Incr 97 (frac=0.2024), attempt 0 [C], ||R_t||/||f|| = 1.000e+00, ||R_r|| = 1.570e-02, ||R_w||/||f||=1.000e+00, active=8, R(x=6.0e-02/28%,y=2.2e-02/10%,z=2.0e-01/95%)
  Incr 97 (frac=0.2024), attempt 2, ||du||/||u|| = 8.627e-11 (disp converged, 8 active)
  [f_ref] Incr 98: f_ref=1.415e+00 (dynamic_ref), atol=3.42e-08
  Incr 98 (frac=0.2042), attempt 0 [C], ||R_t||/||f|| = 1.000e+00, ||R_r|| = 5.693e-02, ||R_w||/||f||=1.000e+00, active=9, R(x=4.6e-01/32%,y=1.1e-01/8%,z=1.3e+00/94%)
  Incr 98 (frac=0.2042), attempt 3, ||R_t||/||f|| = 7.327e-09, ||R_r|| = 9.031e-08 (force converged, 9 active)
  [f_ref] Incr 99: f_ref=5.008e-01 (dynamic_ref), atol=2.82e-08
  Incr 99 (frac=0.2062), attempt 0 [C], ||R_t||/||f|| = 1.000e+00, ||R_r|| = 7.348e-02, ||R_w||/||f||=1.000e+00, active=9, R(x=1.6e-01/31%,y=5.5e-02/11%,z=4.7e-01/93%)
  Incr 99 (frac=0.2062), attempt 3, ||du||/||u|| = 2.488e-11 (disp converged, 10 active)
  [f_ref] Incr 100: f_ref=2.692e+00 (dynamic_ref), atol=2.12e-08
  Incr 100 (frac=0.2085), attempt 0 [C], ||R_t||/||f|| = 1.000e+00, ||R_r|| = 1.152e-01, ||R_w||/||f||=1.000e+00, active=12, R(x=8.9e-01/33%,y=2.1e-01/8%,z=2.5e+00/94%)
  Incr 100 (frac=0.2085), attempt 3, ||du||/||u|| = 7.945e-11 (disp converged, 12 active)
  [f_ref] Incr 101: f_ref=7.787e-01 (dynamic_ref), atol=2.29e-08
  Incr 101 (frac=0.2111), attempt 0 [C], ||R_t||/||f|| = 1.000e+00, ||R_r|| = 1.212e-01, ||R_w||/||f||=1.000e+00, active=12, R(x=2.6e-01/33%,y=8.2e-02/10%,z=7.3e-01/93%)
  Incr 101 (frac=0.2111), attempt 5 [C], ||R_t||/||f|| = 1.036e-05, ||R_r|| = 1.375e-05, ||R_w||/||f||=1.074e-05, rate=0.583, active=12, R(x=7.8e-06/49%,y=1.5e-06/9%,z=1.3e-06/8%)
  Incr 101 (frac=0.2111), attempt 10 [C+D.stall], ||R_t||/||f|| = 4.426e-06, ||R_r|| = 7.170e-06, ||R_w||/||f||=4.662e-06, rate=0.951, active=12, R(x=3.1e-06/39%,y=7.7e-07/10%,z=1.2e-06/16%)
============================================================
接線剛性FD方向診断（status-256）
============================================================
  ||du|| = 7.9407e-05
  ||R_u|| = 7.5792e-06
  ⚠ R_u vs compute_residual(u) 乖離: 4.4554e-11 (リラクゼーション/動的項の差異)
  ||R_base|| = 7.5792e-06
  ||R(u+eps*du)|| = 7.5792e-06
  方向有効性: ||R(u+eps*du)||/||R(u)|| = 1.000003
  ⚠ du方向で残差が増加 — Newton方向が無効
  FD方向微分 = 1.9471e-06
  解析方向微分 = 1.6352e-06
  全体系 K@du: FD vs 解析 相対誤差 = 1.0001e+00
  ⚠ 全体系で接線剛性不整合 — K_c自体が不正確
  全体系不整合DOF上位5件:
    dof=1010 (node=168, comp=2): FD=3.8234e-03, analytical=8.1975e-10, diff=3.8234e-03
    dof=1190 (node=198, comp=2): FD=3.4133e-03, analytical=4.0449e-10, diff=3.4133e-03
    dof=1064 (node=177, comp=2): FD=2.5871e-03, analytical=7.2159e-09, diff=2.5871e-03
    dof=398 (node=66, comp=2): FD=-2.5406e-03, analytical=6.0195e-07, diff=-2.5412e-03
    dof=1070 (node=178, comp=2): FD=-2.4447e-03, analytical=9.4271e-09, diff=-2.4447e-03
  comp別不整合: [x:3.27e-03(26%), y:8.91e-04(7%), z:1.21e-02(96%), θx:6.99e-05(1%), θy:2.19e-04(2%), θz:7.17e-06(0%)]
  接触DOF不整合: 4.80e-03 (132 DOFs), 構造DOF不整合: 1.17e-02 (1806 DOFs)
  活性DOF K@du: FD vs 解析 相対誤差 = 1.0005e+00 (132 DOFs)
  ⚠ 活性DOFで接線剛性不整合
  方向微分整合度: |FD-解析|/max = 1.6020e-01
------------------------------------------------------------
  f_c 単独FD検証（K_c精度）
  ||∂f_c/∂u·du (FD)|| = 2.2265e-06
  ||K_c @ du|| = 2.1868e-06
  f_c FD相対誤差 = 8.5344e-01
  ⚠ K_c自体が不正確（f_c単独で10%超の不整合）
  f_c comp別不整合: [x=1.8e-06/96%, y=3.6e-07/19%, z=4.3e-07/22%, θx=0.0e+00/0%, θy=0.0e+00/0%, θz=0.0e+00/0%]
  f_c不整合DOF上位5件:
    dof=396 (node=66, comp=0): FD=4.6355e-07, K_c=-5.3417e-07, diff=9.9772e-07
    dof=1110 (node=185, comp=0): FD=-4.5849e-07, K_c=5.2830e-07, diff=-9.8679e-07
    dof=1116 (node=186, comp=0): FD=-3.8067e-07, K_c=4.1877e-07, diff=-7.9944e-07
    dof=402 (node=67, comp=0): FD=3.7557e-07, K_c=-4.1293e-07, diff=7.8850e-07
    dof=398 (node=66, comp=2): FD=1.1720e-07, K_c=-8.9407e-08, diff=2.0661e-07
============================================================
[K_c成分FD]
============================================================
K_c 成分分解 FD 診断（status-342）  [incr=101 att=11]
============================================================
  ||du|| = 7.9407e-05, eps = 1.00e-07
  ||dfc (FD)|| = 2.2265e-06
  ||K_mat@du|| = 1.9768e-06, ||K_geo@du|| = 3.7856e-09, ||K_st@du||  = 7.6417e-07
  ||K_c@du||   = 2.1237e-06
  寄与率: mat= 0.93, geo= 0.00, st= 0.36
------------------------------------------------------------
  組み合わせ別 FD 相対誤差（K_c = K_mat - K_geo + K_st 合意）:
    full     = 5.6029e-01
    mat_only = 4.4009e-01  (geo/st 除外)
    mat_geo  = 4.4158e-01  (st 除外)
    mat_st   = 5.5912e-01   (geo 除外)
  最良組み合わせ: mat_only (rel_err=4.4009e-01)
------------------------------------------------------------
  [    full] comp 別不整合: [x= 63.0%, y= 73.1%, z= 26.2%, tx=  0.0%, ty=  0.0%, tz=  0.0%]
  [mat_only] comp 別不整合: [x= 93.2%, y= 21.3%, z= 29.2%, tx=  0.0%, ty=  0.0%, tz=  0.0%]
  [ mat_geo] comp 別不整合: [x= 93.3%, y= 21.4%, z= 29.1%, tx=  0.0%, ty=  0.0%, tz=  0.0%]
  [  mat_st] comp 別不整合: [x= 62.9%, y= 73.2%, z= 26.3%, tx=  0.0%, ty=  0.0%, tz=  0.0%]
  ⚠ K_st 足し込みで rel_err が +1.1871e-01 悪化 — K_st が primary driver の可能性
  ⚠ K_geo 足し込みで rel_err が +1.1904e-01 悪化 — K_geo が primary driver の可能性
============================================================
  [Type D対策] FD診断: Newton方向精度不良 (dir_ratio=1.000), NR上限拡張→200
  Incr 101 (frac=0.2111), 低残差停滞[C+D] → Type D対策: NR上限拡張→200 (att=15, ||R||/||f||=3.440e-06, rate=0.951, R_c=4.16e-06, R_s=4.66e-06, active=12)
  Incr 101 (frac=0.2111), attempt 15 [C+D.stall], ||R_t||/||f|| = 3.440e-06, ||R_r|| = 5.646e-06, ||R_w||/||f||=3.628e-06, rate=0.951, active=12, R(x=2.4e-06/39%,y=6.0e-07/10%,z=9.9e-07/16%)
============================================================
接線剛性FD方向診断（status-256）
============================================================
  ||du|| = 6.4256e-05
  ||R_u|| = 6.2494e-06
  ⚠ R_u vs compute_residual(u) 乖離: 3.5572e-11 (リラクゼーション/動的項の差異)
  ||R_base|| = 6.2494e-06
  ||R(u+eps*du)|| = 6.2494e-06
  方向有効性: ||R(u+eps*du)||/||R(u)|| = 1.000001
  ⚠ du方向で残差が増加 — Newton方向が無効
  FD方向微分 = 1.5656e-06
  解析方向微分 = 1.3277e-06
  全体系 K@du: FD vs 解析 相対誤差 = 1.0000e+00
  ⚠ 全体系で接線剛性不整合 — K_c自体が不正確
  全体系不整合DOF上位5件:
    dof=1106 (node=184, comp=2): FD=4.8414e-03, analytical=-1.5425e-08, diff=4.8414e-03
    dof=1304 (node=217, comp=2): FD=4.6464e-03, analytical=4.2763e-10, diff=4.6464e-03
    dof=1208 (node=201, comp=2): FD=-4.4975e-03, analytical=-3.1696e-10, diff=-4.4975e-03
    dof=476 (node=79, comp=2): FD=4.4323e-03, analytical=3.0428e-10, diff=4.4323e-03
    dof=1100 (node=183, comp=2): FD=-4.2155e-03, analytical=-8.2872e-09, diff=-4.2155e-03
  comp別不整合: [x:4.49e-03(25%), y:1.44e-03(8%), z:1.77e-02(97%), θx:6.84e-05(0%), θy:2.03e-04(1%), θz:7.75e-06(0%)]
  接触DOF不整合: 4.70e-03 (132 DOFs), 構造DOF不整合: 1.77e-02 (1806 DOFs)
  活性DOF K@du: FD vs 解析 相対誤差 = 1.0003e+00 (132 DOFs)
  ⚠ 活性DOFで接線剛性不整合
  方向微分整合度: |FD-解析|/max = 1.5198e-01
------------------------------------------------------------
  f_c 単独FD検証（K_c精度）
  ||∂f_c/∂u·du (FD)|| = 1.7994e-06
  ||K_c @ du|| = 1.7635e-06
  f_c FD相対誤差 = 8.4750e-01
  ⚠ K_c自体が不正確（f_c単独で10%超の不整合）
  f_c comp別不整合: [x=1.5e-06/95%, y=2.8e-07/19%, z=3.6e-07/23%, θx=0.0e+00/0%, θy=0.0e+00/0%, θz=0.0e+00/0%]
  f_c不整合DOF上位5件:
    dof=396 (node=66, comp=0): FD=3.7202e-07, K_c=-4.2723e-07, diff=7.9924e-07
    dof=1110 (node=185, comp=0): FD=-3.6795e-07, K_c=4.2253e-07, diff=-7.9048e-07
    dof=1116 (node=186, comp=0): FD=-3.0521e-07, K_c=3.3497e-07, diff=-6.4018e-07
    dof=402 (node=67, comp=0): FD=3.0112e-07, K_c=-3.3030e-07, diff=6.3142e-07
    dof=398 (node=66, comp=2): FD=9.8531e-08, K_c=-7.6350e-08, diff=1.7488e-07
============================================================
[K_c成分FD]
============================================================
K_c 成分分解 FD 診断（status-342）  [incr=101 att=15]
============================================================
  ||du|| = 6.4256e-05, eps = 1.00e-07
  ||dfc (FD)|| = 1.7994e-06
  ||K_mat@du|| = 1.5959e-06, ||K_geo@du|| = 3.0659e-09, ||K_st@du||  = 6.1852e-07
  ||K_c@du||   = 1.7169e-06
  寄与率: mat= 0.93, geo= 0.00, st= 0.36
------------------------------------------------------------
  組み合わせ別 FD 相対誤差（K_c = K_mat - K_geo + K_st 合意）:
    full     = 5.5586e-01
    mat_only = 4.3735e-01  (geo/st 除外)
    mat_geo  = 4.3884e-01  (st 除外)
    mat_st   = 5.5469e-01   (geo 除外)
  最良組み合わせ: mat_only (rel_err=4.3735e-01)
------------------------------------------------------------
  [    full] comp 別不整合: [x= 63.0%, y= 72.8%, z= 27.1%, tx=  0.0%, ty=  0.0%, tz=  0.0%]
  [mat_only] comp 別不整合: [x= 93.2%, y= 20.4%, z= 30.1%, tx=  0.0%, ty=  0.0%, tz=  0.0%]
  [ mat_geo] comp 別不整合: [x= 93.2%, y= 20.4%, z= 30.0%, tx=  0.0%, ty=  0.0%, tz=  0.0%]
  [  mat_st] comp 別不整合: [x= 62.8%, y= 72.9%, z= 27.2%, tx=  0.0%, ty=  0.0%, tz=  0.0%]
  ⚠ K_st 足し込みで rel_err が +1.1702e-01 悪化 — K_st が primary driver の可能性
  ⚠ K_geo 足し込みで rel_err が +1.1734e-01 悪化 — K_geo が primary driver の可能性
============================================================
  Incr 101 (frac=0.2111), attempt 20 [C+D.stall], ||R_t||/||f|| = 2.722e-06, ||R_r|| = 4.476e-06, ||R_w||/||f||=2.871e-06, rate=0.953, active=12, R(x=1.9e-06/38%,y=5.0e-07/10%,z=8.0e-07/16%)
  Incr 101 (frac=0.2111), attempt 25 [C+D.stall], ||R_t||/||f|| = 2.166e-06, ||R_r|| = 3.567e-06, ||R_w||/||f||=2.286e-06, rate=0.957, active=12, R(x=1.5e-06/38%,y=4.6e-07/12%,z=6.5e-07/16%)
  Incr 101 (frac=0.2111), attempt 25, ||du||/||u|| = 9.867e-09 (disp converged, 12 active)
  [NR診断] Incr 101 (frac=0.2111), 収束 att=26, Type分布[-:1(4%), C:5(19%), C+D.stall:19(73%), E:1(4%)], 直近10[C+D.stall:10], R_c=2.62e-06, R_s=2.95e-06, active=12, sliding=571, activated=0, deactivated=0, stick→slide=0, slide→stick=0, comp(x=1.5e-06/38%,y=4.6e-07/12%,z=6.5e-07/16%,θx=3.4e-06/86%,θy=1.3e-07/3%,θz=1.1e-06/27%)
  [f_ref] Incr 102: f_ref=9.093e-01 (dynamic_ref), atol=1.84e-08
  Incr 102 (frac=0.2123), attempt 0 [C], ||R_t||/||f|| = 1.000e+00, ||R_r|| = 4.166e-02, ||R_w||/||f||=1.000e+00, active=10, R(x=3.1e-01/34%,y=7.2e-02/8%,z=8.5e-01/94%)
  Incr 102 (frac=0.2123), attempt 2, ||du||/||u|| = 3.427e-10 (disp converged, 10 active)
  [f_ref] Incr 103: f_ref=5.197e-01 (dynamic_ref), atol=1.56e-08
  Incr 103 (frac=0.2142), attempt 0 [C], ||R_t||/||f|| = 1.000e+00, ||R_r|| = 8.404e-02, ||R_w||/||f||=1.000e+00, active=12, R(x=1.9e-01/37%,y=4.7e-02/9%,z=4.8e-01/91%)
  Incr 103 (frac=0.2142), attempt 3, ||du||/||u|| = 8.338e-10 (disp converged, 13 active)
  [f_ref] Incr 104: f_ref=4.544e+00 (dynamic_ref), atol=1.25e-08
  Incr 104 (frac=0.2171), attempt 0 [C], ||R_t||/||f|| = 1.000e+00, ||R_r|| = 2.025e-01, ||R_w||/||f||=1.000e+00, active=13, R(x=1.6e+00/34%,y=3.6e-01/8%,z=4.3e+00/94%)
  Incr 104 (frac=0.2171), attempt 4, ||du||/||u|| = 6.653e-10 (disp converged, 14 active)
  [f_ref] Incr 105: f_ref=3.030e-01 (dynamic_ref), atol=2.24e-08
  Incr 105 (frac=0.2185), attempt 0 [C], ||R_t||/||f|| = 1.000e+00, ||R_r|| = 4.728e-02, ||R_w||/||f||=1.000e+00, active=16, R(x=1.1e-01/37%,y=2.7e-02/9%,z=2.8e-01/91%)
  Incr 105 (frac=0.2185), attempt 5 [E], ||R_t||/||f|| = 7.735e-05, ||R_r|| = 9.989e-06, ||R_w||/||f||=7.753e-05, rate=0.819, active=16, R(x=2.2e-05/87%,y=5.6e-06/22%,z=5.3e-06/21%)
  Incr 105 (frac=0.2185), attempt 10 [D.slow+E], ||R_t||/||f|| = 4.994e-05, ||R_r|| = 6.640e-06, ||R_w||/||f||=5.006e-05, rate=0.942, active=16, R(x=1.5e-05/89%,y=3.2e-06/19%,z=1.4e-06/9%)
============================================================
接線剛性FD方向診断（status-256）
============================================================
  ||du|| = 1.7618e-04
  ||R_u|| = 1.5568e-05
  ⚠ R_u vs compute_residual(u) 乖離: 9.3143e-10 (リラクゼーション/動的項の差異)
  ||R_base|| = 1.5568e-05
  ||R(u+eps*du)|| = 1.5568e-05
  方向有効性: ||R(u+eps*du)||/||R(u)|| = 1.000003
  ⚠ du方向で残差が増加 — Newton方向が無効
  FD方向微分 = 2.4896e-05
  解析方向微分 = 6.6469e-06
  全体系 K@du: FD vs 解析 相対誤差 = 1.0002e+00
  ⚠ 全体系で接線剛性不整合 — K_c自体が不正確
  全体系不整合DOF上位5件:
    dof=398 (node=66, comp=2): FD=-4.4978e-03, analytical=-1.7712e-08, diff=-4.4978e-03
    dof=386 (node=64, comp=2): FD=-4.3865e-03, analytical=-3.5817e-10, diff=-4.3865e-03
    dof=380 (node=63, comp=2): FD=4.3850e-03, analytical=2.4889e-10, diff=4.3850e-03
    dof=392 (node=65, comp=2): FD=4.3785e-03, analytical=-6.5253e-11, diff=4.3785e-03
    dof=1100 (node=183, comp=2): FD=-4.2217e-03, analytical=9.9868e-11, diff=-4.2217e-03
  comp別不整合: [x:3.42e-03(23%), y:1.04e-03(7%), z:1.41e-02(97%), θx:9.52e-05(1%), θy:2.78e-04(2%), θz:1.88e-05(0%)]
  接触DOF不整合: 6.62e-03 (174 DOFs), 構造DOF不整合: 1.30e-02 (1764 DOFs)
  活性DOF K@du: FD vs 解析 相対誤差 = 1.0002e+00 (174 DOFs)
  ⚠ 活性DOFで接線剛性不整合
  方向微分整合度: |FD-解析|/max = 7.3301e-01
------------------------------------------------------------
  f_c 単独FD検証（K_c精度）
  ||∂f_c/∂u·du (FD)|| = 7.8421e-06
  ||K_c @ du|| = 7.6332e-06
  f_c FD相対誤差 = 1.6210e+00
  ⚠ K_c自体が不正確（f_c単独で10%超の不整合）
  f_c comp別不整合: [x=1.2e-05/95%, y=2.9e-06/23%, z=2.8e-06/22%, θx=0.0e+00/0%, θy=0.0e+00/0%, θz=0.0e+00/0%]
  f_c不整合DOF上位5件:
    dof=894 (node=149, comp=0): FD=3.8212e-06, K_c=-3.9535e-06, diff=7.7747e-06
    dof=486 (node=81, comp=0): FD=-3.6517e-06, K_c=3.7783e-06, diff=-7.4299e-06
    dof=480 (node=80, comp=0): FD=-1.9441e-06, K_c=1.9958e-06, diff=-3.9399e-06
    dof=888 (node=148, comp=0): FD=1.7750e-06, K_c=-1.8201e-06, diff=3.5951e-06
    dof=895 (node=149, comp=1): FD=1.2237e-06, K_c=-6.3551e-07, diff=1.8592e-06
============================================================
[K_c成分FD]
============================================================
K_c 成分分解 FD 診断（status-342）  [incr=105 att=11]
============================================================
  ||du|| = 1.7618e-04, eps = 1.00e-07
  ||dfc (FD)|| = 7.8414e-06
  ||K_mat@du|| = 4.2470e-06, ||K_geo@du|| = 1.7785e-08, ||K_st@du||  = 2.3815e-06
  ||K_c@du||   = 4.6967e-06
  寄与率: mat= 0.90, geo= 0.00, st= 0.51
------------------------------------------------------------
  組み合わせ別 FD 相対誤差（K_c = K_mat - K_geo + K_st 合意）:
    full     = 8.6793e-01
    mat_only = 8.1285e-01  (geo/st 除外)
    mat_geo  = 8.1509e-01  (st 除外)
    mat_st   = 8.6583e-01   (geo 除外)
  最良組み合わせ: mat_only (rel_err=8.1285e-01)
------------------------------------------------------------
  [    full] comp 別不整合: [x= 81.3%, y= 55.4%, z= 18.0%, tx=  0.0%, ty=  0.0%, tz=  0.0%]
  [mat_only] comp 別不整合: [x= 94.6%, y= 23.0%, z= 23.0%, tx=  0.0%, ty=  0.0%, tz=  0.0%]
  [ mat_geo] comp 別不整合: [x= 94.6%, y= 23.0%, z= 23.0%, tx=  0.0%, ty=  0.0%, tz=  0.0%]
  [  mat_st] comp 別不整合: [x= 81.3%, y= 55.4%, z= 18.0%, tx=  0.0%, ty=  0.0%, tz=  0.0%]
  ⚠ K_st 足し込みで rel_err が +5.2842e-02 悪化 — K_st が primary driver の可能性
  ⚠ K_geo 足し込みで rel_err が +5.2985e-02 悪化 — K_geo が primary driver の可能性
============================================================
  [Type D対策] FD診断: Newton方向精度不良 (dir_ratio=1.000), NR上限拡張→200
  Incr 105 (frac=0.2185), 低残差停滞[D+E] → Type D対策: NR上限拡張→200 (att=15, ||R||/||f||=3.706e-05, rate=0.942, R_c=1.15e-05, R_s=4.19e-06, active=16)
  Incr 105 (frac=0.2185), attempt 15 [D.slow+E], ||R_t||/||f|| = 3.706e-05, ||R_r|| = 4.951e-06, ||R_w||/||f||=3.715e-05, rate=0.942, active=16, R(x=1.1e-05/89%,y=2.3e-06/19%,z=1.5e-06/13%)
============================================================
接線剛性FD方向診断（status-256）
============================================================
  ||du|| = 1.3787e-04
  ||R_u|| = 1.2272e-05
  ⚠ R_u vs compute_residual(u) 乖離: 7.3365e-10 (リラクゼーション/動的項の差異)
  ||R_base|| = 1.2271e-05
  ||R(u+eps*du)|| = 1.2271e-05
  方向有効性: ||R(u+eps*du)||/||R(u)|| = 0.999997
  ✓ du方向で残差が減少 — Newton方向は有効
  FD方向微分 = 1.9647e-05
  解析方向微分 = 5.1861e-06
  全体系 K@du: FD vs 解析 相対誤差 = 1.0001e+00
  ⚠ 全体系で接線剛性不整合 — K_c自体が不正確
  全体系不整合DOF上位5件:
    dof=374 (node=62, comp=2): FD=4.6628e-03, analytical=3.3016e-10, diff=4.6628e-03
    dof=398 (node=66, comp=2): FD=4.2191e-03, analytical=-1.5487e-08, diff=4.2192e-03
    dof=908 (node=151, comp=2): FD=3.9649e-03, analytical=9.7446e-09, diff=3.9649e-03
    dof=482 (node=80, comp=2): FD=-3.8428e-03, analytical=-4.9069e-07, diff=-3.8423e-03
    dof=902 (node=150, comp=2): FD=-3.4391e-03, analytical=4.9835e-09, diff=-3.4392e-03
  comp別不整合: [x:3.95e-03(26%), y:8.42e-04(6%), z:1.45e-02(96%), θx:7.93e-05(1%), θy:2.27e-04(2%), θz:1.48e-05(0%)]
  接触DOF不整合: 8.86e-03 (174 DOFs), 構造DOF不整合: 1.21e-02 (1764 DOFs)
  活性DOF K@du: FD vs 解析 相対誤差 = 9.9994e-01 (174 DOFs)
  ⚠ 活性DOFで接線剛性不整合
  方向微分整合度: |FD-解析|/max = 7.3604e-01
------------------------------------------------------------
  f_c 単独FD検証（K_c精度）
  ||∂f_c/∂u·du (FD)|| = 6.1493e-06
  ||K_c @ du|| = 5.9862e-06
  f_c FD相対誤差 = 1.6233e+00
  ⚠ K_c自体が不正確（f_c単独で10%超の不整合）
  f_c comp別不整合: [x=9.5e-06/95%, y=2.3e-06/23%, z=1.9e-06/19%, θx=0.0e+00/0%, θy=0.0e+00/0%, θz=0.0e+00/0%]
  f_c不整合DOF上位5件:
    dof=894 (node=149, comp=0): FD=3.0303e-06, K_c=-3.1196e-06, diff=6.1499e-06
    dof=486 (node=81, comp=0): FD=-2.8959e-06, K_c=2.9813e-06, diff=-5.8772e-06
    dof=480 (node=80, comp=0): FD=-1.5412e-06, K_c=1.5754e-06, diff=-3.1165e-06
    dof=888 (node=148, comp=0): FD=1.4070e-06, K_c=-1.4368e-06, diff=2.8438e-06
    dof=895 (node=149, comp=1): FD=9.1161e-07, K_c=-5.2917e-07, diff=1.4408e-06
============================================================
[K_c成分FD]
============================================================
K_c 成分分解 FD 診断（status-342）  [incr=105 att=15]
============================================================
  ||du|| = 1.3787e-04, eps = 1.00e-07
  ||dfc (FD)|| = 6.1488e-06
  ||K_mat@du|| = 3.3208e-06, ||K_geo@du|| = 1.3910e-08, ||K_st@du||  = 1.8643e-06
  ||K_c@du||   = 3.7013e-06
  寄与率: mat= 0.90, geo= 0.00, st= 0.50
------------------------------------------------------------
  組み合わせ別 FD 相対誤差（K_c = K_mat - K_geo + K_st 合意）:
    full     = 8.6820e-01
    mat_only = 8.1396e-01  (geo/st 除外)
    mat_geo  = 8.1619e-01  (st 除外)
    mat_st   = 8.6610e-01   (geo 除外)
  最良組み合わせ: mat_only (rel_err=8.1396e-01)
------------------------------------------------------------
  [    full] comp 別不整合: [x= 82.1%, y= 55.0%, z= 15.7%, tx=  0.0%, ty=  0.0%, tz=  0.0%]
  [mat_only] comp 別不整合: [x= 95.2%, y= 22.6%, z= 20.4%, tx=  0.0%, ty=  0.0%, tz=  0.0%]
  [ mat_geo] comp 別不整合: [x= 95.2%, y= 22.6%, z= 20.4%, tx=  0.0%, ty=  0.0%, tz=  0.0%]
  [  mat_st] comp 別不整合: [x= 82.0%, y= 55.0%, z= 15.7%, tx=  0.0%, ty=  0.0%, tz=  0.0%]
  ⚠ K_st 足し込みで rel_err が +5.2006e-02 悪化 — K_st が primary driver の可能性
  ⚠ K_geo 足し込みで rel_err が +5.2147e-02 悪化 — K_geo が primary driver の可能性
============================================================
  Incr 105 (frac=0.2185), attempt 20 [D.slow+E], ||R_t||/||f|| = 2.826e-05, ||R_r|| = 3.696e-06, ||R_w||/||f||=2.833e-05, rate=0.946, active=16, R(x=8.3e-06/89%,y=1.7e-06/18%,z=1.5e-06/16%)
  Incr 105 (frac=0.2185), attempt 25 [D.slow+E], ||R_t||/||f|| = 2.163e-05, ||R_r|| = 2.760e-06, ||R_w||/||f||=2.168e-05, rate=0.949, active=16, R(x=6.3e-06/88%,y=1.3e-06/18%,z=1.4e-06/19%)
  Incr 105 (frac=0.2185), attempt 30 [D.slow+E], ||R_t||/||f|| = 1.670e-05, ||R_r|| = 2.058e-06, ||R_w||/||f||=1.674e-05, rate=0.950, active=16, R(x=4.8e-06/88%,y=1.0e-06/19%,z=1.2e-06/22%)
  Incr 105 (frac=0.2185), attempt 35 [D.slow+E], ||R_t||/||f|| = 1.283e-05, ||R_r|| = 1.533e-06, ||R_w||/||f||=1.285e-05, rate=0.948, active=16, R(x=3.6e-06/87%,y=8.6e-07/21%,z=1.1e-06/26%)
  Incr 105 (frac=0.2185), attempt 36, ||du||/||u|| = 9.698e-09 (disp converged, 16 active)
  [NR診断] Incr 105 (frac=0.2185), 収束 att=37, Type分布[-:1(3%), C:1(3%), D.slow+E:28(76%), D.stall+E:2(5%), E:5(14%)], 直近10[D.slow+E:8, D.stall+E:2], R_c=3.76e-06, R_s=1.22e-06, active=16, sliding=558, activated=0, deactivated=0, stick→slide=0, slide→stick=0, comp(x=3.4e-06/86%,y=8.4e-07/21%,z=1.1e-06/27%,θx=1.4e-06/34%,θy=5.2e-08/1%,θz=4.8e-07/12%)
  [f_ref] Incr 106: f_ref=4.009e-01 (dynamic_ref), atol=1.66e-08
  Incr 106 (frac=0.2193), attempt 0 [C], ||R_t||/||f|| = 1.000e+00, ||R_r|| = 1.961e-02, ||R_w||/||f||=1.000e+00, active=14, R(x=1.4e-01/35%,y=3.1e-02/8%,z=3.7e-01/93%)
  Incr 106 (frac=0.2193), attempt 2, ||du||/||u|| = 3.866e-10 (disp converged, 15 active)
  [f_ref] Incr 107: f_ref=2.980e-01 (dynamic_ref), atol=1.28e-08
  Incr 107 (frac=0.2205), attempt 0 [C], ||R_t||/||f|| = 1.000e+00, ||R_r|| = 4.105e-02, ||R_w||/||f||=1.000e+00, active=14, R(x=1.1e-01/38%,y=2.2e-02/7%,z=2.7e-01/91%)
  Incr 107 (frac=0.2205), attempt 2, ||du||/||u|| = 8.331e-10 (disp converged, 14 active)
  [f_ref] Incr 108: f_ref=2.014e+00 (dynamic_ref), atol=9.85e-09
  Incr 108 (frac=0.2222), attempt 0 [C], ||R_t||/||f|| = 1.000e+00, ||R_r|| = 9.710e-02, ||R_w||/||f||=1.000e+00, active=15, R(x=7.1e-01/35%,y=1.6e-01/8%,z=1.9e+00/93%)
  Incr 108 (frac=0.2222), attempt 5 [D.stall+E], ||R_t||/||f|| = 1.920e-06, ||R_r|| = 5.434e-06, ||R_w||/||f||=1.968e-06, rate=0.962, active=15, R(x=3.3e-06/49%,y=9.9e-07/15%,z=1.8e-06/28%)
  Incr 108 (frac=0.2222), attempt 6, ||du||/||u|| = 9.795e-09 (disp converged, 15 active)
  [f_ref] Incr 109: f_ref=5.760e-01 (dynamic_ref), atol=1.29e-08
  Incr 109 (frac=0.2240), attempt 0 [C], ||R_t||/||f|| = 1.000e+00, ||R_r|| = 8.202e-02, ||R_w||/||f||=1.000e+00, active=14, R(x=2.2e-01/38%,y=4.5e-02/8%,z=5.3e-01/91%)
  Incr 109 (frac=0.2240), attempt 3, ||du||/||u|| = 5.357e-09 (disp converged, 15 active)
  [f_ref] Incr 110: f_ref=4.149e+00 (dynamic_ref), atol=1.08e-08
  Incr 110 (frac=0.2266), attempt 0 [C], ||R_t||/||f|| = 1.000e+00, ||R_r|| = 1.876e-01, ||R_w||/||f||=1.000e+00, active=13, R(x=1.5e+00/36%,y=3.2e-01/8%,z=3.9e+00/93%)
  Incr 110 (frac=0.2266), attempt 4, ||du||/||u|| = 4.313e-10 (disp converged, 15 active)
  [f_ref] Incr 111: f_ref=2.196e+00 (dynamic_ref), atol=2.00e-08
  Incr 111 (frac=0.2306), attempt 0 [C], ||R_t||/||f|| = 1.000e+00, ||R_r|| = 3.198e-01, ||R_w||/||f||=1.000e+00, active=11, R(x=8.2e-01/37%,y=2.0e-01/9%,z=2.0e+00/91%)
  Incr 111 (frac=0.2306), attempt 5 [C], ||R_t||/||f|| = 2.835e-06, ||R_r|| = 2.455e-05, ||R_w||/||f||=3.346e-06, rate=0.166, active=16, R(x=5.4e-06/21%,y=2.0e-06/8%,z=2.4e-06/10%)
  Incr 111 (frac=0.2306), attempt 7, ||du||/||u|| = 2.939e-09 (disp converged, 16 active)
  [f_ref] Incr 112: f_ref=8.135e+00 (dynamic_ref), atol=2.06e-08
  Incr 112 (frac=0.2345), attempt 0 [C], ||R_t||/||f|| = 1.000e+00, ||R_r|| = 3.293e-01, ||R_w||/||f||=1.000e+00, active=15, R(x=3.0e+00/36%,y=6.4e-01/8%,z=7.6e+00/93%)
  Incr 112 (frac=0.2345), attempt 5 [C], ||R_t||/||f|| = 2.785e-06, ||R_r|| = 5.277e-05, ||R_w||/||f||=2.970e-06, rate=0.273, active=17, R(x=1.8e-05/31%,y=8.4e-06/15%,z=1.1e-05/19%)
  Incr 112 (frac=0.2345), attempt 10 [C+D.stall], ||R_t||/||f|| = 3.558e-07, ||R_r|| = 8.081e-06, ||R_w||/||f||=3.893e-07, rate=0.951, active=17, R(x=2.5e-06/30%,y=8.0e-07/9%,z=1.1e-06/13%)
============================================================
接線剛性FD方向診断（status-256）
============================================================
  ||du|| = 6.8534e-05
  ||R_u|| = 7.4070e-06
  ⚠ R_u vs compute_residual(u) 乖離: 2.2791e-11 (リラクゼーション/動的項の差異)
  ||R_base|| = 7.4069e-06
  ||R(u+eps*du)|| = 7.4070e-06
  方向有効性: ||R(u+eps*du)||/||R(u)|| = 1.000005
  ⚠ du方向で残差が増加 — Newton方向が無効
  FD方向微分 = 1.2532e-06
  解析方向微分 = 9.7169e-07
  全体系 K@du: FD vs 解析 相対誤差 = 1.0001e+00
  ⚠ 全体系で接線剛性不整合 — K_c自体が不正確
  全体系不整合DOF上位5件:
    dof=1106 (node=184, comp=2): FD=4.7730e-03, analytical=7.7828e-09, diff=4.7730e-03
    dof=380 (node=63, comp=2): FD=4.0832e-03, analytical=-1.2210e-09, diff=4.0832e-03
    dof=1100 (node=183, comp=2): FD=-3.9088e-03, analytical=-1.0312e-11, diff=-3.9088e-03
    dof=902 (node=150, comp=2): FD=3.2852e-03, analytical=1.2440e-08, diff=3.2852e-03
    dof=1292 (node=215, comp=2): FD=3.1413e-03, analytical=8.1416e-10, diff=3.1413e-03
  comp別不整合: [x:4.21e-03(28%), y:1.09e-03(7%), z:1.45e-02(96%), θx:7.05e-05(0%), θy:1.73e-04(1%), θz:8.84e-06(0%)]
  接触DOF不整合: 6.42e-03 (240 DOFs), 構造DOF不整合: 1.37e-02 (1698 DOFs)
  活性DOF K@du: FD vs 解析 相対誤差 = 1.0001e+00 (240 DOFs)
  ⚠ 活性DOFで接線剛性不整合
  方向微分整合度: |FD-解析|/max = 2.2465e-01
------------------------------------------------------------
  f_c 単独FD検証（K_c精度）
  ||∂f_c/∂u·du (FD)|| = 3.1260e-06
  ||K_c @ du|| = 2.7107e-06
  f_c FD相対誤差 = 4.3177e-01
  ⚠ K_c自体が不正確（f_c単独で10%超の不整合）
  f_c comp別不整合: [x=1.2e-06/91%, y=2.4e-07/18%, z=5.0e-07/37%, θx=0.0e+00/0%, θy=0.0e+00/0%, θz=0.0e+00/0%]
  f_c不整合DOF上位5件:
    dof=894 (node=149, comp=0): FD=2.7815e-07, K_c=-3.5928e-07, diff=6.3743e-07
    dof=486 (node=81, comp=0): FD=-2.6506e-07, K_c=3.4240e-07, diff=-6.0746e-07
    dof=444 (node=74, comp=0): FD=-1.5767e-06, K_c=-1.1159e-06, diff=-4.6078e-07
    dof=1056 (node=176, comp=0): FD=1.5415e-06, K_c=1.1168e-06, diff=4.2477e-07
    dof=480 (node=80, comp=0): FD=-1.4616e-07, K_c=1.8044e-07, diff=-3.2660e-07
============================================================
[K_c成分FD]
============================================================
K_c 成分分解 FD 診断（status-342）  [incr=112 att=13]
============================================================
  ||du|| = 6.8534e-05, eps = 1.00e-07
  ||dfc (FD)|| = 3.1260e-06
  ||K_mat@du|| = 2.6737e-06, ||K_geo@du|| = 6.3947e-09, ||K_st@du||  = 8.1867e-07
  ||K_c@du||   = 2.8035e-06
  寄与率: mat= 0.95, geo= 0.00, st= 0.29
------------------------------------------------------------
  組み合わせ別 FD 相対誤差（K_c = K_mat - K_geo + K_st 合意）:
    full     = 3.6153e-01
    mat_only = 2.6671e-01  (geo/st 除外)
    mat_geo  = 2.6815e-01  (st 除外)
    mat_st   = 3.6048e-01   (geo 除外)
  最良組み合わせ: mat_only (rel_err=2.6671e-01)
------------------------------------------------------------
  [    full] comp 別不整合: [x= 45.2%, y= 77.7%, z= 43.7%, tx=  0.0%, ty=  0.0%, tz=  0.0%]
  [mat_only] comp 別不整合: [x= 80.8%, y= 11.5%, z= 57.8%, tx=  0.0%, ty=  0.0%, tz=  0.0%]
  [ mat_geo] comp 別不整合: [x= 81.0%, y= 11.5%, z= 57.5%, tx=  0.0%, ty=  0.0%, tz=  0.0%]
  [  mat_st] comp 別不整合: [x= 44.9%, y= 77.9%, z= 43.9%, tx=  0.0%, ty=  0.0%, tz=  0.0%]
  ⚠ K_st 足し込みで rel_err が +9.3384e-02 悪化 — K_st が primary driver の可能性
  ⚠ K_geo 足し込みで rel_err が +9.3767e-02 悪化 — K_geo が primary driver の可能性
============================================================
  [Type D対策] FD診断: Newton方向精度不良 (dir_ratio=1.000), NR上限拡張→200
  Incr 112 (frac=0.2345), 低残差停滞[C+D] → Type D対策: NR上限拡張→200 (att=15, ||R||/||f||=2.772e-07, rate=0.951, R_c=4.15e-06, R_s=5.28e-06, active=17)
  Incr 112 (frac=0.2345), attempt 15 [C+D.stall], ||R_t||/||f|| = 2.772e-07, ||R_r|| = 6.324e-06, ||R_w||/||f||=3.035e-07, rate=0.951, active=17, R(x=2.0e-06/29%,y=6.2e-07/9%,z=8.9e-07/13%)
============================================================
接線剛性FD方向診断（status-256）
============================================================
  ||du|| = 6.1943e-05
  ||R_u|| = 6.7143e-06
  ⚠ R_u vs compute_residual(u) 乖離: 2.0541e-11 (リラクゼーション/動的項の差異)
  ||R_base|| = 6.7143e-06
  ||R(u+eps*du)|| = 6.7143e-06
  方向有効性: ||R(u+eps*du)||/||R(u)|| = 1.000007
  ⚠ du方向で残差が増加 — Newton方向が無効
  FD方向微分 = 1.1309e-06
  解析方向微分 = 8.7910e-07
  全体系 K@du: FD vs 解析 相対誤差 = 1.0000e+00
  ⚠ 全体系で接線剛性不整合 — K_c自体が不正確
  全体系不整合DOF上位5件:
    dof=380 (node=63, comp=2): FD=-4.6482e-03, analytical=-1.4085e-09, diff=-4.6482e-03
    dof=1298 (node=216, comp=2): FD=4.4011e-03, analytical=5.2266e-10, diff=4.4011e-03
    dof=1202 (node=200, comp=2): FD=4.2755e-03, analytical=1.6119e-10, diff=4.2755e-03
    dof=386 (node=64, comp=2): FD=4.0837e-03, analytical=-2.5455e-09, diff=4.0837e-03
    dof=374 (node=62, comp=2): FD=4.0821e-03, analytical=6.3336e-11, diff=4.0821e-03
  comp別不整合: [x:5.07e-03(28%), y:1.28e-03(7%), z:1.72e-02(96%), θx:7.41e-05(0%), θy:2.24e-04(1%), θz:8.81e-06(0%)]
  接触DOF不整合: 8.43e-03 (240 DOFs), 構造DOF不整合: 1.59e-02 (1698 DOFs)
  活性DOF K@du: FD vs 解析 相対誤差 = 1.0001e+00 (240 DOFs)
  ⚠ 活性DOFで接線剛性不整合
  方向微分整合度: |FD-解析|/max = 2.2266e-01
------------------------------------------------------------
  f_c 単独FD検証（K_c精度）
  ||∂f_c/∂u·du (FD)|| = 2.8405e-06
  ||K_c @ du|| = 2.4543e-06
  f_c FD相対誤差 = 4.3087e-01
  ⚠ K_c自体が不正確（f_c単独で10%超の不整合）
  f_c comp別不整合: [x=1.1e-06/91%, y=2.3e-07/19%, z=4.6e-07/37%, θx=0.0e+00/0%, θy=0.0e+00/0%, θz=0.0e+00/0%]
  f_c不整合DOF上位5件:
    dof=894 (node=149, comp=0): FD=2.5009e-07, K_c=-3.2357e-07, diff=5.7366e-07
    dof=486 (node=81, comp=0): FD=-2.3832e-07, K_c=3.0838e-07, diff=-5.4669e-07
    dof=444 (node=74, comp=0): FD=-1.4353e-06, K_c=-1.0105e-06, diff=-4.2482e-07
    dof=1056 (node=176, comp=0): FD=1.4023e-06, K_c=1.0114e-06, diff=3.9094e-07
    dof=480 (node=80, comp=0): FD=-1.3145e-07, K_c=1.6250e-07, diff=-2.9395e-07
============================================================
[K_c成分FD]
============================================================
K_c 成分分解 FD 診断（status-342）  [incr=112 att=15]
============================================================
  ||du|| = 6.1943e-05, eps = 1.00e-07
  ||dfc (FD)|| = 2.8405e-06
  ||K_mat@du|| = 2.4212e-06, ||K_geo@du|| = 5.7760e-09, ||K_st@du||  = 7.3929e-07
  ||K_c@du||   = 2.5385e-06
  寄与率: mat= 0.95, geo= 0.00, st= 0.29
------------------------------------------------------------
  組み合わせ別 FD 相対誤差（K_c = K_mat - K_geo + K_st 合意）:
    full     = 3.6444e-01
    mat_only = 2.6806e-01  (geo/st 除外)
    mat_geo  = 2.6947e-01  (st 除外)
    mat_st   = 3.6340e-01   (geo 除外)
  最良組み合わせ: mat_only (rel_err=2.6806e-01)
------------------------------------------------------------
  [    full] comp 別不整合: [x= 45.4%, y= 77.7%, z= 43.6%, tx=  0.0%, ty=  0.0%, tz=  0.0%]
  [mat_only] comp 別不整合: [x= 80.4%, y= 14.0%, z= 57.8%, tx=  0.0%, ty=  0.0%, tz=  0.0%]
  [ mat_geo] comp 別不整合: [x= 80.6%, y= 14.0%, z= 57.5%, tx=  0.0%, ty=  0.0%, tz=  0.0%]
  [  mat_st] comp 別不整合: [x= 45.1%, y= 77.8%, z= 43.8%, tx=  0.0%, ty=  0.0%, tz=  0.0%]
  ⚠ K_st 足し込みで rel_err が +9.4963e-02 悪化 — K_st が primary driver の可能性
  ⚠ K_geo 足し込みで rel_err が +9.5342e-02 悪化 — K_geo が primary driver の可能性
============================================================
  Incr 112 (frac=0.2345), attempt 20 [C+D.slow], ||R_t||/||f|| = 2.170e-07, ||R_r|| = 4.977e-06, ||R_w||/||f||=2.378e-07, rate=0.945, active=17, R(x=1.5e-06/29%,y=5.0e-07/10%,z=6.9e-07/13%)
  Incr 112 (frac=0.2345), attempt 23, ||du||/||u|| = 9.837e-09 (disp converged, 17 active)
  [NR診断] Incr 112 (frac=0.2345), 収束 att=24, Type分布[C:9(38%), C+D.slow:5(21%), C+D.stall:10(42%)], 直近10[C+D.slow:5, C+D.stall:5], R_c=2.81e-06, R_s=3.61e-06, active=17, sliding=539, activated=0, deactivated=0, stick→slide=0, slide→stick=0, comp(x=1.3e-06/28%,y=4.8e-07/10%,z=5.8e-07/13%,θx=4.1e-06/89%,θy=2.6e-07/6%,θz=1.4e-06/31%)
  [f_ref] Incr 113: f_ref=4.975e-01 (dynamic_ref), atol=3.88e-08
  Incr 113 (frac=0.2365), attempt 0 [C], ||R_t||/||f|| = 1.000e+00, ||R_r|| = 6.328e-02, ||R_w||/||f||=1.000e+00, active=15, R(x=1.8e-01/35%,y=5.2e-02/10%,z=4.6e-01/92%)
  Incr 113 (frac=0.2365), attempt 5 [E], ||R_t||/||f|| = 2.321e-05, ||R_r|| = 1.213e-05, ||R_w||/||f||=2.353e-05, rate=0.662, active=16, R(x=1.1e-05/66%,y=1.5e-06/9%,z=2.8e-06/17%)
  Incr 113 (frac=0.2365), attempt 10 [D.stall+E], ||R_t||/||f|| = 1.802e-05, ||R_r|| = 9.249e-06, ||R_w||/||f||=1.826e-05, rate=0.950, active=16, R(x=8.7e-06/67%,y=1.1e-06/9%,z=1.9e-06/15%)
============================================================
接線剛性FD方向診断（status-256）
============================================================
  ||du|| = 1.6779e-04
  ||R_u|| = 1.2880e-05
  ⚠ R_u vs compute_residual(u) 乖離: 1.6807e-10 (リラクゼーション/動的項の差異)
  ||R_base|| = 1.2879e-05
  ||R(u+eps*du)|| = 1.2879e-05
  方向有効性: ||R(u+eps*du)||/||R(u)|| = 1.000000
  ⚠ du方向で残差が増加 — Newton方向が無効
  FD方向微分 = 5.5621e-06
  解析方向微分 = 4.8095e-06
  全体系 K@du: FD vs 解析 相対誤差 = 1.0002e+00
  ⚠ 全体系で接線剛性不整合 — K_c自体が不正確
  全体系不整合DOF上位5件:
    dof=482 (node=80, comp=2): FD=4.6816e-03, analytical=4.7447e-11, diff=4.6816e-03
    dof=1724 (node=287, comp=2): FD=-4.6334e-03, analytical=-7.1839e-09, diff=-4.6333e-03
    dof=680 (node=113, comp=2): FD=4.4805e-03, analytical=1.0013e-10, diff=4.4805e-03
    dof=1718 (node=286, comp=2): FD=4.4786e-03, analytical=3.6839e-10, diff=4.4786e-03
    dof=1196 (node=199, comp=2): FD=4.3500e-03, analytical=-1.1934e-10, diff=4.3500e-03
  comp別不整合: [x:4.97e-03(26%), y:1.54e-03(8%), z:1.82e-02(96%), θx:1.04e-04(1%), θy:3.76e-04(2%), θz:2.03e-05(0%)]
  接触DOF不整合: 4.59e-03 (168 DOFs), 構造DOF不整合: 1.84e-02 (1770 DOFs)
  活性DOF K@du: FD vs 解析 相対誤差 = 1.0000e+00 (168 DOFs)
  ⚠ 活性DOFで接線剛性不整合
  方向微分整合度: |FD-解析|/max = 1.3530e-01
------------------------------------------------------------
  f_c 単独FD検証（K_c精度）
  ||∂f_c/∂u·du (FD)|| = 5.0891e-06
  ||K_c @ du|| = 5.0456e-06
  f_c FD相対誤差 = 1.1046e+00
  ⚠ K_c自体が不正確（f_c単独で10%超の不整合）
  f_c comp別不整合: [x=4.8e-06/86%, y=6.2e-07/11%, z=2.8e-06/50%, θx=0.0e+00/0%, θy=0.0e+00/0%, θz=0.0e+00/0%]
  f_c不整合DOF上位5件:
    dof=396 (node=66, comp=0): FD=-1.6029e-06, K_c=1.5269e-06, diff=-3.1299e-06
    dof=1008 (node=168, comp=0): FD=1.5625e-06, K_c=-1.5207e-06, diff=3.0832e-06
    dof=398 (node=66, comp=2): FD=9.0210e-07, K_c=-9.4551e-07, diff=1.8476e-06
    dof=1010 (node=168, comp=2): FD=-8.6531e-07, K_c=9.2485e-07, diff=-1.7902e-06
    dof=390 (node=65, comp=0): FD=-6.6948e-07, K_c=6.5353e-07, diff=-1.3230e-06
============================================================
[K_c成分FD]
============================================================
K_c 成分分解 FD 診断（status-342）  [incr=113 att=10]
============================================================
  ||du|| = 1.6779e-04, eps = 1.00e-07
  ||dfc (FD)|| = 5.0891e-06
  ||K_mat@du|| = 4.2047e-06, ||K_geo@du|| = 1.0984e-08, ||K_st@du||  = 6.3965e-07
  ||K_c@du||   = 4.7421e-06
  寄与率: mat= 0.89, geo= 0.00, st= 0.13
------------------------------------------------------------
  組み合わせ別 FD 相対誤差（K_c = K_mat - K_geo + K_st 合意）:
    full     = 5.7072e-01
    mat_only = 5.6056e-01  (geo/st 除外)
    mat_geo  = 5.6252e-01  (st 除外)
    mat_st   = 5.6881e-01   (geo 除外)
  最良組み合わせ: mat_only (rel_err=5.6056e-01)
------------------------------------------------------------
  [    full] comp 別不整合: [x= 82.6%, y= 30.0%, z= 47.7%, tx=  0.0%, ty=  0.0%, tz=  0.0%]
  [mat_only] comp 別不整合: [x= 85.5%, y= 13.1%, z= 50.1%, tx=  0.0%, ty=  0.0%, tz=  0.0%]
  [ mat_geo] comp 別不整合: [x= 85.6%, y= 13.2%, z= 50.0%, tx=  0.0%, ty=  0.0%, tz=  0.0%]
  [  mat_st] comp 別不整合: [x= 82.6%, y= 30.0%, z= 47.8%, tx=  0.0%, ty=  0.0%, tz=  0.0%]
============================================================
  [Type D対策] FD診断: Newton方向精度不良 (dir_ratio=1.000), NR上限拡張→200
  Incr 113 (frac=0.2365), 低残差停滞[D+E] → Type D対策: NR上限拡張→200 (att=15, ||R||/||f||=1.393e-05, rate=0.950, R_c=8.30e-06, R_s=5.34e-06, active=16)
  Incr 113 (frac=0.2365), attempt 15 [D.slow+E], ||R_t||/||f|| = 1.393e-05, ||R_r|| = 7.032e-06, ||R_w||/||f||=1.411e-05, rate=0.950, active=16, R(x=6.8e-06/68%,y=8.5e-07/9%,z=1.3e-06/13%)
============================================================
接線剛性FD方向診断（status-256）
============================================================
  ||du|| = 1.3099e-04
  ||R_u|| = 9.8725e-06
  ⚠ R_u vs compute_residual(u) 乖離: 1.3575e-10 (リラクゼーション/動的項の差異)
  ||R_base|| = 9.8724e-06
  ||R(u+eps*du)|| = 9.8724e-06
  方向有効性: ||R(u+eps*du)||/||R(u)|| = 1.000001
  ⚠ du方向で残差が増加 — Newton方向が無効
  FD方向微分 = 4.4368e-06
  解析方向微分 = 3.7173e-06
  全体系 K@du: FD vs 解析 相対誤差 = 1.0001e+00
  ⚠ 全体系で接線剛性不整合 — K_c自体が不正確
  全体系不整合DOF上位5件:
    dof=1304 (node=217, comp=2): FD=-4.4798e-03, analytical=-8.9199e-10, diff=-4.4798e-03
    dof=686 (node=114, comp=2): FD=4.2921e-03, analytical=8.9139e-11, diff=4.2921e-03
    dof=1106 (node=184, comp=2): FD=4.2477e-03, analytical=-2.8740e-11, diff=4.2477e-03
    dof=1700 (node=283, comp=2): FD=-4.1156e-03, analytical=-2.8423e-10, diff=-4.1156e-03
    dof=1100 (node=183, comp=2): FD=-4.0410e-03, analytical=-2.3331e-10, diff=-4.0410e-03
  comp別不整合: [x:4.78e-03(27%), y:1.52e-03(9%), z:1.72e-02(96%), θx:9.03e-05(1%), θy:3.24e-04(2%), θz:1.61e-05(0%)]
  接触DOF不整合: 6.28e-03 (168 DOFs), 構造DOF不整合: 1.68e-02 (1770 DOFs)
  活性DOF K@du: FD vs 解析 相対誤差 = 1.0000e+00 (168 DOFs)
  ⚠ 活性DOFで接線剛性不整合
  方向微分整合度: |FD-解析|/max = 1.6215e-01
------------------------------------------------------------
  f_c 単独FD検証（K_c精度）
  ||∂f_c/∂u·du (FD)|| = 3.9839e-06
  ||K_c @ du|| = 3.9588e-06
  f_c FD相対誤差 = 1.1239e+00
  ⚠ K_c自体が不正確（f_c単独で10%超の不整合）
  f_c comp別不整合: [x=3.9e-06/87%, y=4.9e-07/11%, z=2.1e-06/48%, θx=0.0e+00/0%, θy=0.0e+00/0%, θz=0.0e+00/0%]
  f_c不整合DOF上位5件:
    dof=396 (node=66, comp=0): FD=-1.2960e-06, K_c=1.2384e-06, diff=-2.5344e-06
    dof=1008 (node=168, comp=0): FD=1.2661e-06, K_c=-1.2357e-06, diff=2.5018e-06
    dof=398 (node=66, comp=2): FD=6.8253e-07, K_c=-7.1595e-07, diff=1.3985e-06
    dof=1010 (node=168, comp=2): FD=-6.5358e-07, K_c=6.9985e-07, diff=-1.3534e-06
    dof=390 (node=65, comp=0): FD=-5.4256e-07, K_c=5.3102e-07, diff=-1.0736e-06
============================================================
[K_c成分FD]
============================================================
K_c 成分分解 FD 診断（status-342）  [incr=113 att=15]
============================================================
  ||du|| = 1.3099e-04, eps = 1.00e-07
  ||dfc (FD)|| = 3.9839e-06
  ||K_mat@du|| = 3.2765e-06, ||K_geo@du|| = 8.5600e-09, ||K_st@du||  = 4.9746e-07
  ||K_c@du||   = 3.6951e-06
  寄与率: mat= 0.89, geo= 0.00, st= 0.13
------------------------------------------------------------
  組み合わせ別 FD 相対誤差（K_c = K_mat - K_geo + K_st 合意）:
    full     = 5.8029e-01
    mat_only = 5.6991e-01  (geo/st 除外)
    mat_geo  = 5.7189e-01  (st 除外)
    mat_st   = 5.7837e-01   (geo 除外)
  最良組み合わせ: mat_only (rel_err=5.6991e-01)
------------------------------------------------------------
  [    full] comp 別不整合: [x= 84.0%, y= 29.8%, z= 45.3%, tx=  0.0%, ty=  0.0%, tz=  0.0%]
  [mat_only] comp 別不整合: [x= 86.9%, y= 13.2%, z= 47.7%, tx=  0.0%, ty=  0.0%, tz=  0.0%]
  [ mat_geo] comp 別不整合: [x= 86.9%, y= 13.2%, z= 47.6%, tx=  0.0%, ty=  0.0%, tz=  0.0%]
  [  mat_st] comp 別不整合: [x= 84.0%, y= 29.8%, z= 45.4%, tx=  0.0%, ty=  0.0%, tz=  0.0%]
============================================================
  Incr 113 (frac=0.2365), attempt 20 [D.stall+E], ||R_t||/||f|| = 1.093e-05, ||R_r|| = 5.361e-06, ||R_w||/||f||=1.106e-05, rate=0.951, active=16, R(x=5.3e-06/70%,y=7.0e-07/9%,z=8.4e-07/11%)
  Incr 113 (frac=0.2365), attempt 25 [D.stall+E], ||R_t||/||f|| = 8.583e-06, ||R_r|| = 4.091e-06, ||R_w||/||f||=8.682e-06, rate=0.954, active=16, R(x=4.2e-06/71%,y=7.0e-07/12%,z=5.3e-07/9%)
  Incr 113 (frac=0.2365), attempt 30 [D.stall+E], ||R_t||/||f|| = 6.796e-06, ||R_r|| = 3.113e-06, ||R_w||/||f||=6.869e-06, rate=0.955, active=16, R(x=3.3e-06/72%,y=7.2e-07/16%,z=3.1e-07/7%)
  Incr 113 (frac=0.2365), attempt 35 [D.stall+E], ||R_t||/||f|| = 5.400e-06, ||R_r|| = 2.356e-06, ||R_w||/||f||=5.452e-06, rate=0.956, active=16, R(x=2.6e-06/72%,y=7.6e-07/21%,z=1.5e-07/4%)
  Incr 113 (frac=0.2365), attempt 37, ||du||/||u|| = 9.736e-09 (disp converged, 16 active)
  [NR診断] Incr 113 (frac=0.2365), 収束 att=38, Type分布[-:1(3%), C:1(3%), D.slow+E:4(11%), D.stall+E:28(74%), E:4(11%)], 直近10[D.stall+E:10], R_c=2.81e-06, R_s=1.60e-06, active=16, sliding=531, activated=0, deactivated=0, stick→slide=0, slide→stick=0, comp(x=2.3e-06/72%,y=7.9e-07/24%,z=1.1e-07/4%,θx=2.0e-06/61%,θy=9.9e-08/3%,θz=6.8e-07/21%)
  [f_ref] Incr 114: f_ref=4.989e-01 (dynamic_ref), atol=2.87e-08
  Incr 114 (frac=0.2375), attempt 0 [C], ||R_t||/||f|| = 1.000e+00, ||R_r|| = 1.988e-02, ||R_w||/||f||=1.000e+00, active=13, R(x=1.8e-01/37%,y=4.0e-02/8%,z=4.6e-01/93%)
  Incr 114 (frac=0.2375), attempt 2, ||du||/||u|| = 3.040e-11 (disp converged, 14 active)
  [f_ref] Incr 115: f_ref=8.097e-02 (dynamic_ref), atol=2.16e-08
  Incr 115 (frac=0.2383), attempt 0 [C], ||R_t||/||f|| = 1.000e+00, ||R_r|| = 1.103e-02, ||R_w||/||f||=1.000e+00, active=14, R(x=3.0e-02/37%,y=8.1e-03/10%,z=7.5e-02/92%)
  Incr 115 (frac=0.2383), attempt 2, ||du||/||u|| = 3.670e-11 (disp converged, 14 active)
  [f_ref] Incr 116: f_ref=7.154e-01 (dynamic_ref), atol=1.53e-08
  Incr 116 (frac=0.2394), attempt 0 [C], ||R_t||/||f|| = 1.000e+00, ||R_r|| = 2.890e-02, ||R_w||/||f||=1.000e+00, active=14, R(x=2.6e-01/37%,y=5.7e-02/8%,z=6.6e-01/93%)
  Incr 116 (frac=0.2394), attempt 2, ||du||/||u|| = 3.555e-10 (disp converged, 14 active)
  [f_ref] Incr 117: f_ref=3.967e-01 (dynamic_ref), atol=1.29e-08
  Incr 117 (frac=0.2412), attempt 0 [C], ||R_t||/||f|| = 1.000e+00, ||R_r|| = 4.862e-02, ||R_w||/||f||=1.000e+00, active=14, R(x=1.4e-01/35%,y=4.2e-02/10%,z=3.7e-01/92%)
  Incr 117 (frac=0.2412), attempt 3, ||du||/||u|| = 1.386e-09 (disp converged, 14 active)
  [f_ref] Incr 118: f_ref=3.883e-01 (dynamic_ref), atol=1.02e-08
  Incr 118 (frac=0.2421), attempt 0 [C], ||R_t||/||f|| = 1.000e+00, ||R_r|| = 1.520e-02, ||R_w||/||f||=1.000e+00, active=14, R(x=1.4e-01/37%,y=3.1e-02/8%,z=3.6e-01/92%)
  Incr 118 (frac=0.2421), attempt 2, ||du||/||u|| = 3.588e-11 (disp converged, 14 active)
  [f_ref] Incr 119: f_ref=2.240e-01 (dynamic_ref), atol=8.31e-09
  Incr 119 (frac=0.2434), attempt 0 [C], ||R_t||/||f|| = 1.000e+00, ||R_r|| = 2.580e-02, ||R_w||/||f||=1.000e+00, active=15, R(x=7.9e-02/35%,y=2.4e-02/11%,z=2.1e-01/92%)
  Incr 119 (frac=0.2434), attempt 2, ||du||/||u|| = 1.012e-09 (disp converged, 15 active)
  [f_ref] Incr 120: f_ref=1.819e+00 (dynamic_ref), atol=6.49e-09
  Incr 120 (frac=0.2454), attempt 0 [C], ||R_t||/||f|| = 1.000e+00, ||R_r|| = 6.575e-02, ||R_w||/||f||=1.000e+00, active=17, R(x=6.8e-01/37%,y=1.5e-01/8%,z=1.7e+00/92%)
  Incr 120 (frac=0.2454), attempt 3, ||du||/||u|| = 1.275e-09 (disp converged, 17 active)
  [f_ref] Incr 121: f_ref=7.440e-01 (dynamic_ref), atol=1.00e-08
  Incr 121 (frac=0.2477), attempt 0 [C], ||R_t||/||f|| = 1.000e+00, ||R_r|| = 6.054e-02, ||R_w||/||f||=1.000e+00, active=17, R(x=2.6e-01/34%,y=8.0e-02/11%,z=6.9e-01/93%)
  Incr 121 (frac=0.2477), attempt 5 [C], ||R_t||/||f|| = 6.598e-07, ||R_r|| = 1.332e-06, ||R_w||/||f||=7.186e-07, rate=0.177, active=18, R(x=3.8e-07/26%,y=2.7e-07/19%,z=1.7e-07/12%)
  Incr 121 (frac=0.2477), attempt 5, ||du||/||u|| = 1.509e-09 (disp converged, 18 active)
  [f_ref] Incr 122: f_ref=5.777e-01 (dynamic_ref), atol=9.23e-09
  Incr 122 (frac=0.2488), attempt 0 [C], ||R_t||/||f|| = 1.000e+00, ||R_r|| = 1.936e-02, ||R_w||/||f||=1.000e+00, active=19, R(x=2.2e-01/38%,y=4.7e-02/8%,z=5.3e-01/92%)
  Incr 122 (frac=0.2488), attempt 3, ||du||/||u|| = 9.852e-09 (disp converged, 19 active)
  [f_ref] Incr 123: f_ref=4.529e-01 (dynamic_ref), atol=8.19e-09
  Incr 123 (frac=0.2506), attempt 0 [C], ||R_t||/||f|| = 1.000e+00, ||R_r|| = 2.887e-02, ||R_w||/||f||=1.000e+00, active=14, R(x=1.6e-01/35%,y=4.8e-02/10%,z=4.2e-01/93%)
  Incr 123 (frac=0.2506), attempt 4, ||du||/||u|| = 3.346e-09 (disp converged, 18 active)
  [f_ref] Incr 124: f_ref=2.691e+00 (dynamic_ref), atol=7.09e-09
  Incr 124 (frac=0.2532), attempt 0 [C], ||R_t||/||f|| = 1.000e+00, ||R_r|| = 8.045e-02, ||R_w||/||f||=1.000e+00, active=20, R(x=1.0e+00/38%,y=2.2e-01/8%,z=2.5e+00/92%)
  Incr 124 (frac=0.2532), attempt 5 [C], ||R_t||/||f|| = 2.656e-07, ||R_r|| = 2.402e-06, ||R_w||/||f||=3.012e-07, rate=0.210, active=18, R(x=6.0e-07/24%,y=3.0e-07/12%,z=2.5e-07/10%)
  Incr 124 (frac=0.2532), attempt 5, ||du||/||u|| = 2.931e-09 (disp converged, 18 active)
  [f_ref] Incr 125: f_ref=1.169e+00 (dynamic_ref), atol=1.30e-08
  Incr 125 (frac=0.2558), attempt 0 [C], ||R_t||/||f|| = 1.000e+00, ||R_r|| = 4.793e-02, ||R_w||/||f||=1.000e+00, active=10, R(x=4.2e-01/36%,y=1.2e-01/10%,z=1.1e+00/93%)
  Incr 125 (frac=0.2558), attempt 5 [C], ||R_t||/||f|| = 2.023e-06, ||R_r|| = 5.087e-06, ||R_w||/||f||=2.138e-06, rate=0.359, active=19, R(x=2.2e-06/39%,y=7.4e-07/13%,z=4.1e-07/7%)
  Incr 125 (frac=0.2558), attempt 9, ||du||/||u|| = 9.790e-09 (disp converged, 19 active)
  [f_ref] Incr 126: f_ref=2.482e+00 (dynamic_ref), atol=1.26e-08
  Incr 126 (frac=0.2584), attempt 0 [C], ||R_t||/||f|| = 1.000e+00, ||R_r|| = 6.533e-02, ||R_w||/||f||=1.000e+00, active=19, R(x=9.6e-01/39%,y=2.1e-01/8%,z=2.3e+00/92%)
  Incr 126 (frac=0.2584), attempt 5 [C], ||R_t||/||f|| = 6.783e-07, ||R_r|| = 3.412e-06, ||R_w||/||f||=7.126e-07, rate=0.300, active=19, R(x=1.5e-06/39%,y=6.5e-07/17%,z=5.1e-07/13%)
  Incr 126 (frac=0.2584), attempt 5, ||du||/||u|| = 6.942e-09 (disp converged, 19 active)
  [f_ref] Incr 127: f_ref=1.308e+00 (dynamic_ref), atol=1.63e-08
  Incr 127 (frac=0.2610), attempt 0 [C], ||R_t||/||f|| = 1.000e+00, ||R_r|| = 3.635e-02, ||R_w||/||f||=1.000e+00, active=14, R(x=4.8e-01/37%,y=1.3e-01/10%,z=1.2e+00/92%)
  Incr 127 (frac=0.2610), attempt 4, ||du||/||u|| = 8.305e-09 (disp converged, 19 active)
  [f_ref] Incr 128: f_ref=5.200e+00 (dynamic_ref), atol=1.53e-08
  Incr 128 (frac=0.2648), attempt 0 [C], ||R_t||/||f|| = 1.000e+00, ||R_r|| = 1.211e-01, ||R_w||/||f||=1.000e+00, active=20, R(x=2.0e+00/39%,y=4.4e-01/8%,z=4.8e+00/92%)
  Incr 128 (frac=0.2648), attempt 5 [C], ||R_t||/||f|| = 2.784e-04, ||R_r|| = 1.104e-03, ||R_w||/||f||=2.804e-04, rate=0.458, active=19, R(x=6.9e-04/38%,y=5.9e-04/32%,z=1.1e-03/62%)
  Incr 128 (frac=0.2648), attempt 10 [C+D.stall], ||R_t||/||f|| = 3.334e-07, ||R_r|| = 6.604e-06, ||R_w||/||f||=3.898e-07, rate=0.955, active=19, R(x=1.5e-06/22%,y=7.3e-07/11%,z=4.6e-07/7%)
  Incr 128 (frac=0.2648), attempt 13, ||du||/||u|| = 9.749e-09 (disp converged, 19 active)
  [f_ref] Incr 129: f_ref=3.241e+00 (dynamic_ref), atol=2.63e-08
  Incr 129 (frac=0.2687), attempt 0 [C], ||R_t||/||f|| = 1.000e+00, ||R_r|| = 6.224e-02, ||R_w||/||f||=1.000e+00, active=13, R(x=1.2e+00/38%,y=3.1e-01/9%,z=3.0e+00/92%)
  Incr 129 (frac=0.2687), attempt 5 [C], ||R_t||/||f|| = 4.234e-06, ||R_r|| = 4.304e-05, ||R_w||/||f||=4.732e-06, rate=0.386, active=19, R(x=1.2e-05/26%,y=5.8e-06/13%,z=4.0e-06/9%)
  Incr 129 (frac=0.2687), attempt 10 [C+D.stall], ||R_t||/||f|| = 4.855e-07, ||R_r|| = 5.253e-06, ||R_w||/||f||=5.497e-07, rate=0.952, active=19, R(x=1.4e-06/25%,y=6.2e-07/11%,z=4.0e-07/7%)
  Incr 129 (frac=0.2687), attempt 11, ||du||/||u|| = 9.927e-09 (disp converged, 19 active)
  [f_ref] Incr 130: f_ref=4.887e+00 (dynamic_ref), atol=2.82e-08
  Incr 130 (frac=0.2726), attempt 0 [C], ||R_t||/||f|| = 1.000e+00, ||R_r|| = 1.034e-01, ||R_w||/||f||=1.000e+00, active=21, R(x=2.0e+00/40%,y=4.2e-01/9%,z=4.5e+00/91%)
  Incr 130 (frac=0.2726), attempt 5 [C], ||R_t||/||f|| = 1.013e-05, ||R_r|| = 1.791e-04, ||R_w||/||f||=1.169e-05, rate=0.259, active=19, R(x=2.7e-05/15%,y=3.6e-05/19%,z=2.0e-05/11%)
  Incr 130 (frac=0.2726), attempt 10 [C+D.slow], ||R_t||/||f|| = 4.067e-07, ||R_r|| = 6.664e-06, ||R_w||/||f||=4.609e-07, rate=0.948, active=19, R(x=1.7e-06/25%,y=6.1e-07/9%,z=7.6e-07/11%)
============================================================
接線剛性FD方向診断（status-256）
============================================================
  ||du|| = 5.9462e-05
  ||R_u|| = 5.5983e-06
  ⚠ R_u vs compute_residual(u) 乖離: 1.7061e-11 (リラクゼーション/動的項の差異)
  ||R_base|| = 5.5983e-06
  ||R(u+eps*du)|| = 5.5983e-06
  方向有効性: ||R(u+eps*du)||/||R(u)|| = 0.999999
  ✓ du方向で残差が減少 — Newton方向は有効
  FD方向微分 = 1.1638e-06
  解析方向微分 = 8.2747e-07
  全体系 K@du: FD vs 解析 相対誤差 = 1.0000e+00
  ⚠ 全体系で接線剛性不整合 — K_c自体が不正確
  全体系不整合DOF上位5件:
    dof=680 (node=113, comp=2): FD=4.4377e-03, analytical=3.8972e-10, diff=4.4377e-03
    dof=500 (node=83, comp=2): FD=4.3410e-03, analytical=4.0049e-11, diff=4.3410e-03
    dof=1718 (node=286, comp=2): FD=4.1535e-03, analytical=3.0044e-10, diff=4.1535e-03
    dof=1208 (node=201, comp=2): FD=3.9803e-03, analytical=1.4271e-10, diff=3.9803e-03
    dof=1202 (node=200, comp=2): FD=-3.9355e-03, analytical=-4.8268e-12, diff=-3.9355e-03
  comp別不整合: [x:4.81e-03(28%), y:1.34e-03(8%), z:1.66e-02(96%), θx:6.73e-05(0%), θy:2.28e-04(1%), θz:1.09e-05(0%)]
  接触DOF不整合: 8.07e-03 (276 DOFs), 構造DOF不整合: 1.53e-02 (1662 DOFs)
  活性DOF K@du: FD vs 解析 相対誤差 = 1.0001e+00 (276 DOFs)
  ⚠ 活性DOFで接線剛性不整合
  方向微分整合度: |FD-解析|/max = 2.8896e-01
------------------------------------------------------------
  f_c 単独FD検証（K_c精度）
  ||∂f_c/∂u·du (FD)|| = 2.0998e-06
  ||K_c @ du|| = 1.9087e-06
  f_c FD相対誤差 = 5.1605e-01
  ⚠ K_c自体が不正確（f_c単独で10%超の不整合）
  f_c comp別不整合: [x=9.8e-07/91%, y=2.5e-07/23%, z=3.8e-07/35%, θx=0.0e+00/0%, θy=0.0e+00/0%, θz=0.0e+00/0%]
  f_c不整合DOF上位5件:
    dof=396 (node=66, comp=0): FD=-2.1327e-07, K_c=2.8980e-07, diff=-5.0307e-07
    dof=1110 (node=185, comp=0): FD=2.0714e-07, K_c=-2.8463e-07, diff=4.9177e-07
    dof=1116 (node=186, comp=0): FD=1.8961e-07, K_c=-2.3851e-07, diff=4.2812e-07
    dof=402 (node=67, comp=0): FD=-1.8654e-07, K_c=2.3436e-07, diff=-4.2090e-07
    dof=446 (node=74, comp=2): FD=4.5801e-07, K_c=2.3791e-07, diff=2.2010e-07
============================================================
[K_c成分FD]
============================================================
K_c 成分分解 FD 診断（status-342）  [incr=130 att=14]
============================================================
  ||du|| = 5.9462e-05, eps = 1.00e-07
  ||dfc (FD)|| = 2.0998e-06
  ||K_mat@du|| = 1.8598e-06, ||K_geo@du|| = 3.7589e-09, ||K_st@du||  = 8.2125e-07
  ||K_c@du||   = 2.1059e-06
  寄与率: mat= 0.88, geo= 0.00, st= 0.39
------------------------------------------------------------
  組み合わせ別 FD 相対誤差（K_c = K_mat - K_geo + K_st 合意）:
    full     = 4.8801e-01
    mat_only = 2.9507e-01  (geo/st 除外)
    mat_geo  = 2.9632e-01  (st 除外)
    mat_st   = 4.8720e-01   (geo 除外)
  最良組み合わせ: mat_only (rel_err=2.9507e-01)
------------------------------------------------------------
  [    full] comp 別不整合: [x= 39.6%, y= 87.0%, z= 29.2%, tx=  0.0%, ty=  0.0%, tz=  0.0%]
  [mat_only] comp 別不整合: [x= 80.4%, y= 22.4%, z= 55.1%, tx=  0.0%, ty=  0.0%, tz=  0.0%]
  [ mat_geo] comp 別不整合: [x= 80.5%, y= 22.5%, z= 54.9%, tx=  0.0%, ty=  0.0%, tz=  0.0%]
  [  mat_st] comp 別不整合: [x= 39.5%, y= 87.1%, z= 29.2%, tx=  0.0%, ty=  0.0%, tz=  0.0%]
  ⚠ K_st 足し込みで rel_err が +1.9169e-01 悪化 — K_st が primary driver の可能性
  ⚠ K_geo 足し込みで rel_err が +1.9213e-01 悪化 — K_geo が primary driver の可能性
============================================================
  [Type D対策] FD診断: Newton方向精度不良 (dir_ratio=1.000), NR上限拡張→200
  Incr 130 (frac=0.2726), 低残差停滞[C+D] → Type D対策: NR上限拡張→200 (att=15, ||R||/||f||=3.104e-07, rate=0.947, R_c=3.36e-06, R_s=4.11e-06, active=19)
  Incr 130 (frac=0.2726), attempt 15 [C+D.slow], ||R_t||/||f|| = 3.104e-07, ||R_r|| = 5.082e-06, ||R_w||/||f||=3.517e-07, rate=0.947, active=19, R(x=1.3e-06/25%,y=4.7e-07/9%,z=5.9e-07/11%)
============================================================
接線剛性FD方向診断（status-256）
============================================================
  ||du|| = 5.6295e-05
  ||R_u|| = 5.3030e-06
  ⚠ R_u vs compute_residual(u) 乖離: 1.6131e-11 (リラクゼーション/動的項の差異)
  ||R_base|| = 5.3030e-06
  ||R(u+eps*du)|| = 5.3030e-06
  方向有効性: ||R(u+eps*du)||/||R(u)|| = 1.000001
  ⚠ du方向で残差が増加 — Newton方向が無効
  FD方向微分 = 1.1013e-06
  解析方向微分 = 7.8350e-07
  全体系 K@du: FD vs 解析 相対誤差 = 1.0000e+00
  ⚠ 全体系で接線剛性不整合 — K_c自体が不正確
  全体系不整合DOF上位5件:
    dof=1706 (node=284, comp=2): FD=-4.3618e-03, analytical=-6.3215e-10, diff=-4.3618e-03
    dof=488 (node=81, comp=2): FD=4.3255e-03, analytical=1.2994e-08, diff=4.3254e-03
    dof=1826 (node=304, comp=2): FD=-4.2374e-03, analytical=-6.0699e-11, diff=-4.2374e-03
    dof=578 (node=96, comp=2): FD=4.2299e-03, analytical=-6.1738e-09, diff=4.2299e-03
    dof=584 (node=97, comp=2): FD=-4.1809e-03, analytical=-2.5329e-10, diff=-4.1809e-03
  comp別不整合: [x:5.69e-03(28%), y:1.51e-03(7%), z:1.93e-02(96%), θx:7.59e-05(0%), θy:2.73e-04(1%), θz:1.35e-05(0%)]
  接触DOF不整合: 1.01e-02 (276 DOFs), 構造DOF不整合: 1.75e-02 (1662 DOFs)
  活性DOF K@du: FD vs 解析 相対誤差 = 1.0000e+00 (276 DOFs)
  ⚠ 活性DOFで接線剛性不整合
  方向微分整合度: |FD-解析|/max = 2.8856e-01
------------------------------------------------------------
  f_c 単独FD検証（K_c精度）
  ||∂f_c/∂u·du (FD)|| = 1.9830e-06
  ||K_c @ du|| = 1.8080e-06
  f_c FD相対誤差 = 5.1629e-01
  ⚠ K_c自体が不正確（f_c単独で10%超の不整合）
  f_c comp別不整合: [x=9.3e-07/91%, y=2.3e-07/22%, z=3.6e-07/35%, θx=0.0e+00/0%, θy=0.0e+00/0%, θz=0.0e+00/0%]
  f_c不整合DOF上位5件:
    dof=396 (node=66, comp=0): FD=-2.0193e-07, K_c=2.7429e-07, diff=-4.7622e-07
    dof=1110 (node=185, comp=0): FD=1.9613e-07, K_c=-2.6940e-07, diff=4.6553e-07
    dof=1116 (node=186, comp=0): FD=1.7948e-07, K_c=-2.2574e-07, diff=4.0522e-07
    dof=402 (node=67, comp=0): FD=-1.7657e-07, K_c=2.2181e-07, diff=-3.9838e-07
    dof=446 (node=74, comp=2): FD=4.3226e-07, K_c=2.2544e-07, diff=2.0682e-07
============================================================
[K_c成分FD]
============================================================
K_c 成分分解 FD 診断（status-342）  [incr=130 att=15]
============================================================
  ||du|| = 5.6295e-05, eps = 1.00e-07
  ||dfc (FD)|| = 1.9830e-06
  ||K_mat@du|| = 1.7618e-06, ||K_geo@du|| = 3.5591e-09, ||K_st@du||  = 7.7736e-07
  ||K_c@du||   = 1.9946e-06
  寄与率: mat= 0.88, geo= 0.00, st= 0.39
------------------------------------------------------------
  組み合わせ別 FD 相対誤差（K_c = K_mat - K_geo + K_st 合意）:
    full     = 4.8100e-01
    mat_only = 2.9423e-01  (geo/st 除外)
    mat_geo  = 2.9549e-01  (st 除外)
    mat_st   = 4.8017e-01   (geo 除外)
  最良組み合わせ: mat_only (rel_err=2.9423e-01)
------------------------------------------------------------
  [    full] comp 別不整合: [x= 39.4%, y= 87.2%, z= 29.0%, tx=  0.0%, ty=  0.0%, tz=  0.0%]
  [mat_only] comp 別不整合: [x= 81.0%, y= 20.1%, z= 55.2%, tx=  0.0%, ty=  0.0%, tz=  0.0%]
  [ mat_geo] comp 別不整合: [x= 81.1%, y= 20.2%, z= 55.0%, tx=  0.0%, ty=  0.0%, tz=  0.0%]
  [  mat_st] comp 別不整合: [x= 39.3%, y= 87.2%, z= 29.1%, tx=  0.0%, ty=  0.0%, tz=  0.0%]
  ⚠ K_st 足し込みで rel_err が +1.8551e-01 悪化 — K_st が primary driver の可能性
  ⚠ K_geo 足し込みで rel_err が +1.8595e-01 悪化 — K_geo が primary driver の可能性
============================================================
  Incr 130 (frac=0.2726), attempt 17, ||du||/||u|| = 9.863e-09 (disp converged, 19 active)
  [NR診断] Incr 130 (frac=0.2726), 収束 att=18, Type分布[-:1(6%), C:6(33%), C+D.slow:6(33%), C+D.stall:2(11%), E:3(17%)], 直近10[C:2, C+D.slow:6, C+D.stall:2], R_c=3.02e-06, R_s=3.69e-06, active=19, sliding=477, activated=0, deactivated=0, stick→slide=0, slide→stick=0, comp(x=1.2e-06/25%,y=4.1e-07/9%,z=5.4e-07/11%,θx=4.2e-06/89%,θy=3.0e-07/6%,θz=1.7e-06/35%)
  [f_ref] Incr 131: f_ref=8.669e-01 (dynamic_ref), atol=3.44e-08
  Incr 131 (frac=0.2746), attempt 0 [C], ||R_t||/||f|| = 1.000e+00, ||R_r|| = 1.305e-02, ||R_w||/||f||=1.000e+00, active=18, R(x=3.4e-01/39%,y=8.0e-02/9%,z=7.9e-01/91%)
  Incr 131 (frac=0.2746), attempt 4, ||du||/||u|| = 2.191e-09 (disp converged, 18 active)
  [f_ref] Incr 132: f_ref=2.626e+00 (dynamic_ref), atol=2.67e-08
  Incr 132 (frac=0.2775), attempt 0 [C], ||R_t||/||f|| = 1.000e+00, ||R_r|| = 5.468e-02, ||R_w||/||f||=1.000e+00, active=15, R(x=1.1e+00/41%,y=2.3e-01/9%,z=2.4e+00/91%)
  Incr 132 (frac=0.2775), attempt 5 [D.stall+E], ||R_t||/||f|| = 1.670e-06, ||R_r|| = 5.265e-06, ||R_w||/||f||=1.700e-06, rate=0.963, active=18, R(x=2.9e-06/42%,y=2.0e-06/29%,z=2.6e-06/38%)
  Incr 132 (frac=0.2775), attempt 7, ||du||/||u|| = 9.666e-09 (disp converged, 18 active)
  [f_ref] Incr 133: f_ref=2.053e+00 (dynamic_ref), atol=2.65e-08
  Incr 133 (frac=0.2804), attempt 0 [C], ||R_t||/||f|| = 1.000e+00, ||R_r|| = 2.935e-02, ||R_w||/||f||=1.000e+00, active=20, R(x=8.3e-01/40%,y=1.9e-01/9%,z=1.9e+00/91%)
  Incr 133 (frac=0.2804), attempt 5 [C], ||R_t||/||f|| = 1.532e-06, ||R_r|| = 8.188e-06, ||R_w||/||f||=1.658e-06, rate=0.342, active=20, R(x=2.7e-06/30%,y=1.2e-06/14%,z=1.2e-06/13%)
  Incr 133 (frac=0.2804), attempt 10 [C+D.stall], ||R_t||/||f|| = 1.230e-06, ||R_r|| = 6.568e-06, ||R_w||/||f||=1.331e-06, rate=0.957, active=20, R(x=2.1e-06/30%,y=9.7e-07/14%,z=9.4e-07/13%)
============================================================
接線剛性FD方向診断（status-256）
============================================================
  ||du|| = 5.7981e-05
  ||R_u|| = 7.0364e-06
  ⚠ R_u vs compute_residual(u) 乖離: 1.5077e-11 (リラクゼーション/動的項の差異)
  ||R_base|| = 7.0364e-06
  ||R(u+eps*du)|| = 7.0363e-06
  方向有効性: ||R(u+eps*du)||/||R(u)|| = 0.999999
  ✓ du方向で残差が減少 — Newton方向は有効
  FD方向微分 = 1.0960e-06
  解析方向微分 = 1.1373e-06
  全体系 K@du: FD vs 解析 相対誤差 = 1.0000e+00
  ⚠ 全体系で接線剛性不整合 — K_c自体が不正確
  全体系不整合DOF上位5件:
    dof=1190 (node=198, comp=2): FD=-4.5126e-03, analytical=-3.0612e-10, diff=-4.5126e-03
    dof=590 (node=98, comp=2): FD=-4.3767e-03, analytical=-1.8046e-10, diff=-4.3767e-03
    dof=596 (node=99, comp=2): FD=4.0329e-03, analytical=4.7680e-10, diff=4.0329e-03
    dof=194 (node=32, comp=2): FD=-3.9749e-03, analytical=1.2102e-09, diff=-3.9749e-03
    dof=1808 (node=301, comp=2): FD=3.7366e-03, analytical=1.0661e-09, diff=3.7366e-03
  comp別不整合: [x:6.31e-03(30%), y:1.41e-03(7%), z:1.97e-02(95%), θx:7.39e-05(0%), θy:2.55e-04(1%), θz:1.25e-05(0%)]
  接触DOF不整合: 7.17e-03 (252 DOFs), 構造DOF不整合: 1.95e-02 (1686 DOFs)
  活性DOF K@du: FD vs 解析 相対誤差 = 1.0000e+00 (252 DOFs)
  ⚠ 活性DOFで接線剛性不整合
  方向微分整合度: |FD-解析|/max = 3.6331e-02
------------------------------------------------------------
  f_c 単独FD検証（K_c精度）
  ||∂f_c/∂u·du (FD)|| = 2.1089e-06
  ||K_c @ du|| = 1.9136e-06
  f_c FD相対誤差 = 4.5835e-01
  ⚠ K_c自体が不正確（f_c単独で10%超の不整合）
  f_c comp別不整合: [x=8.8e-07/91%, y=2.5e-07/26%, z=3.2e-07/33%, θx=0.0e+00/0%, θy=0.0e+00/0%, θz=0.0e+00/0%]
  f_c不整合DOF上位5件:
    dof=396 (node=66, comp=0): FD=1.7639e-07, K_c=-2.1897e-07, diff=3.9536e-07
    dof=1110 (node=185, comp=0): FD=-1.7376e-07, K_c=2.1570e-07, diff=-3.8946e-07
    dof=1116 (node=186, comp=0): FD=-1.5835e-07, K_c=1.8348e-07, diff=-3.4183e-07
    dof=402 (node=67, comp=0): FD=1.5570e-07, K_c=-1.8023e-07, diff=3.3593e-07
    dof=444 (node=74, comp=0): FD=8.8024e-07, K_c=6.5825e-07, diff=2.2198e-07
============================================================
[K_c成分FD]
============================================================
K_c 成分分解 FD 診断（status-342）  [incr=133 att=10]
============================================================
  ||du|| = 5.7981e-05, eps = 1.00e-07
  ||dfc (FD)|| = 2.1089e-06
  ||K_mat@du|| = 1.8868e-06, ||K_geo@du|| = 3.2301e-09, ||K_st@du||  = 6.8133e-07
  ||K_c@du||   = 2.1435e-06
  寄与率: mat= 0.88, geo= 0.00, st= 0.32
------------------------------------------------------------
  組み合わせ別 FD 相対誤差（K_c = K_mat - K_geo + K_st 合意）:
    full     = 4.0247e-01
    mat_only = 2.6875e-01  (geo/st 除外)
    mat_geo  = 2.6981e-01  (st 除外)
    mat_st   = 4.0176e-01   (geo 除外)
  最良組み合わせ: mat_only (rel_err=2.6875e-01)
------------------------------------------------------------
  [    full] comp 別不整合: [x= 42.0%, y= 84.0%, z= 34.3%, tx=  0.0%, ty=  0.0%, tz=  0.0%]
  [mat_only] comp 別不整合: [x= 80.6%, y= 23.1%, z= 54.4%, tx=  0.0%, ty=  0.0%, tz=  0.0%]
  [ mat_geo] comp 別不整合: [x= 80.7%, y= 23.2%, z= 54.2%, tx=  0.0%, ty=  0.0%, tz=  0.0%]
  [  mat_st] comp 別不整合: [x= 41.9%, y= 84.0%, z= 34.4%, tx=  0.0%, ty=  0.0%, tz=  0.0%]
  ⚠ K_st 足し込みで rel_err が +1.3266e-01 悪化 — K_st が primary driver の可能性
  ⚠ K_geo 足し込みで rel_err が +1.3301e-01 悪化 — K_geo が primary driver の可能性
============================================================
  [Type D対策] FD診断: Newton方向精度不良 (dir_ratio=1.000), NR上限拡張→200
  Incr 133 (frac=0.2804), attempt 11, ||du||/||u|| = 9.830e-09 (disp converged, 20 active)
  [f_ref] Incr 134: f_ref=2.529e+00 (dynamic_ref), atol=2.47e-08
  Incr 134 (frac=0.2833), attempt 0 [C], ||R_t||/||f|| = 1.000e+00, ||R_r|| = 5.690e-02, ||R_w||/||f||=1.000e+00, active=12, R(x=1.0e+00/41%,y=2.2e-01/9%,z=2.3e+00/91%)
  Incr 134 (frac=0.2833), attempt 5 [C], ||R_t||/||f|| = 1.501e-06, ||R_r|| = 9.517e-06, ||R_w||/||f||=1.616e-06, rate=0.305, active=21, R(x=3.1e-06/30%,y=1.3e-06/13%,z=1.7e-06/17%)
  Incr 134 (frac=0.2833), attempt 6, ||du||/||u|| = 7.684e-09 (disp converged, 21 active)
  [f_ref] Incr 135: f_ref=2.132e+00 (dynamic_ref), atol=2.49e-08
  Incr 135 (frac=0.2863), attempt 0 [C], ||R_t||/||f|| = 1.000e+00, ||R_r|| = 3.662e-02, ||R_w||/||f||=1.000e+00, active=23, R(x=8.8e-01/41%,y=1.9e-01/9%,z=1.9e+00/91%)
  Incr 135 (frac=0.2863), attempt 5 [C], ||R_t||/||f|| = 4.367e-06, ||R_r|| = 2.629e-05, ||R_w||/||f||=4.787e-06, rate=0.261, active=22, R(x=7.9e-06/28%,y=3.6e-06/13%,z=3.5e-06/12%)
  Incr 135 (frac=0.2863), attempt 10 [C+D.stall], ||R_t||/||f|| = 1.353e-06, ||R_r|| = 7.337e-06, ||R_w||/||f||=1.460e-06, rate=0.955, active=22, R(x=2.6e-06/33%,y=9.8e-07/12%,z=8.7e-07/11%)
============================================================
接線剛性FD方向診断（status-256）
============================================================
  ||du|| = 7.0491e-05
  ||R_u|| = 7.5262e-06
  ⚠ R_u vs compute_residual(u) 乖離: 2.0813e-11 (リラクゼーション/動的項の差異)
  ||R_base|| = 7.5262e-06
  ||R(u+eps*du)|| = 7.5262e-06
  方向有効性: ||R(u+eps*du)||/||R(u)|| = 0.999999
  ✓ du方向で残差が減少 — Newton方向は有効
  FD方向微分 = 1.4281e-06
  解析方向微分 = 1.3536e-06
  全体系 K@du: FD vs 解析 相対誤差 = 1.0000e+00
  ⚠ 全体系で接線剛性不整合 — K_c自体が不正確
  全体系不整合DOF上位5件:
    dof=692 (node=115, comp=2): FD=5.4910e-03, analytical=-1.2327e-09, diff=5.4910e-03
    dof=1622 (node=270, comp=2): FD=4.4327e-03, analytical=-6.4493e-08, diff=4.4328e-03
    dof=1514 (node=252, comp=2): FD=-4.3136e-03, analytical=6.8765e-09, diff=-4.3136e-03
    dof=1088 (node=181, comp=2): FD=4.3048e-03, analytical=7.3515e-09, diff=4.3048e-03
    dof=1520 (node=253, comp=2): FD=4.2607e-03, analytical=7.5223e-09, diff=4.2607e-03
  comp別不整合: [x:7.97e-03(31%), y:1.97e-03(8%), z:2.44e-02(95%), θx:9.81e-05(0%), θy:3.18e-04(1%), θz:1.16e-05(0%)]
  接触DOF不整合: 8.20e-03 (294 DOFs), 構造DOF不整合: 2.44e-02 (1644 DOFs)
  活性DOF K@du: FD vs 解析 相対誤差 = 1.0001e+00 (294 DOFs)
  ⚠ 活性DOFで接線剛性不整合
  方向微分整合度: |FD-解析|/max = 5.2117e-02
------------------------------------------------------------
  f_c 単独FD検証（K_c精度）
  ||∂f_c/∂u·du (FD)|| = 2.4510e-06
  ||K_c @ du|| = 2.2850e-06
  f_c FD相対誤差 = 5.1831e-01
  ⚠ K_c自体が不正確（f_c単独で10%超の不整合）
  f_c comp別不整合: [x=1.2e-06/92%, y=3.3e-07/26%, z=3.6e-07/29%, θx=0.0e+00/0%, θy=0.0e+00/0%, θz=0.0e+00/0%]
  f_c不整合DOF上位5件:
    dof=396 (node=66, comp=0): FD=2.5632e-07, K_c=-3.1615e-07, diff=5.7247e-07
    dof=1110 (node=185, comp=0): FD=-2.5242e-07, K_c=3.1132e-07, diff=-5.6374e-07
    dof=1116 (node=186, comp=0): FD=-2.3053e-07, K_c=2.6761e-07, diff=-4.9814e-07
    dof=402 (node=67, comp=0): FD=2.2659e-07, K_c=-2.6281e-07, diff=4.8940e-07
    dof=446 (node=74, comp=2): FD=-4.8657e-07, K_c=-2.6078e-07, diff=-2.2578e-07
============================================================
[K_c成分FD]
============================================================
K_c 成分分解 FD 診断（status-342）  [incr=135 att=11]
============================================================
  ||du|| = 7.0491e-05, eps = 1.00e-07
  ||dfc (FD)|| = 2.4510e-06
  ||K_mat@du|| = 2.2316e-06, ||K_geo@du|| = 3.5577e-09, ||K_st@du||  = 8.2276e-07
  ||K_c@du||   = 2.5212e-06
  寄与率: mat= 0.89, geo= 0.00, st= 0.33
------------------------------------------------------------
  組み合わせ別 FD 相対誤差（K_c = K_mat - K_geo + K_st 合意）:
    full     = 4.3239e-01
    mat_only = 2.9089e-01  (geo/st 除外)
    mat_geo  = 2.9193e-01  (st 除外)
    mat_st   = 4.3169e-01   (geo 除外)
  最良組み合わせ: mat_only (rel_err=2.9089e-01)
------------------------------------------------------------
  [    full] comp 別不整合: [x= 45.0%, y= 84.4%, z= 29.0%, tx=  0.0%, ty=  0.0%, tz=  0.0%]
  [mat_only] comp 別不整合: [x= 82.8%, y= 25.7%, z= 49.8%, tx=  0.0%, ty=  0.0%, tz=  0.0%]
  [ mat_geo] comp 別不整合: [x= 82.9%, y= 25.9%, z= 49.6%, tx=  0.0%, ty=  0.0%, tz=  0.0%]
  [  mat_st] comp 別不整合: [x= 45.0%, y= 84.5%, z= 29.1%, tx=  0.0%, ty=  0.0%, tz=  0.0%]
  ⚠ K_st 足し込みで rel_err が +1.4046e-01 悪化 — K_st が primary driver の可能性
  ⚠ K_geo 足し込みで rel_err が +1.4080e-01 悪化 — K_geo が primary driver の可能性
============================================================
  [Type D対策] FD診断: Newton方向精度不良 (dir_ratio=1.000), NR上限拡張→200
  Incr 135 (frac=0.2863), 低残差停滞[C+D] → Type D対策: NR上限拡張→200 (att=15, ||R||/||f||=1.074e-06, rate=0.955, R_c=3.92e-06, R_s=4.87e-06, active=22)
  Incr 135 (frac=0.2863), attempt 15 [C+D.stall], ||R_t||/||f|| = 1.074e-06, ||R_r|| = 5.820e-06, ||R_w||/||f||=1.159e-06, rate=0.955, active=22, R(x=2.0e-06/33%,y=7.9e-07/13%,z=7.0e-07/11%)
============================================================
接線剛性FD方向診断（status-256）
============================================================
  ||du|| = 5.8143e-05
  ||R_u|| = 6.2545e-06
  ⚠ R_u vs compute_residual(u) 乖離: 1.7044e-11 (リラクゼーション/動的項の差異)
  ||R_base|| = 6.2544e-06
  ||R(u+eps*du)|| = 6.2545e-06
  方向有効性: ||R(u+eps*du)||/||R(u)|| = 1.000002
  ⚠ du方向で残差が増加 — Newton方向が無効
  FD方向微分 = 1.1700e-06
  解析方向微分 = 1.1187e-06
  全体系 K@du: FD vs 解析 相対誤差 = 1.0000e+00
  ⚠ 全体系で接線剛性不整合 — K_c自体が不正確
  全体系不整合DOF上位5件:
    dof=398 (node=66, comp=2): FD=-4.6496e-03, analytical=2.8511e-08, diff=-4.6497e-03
    dof=1706 (node=284, comp=2): FD=4.6174e-03, analytical=-2.8934e-09, diff=4.6174e-03
    dof=1610 (node=268, comp=2): FD=-4.3168e-03, analytical=1.6751e-10, diff=-4.3168e-03
    dof=1508 (node=251, comp=2): FD=-4.2095e-03, analytical=2.0345e-08, diff=-4.2095e-03
    dof=272 (node=45, comp=2): FD=-4.0928e-03, analytical=1.5005e-09, diff=-4.0928e-03
  comp別不整合: [x:7.69e-03(32%), y:1.85e-03(8%), z:2.31e-02(95%), θx:9.21e-05(0%), θy:3.26e-04(1%), θz:1.29e-05(0%)]
  接触DOF不整合: 9.81e-03 (294 DOFs), 構造DOF不整合: 2.23e-02 (1644 DOFs)
  活性DOF K@du: FD vs 解析 相対誤差 = 1.0000e+00 (294 DOFs)
  ⚠ 活性DOFで接線剛性不整合
  方向微分整合度: |FD-解析|/max = 4.3908e-02
------------------------------------------------------------
  f_c 単独FD検証（K_c精度）
  ||∂f_c/∂u·du (FD)|| = 2.0195e-06
  ||K_c @ du|| = 1.8859e-06
  f_c FD相対誤差 = 5.1473e-01
  ⚠ K_c自体が不正確（f_c単独で10%超の不整合）
  f_c comp別不整合: [x=9.6e-07/93%, y=2.6e-07/25%, z=2.9e-07/28%, θx=0.0e+00/0%, θy=0.0e+00/0%, θz=0.0e+00/0%]
  f_c不整合DOF上位5件:
    dof=396 (node=66, comp=0): FD=2.0964e-07, K_c=-2.5820e-07, diff=4.6785e-07
    dof=1110 (node=185, comp=0): FD=-2.0645e-07, K_c=2.5425e-07, diff=-4.6071e-07
    dof=1116 (node=186, comp=0): FD=-1.8856e-07, K_c=2.1860e-07, diff=-4.0716e-07
    dof=402 (node=67, comp=0): FD=1.8534e-07, K_c=-2.1469e-07, diff=4.0003e-07
    dof=446 (node=74, comp=2): FD=-3.9178e-07, K_c=-2.1374e-07, diff=-1.7804e-07
============================================================
[K_c成分FD]
============================================================
K_c 成分分解 FD 診断（status-342）  [incr=135 att=15]
============================================================
  ||du|| = 5.8143e-05, eps = 1.00e-07
  ||dfc (FD)|| = 2.0195e-06
  ||K_mat@du|| = 1.8428e-06, ||K_geo@du|| = 2.9450e-09, ||K_st@du||  = 6.7701e-07
  ||K_c@du||   = 2.0831e-06
  寄与率: mat= 0.88, geo= 0.00, st= 0.33
------------------------------------------------------------
  組み合わせ別 FD 相対誤差（K_c = K_mat - K_geo + K_st 合意）:
    full     = 4.2302e-01
    mat_only = 2.8793e-01  (geo/st 除外)
    mat_geo  = 2.8899e-01  (st 除外)
    mat_st   = 4.2231e-01   (geo 除外)
  最良組み合わせ: mat_only (rel_err=2.8793e-01)
------------------------------------------------------------
  [    full] comp 別不整合: [x= 44.9%, y= 84.6%, z= 28.8%, tx=  0.0%, ty=  0.0%, tz=  0.0%]
  [mat_only] comp 別不整合: [x= 83.4%, y= 24.1%, z= 49.6%, tx=  0.0%, ty=  0.0%, tz=  0.0%]
  [ mat_geo] comp 別不整合: [x= 83.5%, y= 24.3%, z= 49.4%, tx=  0.0%, ty=  0.0%, tz=  0.0%]
  [  mat_st] comp 別不整合: [x= 44.8%, y= 84.6%, z= 28.8%, tx=  0.0%, ty=  0.0%, tz=  0.0%]
  ⚠ K_st 足し込みで rel_err が +1.3403e-01 悪化 — K_st が primary driver の可能性
  ⚠ K_geo 足し込みで rel_err が +1.3438e-01 悪化 — K_geo が primary driver の可能性
============================================================
  Incr 135 (frac=0.2863), attempt 17, ||du||/||u|| = 9.782e-09 (disp converged, 22 active)
  [NR診断] Incr 135 (frac=0.2863), 収束 att=18, Type分布[-:1(6%), C:6(33%), C+D.stall:11(61%)], 直近10[C+D.stall:10], R_c=3.59e-06, R_s=4.45e-06, active=22, sliding=459, activated=0, deactivated=0, stick→slide=0, slide→stick=0, comp(x=1.9e-06/33%,y=7.1e-07/12%,z=6.5e-07/11%,θx=4.9e-06/86%,θy=3.3e-07/6%,θz=2.0e-06/34%)
  [f_ref] Incr 136: f_ref=6.140e-01 (dynamic_ref), atol=2.38e-08
  Incr 136 (frac=0.2877), attempt 0 [C], ||R_t||/||f|| = 1.000e+00, ||R_r|| = 1.711e-02, ||R_w||/||f||=1.000e+00, active=21, R(x=2.6e-01/42%,y=5.3e-02/9%,z=5.6e-01/90%)
  Incr 136 (frac=0.2877), attempt 3, ||du||/||u|| = 3.860e-09 (disp converged, 22 active)
  [f_ref] Incr 137: f_ref=1.233e+00 (dynamic_ref), atol=1.85e-08
  Incr 137 (frac=0.2899), attempt 0 [C], ||R_t||/||f|| = 1.000e+00, ||R_r|| = 2.787e-02, ||R_w||/||f||=1.000e+00, active=21, R(x=5.2e-01/42%,y=1.1e-01/9%,z=1.1e+00/90%)
  Incr 137 (frac=0.2899), attempt 4, ||du||/||u|| = 4.245e-09 (disp converged, 21 active)
  [f_ref] Incr 138: f_ref=3.044e+00 (dynamic_ref), atol=1.67e-08
  Incr 138 (frac=0.2932), attempt 0 [C], ||R_t||/||f|| = 1.000e+00, ||R_r|| = 8.448e-02, ||R_w||/||f||=1.000e+00, active=19, R(x=1.3e+00/42%,y=2.6e-01/9%,z=2.7e+00/90%)
  Incr 138 (frac=0.2932), attempt 5 [C], ||R_t||/||f|| = 2.216e-06, ||R_r|| = 2.037e-05, ||R_w||/||f||=2.458e-06, rate=0.321, active=21, R(x=5.3e-06/25%,y=2.5e-06/12%,z=3.2e-06/15%)
  Incr 138 (frac=0.2932), attempt 7, ||du||/||u|| = 2.761e-09 (disp converged, 21 active)
  [f_ref] Incr 139: f_ref=2.827e+00 (dynamic_ref), atol=2.08e-08
  Incr 139 (frac=0.2965), attempt 0 [C], ||R_t||/||f|| = 1.000e+00, ||R_r|| = 5.678e-02, ||R_w||/||f||=1.000e+00, active=22, R(x=1.2e+00/43%,y=2.5e-01/9%,z=2.5e+00/90%)
  Incr 139 (frac=0.2965), attempt 5 [C], ||R_t||/||f|| = 9.577e-07, ||R_r|| = 7.080e-06, ||R_w||/||f||=1.037e-06, rate=0.318, active=21, R(x=2.0e-06/26%,y=1.1e-06/15%,z=1.5e-06/20%)
  Incr 139 (frac=0.2965), attempt 5, ||du||/||u|| = 9.012e-09 (disp converged, 21 active)
  [f_ref] Incr 140: f_ref=2.997e+00 (dynamic_ref), atol=2.30e-08
  Incr 140 (frac=0.2998), attempt 0 [C], ||R_t||/||f|| = 1.000e+00, ||R_r|| = 7.316e-02, ||R_w||/||f||=1.000e+00, active=22, R(x=1.3e+00/43%,y=2.6e-01/9%,z=2.7e+00/90%)
  Incr 140 (frac=0.2998), attempt 5 [E], ||R_t||/||f|| = 4.564e-07, ||R_r|| = 3.185e-06, ||R_w||/||f||=4.867e-07, rate=0.301, active=22, R(x=1.1e-06/31%,y=6.1e-07/18%,z=6.1e-07/18%)
  Incr 140 (frac=0.2998), attempt 5, ||du||/||u|| = 4.178e-09 (disp converged, 22 active)
  [f_ref] Incr 141: f_ref=2.866e+00 (dynamic_ref), atol=2.51e-08
  Incr 141 (frac=0.3030), attempt 0 [C], ||R_t||/||f|| = 1.000e+00, ||R_r|| = 4.910e-02, ||R_w||/||f||=1.000e+00, active=20, R(x=1.2e+00/44%,y=2.6e-01/9%,z=2.6e+00/90%)
  Incr 141 (frac=0.3030), attempt 5 [C], ||R_t||/||f|| = 5.514e-06, ||R_r|| = 3.083e-05, ||R_w||/||f||=5.774e-06, rate=0.268, active=22, R(x=1.2e-05/34%,y=7.7e-06/22%,z=7.3e-06/21%)
  Incr 141 (frac=0.3030), attempt 7, ||du||/||u|| = 3.832e-09 (disp converged, 22 active)
  [f_ref] Incr 142: f_ref=2.963e+00 (dynamic_ref), atol=2.62e-08
  Incr 142 (frac=0.3063), attempt 0 [C], ||R_t||/||f|| = 1.000e+00, ||R_r|| = 6.216e-02, ||R_w||/||f||=1.000e+00, active=22, R(x=1.3e+00/44%,y=2.6e-01/9%,z=2.6e+00/89%)
  Incr 142 (frac=0.3063), attempt 5 [C], ||R_t||/||f|| = 8.343e-06, ||R_r|| = 4.510e-05, ||R_w||/||f||=8.687e-06, rate=0.143, active=22, R(x=1.2e-05/23%,y=9.0e-06/18%,z=2.0e-05/38%)
  Incr 142 (frac=0.3063), attempt 7, ||du||/||u|| = 4.363e-09 (disp converged, 22 active)
  [f_ref] Incr 143: f_ref=2.895e+00 (dynamic_ref), atol=2.72e-08
  Incr 143 (frac=0.3096), attempt 0 [C], ||R_t||/||f|| = 1.000e+00, ||R_r|| = 4.403e-02, ||R_w||/||f||=1.000e+00, active=19, R(x=1.3e+00/44%,y=2.6e-01/9%,z=2.6e+00/89%)
  Incr 143 (frac=0.3096), attempt 5 [C], ||R_t||/||f|| = 5.320e-06, ||R_r|| = 4.540e-05, ||R_w||/||f||=5.876e-06, rate=0.290, active=21, R(x=1.2e-05/25%,y=7.4e-06/15%,z=6.2e-06/13%)
  Incr 143 (frac=0.3096), attempt 7, ||du||/||u|| = 7.961e-09 (disp converged, 21 active)
  [f_ref] Incr 144: f_ref=2.939e+00 (dynamic_ref), atol=2.77e-08
  Incr 144 (frac=0.3129), attempt 0 [C], ||R_t||/||f|| = 1.000e+00, ||R_r|| = 5.330e-02, ||R_w||/||f||=1.000e+00, active=21, R(x=1.3e+00/45%,y=2.6e-01/9%,z=2.6e+00/89%)
  Incr 144 (frac=0.3129), attempt 5 [C], ||R_t||/||f|| = 2.383e-06, ||R_r|| = 1.308e-05, ||R_w||/||f||=2.486e-06, rate=0.203, active=21, R(x=4.9e-06/33%,y=3.6e-06/25%,z=3.4e-06/23%)
  Incr 144 (frac=0.3129), attempt 6, ||du||/||u|| = 7.660e-09 (disp converged, 21 active)
  [f_ref] Incr 145: f_ref=2.915e+00 (dynamic_ref), atol=2.82e-08
  Incr 145 (frac=0.3162), attempt 0 [C], ||R_t||/||f|| = 1.000e+00, ||R_r|| = 4.215e-02, ||R_w||/||f||=1.000e+00, active=20, R(x=1.3e+00/45%,y=2.6e-01/9%,z=2.6e+00/89%)
  Incr 145 (frac=0.3162), attempt 5 [C], ||R_t||/||f|| = 7.258e-06, ||R_r|| = 5.672e-05, ||R_w||/||f||=7.890e-06, rate=0.329, active=21, R(x=1.6e-05/27%,y=9.9e-06/16%,z=9.3e-06/15%)
  Incr 145 (frac=0.3162), attempt 8, ||du||/||u|| = 3.882e-09 (disp converged, 21 active)
  [f_ref] Incr 146: f_ref=2.922e+00 (dynamic_ref), atol=2.85e-08
  Incr 146 (frac=0.3195), attempt 0 [C], ||R_t||/||f|| = 1.000e+00, ||R_r|| = 4.717e-02, ||R_w||/||f||=1.000e+00, active=23, R(x=1.3e+00/46%,y=2.6e-01/9%,z=2.6e+00/89%)
  Incr 146 (frac=0.3195), attempt 5 [E], ||R_t||/||f|| = 2.701e-06, ||R_r|| = 1.647e-05, ||R_w||/||f||=2.846e-06, rate=0.412, active=23, R(x=6.1e-06/33%,y=4.4e-06/24%,z=2.5e-06/14%)
  Incr 146 (frac=0.3195), attempt 10 [D.stall+E], ||R_t||/||f|| = 9.696e-07, ||R_r|| = 5.387e-06, ||R_w||/||f||=1.013e-06, rate=0.955, active=23, R(x=2.1e-06/34%,y=1.6e-06/27%,z=9.8e-07/16%)
============================================================
接線剛性FD方向診断（status-256）
============================================================
  ||du|| = 6.6583e-05
  ||R_u|| = 5.8158e-06
  ⚠ R_u vs compute_residual(u) 乖離: 5.3661e-11 (リラクゼーション/動的項の差異)
  ||R_base|| = 5.8158e-06
  ||R(u+eps*du)|| = 5.8158e-06
  方向有効性: ||R(u+eps*du)||/||R(u)|| = 0.999997
  ✓ du方向で残差が減少 — Newton方向は有効
  FD方向微分 = 1.2037e-06
  解析方向微分 = 1.0913e-06
  全体系 K@du: FD vs 解析 相対誤差 = 1.0000e+00
  ⚠ 全体系で接線剛性不整合 — K_c自体が不正確
  全体系不整合DOF上位5件:
    dof=1718 (node=286, comp=2): FD=4.2113e-03, analytical=2.8385e-09, diff=4.2113e-03
    dof=1304 (node=217, comp=2): FD=4.0973e-03, analytical=4.6758e-11, diff=4.0973e-03
    dof=278 (node=46, comp=2): FD=4.0238e-03, analytical=-2.0100e-09, diff=4.0238e-03
    dof=284 (node=47, comp=2): FD=-3.8796e-03, analytical=-1.7051e-09, diff=-3.8796e-03
    dof=1826 (node=304, comp=2): FD=3.8786e-03, analytical=1.9946e-10, diff=3.8786e-03
  comp別不整合: [x:7.11e-03(33%), y:1.69e-03(8%), z:2.02e-02(94%), θx:9.55e-05(0%), θy:2.99e-04(1%), θz:1.46e-05(0%)]
  接触DOF不整合: 8.98e-03 (366 DOFs), 構造DOF不整合: 1.95e-02 (1572 DOFs)
  活性DOF K@du: FD vs 解析 相対誤差 = 9.9999e-01 (366 DOFs)
  ⚠ 活性DOFで接線剛性不整合
  方向微分整合度: |FD-解析|/max = 9.3394e-02
------------------------------------------------------------
  f_c 単独FD検証（K_c精度）
  ||∂f_c/∂u·du (FD)|| = 2.3135e-06
  ||K_c @ du|| = 2.1512e-06
  f_c FD相対誤差 = 5.2111e-01
  ⚠ K_c自体が不正確（f_c単独で10%超の不整合）
  f_c comp別不整合: [x=9.3e-07/77%, y=6.7e-07/56%, z=3.8e-07/31%, θx=0.0e+00/0%, θy=0.0e+00/0%, θz=0.0e+00/0%]
  f_c不整合DOF上位5件:
    dof=180 (node=30, comp=0): FD=1.0695e-07, K_c=-2.9414e-07, diff=4.0110e-07
    dof=1555 (node=259, comp=1): FD=2.8576e-07, K_c=6.4339e-07, diff=-3.5764e-07
    dof=229 (node=38, comp=1): FD=-2.8619e-07, K_c=-6.4208e-07, diff=3.5590e-07
    dof=1608 (node=268, comp=0): FD=-1.0245e-07, K_c=2.4618e-07, diff=-3.4863e-07
    dof=186 (node=31, comp=0): FD=9.7518e-08, K_c=-2.3751e-07, diff=3.3503e-07
============================================================
[K_c成分FD]
============================================================
K_c 成分分解 FD 診断（status-342）  [incr=146 att=11]
============================================================
  ||du|| = 6.6583e-05, eps = 1.00e-07
  ||dfc (FD)|| = 2.3134e-06
  ||K_mat@du|| = 2.1135e-06, ||K_geo@du|| = 5.1929e-09, ||K_st@du||  = 1.6407e-06
  ||K_c@du||   = 2.5959e-06
  寄与率: mat= 0.81, geo= 0.00, st= 0.63
------------------------------------------------------------
  組み合わせ別 FD 相対誤差（K_c = K_mat - K_geo + K_st 合意）:
    full     = 6.7136e-01
    mat_only = 2.8881e-01  (geo/st 除外)
    mat_geo  = 2.9068e-01  (st 除外)
    mat_st   = 6.7070e-01   (geo 除外)
  最良組み合わせ: mat_only (rel_err=2.8881e-01)
------------------------------------------------------------
  [    full] comp 別不整合: [x= 11.9%, y= 96.8%, z= 22.0%, tx=  0.0%, ty=  0.0%, tz=  0.0%]
  [mat_only] comp 別不整合: [x= 69.6%, y= 51.7%, z= 49.9%, tx=  0.0%, ty=  0.0%, tz=  0.0%]
  [ mat_geo] comp 別不整合: [x= 69.7%, y= 51.8%, z= 49.6%, tx=  0.0%, ty=  0.0%, tz=  0.0%]
  [  mat_st] comp 別不整合: [x= 12.0%, y= 96.8%, z= 22.1%, tx=  0.0%, ty=  0.0%, tz=  0.0%]
  ⚠ K_st 足し込みで rel_err が +3.8068e-01 悪化 — K_st が primary driver の可能性
  ⚠ K_geo 足し込みで rel_err が +3.8189e-01 悪化 — K_geo が primary driver の可能性
============================================================
  [Type D対策] FD診断: Newton方向精度不良 (dir_ratio=1.000), NR上限拡張→200
  Incr 146 (frac=0.3195), attempt 12, ||du||/||u|| = 9.907e-09 (disp converged, 23 active)
  [f_ref] Incr 147: f_ref=2.929e+00 (dynamic_ref), atol=2.87e-08
  Incr 147 (frac=0.3228), attempt 0 [C], ||R_t||/||f|| = 1.000e+00, ||R_r|| = 4.275e-02, ||R_w||/||f||=1.000e+00, active=19, R(x=1.4e+00/46%,y=2.6e-01/9%,z=2.6e+00/88%)
  Incr 147 (frac=0.3228), attempt 5 [E], ||R_t||/||f|| = 3.722e-06, ||R_r|| = 3.223e-05, ||R_w||/||f||=4.113e-06, rate=0.290, active=22, R(x=7.7e-06/23%,y=6.9e-06/20%,z=3.3e-06/10%)
  Incr 147 (frac=0.3228), attempt 7, ||du||/||u|| = 4.374e-09 (disp converged, 22 active)
  [f_ref] Incr 148: f_ref=2.910e+00 (dynamic_ref), atol=2.89e-08
  Incr 148 (frac=0.3260), attempt 0 [C], ||R_t||/||f|| = 1.000e+00, ||R_r|| = 4.398e-02, ||R_w||/||f||=1.000e+00, active=23, R(x=1.4e+00/46%,y=2.6e-01/9%,z=2.6e+00/88%)
  Incr 148 (frac=0.3260), attempt 5 [C], ||R_t||/||f|| = 2.876e-06, ||R_r|| = 2.303e-05, ||R_w||/||f||=3.140e-06, rate=0.305, active=24, R(x=6.3e-06/26%,y=3.9e-06/16%,z=3.9e-06/16%)
  Incr 148 (frac=0.3260), attempt 7, ||du||/||u|| = 3.083e-09 (disp converged, 24 active)
  [f_ref] Incr 149: f_ref=2.938e+00 (dynamic_ref), atol=2.90e-08
  Incr 149 (frac=0.3293), attempt 0 [C], ||R_t||/||f|| = 1.000e+00, ||R_r|| = 4.424e-02, ||R_w||/||f||=1.000e+00, active=24, R(x=1.4e+00/47%,y=2.6e-01/9%,z=2.6e+00/88%)
  Incr 149 (frac=0.3293), attempt 5 [C], ||R_t||/||f|| = 5.779e-06, ||R_r|| = 4.016e-05, ||R_w||/||f||=6.174e-06, rate=0.394, active=25, R(x=1.4e-05/32%,y=7.1e-06/16%,z=6.1e-06/14%)
  Incr 149 (frac=0.3293), attempt 10 [D.slow+E], ||R_t||/||f|| = 1.723e-06, ||R_r|| = 6.415e-06, ||R_w||/||f||=1.758e-06, rate=0.942, active=25, R(x=4.8e-06/58%,y=1.2e-06/15%,z=1.2e-06/14%)
============================================================
接線剛性FD方向診断（status-256）
============================================================
  ||du|| = 1.4073e-04
  ||R_u|| = 6.4918e-06
  ⚠ R_u vs compute_residual(u) 乖離: 6.3245e-11 (リラクゼーション/動的項の差異)
  ||R_base|| = 6.4918e-06
  ||R(u+eps*du)|| = 6.4918e-06
  方向有効性: ||R(u+eps*du)||/||R(u)|| = 1.000000
  ⚠ du方向で残差が増加 — Newton方向が無効
  FD方向微分 = 3.1325e-06
  解析方向微分 = 2.0637e-06
  全体系 K@du: FD vs 解析 相対誤差 = 1.0001e+00
  ⚠ 全体系で接線剛性不整合 — K_c自体が不正確
  全体系不整合DOF上位5件:
    dof=1700 (node=283, comp=2): FD=4.2506e-03, analytical=-1.1195e-08, diff=4.2506e-03
    dof=68 (node=11, comp=2): FD=-4.1059e-03, analytical=-1.2333e-09, diff=-4.1059e-03
    dof=992 (node=165, comp=2): FD=3.9017e-03, analytical=-2.8591e-10, diff=3.9017e-03
    dof=278 (node=46, comp=2): FD=-3.8711e-03, analytical=-1.3265e-10, diff=-3.8711e-03
    dof=1706 (node=284, comp=2): FD=-3.8670e-03, analytical=-9.0839e-09, diff=-3.8670e-03
  comp別不整合: [x:8.43e-03(37%), y:1.69e-03(7%), z:2.09e-02(92%), θx:1.14e-04(1%), θy:4.16e-04(2%), θz:1.31e-05(0%)]
  接触DOF不整合: 1.14e-02 (402 DOFs), 構造DOF不整合: 1.95e-02 (1536 DOFs)
  活性DOF K@du: FD vs 解析 相対誤差 = 1.0002e+00 (402 DOFs)
  ⚠ 活性DOFで接線剛性不整合
  方向微分整合度: |FD-解析|/max = 3.4121e-01
------------------------------------------------------------
  f_c 単独FD検証（K_c精度）
  ||∂f_c/∂u·du (FD)|| = 4.1535e-06
  ||K_c @ du|| = 4.0498e-06
  f_c FD相対誤差 = 8.1408e-01
  ⚠ K_c自体が不正確（f_c単独で10%超の不整合）
  f_c comp別不整合: [x=3.3e-06/97%, y=6.2e-07/18%, z=5.3e-07/16%, θx=0.0e+00/0%, θy=0.0e+00/0%, θz=0.0e+00/0%]
  f_c不整合DOF上位5件:
    dof=702 (node=117, comp=0): FD=-1.0376e-06, K_c=1.1348e-06, diff=-2.1724e-06
    dof=1722 (node=287, comp=0): FD=5.8007e-07, K_c=-6.6321e-07, diff=1.2433e-06
    dof=708 (node=118, comp=0): FD=-5.9110e-07, K_c=6.4900e-07, diff=-1.2401e-06
    dof=1728 (node=288, comp=0): FD=5.8032e-07, K_c=-6.3674e-07, diff=1.2171e-06
    dof=90 (node=15, comp=0): FD=4.6589e-07, K_c=-4.8149e-07, diff=9.4738e-07
============================================================
[K_c成分FD]
============================================================
K_c 成分分解 FD 診断（status-342）  [incr=149 att=14]
============================================================
  ||du|| = 1.4073e-04, eps = 1.00e-07
  ||dfc (FD)|| = 4.1535e-06
  ||K_mat@du|| = 3.7408e-06, ||K_geo@du|| = 8.8291e-09, ||K_st@du||  = 3.8863e-06
  ||K_c@du||   = 5.5358e-06
  寄与率: mat= 0.68, geo= 0.00, st= 0.70
------------------------------------------------------------
  組み合わせ別 FD 相対誤差（K_c = K_mat - K_geo + K_st 合意）:
    full     = 7.5184e-01
    mat_only = 4.2223e-01  (geo/st 除外)
    mat_geo  = 4.2395e-01  (st 除外)
    mat_st   = 7.5128e-01   (geo 除外)
  最良組み合わせ: mat_only (rel_err=4.2223e-01)
------------------------------------------------------------
  [    full] comp 別不整合: [x= 33.9%, y= 93.3%, z= 12.2%, tx=  0.0%, ty=  0.0%, tz=  0.0%]
  [mat_only] comp 別不整合: [x= 94.0%, y= 20.7%, z= 27.3%, tx=  0.0%, ty=  0.0%, tz=  0.0%]
  [ mat_geo] comp 別不整合: [x= 94.0%, y= 20.8%, z= 27.2%, tx=  0.0%, ty=  0.0%, tz=  0.0%]
  [  mat_st] comp 別不整合: [x= 33.8%, y= 93.3%, z= 12.3%, tx=  0.0%, ty=  0.0%, tz=  0.0%]
  ⚠ K_st 足し込みで rel_err が +3.2789e-01 悪化 — K_st が primary driver の可能性
  ⚠ K_geo 足し込みで rel_err が +3.2905e-01 悪化 — K_geo が primary driver の可能性
============================================================
  [Type D対策] FD診断: Newton方向精度不良 (dir_ratio=1.000), NR上限拡張→200
  Incr 149 (frac=0.3293), 低残差停滞[D+E] → Type D対策: NR上限拡張→200 (att=15, ||R||/||f||=1.279e-06, rate=0.942, R_c=4.57e-06, R_s=4.09e-06, active=25)
  Incr 149 (frac=0.3293), attempt 15 [D.slow+E], ||R_t||/||f|| = 1.279e-06, ||R_r|| = 4.846e-06, ||R_w||/||f||=1.305e-06, rate=0.942, active=25, R(x=3.5e-06/57%,y=9.1e-07/15%,z=9.3e-07/15%)
============================================================
接線剛性FD方向診断（status-256）
============================================================
  ||du|| = 1.3235e-04
  ||R_u|| = 6.1314e-06
  ⚠ R_u vs compute_residual(u) 乖離: 5.9150e-11 (リラクゼーション/動的項の差異)
  ||R_base|| = 6.1314e-06
  ||R(u+eps*du)|| = 6.1314e-06
  方向有効性: ||R(u+eps*du)||/||R(u)|| = 0.999998
  ✓ du方向で残差が減少 — Newton方向は有効
  FD方向微分 = 2.9401e-06
  解析方向微分 = 1.9425e-06
  全体系 K@du: FD vs 解析 相対誤差 = 1.0001e+00
  ⚠ 全体系で接線剛性不整合 — K_c自体が不正確
  全体系不整合DOF上位5件:
    dof=1292 (node=215, comp=2): FD=-4.4988e-03, analytical=-2.9562e-10, diff=-4.4988e-03
    dof=1826 (node=304, comp=2): FD=4.1230e-03, analytical=-6.3433e-10, diff=4.1230e-03
    dof=68 (node=11, comp=2): FD=-4.1094e-03, analytical=-1.1479e-09, diff=-4.1094e-03
    dof=1922 (node=320, comp=2): FD=-3.8507e-03, analytical=2.5062e-10, diff=-3.8507e-03
    dof=884 (node=147, comp=2): FD=3.8128e-03, analytical=3.0355e-10, diff=3.8128e-03
  comp別不整合: [x:8.00e-03(36%), y:1.57e-03(7%), z:2.06e-02(93%), θx:1.11e-04(1%), θy:4.24e-04(2%), θz:1.24e-05(0%)]
  接触DOF不整合: 1.07e-02 (402 DOFs), 構造DOF不整合: 1.94e-02 (1536 DOFs)
  活性DOF K@du: FD vs 解析 相対誤差 = 1.0002e+00 (402 DOFs)
  ⚠ 活性DOFで接線剛性不整合
  方向微分整合度: |FD-解析|/max = 3.3930e-01
------------------------------------------------------------
  f_c 単独FD検証（K_c精度）
  ||∂f_c/∂u·du (FD)|| = 3.8685e-06
  ||K_c @ du|| = 3.8038e-06
  f_c FD相対誤差 = 8.1984e-01
  ⚠ K_c自体が不正確（f_c単独で10%超の不整合）
  f_c comp別不整合: [x=3.1e-06/97%, y=6.0e-07/19%, z=4.9e-07/16%, θx=0.0e+00/0%, θy=0.0e+00/0%, θz=0.0e+00/0%]
  f_c不整合DOF上位5件:
    dof=702 (node=117, comp=0): FD=-9.7459e-07, K_c=1.0658e-06, diff=-2.0404e-06
    dof=1722 (node=287, comp=0): FD=5.4315e-07, K_c=-6.2082e-07, diff=1.1640e-06
    dof=708 (node=118, comp=0): FD=-5.5343e-07, K_c=6.0751e-07, diff=-1.1609e-06
    dof=1728 (node=288, comp=0): FD=5.4334e-07, K_c=-5.9603e-07, diff=1.1394e-06
    dof=90 (node=15, comp=0): FD=4.3922e-07, K_c=-4.5424e-07, diff=8.9346e-07
============================================================
[K_c成分FD]
============================================================
K_c 成分分解 FD 診断（status-342）  [incr=149 att=15]
============================================================
  ||du|| = 1.3235e-04, eps = 1.00e-07
  ||dfc (FD)|| = 3.8685e-06
  ||K_mat@du|| = 3.5141e-06, ||K_geo@du|| = 8.3011e-09, ||K_st@du||  = 3.6568e-06
  ||K_c@du||   = 5.2050e-06
  寄与率: mat= 0.68, geo= 0.00, st= 0.70
------------------------------------------------------------
  組み合わせ別 FD 相対誤差（K_c = K_mat - K_geo + K_st 合意）:
    full     = 7.5219e-01
    mat_only = 4.2482e-01  (geo/st 除外)
    mat_geo  = 4.2655e-01  (st 除外)
    mat_st   = 7.5163e-01   (geo 除外)
  最良組み合わせ: mat_only (rel_err=4.2482e-01)
------------------------------------------------------------
  [    full] comp 別不整合: [x= 33.9%, y= 93.3%, z= 12.1%, tx=  0.0%, ty=  0.0%, tz=  0.0%]
  [mat_only] comp 別不整合: [x= 93.9%, y= 21.9%, z= 26.5%, tx=  0.0%, ty=  0.0%, tz=  0.0%]
  [ mat_geo] comp 別不整合: [x= 93.9%, y= 22.0%, z= 26.4%, tx=  0.0%, ty=  0.0%, tz=  0.0%]
  [  mat_st] comp 別不整合: [x= 33.8%, y= 93.3%, z= 12.1%, tx=  0.0%, ty=  0.0%, tz=  0.0%]
  ⚠ K_st 足し込みで rel_err が +3.2563e-01 悪化 — K_st が primary driver の可能性
  ⚠ K_geo 足し込みで rel_err が +3.2681e-01 悪化 — K_geo が primary driver の可能性
============================================================
  Incr 149 (frac=0.3293), attempt 20 [D.slow+E], ||R_t||/||f|| = 9.717e-07, ||R_r|| = 3.692e-06, ||R_w||/||f||=9.920e-07, rate=0.945, active=25, R(x=2.7e-06/57%,y=7.4e-07/16%,z=7.3e-07/16%)
  Incr 149 (frac=0.3293), attempt 25 [D.stall+E], ||R_t||/||f|| = 7.461e-07, ||R_r|| = 2.839e-06, ||R_w||/||f||=7.618e-07, rate=0.951, active=25, R(x=2.0e-06/56%,y=7.3e-07/20%,z=5.5e-07/15%)
  Incr 149 (frac=0.3293), attempt 29, ||du||/||u|| = 9.772e-09 (disp converged, 25 active)
  [NR診断] Incr 149 (frac=0.3293), 収束 att=30, Type分布[-:1(3%), C:3(10%), D.slow+E:15(50%), D.stall+E:5(17%), E:6(20%)], 直近10[D.slow+E:5, D.stall+E:5], R_c=2.20e-06, R_s=1.95e-06, active=25, sliding=417, activated=0, deactivated=0, stick→slide=0, slide→stick=0, comp(x=1.6e-06/54%,y=7.4e-07/25%,z=4.5e-07/15%,θx=2.1e-06/72%,θy=2.5e-07/8%,θz=8.9e-07/30%)
  [f_ref] Incr 150: f_ref=7.243e-01 (dynamic_ref), atol=2.91e-08
  Incr 150 (frac=0.3310), attempt 0 [C], ||R_t||/||f|| = 1.000e+00, ||R_r|| = 1.070e-02, ||R_w||/||f||=1.000e+00, active=26, R(x=3.4e-01/47%,y=6.4e-02/9%,z=6.4e-01/88%)
  Incr 150 (frac=0.3310), attempt 3, ||du||/||u|| = 1.736e-09 (disp converged, 26 active)
  [f_ref] Incr 151: f_ref=1.660e+00 (dynamic_ref), atol=2.25e-08
  Incr 151 (frac=0.3334), attempt 0 [C], ||R_t||/||f|| = 1.000e+00, ||R_r|| = 2.655e-02, ||R_w||/||f||=1.000e+00, active=27, R(x=7.9e-01/47%,y=1.5e-01/9%,z=1.5e+00/88%)
  Incr 151 (frac=0.3334), attempt 4, ||du||/||u|| = 6.537e-09 (disp converged, 28 active)
  [f_ref] Incr 152: f_ref=3.664e+00 (dynamic_ref), atol=2.08e-08
  Incr 152 (frac=0.3371), attempt 0 [C], ||R_t||/||f|| = 1.000e+00, ||R_r|| = 5.285e-02, ||R_w||/||f||=1.000e+00, active=26, R(x=1.8e+00/48%,y=3.2e-01/9%,z=3.2e+00/87%)
  Incr 152 (frac=0.3371), attempt 5 [C], ||R_t||/||f|| = 1.194e-05, ||R_r|| = 1.513e-04, ||R_w||/||f||=1.363e-05, rate=0.260, active=28, R(x=3.1e-05/20%,y=2.6e-05/17%,z=1.6e-05/10%)
  Incr 152 (frac=0.3371), attempt 9, ||du||/||u|| = 8.007e-09 (disp converged, 27 active)
  [f_ref] Incr 153: f_ref=9.349e-01 (dynamic_ref), atol=2.55e-08
  Incr 153 (frac=0.3390), attempt 0 [C], ||R_t||/||f|| = 1.000e+00, ||R_r|| = 1.776e-02, ||R_w||/||f||=1.000e+00, active=28, R(x=4.5e-01/48%,y=8.2e-02/9%,z=8.2e-01/87%)
  Incr 153 (frac=0.3390), attempt 5 [E], ||R_t||/||f|| = 5.076e-06, ||R_r|| = 4.060e-06, ||R_w||/||f||=5.123e-06, rate=0.396, active=28, R(x=4.3e-06/69%,y=1.7e-06/28%,z=9.9e-07/16%)
  Incr 153 (frac=0.3390), attempt 7, ||du||/||u|| = 9.704e-09 (disp converged, 28 active)
  [f_ref] Incr 154: f_ref=9.140e-01 (dynamic_ref), atol=2.07e-08
  Incr 154 (frac=0.3408), attempt 0 [C], ||R_t||/||f|| = 1.000e+00, ||R_r|| = 1.456e-02, ||R_w||/||f||=1.000e+00, active=28, R(x=4.4e-01/48%,y=8.1e-02/9%,z=8.0e-01/87%)
  Incr 154 (frac=0.3408), attempt 4, ||du||/||u|| = 9.817e-09 (disp converged, 28 active)
  [f_ref] Incr 155: f_ref=2.106e+00 (dynamic_ref), atol=1.72e-08
  Incr 155 (frac=0.3436), attempt 0 [C], ||R_t||/||f|| = 1.000e+00, ||R_r|| = 4.100e-02, ||R_w||/||f||=1.000e+00, active=25, R(x=1.0e+00/49%,y=1.9e-01/9%,z=1.8e+00/87%)
  Incr 155 (frac=0.3436), attempt 5 [C], ||R_t||/||f|| = 1.530e-06, ||R_r|| = 1.030e-05, ||R_w||/||f||=1.717e-06, rate=0.244, active=27, R(x=2.5e-06/23%,y=1.5e-06/14%,z=1.3e-06/12%)
  Incr 155 (frac=0.3436), attempt 6, ||du||/||u|| = 2.673e-09 (disp converged, 27 active)
  [f_ref] Incr 156: f_ref=2.057e+00 (dynamic_ref), atol=1.84e-08
  Incr 156 (frac=0.3464), attempt 0 [C], ||R_t||/||f|| = 1.000e+00, ||R_r|| = 3.167e-02, ||R_w||/||f||=1.000e+00, active=27, R(x=1.0e+00/49%,y=1.8e-01/9%,z=1.8e+00/87%)
  Incr 156 (frac=0.3464), attempt 5 [E], ||R_t||/||f|| = 4.485e-06, ||R_r|| = 1.166e-05, ||R_w||/||f||=4.574e-06, rate=0.560, active=28, R(x=8.1e-06/54%,y=4.1e-06/28%,z=1.8e-06/12%)
  Incr 156 (frac=0.3464), attempt 10 [D.stall+E], ||R_t||/||f|| = 2.054e-06, ||R_r|| = 5.466e-06, ||R_w||/||f||=2.097e-06, rate=0.950, active=28, R(x=3.5e-06/51%,y=2.0e-06/28%,z=1.2e-06/17%)
============================================================
接線剛性FD方向診断（status-256）
============================================================
  ||du|| = 1.1176e-04
  ||R_u|| = 6.5670e-06
  ⚠ R_u vs compute_residual(u) 乖離: 4.6943e-11 (リラクゼーション/動的項の差異)
  ||R_base|| = 6.5670e-06
  ||R(u+eps*du)|| = 6.5670e-06
  方向有効性: ||R(u+eps*du)||/||R(u)|| = 1.000003
  ⚠ du方向で残差が増加 — Newton方向が無効
  FD方向微分 = 2.1568e-06
  解析方向微分 = 1.9815e-06
  全体系 K@du: FD vs 解析 相対誤差 = 1.0001e+00
  ⚠ 全体系で接線剛性不整合 — K_c自体が不正確
  全体系不整合DOF上位5件:
    dof=1712 (node=285, comp=2): FD=-3.8697e-03, analytical=1.2542e-09, diff=-3.8697e-03
    dof=1706 (node=284, comp=2): FD=3.8493e-03, analytical=-1.6855e-09, diff=3.8493e-03
    dof=1718 (node=286, comp=2): FD=3.6286e-03, analytical=3.6437e-09, diff=3.6286e-03
    dof=1922 (node=320, comp=2): FD=-3.5534e-03, analytical=-9.2370e-10, diff=-3.5534e-03
    dof=500 (node=83, comp=2): FD=3.3773e-03, analytical=-7.2076e-11, diff=3.3773e-03
  comp別不整合: [x:8.28e-03(38%), y:1.71e-03(8%), z:2.02e-02(92%), θx:1.25e-04(1%), θy:4.08e-04(2%), θz:1.60e-05(0%)]
  接触DOF不整合: 1.18e-02 (402 DOFs), 構造DOF不整合: 1.85e-02 (1536 DOFs)
  活性DOF K@du: FD vs 解析 相対誤差 = 1.0000e+00 (402 DOFs)
  ⚠ 活性DOFで接線剛性不整合
  方向微分整合度: |FD-解析|/max = 8.1282e-02
------------------------------------------------------------
  f_c 単独FD検証（K_c精度）
  ||∂f_c/∂u·du (FD)|| = 3.3807e-06
  ||K_c @ du|| = 3.2720e-06
  f_c FD相対誤差 = 7.0492e-01
  ⚠ K_c自体が不正確（f_c単独で10%超の不整合）
  f_c comp別不整合: [x=2.1e-06/87%, y=1.0e-06/43%, z=5.2e-07/22%, θx=0.0e+00/0%, θy=0.0e+00/0%, θz=0.0e+00/0%]
  f_c不整合DOF上位5件:
    dof=180 (node=30, comp=0): FD=4.3565e-07, K_c=-7.5074e-07, diff=1.1864e-06
    dof=1608 (node=268, comp=0): FD=-2.9660e-07, K_c=4.8555e-07, diff=-7.8215e-07
    dof=186 (node=31, comp=0): FD=2.9265e-07, K_c=-4.8506e-07, diff=7.7772e-07
    dof=1614 (node=269, comp=0): FD=-2.7910e-07, K_c=4.5995e-07, diff=-7.3905e-07
    dof=138 (node=23, comp=0): FD=1.2906e-06, K_c=7.5433e-07, diff=5.3631e-07
============================================================
[K_c成分FD]
============================================================
K_c 成分分解 FD 診断（status-342）  [incr=156 att=11]
============================================================
  ||du|| = 1.1176e-04, eps = 1.00e-07
  ||dfc (FD)|| = 3.3807e-06
  ||K_mat@du|| = 3.0906e-06, ||K_geo@du|| = 9.4068e-09, ||K_st@du||  = 3.4134e-06
  ||K_c@du||   = 4.4527e-06
  寄与率: mat= 0.69, geo= 0.00, st= 0.77
------------------------------------------------------------
  組み合わせ別 FD 相対誤差（K_c = K_mat - K_geo + K_st 合意）:
    full     = 8.1813e-01
    mat_only = 3.6871e-01  (geo/st 除外)
    mat_geo  = 3.7112e-01  (st 除外)
    mat_st   = 8.1749e-01   (geo 除外)
  最良組み合わせ: mat_only (rel_err=3.6871e-01)
------------------------------------------------------------
  [    full] comp 別不整合: [x=  8.5%, y= 97.0%, z= 22.9%, tx=  0.0%, ty=  0.0%, tz=  0.0%]
  [mat_only] comp 別不整合: [x= 81.9%, y= 45.3%, z= 35.1%, tx=  0.0%, ty=  0.0%, tz=  0.0%]
  [ mat_geo] comp 別不整合: [x= 82.0%, y= 45.4%, z= 34.9%, tx=  0.0%, ty=  0.0%, tz=  0.0%]
  [  mat_st] comp 別不整合: [x=  8.6%, y= 97.0%, z= 23.0%, tx=  0.0%, ty=  0.0%, tz=  0.0%]
  ⚠ K_st 足し込みで rel_err が +4.4702e-01 悪化 — K_st が primary driver の可能性
  ⚠ K_geo 足し込みで rel_err が +4.4878e-01 悪化 — K_geo が primary driver の可能性
============================================================
  [Type D対策] FD診断: Newton方向精度不良 (dir_ratio=1.000), NR上限拡張→200
  Incr 156 (frac=0.3464), 低残差停滞[D+E] → Type D対策: NR上限拡張→200 (att=15, ||R||/||f||=1.592e-06, rate=0.950, R_c=4.13e-06, R_s=3.43e-06, active=28)
  Incr 156 (frac=0.3464), attempt 15 [D.stall+E], ||R_t||/||f|| = 1.592e-06, ||R_r|| = 4.248e-06, ||R_w||/||f||=1.625e-06, rate=0.950, active=28, R(x=2.7e-06/51%,y=1.5e-06/28%,z=9.6e-07/18%)
============================================================
接線剛性FD方向診断（status-256）
============================================================
  ||du|| = 9.0962e-05
  ||R_u|| = 5.3634e-06
  ⚠ R_u vs compute_residual(u) 乖離: 3.8152e-11 (リラクゼーション/動的項の差異)
  ||R_base|| = 5.3633e-06
  ||R(u+eps*du)|| = 5.3633e-06
  方向有効性: ||R(u+eps*du)||/||R(u)|| = 1.000000
  ⚠ du方向で残差が増加 — Newton方向が無効
  FD方向微分 = 1.7536e-06
  解析方向微分 = 1.6138e-06
  全体系 K@du: FD vs 解析 相対誤差 = 1.0000e+00
  ⚠ 全体系で接線剛性不整合 — K_c自体が不正確
  全体系不整合DOF上位5件:
    dof=398 (node=66, comp=2): FD=5.2997e-03, analytical=1.1326e-07, diff=5.2996e-03
    dof=392 (node=65, comp=2): FD=-4.4205e-03, analytical=-1.2578e-09, diff=-4.4205e-03
    dof=1520 (node=253, comp=2): FD=-4.2721e-03, analytical=-2.9508e-09, diff=-4.2721e-03
    dof=578 (node=96, comp=2): FD=4.1457e-03, analytical=-5.0832e-09, diff=4.1457e-03
    dof=1406 (node=234, comp=2): FD=3.9815e-03, analytical=4.4888e-10, diff=3.9815e-03
  comp別不整合: [x:6.92e-03(34%), y:1.35e-03(7%), z:1.93e-02(94%), θx:1.00e-04(0%), θy:3.16e-04(2%), θz:1.52e-05(0%)]
  接触DOF不整合: 1.02e-02 (402 DOFs), 構造DOF不整合: 1.78e-02 (1536 DOFs)
  活性DOF K@du: FD vs 解析 相対誤差 = 1.0000e+00 (402 DOFs)
  ⚠ 活性DOFで接線剛性不整合
  方向微分整合度: |FD-解析|/max = 7.9736e-02
------------------------------------------------------------
  f_c 単独FD検証（K_c精度）
  ||∂f_c/∂u·du (FD)|| = 2.7561e-06
  ||K_c @ du|| = 2.6630e-06
  f_c FD相対誤差 = 7.0231e-01
  ⚠ K_c自体が不正確（f_c単独で10%超の不整合）
  f_c comp別不整合: [x=1.7e-06/87%, y=8.5e-07/44%, z=4.3e-07/22%, θx=0.0e+00/0%, θy=0.0e+00/0%, θz=0.0e+00/0%]
  f_c不整合DOF上位5件:
    dof=180 (node=30, comp=0): FD=3.4856e-07, K_c=-6.0860e-07, diff=9.5716e-07
    dof=1608 (node=268, comp=0): FD=-2.3945e-07, K_c=3.9491e-07, diff=-6.3436e-07
    dof=186 (node=31, comp=0): FD=2.3625e-07, K_c=-3.9451e-07, diff=6.3075e-07
    dof=1614 (node=269, comp=0): FD=-2.2532e-07, K_c=3.7407e-07, diff=-5.9939e-07
    dof=138 (node=23, comp=0): FD=1.0427e-06, K_c=6.1327e-07, diff=4.2946e-07
============================================================
[K_c成分FD]
============================================================
K_c 成分分解 FD 診断（status-342）  [incr=156 att=15]
============================================================
  ||du|| = 9.0962e-05, eps = 1.00e-07
  ||dfc (FD)|| = 2.7561e-06
  ||K_mat@du|| = 2.5161e-06, ||K_geo@du|| = 7.6530e-09, ||K_st@du||  = 2.7758e-06
  ||K_c@du||   = 3.6194e-06
  寄与率: mat= 0.70, geo= 0.00, st= 0.77
------------------------------------------------------------
  組み合わせ別 FD 相対誤差（K_c = K_mat - K_geo + K_st 合意）:
    full     = 8.1954e-01
    mat_only = 3.6725e-01  (geo/st 除外)
    mat_geo  = 3.6965e-01  (st 除外)
    mat_st   = 8.1890e-01   (geo 除外)
  最良組み合わせ: mat_only (rel_err=3.6725e-01)
------------------------------------------------------------
  [    full] comp 別不整合: [x=  8.4%, y= 97.0%, z= 22.7%, tx=  0.0%, ty=  0.0%, tz=  0.0%]
  [mat_only] comp 別不整合: [x= 81.5%, y= 45.7%, z= 35.6%, tx=  0.0%, ty=  0.0%, tz=  0.0%]
  [ mat_geo] comp 別不整合: [x= 81.6%, y= 45.8%, z= 35.4%, tx=  0.0%, ty=  0.0%, tz=  0.0%]
  [  mat_st] comp 別不整合: [x=  8.4%, y= 97.0%, z= 22.8%, tx=  0.0%, ty=  0.0%, tz=  0.0%]
  ⚠ K_st 足し込みで rel_err が +4.4988e-01 悪化 — K_st が primary driver の可能性
  ⚠ K_geo 足し込みで rel_err が +4.5164e-01 悪化 — K_geo が primary driver の可能性
============================================================
  Incr 156 (frac=0.3464), attempt 20 [D.stall+E], ||R_t||/||f|| = 1.254e-06, ||R_r|| = 3.318e-06, ||R_w||/||f||=1.280e-06, rate=0.952, active=28, R(x=2.1e-06/51%,y=1.2e-06/29%,z=7.7e-07/18%)
  Incr 156 (frac=0.3464), attempt 22, ||du||/||u|| = 9.842e-09 (disp converged, 28 active)
  [NR診断] Incr 156 (frac=0.3464), 収束 att=23, Type分布[-:1(4%), C:1(4%), D.stall+E:16(70%), E:5(22%)], 直近10[D.stall+E:10], R_c=2.94e-06, R_s=2.43e-06, active=28, sliding=402, activated=0, deactivated=0, stick→slide=0, slide→stick=0, comp(x=1.9e-06/51%,y=1.1e-06/30%,z=7.0e-07/18%,θx=2.8e-06/73%,θy=3.5e-07/9%,θz=1.1e-06/29%)
  [f_ref] Incr 157: f_ref=5.274e-01 (dynamic_ref), atol=1.90e-08
  Incr 157 (frac=0.3478), attempt 0 [C], ||R_t||/||f|| = 1.000e+00, ||R_r|| = 9.742e-03, ||R_w||/||f||=1.000e+00, active=29, R(x=2.6e-01/49%,y=4.6e-02/9%,z=4.6e-01/87%)
  Incr 157 (frac=0.3478), attempt 2, ||du||/||u|| = 8.950e-09 (disp converged, 28 active)
  [f_ref] Incr 158: f_ref=1.155e+00 (dynamic_ref), atol=1.49e-08
  Incr 158 (frac=0.3498), attempt 0 [C], ||R_t||/||f|| = 1.000e+00, ||R_r|| = 1.773e-02, ||R_w||/||f||=1.000e+00, active=26, R(x=5.7e-01/49%,y=1.0e-01/9%,z=1.0e+00/86%)
  Incr 158 (frac=0.3498), attempt 5 [E], ||R_t||/||f|| = 2.109e-05, ||R_r|| = 8.655e-06, ||R_w||/||f||=2.113e-05, rate=0.830, active=29, R(x=2.4e-05/91%,y=4.2e-06/16%,z=4.3e-06/16%)
  Incr 158 (frac=0.3498), attempt 10 [D.div+E], ||R_t||/||f|| = 2.992e-05, ||R_r|| = 9.812e-06, ||R_w||/||f||=2.995e-05, rate=1.369, active=29, R(x=2.7e-05/76%,y=4.6e-06/13%,z=2.1e-05/58%)
  Incr 158 (frac=0.3498), 低残差チャタリング検知[E] → 接触凍結モード (att=15, ||R||/||f||=2.192e-05, R_c=2.61e-05, R_s=7.46e-06, cycle=1/5, active=29)
  Incr 158 (frac=0.3498), attempt 15 [E], ||R_t||/||f|| = 2.192e-05, ||R_r|| = 9.809e-06, ||R_w||/||f||=2.196e-05, rate=0.735, active=29, R(x=2.4e-05/90%,y=4.7e-06/17%,z=4.7e-06/17%)
============================================================
接線剛性FD方向診断（status-256）
============================================================
  ||du|| = 5.1548e-04
  ||R_u|| = 2.7149e-05
  ⚠ R_u vs compute_residual(u) 乖離: 6.6233e-08 (リラクゼーション/動的項の差異)
  ||R_base|| = 2.7180e-05
  ||R(u+eps*du)|| = 2.7180e-05
  方向有効性: ||R(u+eps*du)||/||R(u)|| = 1.000007
  ⚠ du方向で残差が増加 — Newton方向が無効
  FD方向微分 = -1.4511e-03
  解析方向微分 = 1.3463e-05
  全体系 K@du: FD vs 解析 相対誤差 = 1.0016e+00
  ⚠ 全体系で接線剛性不整合 — K_c自体が不正確
  全体系不整合DOF上位5件:
    dof=992 (node=165, comp=2): FD=4.0938e-03, analytical=-2.3452e-09, diff=4.0938e-03
    dof=1928 (node=321, comp=2): FD=-3.8242e-03, analytical=-1.3137e-09, diff=-3.8242e-03
    dof=998 (node=166, comp=2): FD=-3.7763e-03, analytical=1.0349e-06, diff=-3.7773e-03
    dof=500 (node=83, comp=2): FD=3.7439e-03, analytical=-5.1427e-08, diff=3.7439e-03
    dof=1208 (node=201, comp=2): FD=3.6657e-03, analytical=1.3499e-08, diff=3.6656e-03
  comp別不整合: [x:8.30e-03(41%), y:1.75e-03(9%), z:1.82e-02(91%), θx:3.16e-04(2%), θy:1.09e-03(5%), θz:3.77e-05(0%)]
  接触DOF不整合: 9.00e-03 (270 DOFs), 構造DOF不整合: 1.80e-02 (1668 DOFs)
  活性DOF K@du: FD vs 解析 相対誤差 = 1.0007e+00 (270 DOFs)
  ⚠ 活性DOFで接線剛性不整合
  方向微分整合度: |FD-解析|/max = 1.0093e+00
------------------------------------------------------------
  f_c 単独FD検証（K_c精度）
  ||∂f_c/∂u·du (FD)|| = 4.0756e-05
  ||K_c @ du|| = 3.5534e-05
  f_c FD相対誤差 = 9.7204e-01
  ⚠ K_c自体が不正確（f_c単独で10%超の不整合）
  f_c comp別不整合: [x=1.7e-05/42%, y=4.5e-06/11%, z=3.6e-05/90%, θx=0.0e+00/0%, θy=0.0e+00/0%, θz=0.0e+00/0%]
  f_c不整合DOF上位5件:
    dof=500 (node=83, comp=2): FD=-9.4744e-06, K_c=1.0187e-05, diff=-1.9662e-05
    dof=602 (node=100, comp=2): FD=9.3912e-06, K_c=-1.0097e-05, diff=1.9489e-05
    dof=494 (node=82, comp=2): FD=-7.9947e-06, K_c=7.8651e-06, diff=-1.5860e-05
    dof=596 (node=99, comp=2): FD=7.2463e-06, K_c=-7.8063e-06, diff=1.5053e-05
    dof=444 (node=74, comp=0): FD=1.5444e-05, K_c=8.1213e-06, diff=7.3228e-06
============================================================
[K_c成分FD]
============================================================
K_c 成分分解 FD 診断（status-342）  [incr=158 att=15]
============================================================
  ||du|| = 5.1548e-04, eps = 1.00e-07
  ||dfc (FD)|| = 4.0988e-05
  ||K_mat@du|| = 3.2678e-05, ||K_geo@du|| = 4.3008e-08, ||K_st@du||  = 2.2393e-05
  ||K_c@du||   = 4.4234e-05
  寄与率: mat= 0.74, geo= 0.00, st= 0.51
------------------------------------------------------------
  組み合わせ別 FD 相対誤差（K_c = K_mat - K_geo + K_st 合意）:
    full     = 6.5951e-01
    mat_only = 4.8943e-01  (geo/st 除外)
    mat_geo  = 4.9001e-01  (st 除外)
    mat_st   = 6.5905e-01   (geo 除外)
  最良組み合わせ: mat_only (rel_err=4.8943e-01)
------------------------------------------------------------
  [    full] comp 別不整合: [x= 18.8%, y= 78.6%, z= 58.9%, tx=  0.0%, ty=  0.0%, tz=  0.0%]
  [mat_only] comp 別不整合: [x= 40.3%, y= 16.0%, z= 90.1%, tx=  0.0%, ty=  0.0%, tz=  0.0%]
  [ mat_geo] comp 別不整合: [x= 40.4%, y= 16.0%, z= 90.0%, tx=  0.0%, ty=  0.0%, tz=  0.0%]
  [  mat_st] comp 別不整合: [x= 18.7%, y= 78.6%, z= 58.9%, tx=  0.0%, ty=  0.0%, tz=  0.0%]
  ⚠ K_st 足し込みで rel_err が +1.6951e-01 悪化 — K_st が primary driver の可能性
  ⚠ K_geo 足し込みで rel_err が +1.6962e-01 悪化 — K_geo が primary driver の可能性
============================================================
============================================================
接線剛性FD方向診断（status-256）
============================================================
  ||du|| = 1.3997e-04
  ||R_u|| = 3.6899e-05
  ⚠ R_u vs compute_residual(u) 乖離: 4.1442e-05 (リラクゼーション/動的項の差異)
  ||R_base|| = 3.5826e-05
  ||R(u+eps*du)|| = 3.5826e-05
  方向有効性: ||R(u+eps*du)||/||R(u)|| = 1.000002
  ⚠ du方向で残差が増加 — Newton方向が無効
  FD方向微分 = 8.5161e-05
  解析方向微分 = 7.8480e-06
  全体系 K@du: FD vs 解析 相対誤差 = 1.0002e+00
  ⚠ 全体系で接線剛性不整合 — K_c自体が不正確
  全体系不整合DOF上位5件:
    dof=806 (node=134, comp=2): FD=-4.9391e-03, analytical=-1.0921e-09, diff=-4.9391e-03
    dof=1190 (node=198, comp=2): FD=4.1668e-03, analytical=1.7467e-09, diff=4.1668e-03
    dof=1298 (node=216, comp=2): FD=-4.0024e-03, analytical=-1.4143e-10, diff=-4.0024e-03
    dof=1904 (node=317, comp=2): FD=3.7043e-03, analytical=2.8286e-10, diff=3.7043e-03
    dof=1316 (node=219, comp=2): FD=-3.5161e-03, analytical=4.0045e-09, diff=-3.5161e-03
  comp別不整合: [x:8.21e-03(40%), y:1.78e-03(9%), z:1.85e-02(91%), θx:2.64e-04(1%), θy:5.50e-04(3%), θz:3.89e-05(0%)]
  接触DOF不整合: 7.13e-03 (270 DOFs), 構造DOF不整合: 1.91e-02 (1668 DOFs)
  活性DOF K@du: FD vs 解析 相対誤差 = 9.9941e-01 (270 DOFs)
  ⚠ 活性DOFで接線剛性不整合
  方向微分整合度: |FD-解析|/max = 9.0785e-01
------------------------------------------------------------
  f_c 単独FD検証（K_c精度）
  ||∂f_c/∂u·du (FD)|| = 2.3773e-05
  ||K_c @ du|| = 8.9364e-07
  f_c FD相対誤差 = 1.0096e+00
  ⚠ K_c自体が不正確（f_c単独で10%超の不整合）
  f_c comp別不整合: [x=1.5e-05/61%, y=1.7e-05/70%, z=8.8e-06/37%, θx=0.0e+00/0%, θy=0.0e+00/0%, θz=0.0e+00/0%]
  f_c不整合DOF上位5件:
    dof=444 (node=74, comp=0): FD=9.6934e-06, K_c=-3.6270e-07, diff=1.0056e-05
    dof=487 (node=81, comp=1): FD=-7.7522e-06, K_c=1.1624e-07, diff=-7.8685e-06
    dof=1056 (node=176, comp=0): FD=-6.5946e-06, K_c=1.0740e-07, diff=-6.7020e-06
    dof=1057 (node=176, comp=1): FD=6.7544e-06, K_c=9.6611e-08, diff=6.6578e-06
    dof=446 (node=74, comp=2): FD=-6.2643e-06, K_c=-4.8753e-08, diff=-6.2156e-06
============================================================
[K_c成分FD]
============================================================
K_c 成分分解 FD 診断（status-342）  [incr=158 att=16]
============================================================
  ||du|| = 1.3997e-04, eps = 1.00e-07
  ||dfc (FD)|| = 2.3745e-05
  ||K_mat@du|| = 2.2914e-05, ||K_geo@du|| = 6.2993e-09, ||K_st@du||  = 3.5873e-06
  ||K_c@du||   = 2.3161e-05
  寄与率: mat= 0.99, geo= 0.00, st= 0.15
------------------------------------------------------------
  組み合わせ別 FD 相対誤差（K_c = K_mat - K_geo + K_st 合意）:
    full     = 2.0780e-01
    mat_only = 1.5251e-01  (geo/st 除外)
    mat_geo  = 1.5255e-01  (st 除外)
    mat_st   = 2.0780e-01   (geo 除外)
  最良組み合わせ: mat_only (rel_err=1.5251e-01)
------------------------------------------------------------
  [    full] comp 別不整合: [x= 23.2%, y= 73.5%, z= 63.7%, tx=  0.0%, ty=  0.0%, tz=  0.0%]
  [mat_only] comp 別不整合: [x= 29.7%, y= 25.2%, z= 92.1%, tx=  0.0%, ty=  0.0%, tz=  0.0%]
  [ mat_geo] comp 別不整合: [x= 29.8%, y= 25.3%, z= 92.1%, tx=  0.0%, ty=  0.0%, tz=  0.0%]
  [  mat_st] comp 別不整合: [x= 23.2%, y= 73.5%, z= 63.7%, tx=  0.0%, ty=  0.0%, tz=  0.0%]
  ⚠ K_st 足し込みで rel_err が +5.5249e-02 悪化 — K_st が primary driver の可能性
  ⚠ K_geo 足し込みで rel_err が +5.5286e-02 悪化 — K_geo が primary driver の可能性
============================================================
============================================================
接線剛性FD方向診断（status-256）
============================================================
  ||du|| = 9.4426e-06
  ||R_u|| = 7.0400e-06
  ⚠ R_u vs compute_residual(u) 乖離: 5.9860e-05 (リラクゼーション/動的項の差異)
  ||R_base|| = 6.0496e-05
  ||R(u+eps*du)|| = 6.0496e-05
  方向有効性: ||R(u+eps*du)||/||R(u)|| = 1.000000
  ✓ du方向で残差が減少 — Newton方向は有効
  FD方向微分 = -1.1702e-05
  解析方向微分 = 2.8990e-07
  全体系 K@du: FD vs 解析 相対誤差 = 1.0000e+00
  ⚠ 全体系で接線剛性不整合 — K_c自体が不正確
  全体系不整合DOF上位5件:
    dof=1088 (node=181, comp=2): FD=-4.0861e-03, analytical=1.0617e-08, diff=-4.0861e-03
    dof=584 (node=97, comp=2): FD=4.0637e-03, analytical=-1.6006e-09, diff=4.0637e-03
    dof=590 (node=98, comp=2): FD=-3.8423e-03, analytical=-4.3630e-09, diff=-3.8423e-03
    dof=1808 (node=301, comp=2): FD=3.6148e-03, analytical=-1.9684e-11, diff=3.6148e-03
    dof=1208 (node=201, comp=2): FD=3.5427e-03, analytical=3.6201e-09, diff=3.5427e-03
  comp別不整合: [x:6.57e-03(38%), y:1.36e-03(8%), z:1.58e-02(92%), θx:5.68e-05(0%), θy:2.45e-04(1%), θz:9.43e-06(0%)]
  接触DOF不整合: 6.03e-03 (270 DOFs), 構造DOF不整合: 1.61e-02 (1668 DOFs)
  活性DOF K@du: FD vs 解析 相対誤差 = 1.0000e+00 (270 DOFs)
  ⚠ 活性DOFで接線剛性不整合
  方向微分整合度: |FD-解析|/max = 1.0248e+00
------------------------------------------------------------
  f_c 単独FD検証（K_c精度）
  ||∂f_c/∂u·du (FD)|| = 9.4829e-07
  ||K_c @ du|| = 9.7348e-08
  f_c FD相対誤差 = 1.0315e+00
  ⚠ K_c自体が不正確（f_c単独で10%超の不整合）
  f_c comp別不整合: [x=4.6e-07/47%, y=8.4e-07/86%, z=1.8e-07/18%, θx=0.0e+00/0%, θy=0.0e+00/0%, θz=0.0e+00/0%]
  f_c不整合DOF上位5件:
    dof=493 (node=82, comp=1): FD=3.6898e-07, K_c=-9.9284e-09, diff=3.7891e-07
    dof=499 (node=83, comp=1): FD=3.4057e-07, K_c=-2.4946e-11, diff=3.4060e-07
    dof=601 (node=100, comp=1): FD=-3.3715e-07, K_c=2.4766e-11, diff=-3.3718e-07
    dof=534 (node=89, comp=0): FD=2.7735e-07, K_c=-4.4879e-08, diff=3.2222e-07
    dof=487 (node=81, comp=1): FD=2.9535e-07, K_c=-1.3444e-08, diff=3.0879e-07
============================================================
[K_c成分FD]
============================================================
K_c 成分分解 FD 診断（status-342）  [incr=158 att=17]
============================================================
  ||du|| = 9.4426e-06, eps = 1.00e-07
  ||dfc (FD)|| = 9.4967e-07
  ||K_mat@du|| = 9.3039e-07, ||K_geo@du|| = 5.3708e-10, ||K_st@du||  = 4.0528e-07
  ||K_c@du||   = 7.7169e-07
  寄与率: mat= 1.21, geo= 0.00, st= 0.53
------------------------------------------------------------
  組み合わせ別 FD 相対誤差（K_c = K_mat - K_geo + K_st 合意）:
    full     = 4.4448e-01
    mat_only = 1.5506e-01  (geo/st 除外)
    mat_geo  = 1.5528e-01  (st 除外)
    mat_st   = 4.4437e-01   (geo 除外)
  最良組み合わせ: mat_only (rel_err=1.5506e-01)
------------------------------------------------------------
  [    full] comp 別不整合: [x= 37.0%, y= 89.6%, z= 24.4%, tx=  0.0%, ty=  0.0%, tz=  0.0%]
  [mat_only] comp 別不整合: [x= 68.4%, y= 39.7%, z= 61.2%, tx=  0.0%, ty=  0.0%, tz=  0.0%]
  [ mat_geo] comp 別不整合: [x= 68.4%, y= 39.8%, z= 61.1%, tx=  0.0%, ty=  0.0%, tz=  0.0%]
  [  mat_st] comp 別不整合: [x= 37.0%, y= 89.6%, z= 24.5%, tx=  0.0%, ty=  0.0%, tz=  0.0%]
  ⚠ K_st 足し込みで rel_err が +2.8920e-01 悪化 — K_st が primary driver の可能性
  ⚠ K_geo 足し込みで rel_err が +2.8931e-01 悪化 — K_geo が primary driver の可能性
============================================================
  Incr 158 (frac=0.3498), attempt 17, 凍結解除(disp)→再凍結 ||R_t||/||f||=5.202e-05 (cycle=2)
============================================================
接線剛性FD方向診断（status-256）
============================================================
  ||du|| = 8.2488e-04
  ||R_u|| = 6.0453e-05
  ⚠ R_u vs compute_residual(u) 乖離: 1.3321e-11 (リラクゼーション/動的項の差異)
  ||R_base|| = 6.0453e-05
  ||R(u+eps*du)|| = 6.0453e-05
  方向有効性: ||R(u+eps*du)||/||R(u)|| = 0.999999
  ✓ du方向で残差が減少 — Newton方向は有効
  FD方向微分 = 7.0616e-05
  解析方向微分 = 2.3460e-05
  全体系 K@du: FD vs 解析 相対誤差 = 1.0073e+00
  ⚠ 全体系で接線剛性不整合 — K_c自体が不正確
  全体系不整合DOF上位5件:
    dof=1706 (node=284, comp=2): FD=4.0969e-03, analytical=-4.7518e-11, diff=4.0969e-03
    dof=1196 (node=199, comp=2): FD=4.0667e-03, analytical=-7.3667e-10, diff=4.0667e-03
    dof=1700 (node=283, comp=2): FD=-3.8185e-03, analytical=-5.1272e-11, diff=-3.8185e-03
    dof=698 (node=116, comp=2): FD=-3.5395e-03, analytical=-1.6877e-09, diff=-3.5395e-03
    dof=794 (node=132, comp=2): FD=-3.3480e-03, analytical=3.9351e-10, diff=-3.3480e-03
  comp別不整合: [x:6.94e-03(38%), y:1.48e-03(8%), z:1.65e-02(91%), θx:4.97e-04(3%), θy:2.15e-03(12%), θz:6.89e-05(0%)]
  接触DOF不整合: 5.13e-03 (270 DOFs), 構造DOF不整合: 1.73e-02 (1668 DOFs)
  活性DOF K@du: FD vs 解析 相対誤差 = 9.9934e-01 (270 DOFs)
  ⚠ 活性DOFで接線剛性不整合
  方向微分整合度: |FD-解析|/max = 6.6777e-01
------------------------------------------------------------
  f_c 単独FD検証（K_c精度）
  ||∂f_c/∂u·du (FD)|| = 1.8622e-04
  ||K_c @ du|| = 1.7090e-05
  f_c FD相対誤差 = 1.0379e+00
  ⚠ K_c自体が不正確（f_c単独で10%超の不整合）
  f_c comp別不整合: [x=1.3e-04/67%, y=1.3e-04/67%, z=6.4e-05/33%, θx=0.0e+00/0%, θy=0.0e+00/0%, θz=0.0e+00/0%]
  f_c不整合DOF上位5件:
    dof=444 (node=74, comp=0): FD=-7.7629e-05, K_c=8.8146e-06, diff=-8.6443e-05
    dof=487 (node=81, comp=1): FD=5.5723e-05, K_c=4.9257e-07, diff=5.5230e-05
    dof=1056 (node=176, comp=0): FD=4.9704e-05, K_c=-1.1142e-06, diff=5.0819e-05
    dof=1057 (node=176, comp=1): FD=-5.0235e-05, K_c=-9.9937e-07, diff=-4.9236e-05
    dof=445 (node=74, comp=1): FD=4.5483e-05, K_c=-1.3045e-06, diff=4.6787e-05
============================================================
[K_c成分FD]
============================================================
K_c 成分分解 FD 診断（status-342）  [incr=158 att=18]
============================================================
  ||du|| = 8.2488e-04, eps = 1.00e-07
  ||dfc (FD)|| = 1.8622e-04
  ||K_mat@du|| = 1.7611e-04, ||K_geo@du|| = 8.4128e-08, ||K_st@du||  = 5.1584e-05
  ||K_c@du||   = 1.9934e-04
  寄与率: mat= 0.88, geo= 0.00, st= 0.26
------------------------------------------------------------
  組み合わせ別 FD 相対誤差（K_c = K_mat - K_geo + K_st 合意）:
    full     = 2.8491e-01
    mat_only = 1.6418e-01  (geo/st 除外)
    mat_geo  = 1.6446e-01  (st 除外)
    mat_st   = 2.8479e-01   (geo 除外)
  最良組み合わせ: mat_only (rel_err=1.6418e-01)
------------------------------------------------------------
  [    full] comp 別不整合: [x= 25.7%, y= 89.0%, z= 37.5%, tx=  0.0%, ty=  0.0%, tz=  0.0%]
  [mat_only] comp 別不整合: [x= 60.1%, y= 26.2%, z= 75.5%, tx=  0.0%, ty=  0.0%, tz=  0.0%]
  [ mat_geo] comp 別不整合: [x= 60.3%, y= 26.2%, z= 75.4%, tx=  0.0%, ty=  0.0%, tz=  0.0%]
  [  mat_st] comp 別不整合: [x= 25.7%, y= 89.0%, z= 37.6%, tx=  0.0%, ty=  0.0%, tz=  0.0%]
  ⚠ K_st 足し込みで rel_err が +1.2045e-01 悪化 — K_st が primary driver の可能性
  ⚠ K_geo 足し込みで rel_err が +1.2061e-01 悪化 — K_geo が primary driver の可能性
============================================================
============================================================
接線剛性FD方向診断（status-256）
============================================================
  ||du|| = 1.5638e-04
  ||R_u|| = 2.0227e-05
  ⚠ R_u vs compute_residual(u) 乖離: 1.9996e-04 (リラクゼーション/動的項の差異)
  ||R_base|| = 2.0647e-04
  ||R(u+eps*du)|| = 2.0647e-04
  方向有効性: ||R(u+eps*du)||/||R(u)|| = 1.000001
  ⚠ du方向で残差が増加 — Newton方向が無効
  FD方向微分 = -1.3441e-03
  解析方向微分 = 5.3265e-06
  全体系 K@du: FD vs 解析 相対誤差 = 1.0006e+00
  ⚠ 全体系で接線剛性不整合 — K_c自体が不正確
  全体系不整合DOF上位5件:
    dof=1808 (node=301, comp=2): FD=4.1174e-03, analytical=4.9885e-10, diff=4.1174e-03
    dof=398 (node=66, comp=2): FD=4.0947e-03, analytical=7.5850e-09, diff=4.0947e-03
    dof=1094 (node=182, comp=2): FD=-4.0941e-03, analytical=-6.4028e-09, diff=-4.0940e-03
    dof=596 (node=99, comp=2): FD=-4.0483e-03, analytical=-1.5208e-06, diff=-4.0468e-03
    dof=1712 (node=285, comp=2): FD=-3.9967e-03, analytical=-2.3922e-10, diff=-3.9967e-03
  comp別不整合: [x:8.84e-03(43%), y:2.48e-03(12%), z:1.83e-02(89%), θx:1.17e-04(1%), θy:6.54e-04(3%), θz:2.76e-05(0%)]
  接触DOF不整合: 8.75e-03 (288 DOFs), 構造DOF不整合: 1.85e-02 (1650 DOFs)
  活性DOF K@du: FD vs 解析 相対誤差 = 1.0011e+00 (288 DOFs)
  ⚠ 活性DOFで接線剛性不整合
  方向微分整合度: |FD-解析|/max = 1.0040e+00
------------------------------------------------------------
  f_c 単独FD検証（K_c精度）
  ||∂f_c/∂u·du (FD)|| = 2.7607e-05
  ||K_c @ du|| = 4.3909e-06
  f_c FD相対誤差 = 1.0869e+00
  ⚠ K_c自体が不正確（f_c単独で10%超の不整合）
  f_c comp別不整合: [x=2.3e-05/76%, y=1.6e-05/55%, z=1.1e-05/36%, θx=0.0e+00/0%, θy=0.0e+00/0%, θz=0.0e+00/0%]
  f_c不整合DOF上位5件:
    dof=444 (node=74, comp=0): FD=1.0414e-05, K_c=-1.9601e-06, diff=1.2374e-05
    dof=534 (node=89, comp=0): FD=-7.8347e-06, K_c=1.4042e-06, diff=-9.2389e-06
    dof=438 (node=73, comp=0): FD=5.4901e-06, K_c=-1.4901e-06, diff=6.9802e-06
    dof=535 (node=89, comp=1): FD=6.9193e-06, K_c=7.4566e-08, diff=6.8448e-06
    dof=446 (node=74, comp=2): FD=-6.2911e-06, K_c=3.0147e-07, diff=-6.5926e-06
============================================================
[K_c成分FD]
============================================================
K_c 成分分解 FD 診断（status-342）  [incr=158 att=19]
============================================================
  ||du|| = 1.5638e-04, eps = 1.00e-07
  ||dfc (FD)|| = 2.7709e-05
  ||K_mat@du|| = 2.5453e-05, ||K_geo@du|| = 2.1497e-08, ||K_st@du||  = 1.4331e-05
  ||K_c@du||   = 3.2173e-05
  寄与率: mat= 0.79, geo= 0.00, st= 0.45
------------------------------------------------------------
  組み合わせ別 FD 相対誤差（K_c = K_mat - K_geo + K_st 合意）:
    full     = 4.7107e-01
    mat_only = 2.0884e-01  (geo/st 除外)
    mat_geo  = 2.0941e-01  (st 除外)
    mat_st   = 4.7086e-01   (geo 除外)
  最良組み合わせ: mat_only (rel_err=2.0884e-01)
------------------------------------------------------------
  [    full] comp 別不整合: [x= 21.0%, y= 95.3%, z= 21.8%, tx=  0.0%, ty=  0.0%, tz=  0.0%]
  [mat_only] comp 別不整合: [x= 67.3%, y= 34.1%, z= 65.7%, tx=  0.0%, ty=  0.0%, tz=  0.0%]
  [ mat_geo] comp 別不整合: [x= 67.4%, y= 34.1%, z= 65.5%, tx=  0.0%, ty=  0.0%, tz=  0.0%]
  [  mat_st] comp 別不整合: [x= 21.1%, y= 95.3%, z= 21.8%, tx=  0.0%, ty=  0.0%, tz=  0.0%]
  ⚠ K_st 足し込みで rel_err が +2.6166e-01 悪化 — K_st が primary driver の可能性
  ⚠ K_geo 足し込みで rel_err が +2.6202e-01 悪化 — K_geo が primary driver の可能性
============================================================
  Incr 158 (frac=0.3498), attempt 20 [E], ||R_t||/||f|| = 3.812e-06, ||R_r|| = 1.993e-06, ||R_w||/||f||=3.822e-06, rate=0.257, active=29, R(x=4.0e-06/84%,y=1.4e-06/28%,z=1.1e-06/23%)
============================================================
接線剛性FD方向診断（status-256）
============================================================
  ||du|| = 5.1332e-05
  ||R_u|| = 4.8327e-06
  ⚠ R_u vs compute_residual(u) 乖離: 1.7828e-04 (リラクゼーション/動的項の差異)
  ||R_base|| = 1.7697e-04
  ||R(u+eps*du)|| = 1.7697e-04
  方向有効性: ||R(u+eps*du)||/||R(u)|| = 1.000000
  ✓ du方向で残差が減少 — Newton方向は有効
  FD方向微分 = -3.0750e-04
  解析方向微分 = 1.4362e-06
  全体系 K@du: FD vs 解析 相対誤差 = 1.0001e+00
  ⚠ 全体系で接線剛性不整合 — K_c自体が不正確
  全体系不整合DOF上位5件:
    dof=590 (node=98, comp=2): FD=-3.8336e-03, analytical=-7.6358e-11, diff=-3.8336e-03
    dof=1724 (node=287, comp=2): FD=-3.7531e-03, analytical=1.3585e-09, diff=-3.7531e-03
    dof=1100 (node=183, comp=2): FD=-3.7066e-03, analytical=-4.8143e-10, diff=-3.7066e-03
    dof=1916 (node=319, comp=2): FD=-3.5323e-03, analytical=-1.7250e-10, diff=-3.5323e-03
    dof=476 (node=79, comp=2): FD=2.9052e-03, analytical=3.8556e-10, diff=2.9052e-03
  comp別不整合: [x:6.42e-03(40%), y:1.29e-03(8%), z:1.45e-02(91%), θx:7.09e-05(0%), θy:3.47e-04(2%), θz:1.42e-05(0%)]
  接触DOF不整合: 5.66e-03 (288 DOFs), 構造DOF不整合: 1.49e-02 (1650 DOFs)
  活性DOF K@du: FD vs 解析 相対誤差 = 1.0002e+00 (288 DOFs)
  ⚠ 活性DOFで接線剛性不整合
  方向微分整合度: |FD-解析|/max = 1.0047e+00
------------------------------------------------------------
  f_c 単独FD検証（K_c精度）
  ||∂f_c/∂u·du (FD)|| = 7.4837e-06
  ||K_c @ du|| = 1.3318e-06
  f_c FD相対誤差 = 1.0958e+00
  ⚠ K_c自体が不正確（f_c単独で10%超の不整合）
  f_c comp別不整合: [x=6.2e-06/76%, y=4.5e-06/55%, z=2.9e-06/35%, θx=0.0e+00/0%, θy=0.0e+00/0%, θz=0.0e+00/0%]
  f_c不整合DOF上位5件:
    dof=444 (node=74, comp=0): FD=-2.9607e-06, K_c=5.6199e-07, diff=-3.5227e-06
    dof=534 (node=89, comp=0): FD=1.9184e-06, K_c=-3.7531e-07, diff=2.2937e-06
    dof=438 (node=73, comp=0): FD=-1.5497e-06, K_c=4.2904e-07, diff=-1.9788e-06
    dof=535 (node=89, comp=1): FD=-1.7936e-06, K_c=-5.1029e-09, diff=-1.7885e-06
    dof=446 (node=74, comp=2): FD=1.7465e-06, K_c=-3.8033e-08, diff=1.7846e-06
============================================================
[K_c成分FD]
============================================================
K_c 成分分解 FD 診断（status-342）  [incr=158 att=20]
============================================================
  ||du|| = 5.1332e-05, eps = 1.00e-07
  ||dfc (FD)|| = 7.5132e-06
  ||K_mat@du|| = 6.8570e-06, ||K_geo@du|| = 6.7925e-09, ||K_st@du||  = 3.9754e-06
  ||K_c@du||   = 8.1583e-06
  寄与率: mat= 0.84, geo= 0.00, st= 0.49
------------------------------------------------------------
  組み合わせ別 FD 相対誤差（K_c = K_mat - K_geo + K_st 合意）:
    full     = 5.1367e-01
    mat_only = 2.2194e-01  (geo/st 除外)
    mat_geo  = 2.2261e-01  (st 除外)
    mat_st   = 5.1339e-01   (geo 除外)
  最良組み合わせ: mat_only (rel_err=2.2194e-01)
------------------------------------------------------------
  [    full] comp 別不整合: [x= 17.5%, y= 96.6%, z= 19.1%, tx=  0.0%, ty=  0.0%, tz=  0.0%]
  [mat_only] comp 別不整合: [x= 67.2%, y= 32.5%, z= 66.5%, tx=  0.0%, ty=  0.0%, tz=  0.0%]
  [ mat_geo] comp 別不整合: [x= 67.4%, y= 32.5%, z= 66.4%, tx=  0.0%, ty=  0.0%, tz=  0.0%]
  [  mat_st] comp 別不整合: [x= 17.5%, y= 96.6%, z= 19.1%, tx=  0.0%, ty=  0.0%, tz=  0.0%]
  ⚠ K_st 足し込みで rel_err が +2.9107e-01 悪化 — K_st が primary driver の可能性
  ⚠ K_geo 足し込みで rel_err が +2.9144e-01 悪化 — K_geo が primary driver の可能性
============================================================
  Incr 158 (frac=0.3498), attempt 20, 凍結解除(disp)→再凍結 ||R_t||/||f||=1.534e-04 (cycle=3)
============================================================
接線剛性FD方向診断（status-256）
============================================================
  ||du|| = 3.4672e-03
  ||R_u|| = 1.7713e-04
  ⚠ R_u vs compute_residual(u) 乖離: 2.0812e-10 (リラクゼーション/動的項の差異)
  ||R_base|| = 1.7713e-04
  ||R(u+eps*du)|| = 1.7713e-04
  方向有効性: ||R(u+eps*du)||/||R(u)|| = 0.999999
  ✓ du方向で残差が減少 — Newton方向は有効
  FD方向微分 = 8.1408e-04
  解析方向微分 = 8.5019e-05
  全体系 K@du: FD vs 解析 相対誤差 = 1.0204e+00
  ⚠ 全体系で接線剛性不整合 — K_c自体が不正確
  全体系不整合DOF上位5件:
    dof=1712 (node=285, comp=2): FD=5.8654e-03, analytical=5.3640e-10, diff=5.8654e-03
    dof=1718 (node=286, comp=2): FD=-4.5511e-03, analytical=-3.6130e-10, diff=-4.5511e-03
    dof=686 (node=114, comp=2): FD=4.3506e-03, analytical=3.5290e-10, diff=4.3506e-03
    dof=1298 (node=216, comp=2): FD=4.2850e-03, analytical=2.2289e-10, diff=4.2850e-03
    dof=1508 (node=251, comp=2): FD=4.2653e-03, analytical=1.0247e-09, diff=4.2653e-03
  comp別不整合: [x:1.00e-02(38%), y:2.52e-03(10%), z:2.38e-02(90%), θx:3.38e-03(13%), θy:4.06e-03(15%), θz:5.93e-04(2%)]
  接触DOF不整合: 4.07e-03 (288 DOFs), 構造DOF不整合: 2.61e-02 (1650 DOFs)
  活性DOF K@du: FD vs 解析 相対誤差 = 9.8676e-01 (288 DOFs)
  ⚠ 活性DOFで接線剛性不整合
  方向微分整合度: |FD-解析|/max = 8.9556e-01
------------------------------------------------------------
  f_c 単独FD検証（K_c精度）
  ||∂f_c/∂u·du (FD)|| = 1.4368e-03
  ||K_c @ du|| = 3.3610e-05
  f_c FD相対誤差 = 1.0043e+00
  ⚠ K_c自体が不正確（f_c単独で10%超の不整合）
  f_c comp別不整合: [x=5.1e-04/36%, y=1.3e-03/91%, z=3.1e-04/21%, θx=0.0e+00/0%, θy=0.0e+00/0%, θz=0.0e+00/0%]
  f_c不整合DOF上位5件:
    dof=487 (node=81, comp=1): FD=-7.8767e-04, K_c=9.1410e-07, diff=-7.8858e-04
    dof=493 (node=82, comp=1): FD=-5.1833e-04, K_c=6.5129e-07, diff=-5.1898e-04
    dof=997 (node=166, comp=1): FD=5.1249e-04, K_c=-8.8044e-07, diff=5.1337e-04
    dof=1003 (node=167, comp=1): FD=4.0047e-04, K_c=-7.1911e-07, diff=4.0119e-04
    dof=486 (node=81, comp=0): FD=2.8810e-04, K_c=-3.1767e-07, diff=2.8842e-04
============================================================
[K_c成分FD]
============================================================
K_c 成分分解 FD 診断（status-342）  [incr=158 att=21]
============================================================
  ||du|| = 3.4672e-03, eps = 1.00e-07
  ||dfc (FD)|| = 1.4368e-03
  ||K_mat@du|| = 1.4213e-03, ||K_geo@du|| = 1.6809e-07, ||K_st@du||  = 2.3360e-04
  ||K_c@du||   = 1.4177e-03
  寄与率: mat= 1.00, geo= 0.00, st= 0.16
------------------------------------------------------------
  組み合わせ別 FD 相対誤差（K_c = K_mat - K_geo + K_st 合意）:
    full     = 1.9716e-01
    mat_only = 1.1401e-01  (geo/st 除外)
    mat_geo  = 1.1406e-01  (st 除外)
    mat_st   = 1.9713e-01   (geo 除外)
  最良組み合わせ: mat_only (rel_err=1.1401e-01)
------------------------------------------------------------
  [    full] comp 別不整合: [x= 55.4%, y= 71.3%, z= 43.1%, tx=  0.0%, ty=  0.0%, tz=  0.0%]
  [mat_only] comp 別不整合: [x= 72.0%, y= 11.5%, z= 68.5%, tx=  0.0%, ty=  0.0%, tz=  0.0%]
  [ mat_geo] comp 別不整合: [x= 72.0%, y= 11.5%, z= 68.5%, tx=  0.0%, ty=  0.0%, tz=  0.0%]
  [  mat_st] comp 別不整合: [x= 55.4%, y= 71.2%, z= 43.1%, tx=  0.0%, ty=  0.0%, tz=  0.0%]
  ⚠ K_st 足し込みで rel_err が +8.3092e-02 悪化 — K_st が primary driver の可能性
  ⚠ K_geo 足し込みで rel_err が +8.3118e-02 悪化 — K_geo が primary driver の可能性
============================================================
============================================================
接線剛性FD方向診断（status-256）
============================================================
  ||du|| = 2.9258e-04
  ||R_u|| = 7.0160e-05
  ⚠ R_u vs compute_residual(u) 乖離: 1.6816e-03 (リラクゼーション/動的項の差異)
  ||R_base|| = 1.6912e-03
  ||R(u+eps*du)|| = 1.6912e-03
  方向有効性: ||R(u+eps*du)||/||R(u)|| = 1.000000
  ⚠ du方向で残差が増加 — Newton方向が無効
  FD方向微分 = -4.7795e-03
  解析方向微分 = 9.5802e-06
  全体系 K@du: FD vs 解析 相対誤差 = 1.0011e+00
  ⚠ 全体系で接線剛性不整合 — K_c自体が不正確
  全体系不整合DOF上位5件:
    dof=450 (node=75, comp=0): FD=6.7852e-03, analytical=5.0631e-07, diff=6.7847e-03
    dof=354 (node=59, comp=0): FD=-6.7355e-03, analytical=2.1168e-07, diff=-6.7357e-03
    dof=348 (node=58, comp=0): FD=-6.3208e-03, analytical=-2.9025e-07, diff=-6.3205e-03
    dof=456 (node=76, comp=0): FD=6.1284e-03, analytical=3.7020e-07, diff=6.1280e-03
    dof=451 (node=75, comp=1): FD=-5.0170e-03, analytical=9.0172e-07, diff=-5.0179e-03
  comp別不整合: [x:1.56e-02(60%), y:9.24e-03(35%), z:1.88e-02(72%), θx:4.22e-04(2%), θy:1.10e-03(4%), θz:3.80e-05(0%)]
  接触DOF不整合: 1.84e-02 (252 DOFs), 構造DOF不整合: 1.85e-02 (1686 DOFs)
  活性DOF K@du: FD vs 解析 相対誤差 = 1.0002e+00 (252 DOFs)
  ⚠ 活性DOFで接線剛性不整合
  方向微分整合度: |FD-解析|/max = 1.0020e+00
------------------------------------------------------------
  f_c 単独FD検証（K_c精度）
  ||∂f_c/∂u·du (FD)|| = 1.3497e-04
  ||K_c @ du|| = 1.3168e-05
  f_c FD相対誤差 = 1.0209e+00
  ⚠ K_c自体が不正確（f_c単独で10%超の不整合）
  f_c comp別不整合: [x=7.0e-05/51%, y=1.1e-04/82%, z=3.5e-05/26%, θx=0.0e+00/0%, θy=0.0e+00/0%, θz=0.0e+00/0%]
  f_c不整合DOF上位5件:
    dof=499 (node=83, comp=1): FD=5.0915e-05, K_c=-9.2090e-10, diff=5.0915e-05
    dof=601 (node=100, comp=1): FD=-5.0440e-05, K_c=7.9553e-10, diff=-5.0441e-05
    dof=445 (node=74, comp=1): FD=4.3767e-05, K_c=5.1290e-07, diff=4.3254e-05
    dof=444 (node=74, comp=0): FD=-4.0428e-05, K_c=2.2962e-06, diff=-4.2724e-05
    dof=595 (node=99, comp=1): FD=-3.4702e-05, K_c=7.8877e-09, diff=-3.4710e-05
============================================================
[K_c成分FD]
============================================================
K_c 成分分解 FD 診断（status-342）  [incr=158 att=22]
============================================================
  ||du|| = 2.9258e-04, eps = 1.00e-07
  ||dfc (FD)|| = 1.3517e-04
  ||K_mat@du|| = 1.3165e-04, ||K_geo@du|| = 1.9020e-07, ||K_st@du||  = 4.0979e-05
  ||K_c@du||   = 1.4407e-04
  寄与率: mat= 0.91, geo= 0.00, st= 0.28
------------------------------------------------------------
  組み合わせ別 FD 相対誤差（K_c = K_mat - K_geo + K_st 合意）:
    full     = 3.0423e-01
    mat_only = 1.6030e-01  (geo/st 除外)
    mat_geo  = 1.6114e-01  (st 除外)
    mat_st   = 3.0391e-01   (geo 除外)
  最良組み合わせ: mat_only (rel_err=1.6030e-01)
------------------------------------------------------------
  [    full] comp 別不整合: [x= 31.2%, y= 88.9%, z= 33.6%, tx=  0.0%, ty=  0.0%, tz=  0.0%]
  [mat_only] comp 別不整合: [x= 72.2%, y= 36.1%, z= 59.0%, tx=  0.0%, ty=  0.0%, tz=  0.0%]
  [ mat_geo] comp 別不整合: [x= 72.5%, y= 36.0%, z= 58.7%, tx=  0.0%, ty=  0.0%, tz=  0.0%]
  [  mat_st] comp 別不整合: [x= 30.9%, y= 89.0%, z= 33.6%, tx=  0.0%, ty=  0.0%, tz=  0.0%]
  ⚠ K_st 足し込みで rel_err が +1.4309e-01 悪化 — K_st が primary driver の可能性
  ⚠ K_geo 足し込みで rel_err が +1.4361e-01 悪化 — K_geo が primary driver の可能性
============================================================
============================================================
接線剛性FD方向診断（status-256）
============================================================
  ||du|| = 1.7908e-04
  ||R_u|| = 1.5042e-05
  ⚠ R_u vs compute_residual(u) 乖離: 1.5634e-03 (リラクゼーション/動的項の差異)
  ||R_base|| = 1.5632e-03
  ||R(u+eps*du)|| = 1.5632e-03
  方向有効性: ||R(u+eps*du)||/||R(u)|| = 1.000000
  ⚠ du方向で残差が増加 — Newton方向が無効
  FD方向微分 = -3.1670e-03
  解析方向微分 = 4.6518e-06
  全体系 K@du: FD vs 解析 相対誤差 = 1.0005e+00
  ⚠ 全体系で接線剛性不整合 — K_c自体が不正確
  全体系不整合DOF上位5件:
    dof=596 (node=99, comp=2): FD=6.8033e-03, analytical=-4.9260e-07, diff=6.8038e-03
    dof=494 (node=82, comp=2): FD=-4.4118e-03, analytical=4.8141e-07, diff=-4.4123e-03
    dof=500 (node=83, comp=2): FD=-4.2284e-03, analytical=6.9317e-07, diff=-4.2291e-03
    dof=350 (node=58, comp=2): FD=-4.1521e-03, analytical=1.1038e-07, diff=-4.1522e-03
    dof=398 (node=66, comp=2): FD=-3.8424e-03, analytical=8.3663e-09, diff=-3.8424e-03
  comp別不整合: [x:9.45e-03(41%), y:6.15e-03(27%), z:2.02e-02(87%), θx:2.96e-04(1%), θy:5.32e-04(2%), θz:2.16e-05(0%)]
  接触DOF不整合: 1.49e-02 (252 DOFs), 構造DOF不整合: 1.77e-02 (1686 DOFs)
  活性DOF K@du: FD vs 解析 相対誤差 = 1.0005e+00 (252 DOFs)
  ⚠ 活性DOFで接線剛性不整合
  方向微分整合度: |FD-解析|/max = 1.0015e+00
------------------------------------------------------------
  f_c 単独FD検証（K_c精度）
  ||∂f_c/∂u·du (FD)|| = 7.1605e-05
  ||K_c @ du|| = 8.5136e-06
  f_c FD相対誤差 = 1.0339e+00
  ⚠ K_c自体が不正確（f_c単独で10%超の不整合）
  f_c comp別不整合: [x=3.6e-05/49%, y=6.0e-05/81%, z=2.4e-05/33%, θx=0.0e+00/0%, θy=0.0e+00/0%, θz=0.0e+00/0%]
  f_c不整合DOF上位5件:
    dof=445 (node=74, comp=1): FD=-2.4885e-05, K_c=-2.5972e-07, diff=-2.4625e-05
    dof=499 (node=83, comp=1): FD=-2.3797e-05, K_c=2.4685e-09, diff=-2.3800e-05
    dof=601 (node=100, comp=1): FD=2.3571e-05, K_c=-2.4052e-09, diff=2.3574e-05
    dof=444 (node=74, comp=0): FD=2.1518e-05, K_c=-1.0927e-06, diff=2.2610e-05
    dof=1056 (node=176, comp=0): FD=-1.7353e-05, K_c=3.3297e-07, diff=-1.7686e-05
============================================================
[K_c成分FD]
============================================================
K_c 成分分解 FD 診断（status-342）  [incr=158 att=23]
============================================================
  ||du|| = 1.7908e-04, eps = 1.00e-07
  ||dfc (FD)|| = 7.1475e-05
  ||K_mat@du|| = 6.9066e-05, ||K_geo@du|| = 6.9595e-08, ||K_st@du||  = 2.5943e-05
  ||K_c@du||   = 7.5753e-05
  寄与率: mat= 0.91, geo= 0.00, st= 0.34
------------------------------------------------------------
  組み合わせ別 FD 相対誤差（K_c = K_mat - K_geo + K_st 合意）:
    full     = 3.6832e-01
    mat_only = 1.7704e-01  (geo/st 除外)
    mat_geo  = 1.7755e-01  (st 除外)
    mat_st   = 3.6813e-01   (geo 除外)
  最良組み合わせ: mat_only (rel_err=1.7704e-01)
------------------------------------------------------------
  [    full] comp 別不整合: [x= 36.3%, y= 89.6%, z= 25.5%, tx=  0.0%, ty=  0.0%, tz=  0.0%]
  [mat_only] comp 別不整合: [x= 57.3%, y= 43.5%, z= 69.5%, tx=  0.0%, ty=  0.0%, tz=  0.0%]
  [ mat_geo] comp 別不整合: [x= 57.6%, y= 43.4%, z= 69.3%, tx=  0.0%, ty=  0.0%, tz=  0.0%]
  [  mat_st] comp 別不整合: [x= 36.3%, y= 89.6%, z= 25.5%, tx=  0.0%, ty=  0.0%, tz=  0.0%]
  ⚠ K_st 足し込みで rel_err が +1.9077e-01 悪化 — K_st が primary driver の可能性
  ⚠ K_geo 足し込みで rel_err が +1.9109e-01 悪化 — K_geo が primary driver の可能性
============================================================
============================================================
接線剛性FD方向診断（status-256）
============================================================
  ||du|| = 1.7104e-04
  ||R_u|| = 1.4299e-05
  ⚠ R_u vs compute_residual(u) 乖離: 1.5652e-03 (リラクゼーション/動的項の差異)
  ||R_base|| = 1.5651e-03
  ||R(u+eps*du)|| = 1.5651e-03
  方向有効性: ||R(u+eps*du)||/||R(u)|| = 1.000000
  ⚠ du方向で残差が増加 — Newton方向が無効
  FD方向微分 = 9.7414e-05
  解析方向微分 = 4.4188e-06
  全体系 K@du: FD vs 解析 相対誤差 = 1.0004e+00
  ⚠ 全体系で接線剛性不整合 — K_c自体が不正確
  全体系不整合DOF上位5件:
    dof=1202 (node=200, comp=2): FD=3.8110e-03, analytical=2.8742e-10, diff=3.8110e-03
    dof=1316 (node=219, comp=2): FD=-3.6377e-03, analytical=2.8990e-10, diff=-3.6377e-03
    dof=1208 (node=201, comp=2): FD=-3.5421e-03, analytical=-1.6062e-09, diff=-3.5421e-03
    dof=698 (node=116, comp=2): FD=-3.5379e-03, analytical=-1.0762e-09, diff=-3.5379e-03
    dof=704 (node=117, comp=2): FD=3.3478e-03, analytical=-1.4002e-11, diff=3.3478e-03
  comp別不整合: [x:7.87e-03(41%), y:1.61e-03(8%), z:1.76e-02(91%), θx:2.83e-04(1%), θy:5.24e-04(3%), θz:2.05e-05(0%)]
  接触DOF不整合: 6.66e-03 (252 DOFs), 構造DOF不整合: 1.82e-02 (1686 DOFs)
  活性DOF K@du: FD vs 解析 相対誤差 = 9.9988e-01 (252 DOFs)
  ⚠ 活性DOFで接線剛性不整合
  方向微分整合度: |FD-解析|/max = 9.5464e-01
------------------------------------------------------------
  f_c 単独FD検証（K_c精度）
  ||∂f_c/∂u·du (FD)|| = 6.8251e-05
  ||K_c @ du|| = 8.1867e-06
  f_c FD相対誤差 = 1.0367e+00
  ⚠ K_c自体が不正確（f_c単独で10%超の不整合）
  f_c comp別不整合: [x=3.5e-05/50%, y=5.7e-05/81%, z=2.2e-05/31%, θx=0.0e+00/0%, θy=0.0e+00/0%, θz=0.0e+00/0%]
  f_c不整合DOF上位5件:
    dof=445 (node=74, comp=1): FD=-2.3782e-05, K_c=-2.5134e-07, diff=-2.3530e-05
    dof=499 (node=83, comp=1): FD=-2.2767e-05, K_c=2.3702e-09, diff=-2.2769e-05
    dof=601 (node=100, comp=1): FD=2.2551e-05, K_c=-2.3095e-09, diff=2.2553e-05
    dof=444 (node=74, comp=0): FD=2.0601e-05, K_c=-1.0465e-06, diff=2.1648e-05
    dof=1056 (node=176, comp=0): FD=-1.6613e-05, K_c=3.2057e-07, diff=-1.6934e-05
============================================================
[K_c成分FD]
============================================================
K_c 成分分解 FD 診断（status-342）  [incr=158 att=24]
============================================================
  ||du|| = 1.7104e-04, eps = 1.00e-07
  ||dfc (FD)|| = 6.8245e-05
  ||K_mat@du|| = 6.5882e-05, ||K_geo@du|| = 6.6621e-08, ||K_st@du||  = 2.4761e-05
  ||K_c@du||   = 7.2300e-05
  寄与率: mat= 0.91, geo= 0.00, st= 0.34
------------------------------------------------------------
  組み合わせ別 FD 相対誤差（K_c = K_mat - K_geo + K_st 合意）:
    full     = 3.6856e-01
    mat_only = 1.7796e-01  (geo/st 除外)
    mat_geo  = 1.7847e-01  (st 除外)
    mat_st   = 3.6837e-01   (geo 除外)
  最良組み合わせ: mat_only (rel_err=1.7796e-01)
------------------------------------------------------------
  [    full] comp 別不整合: [x= 35.8%, y= 89.8%, z= 25.6%, tx=  0.0%, ty=  0.0%, tz=  0.0%]
  [mat_only] comp 別不整合: [x= 57.6%, y= 43.6%, z= 69.1%, tx=  0.0%, ty=  0.0%, tz=  0.0%]
  [ mat_geo] comp 別不整合: [x= 57.9%, y= 43.5%, z= 68.9%, tx=  0.0%, ty=  0.0%, tz=  0.0%]
  [  mat_st] comp 別不整合: [x= 35.8%, y= 89.8%, z= 25.6%, tx=  0.0%, ty=  0.0%, tz=  0.0%]
  ⚠ K_st 足し込みで rel_err が +1.9009e-01 悪化 — K_st が primary driver の可能性
  ⚠ K_geo 足し込みで rel_err が +1.9041e-01 悪化 — K_geo が primary driver の可能性
============================================================
  Incr 158 (frac=0.3498), attempt 25 [D.stall+E], ||R_t||/||f|| = 1.036e-05, ||R_r|| = 6.448e-06, ||R_w||/||f||=1.040e-05, rate=0.952, active=27, R(x=1.0e-05/74%,y=6.3e-06/46%,z=1.8e-06/14%)
============================================================
接線剛性FD方向診断（status-256）
============================================================
  ||du|| = 1.6385e-04
  ||R_u|| = 1.3593e-05
  ⚠ R_u vs compute_residual(u) 乖離: 1.5670e-03 (リラクゼーション/動的項の差異)
  ||R_base|| = 1.5668e-03
  ||R(u+eps*du)|| = 1.5668e-03
  方向有効性: ||R(u+eps*du)||/||R(u)|| = 1.000000
  ⚠ du方向で残差が増加 — Newton方向が無効
  FD方向微分 = 9.4962e-05
  解析方向微分 = 4.1960e-06
  全体系 K@du: FD vs 解析 相対誤差 = 1.0004e+00
  ⚠ 全体系で接線剛性不整合 — K_c自体が不正確
  全体系不整合DOF上位5件:
    dof=1094 (node=182, comp=2): FD=3.7076e-03, analytical=4.2339e-10, diff=3.7076e-03
    dof=1922 (node=320, comp=2): FD=3.5455e-03, analytical=4.5198e-11, diff=3.5455e-03
    dof=374 (node=62, comp=2): FD=3.5390e-03, analytical=-9.5294e-10, diff=3.5390e-03
    dof=698 (node=116, comp=2): FD=-3.5352e-03, analytical=-1.0886e-09, diff=-3.5352e-03
    dof=806 (node=134, comp=2): FD=-3.3318e-03, analytical=2.8113e-11, diff=-3.3318e-03
  comp別不整合: [x:7.24e-03(39%), y:1.58e-03(8%), z:1.71e-02(92%), θx:2.72e-04(1%), θy:5.43e-04(3%), θz:2.02e-05(0%)]
  接触DOF不整合: 5.86e-03 (252 DOFs), 構造DOF不整合: 1.77e-02 (1686 DOFs)
  活性DOF K@du: FD vs 解析 相対誤差 = 9.9990e-01 (252 DOFs)
  ⚠ 活性DOFで接線剛性不整合
  方向微分整合度: |FD-解析|/max = 9.5581e-01
------------------------------------------------------------
  f_c 単独FD検証（K_c精度）
  ||∂f_c/∂u·du (FD)|| = 6.5247e-05
  ||K_c @ du|| = 7.9208e-06
  f_c FD相対誤差 = 1.0373e+00
  ⚠ K_c自体が不正確（f_c単独で10%超の不整合）
  f_c comp別不整合: [x=3.4e-05/50%, y=5.5e-05/81%, z=2.1e-05/31%, θx=0.0e+00/0%, θy=0.0e+00/0%, θz=0.0e+00/0%]
  f_c不整合DOF上位5件:
    dof=445 (node=74, comp=1): FD=-2.2719e-05, K_c=-2.4360e-07, diff=-2.2476e-05
    dof=499 (node=83, comp=1): FD=-2.1751e-05, K_c=2.2048e-09, diff=-2.1753e-05
    dof=601 (node=100, comp=1): FD=2.1545e-05, K_c=-2.1472e-09, diff=2.1547e-05
    dof=444 (node=74, comp=0): FD=1.9704e-05, K_c=-1.0043e-06, diff=2.0708e-05
    dof=1056 (node=176, comp=0): FD=-1.5881e-05, K_c=3.0914e-07, diff=-1.6190e-05
============================================================
[K_c成分FD]
============================================================
K_c 成分分解 FD 診断（status-342）  [incr=158 att=25]
============================================================
  ||du|| = 1.6385e-04, eps = 1.00e-07
  ||dfc (FD)|| = 6.5242e-05
  ||K_mat@du|| = 6.3026e-05, ||K_geo@du|| = 6.3935e-08, ||K_st@du||  = 2.3700e-05
  ||K_c@du||   = 6.9203e-05
  寄与率: mat= 0.91, geo= 0.00, st= 0.34
------------------------------------------------------------
  組み合わせ別 FD 相対誤差（K_c = K_mat - K_geo + K_st 合意）:
    full     = 3.6879e-01
    mat_only = 1.7874e-01  (geo/st 除外)
    mat_geo  = 1.7925e-01  (st 除外)
    mat_st   = 3.6860e-01   (geo 除外)
  最良組み合わせ: mat_only (rel_err=1.7874e-01)
------------------------------------------------------------
  [    full] comp 別不整合: [x= 35.5%, y= 90.0%, z= 25.5%, tx=  0.0%, ty=  0.0%, tz=  0.0%]
  [mat_only] comp 別不整合: [x= 58.0%, y= 44.1%, z= 68.5%, tx=  0.0%, ty=  0.0%, tz=  0.0%]
  [ mat_geo] comp 別不整合: [x= 58.3%, y= 44.0%, z= 68.3%, tx=  0.0%, ty=  0.0%, tz=  0.0%]
  [  mat_st] comp 別不整合: [x= 35.4%, y= 90.0%, z= 25.5%, tx=  0.0%, ty=  0.0%, tz=  0.0%]
  ⚠ K_st 足し込みで rel_err が +1.8953e-01 悪化 — K_st が primary driver の可能性
  ⚠ K_geo 足し込みで rel_err が +1.8986e-01 悪化 — K_geo が primary driver の可能性
============================================================
============================================================
接線剛性FD方向診断（status-256）
============================================================
  ||du|| = 1.5682e-04
  ||R_u|| = 1.2919e-05
  ⚠ R_u vs compute_residual(u) 乖離: 1.5687e-03 (リラクゼーション/動的項の差異)
  ||R_base|| = 1.5685e-03
  ||R(u+eps*du)|| = 1.5685e-03
  方向有効性: ||R(u+eps*du)||/||R(u)|| = 1.000000
  ⚠ du方向で残差が増加 — Newton方向が無効
  FD方向微分 = 9.2671e-05
  解析方向微分 = 3.9826e-06
  全体系 K@du: FD vs 解析 相対誤差 = 1.0003e+00
  ⚠ 全体系で接線剛性不整合 — K_c自体が不正確
  全体系不整合DOF上位5件:
    dof=584 (node=97, comp=2): FD=-4.3291e-03, analytical=-8.4430e-10, diff=-4.3291e-03
    dof=1190 (node=198, comp=2): FD=-4.2974e-03, analytical=-2.0662e-10, diff=-4.2974e-03
    dof=1724 (node=287, comp=2): FD=-4.0196e-03, analytical=-1.3604e-09, diff=-4.0196e-03
    dof=1718 (node=286, comp=2): FD=4.0193e-03, analytical=2.9809e-10, diff=4.0193e-03
    dof=590 (node=98, comp=2): FD=3.9869e-03, analytical=-7.2856e-11, diff=3.9869e-03
  comp別不整合: [x:7.91e-03(39%), y:1.55e-03(8%), z:1.84e-02(92%), θx:2.61e-04(1%), θy:4.94e-04(2%), θz:2.02e-05(0%)]
  接触DOF不整合: 6.16e-03 (252 DOFs), 構造DOF不整合: 1.91e-02 (1686 DOFs)
  活性DOF K@du: FD vs 解析 相対誤差 = 9.9990e-01 (252 DOFs)
  ⚠ 活性DOFで接線剛性不整合
  方向微分整合度: |FD-解析|/max = 9.5702e-01
------------------------------------------------------------
  f_c 単独FD検証（K_c精度）
  ||∂f_c/∂u·du (FD)|| = 6.2412e-05
  ||K_c @ du|| = 7.6518e-06
  f_c FD相対誤差 = 1.0378e+00
  ⚠ K_c自体が不正確（f_c単独で10%超の不整合）
  f_c comp別不整合: [x=3.2e-05/50%, y=5.2e-05/81%, z=2.0e-05/31%, θx=0.0e+00/0%, θy=0.0e+00/0%, θz=0.0e+00/0%]
  f_c不整合DOF上位5件:
    dof=445 (node=74, comp=1): FD=-2.1755e-05, K_c=-2.3594e-07, diff=-2.1519e-05
    dof=499 (node=83, comp=1): FD=-2.0773e-05, K_c=2.0508e-09, diff=-2.0775e-05
    dof=601 (node=100, comp=1): FD=2.0576e-05, K_c=-1.9961e-09, diff=2.0578e-05
    dof=444 (node=74, comp=0): FD=1.8886e-05, K_c=-9.6313e-07, diff=1.9849e-05
    dof=1056 (node=176, comp=0): FD=-1.5226e-05, K_c=2.9794e-07, diff=-1.5524e-05
============================================================
[K_c成分FD]
============================================================
K_c 成分分解 FD 診断（status-342）  [incr=158 att=26]
============================================================
  ||du|| = 1.5682e-04, eps = 1.00e-07
  ||dfc (FD)|| = 6.2407e-05
  ||K_mat@du|| = 6.0236e-05, ||K_geo@du|| = 6.1311e-08, ||K_st@du||  = 2.2665e-05
  ||K_c@du||   = 6.6177e-05
  寄与率: mat= 0.91, geo= 0.00, st= 0.34
------------------------------------------------------------
  組み合わせ別 FD 相対誤差（K_c = K_mat - K_geo + K_st 合意）:
    full     = 3.6908e-01
    mat_only = 1.7939e-01  (geo/st 除外)
    mat_geo  = 1.7991e-01  (st 除外)
    mat_st   = 3.6888e-01   (geo 除外)
  最良組み合わせ: mat_only (rel_err=1.7939e-01)
------------------------------------------------------------
  [    full] comp 別不整合: [x= 35.1%, y= 90.1%, z= 25.6%, tx=  0.0%, ty=  0.0%, tz=  0.0%]
  [mat_only] comp 別不整合: [x= 58.3%, y= 44.3%, z= 68.1%, tx=  0.0%, ty=  0.0%, tz=  0.0%]
  [ mat_geo] comp 別不整合: [x= 58.6%, y= 44.3%, z= 67.9%, tx=  0.0%, ty=  0.0%, tz=  0.0%]
  [  mat_st] comp 別不整合: [x= 35.0%, y= 90.1%, z= 25.6%, tx=  0.0%, ty=  0.0%, tz=  0.0%]
  ⚠ K_st 足し込みで rel_err が +1.8917e-01 悪化 — K_st が primary driver の可能性
  ⚠ K_geo 足し込みで rel_err が +1.8949e-01 悪化 — K_geo が primary driver の可能性
============================================================
============================================================
接線剛性FD方向診断（status-256）
============================================================
  ||du|| = 1.4997e-04
  ||R_u|| = 1.2277e-05
  ⚠ R_u vs compute_residual(u) 乖離: 1.5703e-03 (リラクゼーション/動的項の差異)
  ||R_base|| = 1.5701e-03
  ||R(u+eps*du)|| = 1.5701e-03
  方向有効性: ||R(u+eps*du)||/||R(u)|| = 1.000000
  ⚠ du方向で残差が増加 — Newton方向が無効
  FD方向微分 = 9.0246e-05
  解析方向微分 = 3.7784e-06
  全体系 K@du: FD vs 解析 相対誤差 = 1.0002e+00
  ⚠ 全体系で接線剛性不整合 — K_c自体が不正確
  全体系不整合DOF上位5件:
    dof=1298 (node=216, comp=2): FD=-4.2791e-03, analytical=-1.5812e-10, diff=-4.2791e-03
    dof=584 (node=97, comp=2): FD=4.2079e-03, analytical=-4.4529e-10, diff=4.2079e-03
    dof=692 (node=115, comp=2): FD=-3.9945e-03, analytical=-6.8247e-10, diff=-3.9945e-03
    dof=1826 (node=304, comp=2): FD=3.9454e-03, analytical=3.0909e-10, diff=3.9454e-03
    dof=578 (node=96, comp=2): FD=-3.5742e-03, analytical=-2.1888e-08, diff=-3.5742e-03
  comp別不整合: [x:8.21e-03(40%), y:1.51e-03(7%), z:1.89e-02(91%), θx:2.50e-04(1%), θy:5.18e-04(3%), θz:1.79e-05(0%)]
  接触DOF不整合: 6.94e-03 (252 DOFs), 構造DOF不整合: 1.95e-02 (1686 DOFs)
  活性DOF K@du: FD vs 解析 相対誤差 = 9.9996e-01 (252 DOFs)
  ⚠ 活性DOFで接線剛性不整合
  方向微分整合度: |FD-解析|/max = 9.5813e-01
------------------------------------------------------------
  f_c 単独FD検証（K_c精度）
  ||∂f_c/∂u·du (FD)|| = 5.9646e-05
  ||K_c @ du|| = 7.3810e-06
  f_c FD相対誤差 = 1.0383e+00
  ⚠ K_c自体が不正確（f_c単独で10%超の不整合）
  f_c comp別不整合: [x=3.1e-05/50%, y=5.0e-05/81%, z=1.9e-05/31%, θx=0.0e+00/0%, θy=0.0e+00/0%, θz=0.0e+00/0%]
  f_c不整合DOF上位5件:
    dof=445 (node=74, comp=1): FD=-2.0811e-05, K_c=-2.2836e-07, diff=-2.0583e-05
    dof=499 (node=83, comp=1): FD=-1.9792e-05, K_c=1.9074e-09, diff=-1.9793e-05
    dof=601 (node=100, comp=1): FD=1.9604e-05, K_c=-1.8555e-09, diff=1.9606e-05
    dof=444 (node=74, comp=0): FD=1.8112e-05, K_c=-9.2316e-07, diff=1.9036e-05
    dof=1056 (node=176, comp=0): FD=-1.4597e-05, K_c=2.8699e-07, diff=-1.4884e-05
============================================================
[K_c成分FD]
============================================================
K_c 成分分解 FD 診断（status-342）  [incr=158 att=27]
============================================================
  ||du|| = 1.4997e-04, eps = 1.00e-07
  ||dfc (FD)|| = 5.9641e-05
  ||K_mat@du|| = 5.7516e-05, ||K_geo@du|| = 5.8751e-08, ||K_st@du||  = 2.1655e-05
  ||K_c@du||   = 6.3227e-05
  寄与率: mat= 0.91, geo= 0.00, st= 0.34
------------------------------------------------------------
  組み合わせ別 FD 相対誤差（K_c = K_mat - K_geo + K_st 合意）:
    full     = 3.6957e-01
    mat_only = 1.8010e-01  (geo/st 除外)
    mat_geo  = 1.8061e-01  (st 除外)
    mat_st   = 3.6937e-01   (geo 除外)
  最良組み合わせ: mat_only (rel_err=1.8010e-01)
------------------------------------------------------------
  [    full] comp 別不整合: [x= 34.6%, y= 90.2%, z= 25.8%, tx=  0.0%, ty=  0.0%, tz=  0.0%]
  [mat_only] comp 別不整合: [x= 58.5%, y= 44.5%, z= 67.8%, tx=  0.0%, ty=  0.0%, tz=  0.0%]
  [ mat_geo] comp 別不整合: [x= 58.8%, y= 44.4%, z= 67.6%, tx=  0.0%, ty=  0.0%, tz=  0.0%]
  [  mat_st] comp 別不整合: [x= 34.6%, y= 90.2%, z= 25.8%, tx=  0.0%, ty=  0.0%, tz=  0.0%]
  ⚠ K_st 足し込みで rel_err が +1.8895e-01 悪化 — K_st が primary driver の可能性
  ⚠ K_geo 足し込みで rel_err が +1.8927e-01 悪化 — K_geo が primary driver の可能性
============================================================
============================================================
接線剛性FD方向診断（status-256）
============================================================
  ||du|| = 1.4329e-04
  ||R_u|| = 1.1665e-05
  ⚠ R_u vs compute_residual(u) 乖離: 1.5718e-03 (リラクゼーション/動的項の差異)
  ||R_base|| = 1.5717e-03
  ||R(u+eps*du)|| = 1.5717e-03
  方向有効性: ||R(u+eps*du)||/||R(u)|| = 1.000000
  ⚠ du方向で残差が増加 — Newton方向が無効
  FD方向微分 = 8.7693e-05
  解析方向微分 = 3.5833e-06
  全体系 K@du: FD vs 解析 相対誤差 = 1.0002e+00
  ⚠ 全体系で接線剛性不整合 — K_c自体が不正確
  全体系不整合DOF上位5件:
    dof=380 (node=63, comp=2): FD=5.2875e-03, analytical=5.5159e-10, diff=5.2875e-03
    dof=386 (node=64, comp=2): FD=-4.3250e-03, analytical=1.9998e-09, diff=-4.3250e-03
    dof=1100 (node=183, comp=2): FD=-4.0714e-03, analytical=-3.5285e-10, diff=-4.0714e-03
    dof=578 (node=96, comp=2): FD=4.0048e-03, analytical=-2.0840e-08, diff=4.0048e-03
    dof=1304 (node=217, comp=2): FD=-3.9115e-03, analytical=-5.7254e-11, diff=-3.9115e-03
  comp別不整合: [x:8.30e-03(38%), y:1.77e-03(8%), z:2.00e-02(92%), θx:2.40e-04(1%), θy:4.89e-04(2%), θz:1.98e-05(0%)]
  接触DOF不整合: 5.83e-03 (252 DOFs), 構造DOF不整合: 2.09e-02 (1686 DOFs)
  活性DOF K@du: FD vs 解析 相対誤差 = 9.9990e-01 (252 DOFs)
  ⚠ 活性DOFで接線剛性不整合
  方向微分整合度: |FD-解析|/max = 9.5914e-01
------------------------------------------------------------
  f_c 単独FD検証（K_c精度）
  ||∂f_c/∂u·du (FD)|| = 5.6863e-05
  ||K_c @ du|| = 7.1094e-06
  f_c FD相対誤差 = 1.0389e+00
  ⚠ K_c自体が不正確（f_c単独で10%超の不整合）
  f_c comp別不整合: [x=3.0e-05/50%, y=4.8e-05/81%, z=1.8e-05/31%, θx=0.0e+00/0%, θy=0.0e+00/0%, θz=0.0e+00/0%]
  f_c不整合DOF上位5件:
    dof=445 (node=74, comp=1): FD=-1.9828e-05, K_c=-2.2086e-07, diff=-1.9608e-05
    dof=499 (node=83, comp=1): FD=-1.8850e-05, K_c=1.7739e-09, diff=-1.8852e-05
    dof=601 (node=100, comp=1): FD=1.8672e-05, K_c=-1.7247e-09, diff=1.8674e-05
    dof=444 (node=74, comp=0): FD=1.7266e-05, K_c=-8.8435e-07, diff=1.8151e-05
    dof=1056 (node=176, comp=0): FD=-1.3906e-05, K_c=2.7628e-07, diff=-1.4182e-05
============================================================
[K_c成分FD]
============================================================
K_c 成分分解 FD 診断（status-342）  [incr=158 att=28]
============================================================
  ||du|| = 1.4329e-04, eps = 1.00e-07
  ||dfc (FD)|| = 5.6857e-05
  ||K_mat@du|| = 5.4869e-05, ||K_geo@du|| = 5.6255e-08, ||K_st@du||  = 2.0672e-05
  ||K_c@du||   = 6.0353e-05
  寄与率: mat= 0.91, geo= 0.00, st= 0.34
------------------------------------------------------------
  組み合わせ別 FD 相対誤差（K_c = K_mat - K_geo + K_st 合意）:
    full     = 3.7020e-01
    mat_only = 1.8074e-01  (geo/st 除外)
    mat_geo  = 1.8126e-01  (st 除外)
    mat_st   = 3.7001e-01   (geo 除外)
  最良組み合わせ: mat_only (rel_err=1.8074e-01)
------------------------------------------------------------
  [    full] comp 別不整合: [x= 34.3%, y= 90.3%, z= 25.7%, tx=  0.0%, ty=  0.0%, tz=  0.0%]
  [mat_only] comp 別不整合: [x= 58.8%, y= 45.1%, z= 67.2%, tx=  0.0%, ty=  0.0%, tz=  0.0%]
  [ mat_geo] comp 別不整合: [x= 59.0%, y= 45.1%, z= 67.0%, tx=  0.0%, ty=  0.0%, tz=  0.0%]
  [  mat_st] comp 別不整合: [x= 34.3%, y= 90.4%, z= 25.7%, tx=  0.0%, ty=  0.0%, tz=  0.0%]
  ⚠ K_st 足し込みで rel_err が +1.8894e-01 悪化 — K_st が primary driver の可能性
  ⚠ K_geo 足し込みで rel_err が +1.8926e-01 悪化 — K_geo が primary driver の可能性
============================================================
  [Type D対策] FD診断: Newton方向精度不良 (dir_ratio=1.000), NR上限拡張→43
============================================================
接線剛性FD方向診断（status-256）
============================================================
  ||du|| = 1.3679e-04
  ||R_u|| = 1.1083e-05
  ⚠ R_u vs compute_residual(u) 乖離: 1.5733e-03 (リラクゼーション/動的項の差異)
  ||R_base|| = 1.5731e-03
  ||R(u+eps*du)|| = 1.5731e-03
  方向有効性: ||R(u+eps*du)||/||R(u)|| = 1.000000
  ⚠ du方向で残差が増加 — Newton方向が無効
  FD方向微分 = 8.5061e-05
  解析方向微分 = 3.3969e-06
  全体系 K@du: FD vs 解析 相対誤差 = 1.0002e+00
  ⚠ 全体系で接線剛性不整合 — K_c自体が不正確
  全体系不整合DOF上位5件:
    dof=476 (node=79, comp=2): FD=4.0122e-03, analytical=-4.3658e-09, diff=4.0122e-03
    dof=1094 (node=182, comp=2): FD=-3.9715e-03, analytical=8.6285e-12, diff=-3.9715e-03
    dof=1202 (node=200, comp=2): FD=-3.8122e-03, analytical=-7.8949e-12, diff=-3.8122e-03
    dof=1724 (node=287, comp=2): FD=-3.7554e-03, analytical=-1.0887e-09, diff=-3.7554e-03
    dof=1922 (node=320, comp=2): FD=3.5448e-03, analytical=7.7125e-11, diff=3.5448e-03
  comp別不整合: [x:8.42e-03(39%), y:1.67e-03(8%), z:2.00e-02(92%), θx:2.28e-04(1%), θy:4.89e-04(2%), θz:1.79e-05(0%)]
  接触DOF不整合: 5.36e-03 (252 DOFs), 構造DOF不整合: 2.11e-02 (1686 DOFs)
  活性DOF K@du: FD vs 解析 相対誤差 = 9.9991e-01 (252 DOFs)
  ⚠ 活性DOFで接線剛性不整合
  方向微分整合度: |FD-解析|/max = 9.6007e-01
------------------------------------------------------------
  f_c 単独FD検証（K_c精度）
  ||∂f_c/∂u·du (FD)|| = 5.4250e-05
  ||K_c @ du|| = 6.8383e-06
  f_c FD相対誤差 = 1.0393e+00
  ⚠ K_c自体が不正確（f_c単独で10%超の不整合）
  f_c comp別不整合: [x=2.9e-05/51%, y=4.5e-05/80%, z=1.7e-05/31%, θx=0.0e+00/0%, θy=0.0e+00/0%, θz=0.0e+00/0%]
  f_c不整合DOF上位5件:
    dof=445 (node=74, comp=1): FD=-1.8940e-05, K_c=-2.1346e-07, diff=-1.8726e-05
    dof=499 (node=83, comp=1): FD=-1.7935e-05, K_c=1.6498e-09, diff=-1.7937e-05
    dof=601 (node=100, comp=1): FD=1.7765e-05, K_c=-1.6031e-09, diff=1.7767e-05
    dof=444 (node=74, comp=0): FD=1.6527e-05, K_c=-8.4669e-07, diff=1.7374e-05
    dof=1056 (node=176, comp=0): FD=-1.3311e-05, K_c=2.6582e-07, diff=-1.3577e-05
============================================================
[K_c成分FD]
============================================================
K_c 成分分解 FD 診断（status-342）  [incr=158 att=29]
============================================================
  ||du|| = 1.3679e-04, eps = 1.00e-07
  ||dfc (FD)|| = 5.4245e-05
  ||K_mat@du|| = 5.2296e-05, ||K_geo@du|| = 5.3827e-08, ||K_st@du||  = 1.9717e-05
  ||K_c@du||   = 5.7560e-05
  寄与率: mat= 0.91, geo= 0.00, st= 0.34
------------------------------------------------------------
  組み合わせ別 FD 相対誤差（K_c = K_mat - K_geo + K_st 合意）:
    full     = 3.7000e-01
    mat_only = 1.8145e-01  (geo/st 除外)
    mat_geo  = 1.8196e-01  (st 除外)
    mat_st   = 3.6980e-01   (geo 除外)
  最良組み合わせ: mat_only (rel_err=1.8145e-01)
------------------------------------------------------------
  [    full] comp 別不整合: [x= 33.9%, y= 90.5%, z= 25.9%, tx=  0.0%, ty=  0.0%, tz=  0.0%]
  [mat_only] comp 別不整合: [x= 59.2%, y= 45.0%, z= 66.9%, tx=  0.0%, ty=  0.0%, tz=  0.0%]
  [ mat_geo] comp 別不整合: [x= 59.4%, y= 44.9%, z= 66.7%, tx=  0.0%, ty=  0.0%, tz=  0.0%]
  [  mat_st] comp 別不整合: [x= 33.8%, y= 90.5%, z= 25.9%, tx=  0.0%, ty=  0.0%, tz=  0.0%]
  ⚠ K_st 足し込みで rel_err が +1.8803e-01 悪化 — K_st が primary driver の可能性
  ⚠ K_geo 足し込みで rel_err が +1.8835e-01 悪化 — K_geo が primary driver の可能性
============================================================
  Incr 158 (frac=0.3498), attempt 30 [D.stall+E], ||R_t||/||f|| = 8.060e-06, ||R_r|| = 4.921e-06, ||R_w||/||f||=8.089e-06, rate=0.951, active=27, R(x=7.9e-06/75%,y=4.7e-06/44%,z=1.6e-06/15%)
============================================================
接線剛性FD方向診断（status-256）
============================================================
  ||du|| = 1.3047e-04
  ||R_u|| = 1.0529e-05
  ⚠ R_u vs compute_residual(u) 乖離: 1.5747e-03 (リラクゼーション/動的項の差異)
  ||R_base|| = 1.5745e-03
  ||R(u+eps*du)|| = 1.5745e-03
  方向有効性: ||R(u+eps*du)||/||R(u)|| = 1.000000
  ⚠ du方向で残差が増加 — Newton方向が無効
  FD方向微分 = 8.2348e-05
  解析方向微分 = 3.2190e-06
  全体系 K@du: FD vs 解析 相対誤差 = 1.0002e+00
  ⚠ 全体系で接線剛性不整合 — K_c自体が不正確
  全体系不整合DOF上位5件:
    dof=392 (node=65, comp=2): FD=-6.2848e-03, analytical=2.6212e-09, diff=-6.2848e-03
    dof=398 (node=66, comp=2): FD=5.6939e-03, analytical=5.1417e-09, diff=5.6939e-03
    dof=1814 (node=302, comp=2): FD=3.8830e-03, analytical=6.6181e-11, diff=3.8830e-03
    dof=686 (node=114, comp=2): FD=3.8340e-03, analytical=-9.6401e-11, diff=3.8340e-03
    dof=782 (node=130, comp=2): FD=-3.5868e-03, analytical=2.0976e-08, diff=-3.5868e-03
  comp別不整合: [x:8.95e-03(41%), y:1.49e-03(7%), z:2.00e-02(91%), θx:2.16e-04(1%), θy:4.53e-04(2%), θz:1.76e-05(0%)]
  接触DOF不整合: 5.36e-03 (252 DOFs), 構造DOF不整合: 2.13e-02 (1686 DOFs)
  活性DOF K@du: FD vs 解析 相対誤差 = 9.9997e-01 (252 DOFs)
  ⚠ 活性DOFで接線剛性不整合
  方向微分整合度: |FD-解析|/max = 9.6091e-01
------------------------------------------------------------
  f_c 単独FD検証（K_c精度）
  ||∂f_c/∂u·du (FD)|| = 5.1672e-05
  ||K_c @ du|| = 6.5686e-06
  f_c FD相対誤差 = 1.0398e+00
  ⚠ K_c自体が不正確（f_c単独で10%超の不整合）
  f_c comp別不整合: [x=2.7e-05/51%, y=4.3e-05/80%, z=1.7e-05/31%, θx=0.0e+00/0%, θy=0.0e+00/0%, θz=0.0e+00/0%]
  f_c不整合DOF上位5件:
    dof=445 (node=74, comp=1): FD=-1.8028e-05, K_c=-2.0616e-07, diff=-1.7822e-05
    dof=499 (node=83, comp=1): FD=-1.7060e-05, K_c=1.5345e-09, diff=-1.7061e-05
    dof=601 (node=100, comp=1): FD=1.6898e-05, K_c=-1.4902e-09, diff=1.6900e-05
    dof=444 (node=74, comp=0): FD=1.5776e-05, K_c=-8.1018e-07, diff=1.6586e-05
    dof=1056 (node=176, comp=0): FD=-1.2697e-05, K_c=2.5561e-07, diff=-1.2953e-05
============================================================
[K_c成分FD]
============================================================
K_c 成分分解 FD 診断（status-342）  [incr=158 att=30]
============================================================
  ||du|| = 1.3047e-04, eps = 1.00e-07
  ||dfc (FD)|| = 5.1667e-05
  ||K_mat@du|| = 4.9800e-05, ||K_geo@du|| = 5.1467e-08, ||K_st@du||  = 1.8790e-05
  ||K_c@du||   = 5.4849e-05
  寄与率: mat= 0.91, geo= 0.00, st= 0.34
------------------------------------------------------------
  組み合わせ別 FD 相対誤差（K_c = K_mat - K_geo + K_st 合意）:
    full     = 3.7021e-01
    mat_only = 1.8215e-01  (geo/st 除外)
    mat_geo  = 1.8267e-01  (st 除外)
    mat_st   = 3.7002e-01   (geo 除外)
  最良組み合わせ: mat_only (rel_err=1.8215e-01)
------------------------------------------------------------
  [    full] comp 別不整合: [x= 33.6%, y= 90.6%, z= 26.0%, tx=  0.0%, ty=  0.0%, tz=  0.0%]
  [mat_only] comp 別不整合: [x= 59.4%, y= 45.3%, z= 66.5%, tx=  0.0%, ty=  0.0%, tz=  0.0%]
  [ mat_geo] comp 別不整合: [x= 59.7%, y= 45.2%, z= 66.3%, tx=  0.0%, ty=  0.0%, tz=  0.0%]
  [  mat_st] comp 別不整合: [x= 33.5%, y= 90.6%, z= 26.0%, tx=  0.0%, ty=  0.0%, tz=  0.0%]
  ⚠ K_st 足し込みで rel_err が +1.8755e-01 悪化 — K_st が primary driver の可能性
  ⚠ K_geo 足し込みで rel_err が +1.8787e-01 悪化 — K_geo が primary driver の可能性
============================================================
============================================================
接線剛性FD方向診断（status-256）
============================================================
  ||du|| = 1.2435e-04
  ||R_u|| = 1.0003e-05
  ⚠ R_u vs compute_residual(u) 乖離: 1.5760e-03 (リラクゼーション/動的項の差異)
  ||R_base|| = 1.5759e-03
  ||R(u+eps*du)|| = 1.5759e-03
  方向有効性: ||R(u+eps*du)||/||R(u)|| = 1.000000
  ✓ du方向で残差が減少 — Newton方向は有効
  FD方向微分 = 7.9566e-05
  解析方向微分 = 3.0494e-06
  全体系 K@du: FD vs 解析 相対誤差 = 1.0001e+00
  ⚠ 全体系で接線剛性不整合 — K_c自体が不正確
  全体系不整合DOF上位5件:
    dof=1094 (node=182, comp=2): FD=-4.2280e-03, analytical=-1.3369e-10, diff=-4.2280e-03
    dof=590 (node=98, comp=2): FD=3.8546e-03, analytical=2.8525e-11, diff=3.8546e-03
    dof=1706 (node=284, comp=2): FD=-3.8391e-03, analytical=-3.4250e-10, diff=-3.8391e-03
    dof=1904 (node=317, comp=2): FD=3.7096e-03, analytical=-8.4842e-12, diff=3.7096e-03
    dof=1100 (node=183, comp=2): FD=3.7078e-03, analytical=1.4541e-10, diff=3.7078e-03
  comp別不整合: [x:8.83e-03(40%), y:1.85e-03(8%), z:2.04e-02(91%), θx:2.07e-04(1%), θy:4.75e-04(2%), θz:1.77e-05(0%)]
  接触DOF不整合: 7.39e-03 (252 DOFs), 構造DOF不整合: 2.11e-02 (1686 DOFs)
  活性DOF K@du: FD vs 解析 相対誤差 = 9.9996e-01 (252 DOFs)
  ⚠ 活性DOFで接線剛性不整合
  方向微分整合度: |FD-解析|/max = 9.6167e-01
------------------------------------------------------------
  f_c 単独FD検証（K_c精度）
  ||∂f_c/∂u·du (FD)|| = 4.9142e-05
  ||K_c @ du|| = 6.3013e-06
  f_c FD相対誤差 = 1.0403e+00
  ⚠ K_c自体が不正確（f_c単独で10%超の不整合）
  f_c comp別不整合: [x=2.6e-05/51%, y=4.1e-05/80%, z=1.6e-05/31%, θx=0.0e+00/0%, θy=0.0e+00/0%, θz=0.0e+00/0%]
  f_c不整合DOF上位5件:
    dof=445 (node=74, comp=1): FD=-1.7149e-05, K_c=-1.9898e-07, diff=-1.6951e-05
    dof=499 (node=83, comp=1): FD=-1.6204e-05, K_c=1.4275e-09, diff=-1.6206e-05
    dof=601 (node=100, comp=1): FD=1.6051e-05, K_c=-1.3855e-09, diff=1.6052e-05
    dof=444 (node=74, comp=0): FD=1.5014e-05, K_c=-7.7482e-07, diff=1.5788e-05
    dof=1056 (node=176, comp=0): FD=-1.2082e-05, K_c=2.4565e-07, diff=-1.2327e-05
============================================================
[K_c成分FD]
============================================================
K_c 成分分解 FD 診断（status-342）  [incr=158 att=31]
============================================================
  ||du|| = 1.2435e-04, eps = 1.00e-07
  ||dfc (FD)|| = 4.9137e-05
  ||K_mat@du|| = 4.7383e-05, ||K_geo@du|| = 4.9176e-08, ||K_st@du||  = 1.7893e-05
  ||K_c@du||   = 5.2223e-05
  寄与率: mat= 0.91, geo= 0.00, st= 0.34
------------------------------------------------------------
  組み合わせ別 FD 相対誤差（K_c = K_mat - K_geo + K_st 合意）:
    full     = 3.7079e-01
    mat_only = 1.8266e-01  (geo/st 除外)
    mat_geo  = 1.8317e-01  (st 除外)
    mat_st   = 3.7060e-01   (geo 除外)
  最良組み合わせ: mat_only (rel_err=1.8266e-01)
------------------------------------------------------------
  [    full] comp 別不整合: [x= 33.3%, y= 90.7%, z= 25.9%, tx=  0.0%, ty=  0.0%, tz=  0.0%]
  [mat_only] comp 別不整合: [x= 59.7%, y= 45.8%, z= 65.9%, tx=  0.0%, ty=  0.0%, tz=  0.0%]
  [ mat_geo] comp 別不整合: [x= 59.9%, y= 45.7%, z= 65.7%, tx=  0.0%, ty=  0.0%, tz=  0.0%]
  [  mat_st] comp 別不整合: [x= 33.2%, y= 90.7%, z= 26.0%, tx=  0.0%, ty=  0.0%, tz=  0.0%]
  ⚠ K_st 足し込みで rel_err が +1.8762e-01 悪化 — K_st が primary driver の可能性
  ⚠ K_geo 足し込みで rel_err が +1.8794e-01 悪化 — K_geo が primary driver の可能性
============================================================
============================================================
接線剛性FD方向診断（status-256）
============================================================
  ||du|| = 1.1843e-04
  ||R_u|| = 9.5028e-06
  ⚠ R_u vs compute_residual(u) 乖離: 1.5773e-03 (リラクゼーション/動的項の差異)
  ||R_base|| = 1.5771e-03
  ||R(u+eps*du)|| = 1.5771e-03
  方向有効性: ||R(u+eps*du)||/||R(u)|| = 1.000000
  ✓ du方向で残差が減少 — Newton方向は有効
  FD方向微分 = 7.6762e-05
  解析方向微分 = 2.8878e-06
  全体系 K@du: FD vs 解析 相対誤差 = 1.0001e+00
  ⚠ 全体系で接線剛性不整合 — K_c自体が不正確
  全体系不整合DOF上位5件:
    dof=380 (node=63, comp=2): FD=-4.8778e-03, analytical=8.5999e-11, diff=-4.8778e-03
    dof=578 (node=96, comp=2): FD=-4.5507e-03, analytical=-1.8396e-08, diff=-4.5507e-03
    dof=494 (node=82, comp=2): FD=4.1632e-03, analytical=3.1483e-07, diff=4.1629e-03
    dof=1088 (node=181, comp=2): FD=4.0864e-03, analytical=4.6884e-11, diff=4.0864e-03
    dof=500 (node=83, comp=2): FD=-3.9558e-03, analytical=4.5382e-07, diff=-3.9562e-03
  comp別不整合: [x:8.87e-03(40%), y:1.75e-03(8%), z:2.04e-02(91%), θx:1.95e-04(1%), θy:4.38e-04(2%), θz:1.64e-05(0%)]
  接触DOF不整合: 8.67e-03 (252 DOFs), 構造DOF不整合: 2.06e-02 (1686 DOFs)
  活性DOF K@du: FD vs 解析 相対誤差 = 9.9996e-01 (252 DOFs)
  ⚠ 活性DOFで接線剛性不整合
  方向微分整合度: |FD-解析|/max = 9.6238e-01
------------------------------------------------------------
  f_c 単独FD検証（K_c精度）
  ||∂f_c/∂u·du (FD)|| = 4.6777e-05
  ||K_c @ du|| = 6.0374e-06
  f_c FD相対誤差 = 1.0407e+00
  ⚠ K_c自体が不正確（f_c単独で10%超の不整合）
  f_c comp別不整合: [x=2.5e-05/51%, y=3.9e-05/80%, z=1.5e-05/31%, θx=0.0e+00/0%, θy=0.0e+00/0%, θz=0.0e+00/0%]
  f_c不整合DOF上位5件:
    dof=445 (node=74, comp=1): FD=-1.6339e-05, K_c=-1.9192e-07, diff=-1.6147e-05
    dof=499 (node=83, comp=1): FD=-1.5375e-05, K_c=1.3281e-09, diff=-1.5377e-05
    dof=601 (node=100, comp=1): FD=1.5230e-05, K_c=-1.2883e-09, diff=1.5231e-05
    dof=444 (node=74, comp=0): FD=1.4334e-05, K_c=-7.4062e-07, diff=1.5074e-05
    dof=1056 (node=176, comp=0): FD=-1.1532e-05, K_c=2.3595e-07, diff=-1.1768e-05
============================================================
[K_c成分FD]
============================================================
K_c 成分分解 FD 診断（status-342）  [incr=158 att=32]
============================================================
  ||du|| = 1.1843e-04, eps = 1.00e-07
  ||dfc (FD)|| = 4.6773e-05
  ||K_mat@du|| = 4.5046e-05, ||K_geo@du|| = 4.6956e-08, ||K_st@du||  = 1.7025e-05
  ||K_c@du||   = 4.9682e-05
  寄与率: mat= 0.91, geo= 0.00, st= 0.34
------------------------------------------------------------
  組み合わせ別 FD 相対誤差（K_c = K_mat - K_geo + K_st 合意）:
    full     = 3.7087e-01
    mat_only = 1.8336e-01  (geo/st 除外)
    mat_geo  = 1.8388e-01  (st 除外)
    mat_st   = 3.7067e-01   (geo 除外)
  最良組み合わせ: mat_only (rel_err=1.8336e-01)
------------------------------------------------------------
  [    full] comp 別不整合: [x= 32.9%, y= 90.8%, z= 26.1%, tx=  0.0%, ty=  0.0%, tz=  0.0%]
  [mat_only] comp 別不整合: [x= 60.0%, y= 45.7%, z= 65.7%, tx=  0.0%, ty=  0.0%, tz=  0.0%]
  [ mat_geo] comp 別不整合: [x= 60.2%, y= 45.6%, z= 65.5%, tx=  0.0%, ty=  0.0%, tz=  0.0%]
  [  mat_st] comp 別不整合: [x= 32.8%, y= 90.8%, z= 26.1%, tx=  0.0%, ty=  0.0%, tz=  0.0%]
  ⚠ K_st 足し込みで rel_err が +1.8699e-01 悪化 — K_st が primary driver の可能性
  ⚠ K_geo 足し込みで rel_err が +1.8731e-01 悪化 — K_geo が primary driver の可能性
============================================================
============================================================
接線剛性FD方向診断（status-256）
============================================================
  ||du|| = 1.1270e-04
  ||R_u|| = 9.0283e-06
  ⚠ R_u vs compute_residual(u) 乖離: 1.5785e-03 (リラクゼーション/動的項の差異)
  ||R_base|| = 1.5784e-03
  ||R(u+eps*du)|| = 1.5784e-03
  方向有効性: ||R(u+eps*du)||/||R(u)|| = 1.000000
  ⚠ du方向で残差が増加 — Newton方向が無効
  FD方向微分 = 7.3919e-05
  解析方向微分 = 2.7339e-06
  全体系 K@du: FD vs 解析 相対誤差 = 1.0002e+00
  ⚠ 全体系で接線剛性不整合 — K_c自体が不正確
  全体系不整合DOF上位5件:
    dof=1718 (node=286, comp=2): FD=3.8899e-03, analytical=3.3908e-10, diff=3.8899e-03
    dof=698 (node=116, comp=2): FD=3.6629e-03, analytical=-3.5903e-10, diff=3.6629e-03
    dof=788 (node=131, comp=2): FD=-3.5186e-03, analytical=5.1329e-11, diff=-3.5186e-03
    dof=692 (node=115, comp=2): FD=-3.4886e-03, analytical=-6.2271e-10, diff=-3.4886e-03
    dof=704 (node=117, comp=2): FD=-3.4713e-03, analytical=-3.0440e-10, diff=-3.4713e-03
  comp別不整合: [x:7.20e-03(41%), y:1.24e-03(7%), z:1.61e-02(91%), θx:1.87e-04(1%), θy:4.30e-04(2%), θz:1.70e-05(0%)]
  接触DOF不整合: 6.25e-03 (252 DOFs), 構造DOF不整合: 1.65e-02 (1686 DOFs)
  活性DOF K@du: FD vs 解析 相対誤差 = 9.9997e-01 (252 DOFs)
  ⚠ 活性DOFで接線剛性不整合
  方向微分整合度: |FD-解析|/max = 9.6302e-01
------------------------------------------------------------
  f_c 単独FD検証（K_c精度）
  ||∂f_c/∂u·du (FD)|| = 4.4439e-05
  ||K_c @ du|| = 5.7777e-06
  f_c FD相対誤差 = 1.0411e+00
  ⚠ K_c自体が不正確（f_c単独で10%超の不整合）
  f_c comp別不整合: [x=2.4e-05/51%, y=3.7e-05/80%, z=1.4e-05/31%, θx=0.0e+00/0%, θy=0.0e+00/0%, θz=0.0e+00/0%]
  f_c不整合DOF上位5件:
    dof=445 (node=74, comp=1): FD=-1.5526e-05, K_c=-1.8498e-07, diff=-1.5341e-05
    dof=499 (node=83, comp=1): FD=-1.4572e-05, K_c=1.2359e-09, diff=-1.4573e-05
    dof=601 (node=100, comp=1): FD=1.4434e-05, K_c=-1.1982e-09, diff=1.4435e-05
    dof=444 (node=74, comp=0): FD=1.3654e-05, K_c=-7.0758e-07, diff=1.4362e-05
    dof=1056 (node=176, comp=0): FD=-1.0978e-05, K_c=2.2652e-07, diff=-1.1205e-05
============================================================
[K_c成分FD]
============================================================
K_c 成分分解 FD 診断（status-342）  [incr=158 att=33]
============================================================
  ||du|| = 1.1270e-04, eps = 1.00e-07
  ||dfc (FD)|| = 4.4435e-05
  ||K_mat@du|| = 4.2790e-05, ||K_geo@du|| = 4.4808e-08, ||K_st@du||  = 1.6186e-05
  ||K_c@du||   = 4.7229e-05
  寄与率: mat= 0.91, geo= 0.00, st= 0.34
------------------------------------------------------------
  組み合わせ別 FD 相対誤差（K_c = K_mat - K_geo + K_st 合意）:
    full     = 3.7103e-01
    mat_only = 1.8387e-01  (geo/st 除外)
    mat_geo  = 1.8438e-01  (st 除外)
    mat_st   = 3.7083e-01   (geo 除外)
  最良組み合わせ: mat_only (rel_err=1.8387e-01)
------------------------------------------------------------
  [    full] comp 別不整合: [x= 32.6%, y= 90.8%, z= 26.2%, tx=  0.0%, ty=  0.0%, tz=  0.0%]
  [mat_only] comp 別不整合: [x= 60.2%, y= 45.8%, z= 65.3%, tx=  0.0%, ty=  0.0%, tz=  0.0%]
  [ mat_geo] comp 別不整合: [x= 60.5%, y= 45.8%, z= 65.2%, tx=  0.0%, ty=  0.0%, tz=  0.0%]
  [  mat_st] comp 別不整合: [x= 32.5%, y= 90.9%, z= 26.2%, tx=  0.0%, ty=  0.0%, tz=  0.0%]
  ⚠ K_st 足し込みで rel_err が +1.8664e-01 悪化 — K_st が primary driver の可能性
  ⚠ K_geo 足し込みで rel_err が +1.8696e-01 悪化 — K_geo が primary driver の可能性
============================================================
============================================================
接線剛性FD方向診断（status-256）
============================================================
  ||du|| = 1.0717e-04
  ||R_u|| = 8.5782e-06
  ⚠ R_u vs compute_residual(u) 乖離: 1.5796e-03 (リラクゼーション/動的項の差異)
  ||R_base|| = 1.5795e-03
  ||R(u+eps*du)|| = 1.5795e-03
  方向有効性: ||R(u+eps*du)||/||R(u)|| = 1.000000
  ⚠ du方向で残差が増加 — Newton方向が無効
  FD方向微分 = 7.1073e-05
  解析方向微分 = 2.5875e-06
  全体系 K@du: FD vs 解析 相対誤差 = 1.0001e+00
  ⚠ 全体系で接線剛性不整合 — K_c自体が不正確
  全体系不整合DOF上位5件:
    dof=1094 (node=182, comp=2): FD=4.2262e-03, analytical=3.7170e-10, diff=4.2262e-03
    dof=1820 (node=303, comp=2): FD=3.7869e-03, analytical=2.7089e-10, diff=3.7869e-03
    dof=1910 (node=318, comp=2): FD=3.6670e-03, analytical=2.0952e-10, diff=3.6670e-03
    dof=788 (node=131, comp=2): FD=-3.3969e-03, analytical=1.2538e-10, diff=-3.3969e-03
    dof=806 (node=134, comp=2): FD=-3.3307e-03, analytical=-2.2203e-11, diff=-3.3307e-03
  comp別不整合: [x:8.04e-03(42%), y:1.48e-03(8%), z:1.76e-02(91%), θx:1.79e-04(1%), θy:4.02e-04(2%), θz:1.69e-05(0%)]
  接触DOF不整合: 7.32e-03 (252 DOFs), 構造DOF不整合: 1.79e-02 (1686 DOFs)
  活性DOF K@du: FD vs 解析 相対誤差 = 9.9996e-01 (252 DOFs)
  ⚠ 活性DOFで接線剛性不整合
  方向微分整合度: |FD-解析|/max = 9.6359e-01
------------------------------------------------------------
  f_c 単独FD検証（K_c精度）
  ||∂f_c/∂u·du (FD)|| = 4.2198e-05
  ||K_c @ du|| = 5.5229e-06
  f_c FD相対誤差 = 1.0415e+00
  ⚠ K_c自体が不正確（f_c単独で10%超の不整合）
  f_c comp別不整合: [x=2.3e-05/52%, y=3.5e-05/80%, z=1.4e-05/31%, θx=0.0e+00/0%, θy=0.0e+00/0%, θz=0.0e+00/0%]
  f_c不整合DOF上位5件:
    dof=445 (node=74, comp=1): FD=-1.4744e-05, K_c=-1.7818e-07, diff=-1.4566e-05
    dof=499 (node=83, comp=1): FD=-1.3813e-05, K_c=1.1505e-09, diff=-1.3814e-05
    dof=444 (node=74, comp=0): FD=1.3010e-05, K_c=-6.7567e-07, diff=1.3686e-05
    dof=601 (node=100, comp=1): FD=1.3682e-05, K_c=-1.1148e-09, diff=1.3684e-05
    dof=1056 (node=176, comp=0): FD=-1.0457e-05, K_c=2.1735e-07, diff=-1.0675e-05
============================================================
[K_c成分FD]
============================================================
K_c 成分分解 FD 診断（status-342）  [incr=158 att=34]
============================================================
  ||du|| = 1.0717e-04, eps = 1.00e-07
  ||dfc (FD)|| = 4.2193e-05
  ||K_mat@du|| = 4.0617e-05, ||K_geo@du|| = 4.2733e-08, ||K_st@du||  = 1.5378e-05
  ||K_c@du||   = 4.4863e-05
  寄与率: mat= 0.91, geo= 0.00, st= 0.34
------------------------------------------------------------
  組み合わせ別 FD 相対誤差（K_c = K_mat - K_geo + K_st 合意）:
    full     = 3.7028e-01
    mat_only = 1.8444e-01  (geo/st 除外)
    mat_geo  = 1.8495e-01  (st 除外)
    mat_st   = 3.7008e-01   (geo 除外)
  最良組み合わせ: mat_only (rel_err=1.8444e-01)
------------------------------------------------------------
  [    full] comp 別不整合: [x= 32.2%, y= 90.9%, z= 26.4%, tx=  0.0%, ty=  0.0%, tz=  0.0%]
  [mat_only] comp 別不整合: [x= 60.7%, y= 45.6%, z= 65.1%, tx=  0.0%, ty=  0.0%, tz=  0.0%]
  [ mat_geo] comp 別不整合: [x= 60.9%, y= 45.5%, z= 64.9%, tx=  0.0%, ty=  0.0%, tz=  0.0%]
  [  mat_st] comp 別不整合: [x= 32.1%, y= 91.0%, z= 26.4%, tx=  0.0%, ty=  0.0%, tz=  0.0%]
  ⚠ K_st 足し込みで rel_err が +1.8533e-01 悪化 — K_st が primary driver の可能性
  ⚠ K_geo 足し込みで rel_err が +1.8565e-01 悪化 — K_geo が primary driver の可能性
============================================================
  Incr 158 (frac=0.3498), attempt 35 [D.stall+E], ||R_t||/||f|| = 6.249e-06, ||R_r|| = 3.791e-06, ||R_w||/||f||=6.270e-06, rate=0.950, active=27, R(x=6.2e-06/76%,y=3.4e-06/42%,z=1.5e-06/18%)
============================================================
接線剛性FD方向診断（status-256）
============================================================
  ||du|| = 1.0184e-04
  ||R_u|| = 8.1513e-06
  ⚠ R_u vs compute_residual(u) 乖離: 1.5807e-03 (リラクゼーション/動的項の差異)
  ||R_base|| = 1.5806e-03
  ||R(u+eps*du)|| = 1.5806e-03
  方向有効性: ||R(u+eps*du)||/||R(u)|| = 1.000000
  ✓ du方向で残差が減少 — Newton方向は有効
  FD方向微分 = 6.8237e-05
  解析方向微分 = 2.4482e-06
  全体系 K@du: FD vs 解析 相対誤差 = 1.0001e+00
  ⚠ 全体系で接線剛性不整合 — K_c自体が不正確
  全体系不整合DOF上位5件:
    dof=482 (node=80, comp=2): FD=-5.8986e-03, analytical=-3.9247e-09, diff=-5.8986e-03
    dof=488 (node=81, comp=2): FD=4.4787e-03, analytical=-3.6086e-09, diff=4.4787e-03
    dof=590 (node=98, comp=2): FD=-4.0966e-03, analytical=-2.8683e-10, diff=-4.0966e-03
    dof=476 (node=79, comp=2): FD=3.8698e-03, analytical=-3.5278e-09, diff=3.8698e-03
    dof=596 (node=99, comp=2): FD=3.8495e-03, analytical=-2.7971e-07, diff=3.8497e-03
  comp別不整合: [x:7.18e-03(36%), y:1.31e-03(7%), z:1.84e-02(93%), θx:1.71e-04(1%), θy:3.89e-04(2%), θz:1.65e-05(0%)]
  接触DOF不整合: 7.61e-03 (252 DOFs), 構造DOF不整合: 1.82e-02 (1686 DOFs)
  活性DOF K@du: FD vs 解析 相対誤差 = 1.0000e+00 (252 DOFs)
  ⚠ 活性DOFで接線剛性不整合
  方向微分整合度: |FD-解析|/max = 9.6412e-01
------------------------------------------------------------
  f_c 単独FD検証（K_c精度）
  ||∂f_c/∂u·du (FD)|| = 4.0063e-05
  ||K_c @ du|| = 5.2737e-06
  f_c FD相対誤差 = 1.0418e+00
  ⚠ K_c自体が不正確（f_c単独で10%超の不整合）
  f_c comp別不整合: [x=2.2e-05/52%, y=3.3e-05/80%, z=1.3e-05/31%, θx=0.0e+00/0%, θy=0.0e+00/0%, θz=0.0e+00/0%]
  f_c不整合DOF上位5件:
    dof=445 (node=74, comp=1): FD=-1.4009e-05, K_c=-1.7152e-07, diff=-1.3837e-05
    dof=499 (node=83, comp=1): FD=-1.3064e-05, K_c=1.0713e-09, diff=-1.3065e-05
    dof=444 (node=74, comp=0): FD=1.2381e-05, K_c=-6.4491e-07, diff=1.3026e-05
    dof=601 (node=100, comp=1): FD=1.2941e-05, K_c=-1.0375e-09, diff=1.2942e-05
    dof=1056 (node=176, comp=0): FD=-9.9465e-06, K_c=2.0845e-07, diff=-1.0155e-05
============================================================
[K_c成分FD]
============================================================
K_c 成分分解 FD 診断（status-342）  [incr=158 att=35]
============================================================
  ||du|| = 1.0184e-04, eps = 1.00e-07
  ||dfc (FD)|| = 4.0059e-05
  ||K_mat@du|| = 3.8525e-05, ||K_geo@du|| = 4.0730e-08, ||K_st@du||  = 1.4600e-05
  ||K_c@du||   = 4.2585e-05
  寄与率: mat= 0.90, geo= 0.00, st= 0.34
------------------------------------------------------------
  組み合わせ別 FD 相対誤差（K_c = K_mat - K_geo + K_st 合意）:
    full     = 3.7079e-01
    mat_only = 1.8509e-01  (geo/st 除外)
    mat_geo  = 1.8560e-01  (st 除外)
    mat_st   = 3.7060e-01   (geo 除外)
  最良組み合わせ: mat_only (rel_err=1.8509e-01)
------------------------------------------------------------
  [    full] comp 別不整合: [x= 31.8%, y= 91.0%, z= 26.5%, tx=  0.0%, ty=  0.0%, tz=  0.0%]
  [mat_only] comp 別不整合: [x= 60.9%, y= 45.7%, z= 64.8%, tx=  0.0%, ty=  0.0%, tz=  0.0%]
  [ mat_geo] comp 別不整合: [x= 61.1%, y= 45.6%, z= 64.7%, tx=  0.0%, ty=  0.0%, tz=  0.0%]
  [  mat_st] comp 別不整合: [x= 31.8%, y= 91.0%, z= 26.5%, tx=  0.0%, ty=  0.0%, tz=  0.0%]
  ⚠ K_st 足し込みで rel_err が +1.8519e-01 悪化 — K_st が primary driver の可能性
  ⚠ K_geo 足し込みで rel_err が +1.8551e-01 悪化 — K_geo が primary driver の可能性
============================================================
============================================================
接線剛性FD方向診断（status-256）
============================================================
  ||du|| = 9.6720e-05
  ||R_u|| = 7.7468e-06
  ⚠ R_u vs compute_residual(u) 乖離: 1.5817e-03 (リラクゼーション/動的項の差異)
  ||R_base|| = 1.5816e-03
  ||R(u+eps*du)|| = 1.5816e-03
  方向有効性: ||R(u+eps*du)||/||R(u)|| = 1.000000
  ⚠ du方向で残差が増加 — Newton方向が無効
  FD方向微分 = 6.5402e-05
  解析方向微分 = 2.3159e-06
  全体系 K@du: FD vs 解析 相対誤差 = 1.0001e+00
  ⚠ 全体系で接線剛性不整合 — K_c自体が不正確
  全体系不整合DOF上位5件:
    dof=494 (node=82, comp=2): FD=4.1569e-03, analytical=2.6127e-07, diff=4.1566e-03
    dof=686 (node=114, comp=2): FD=-3.9609e-03, analytical=-4.3534e-10, diff=-3.9609e-03
    dof=584 (node=97, comp=2): FD=-3.9302e-03, analytical=-6.6129e-10, diff=-3.9302e-03
    dof=1202 (node=200, comp=2): FD=-3.8119e-03, analytical=-3.9132e-11, diff=-3.8119e-03
    dof=488 (node=81, comp=2): FD=-3.7812e-03, analytical=-3.8535e-09, diff=-3.7812e-03
  comp別不整合: [x:7.95e-03(39%), y:1.42e-03(7%), z:1.87e-02(92%), θx:1.62e-04(1%), θy:3.94e-04(2%), θz:1.41e-05(0%)]
  接触DOF不整合: 8.21e-03 (252 DOFs), 構造DOF不整合: 1.87e-02 (1686 DOFs)
  活性DOF K@du: FD vs 解析 相対誤差 = 9.9998e-01 (252 DOFs)
  ⚠ 活性DOFで接線剛性不整合
  方向微分整合度: |FD-解析|/max = 9.6459e-01
------------------------------------------------------------
  f_c 単独FD検証（K_c精度）
  ||∂f_c/∂u·du (FD)|| = 3.7937e-05
  ||K_c @ du|| = 5.0305e-06
  f_c FD相対誤差 = 1.0423e+00
  ⚠ K_c自体が不正確（f_c単独で10%超の不整合）
  f_c comp別不整合: [x=2.1e-05/52%, y=3.1e-05/80%, z=1.2e-05/31%, θx=0.0e+00/0%, θy=0.0e+00/0%, θz=0.0e+00/0%]
  f_c不整合DOF上位5件:
    dof=445 (node=74, comp=1): FD=-1.3269e-05, K_c=-1.6501e-07, diff=-1.3104e-05
    dof=444 (node=74, comp=0): FD=1.1752e-05, K_c=-6.1528e-07, diff=1.2367e-05
    dof=499 (node=83, comp=1): FD=-1.2346e-05, K_c=9.9789e-10, diff=-1.2347e-05
    dof=601 (node=100, comp=1): FD=1.2229e-05, K_c=-9.6589e-10, diff=1.2230e-05
    dof=1056 (node=176, comp=0): FD=-9.4373e-06, K_c=1.9981e-07, diff=-9.6371e-06
============================================================
[K_c成分FD]
============================================================
K_c 成分分解 FD 診断（status-342）  [incr=158 att=36]
============================================================
  ||du|| = 9.6720e-05, eps = 1.00e-07
  ||dfc (FD)|| = 3.7933e-05
  ||K_mat@du|| = 3.6516e-05, ||K_geo@du|| = 3.8799e-08, ||K_st@du||  = 1.3853e-05
  ||K_c@du||   = 4.0396e-05
  寄与率: mat= 0.90, geo= 0.00, st= 0.34
------------------------------------------------------------
  組み合わせ別 FD 相対誤差（K_c = K_mat - K_geo + K_st 合意）:
    full     = 3.7059e-01
    mat_only = 1.8551e-01  (geo/st 除外)
    mat_geo  = 1.8603e-01  (st 除外)
    mat_st   = 3.7039e-01   (geo 除外)
  最良組み合わせ: mat_only (rel_err=1.8551e-01)
------------------------------------------------------------
  [    full] comp 別不整合: [x= 31.6%, y= 91.1%, z= 26.5%, tx=  0.0%, ty=  0.0%, tz=  0.0%]
  [mat_only] comp 別不整合: [x= 61.3%, y= 45.8%, z= 64.4%, tx=  0.0%, ty=  0.0%, tz=  0.0%]
  [ mat_geo] comp 別不整合: [x= 61.5%, y= 45.7%, z= 64.3%, tx=  0.0%, ty=  0.0%, tz=  0.0%]
  [  mat_st] comp 別不整合: [x= 31.5%, y= 91.1%, z= 26.5%, tx=  0.0%, ty=  0.0%, tz=  0.0%]
  ⚠ K_st 足し込みで rel_err が +1.8456e-01 悪化 — K_st が primary driver の可能性
  ⚠ K_geo 足し込みで rel_err が +1.8489e-01 悪化 — K_geo が primary driver の可能性
============================================================
============================================================
接線剛性FD方向診断（status-256）
============================================================
  ||du|| = 9.1797e-05
  ||R_u|| = 7.3636e-06
  ⚠ R_u vs compute_residual(u) 乖離: 1.5827e-03 (リラクゼーション/動的項の差異)
  ||R_base|| = 1.5826e-03
  ||R(u+eps*du)|| = 1.5826e-03
  方向有効性: ||R(u+eps*du)||/||R(u)|| = 1.000000
  ⚠ du方向で残差が増加 — Newton方向が無効
  FD方向微分 = 6.2611e-05
  解析方向微分 = 2.1903e-06
  全体系 K@du: FD vs 解析 相対誤差 = 1.0001e+00
  ⚠ 全体系で接線剛性不整合 — K_c自体が不正確
  全体系不整合DOF上位5件:
    dof=488 (node=81, comp=2): FD=-5.8278e-03, analytical=-3.7967e-09, diff=-5.8278e-03
    dof=482 (node=80, comp=2): FD=4.6512e-03, analytical=-3.2479e-09, diff=4.6512e-03
    dof=1718 (node=286, comp=2): FD=-4.1499e-03, analytical=-8.4169e-11, diff=-4.1499e-03
    dof=1088 (node=181, comp=2): FD=4.0849e-03, analytical=3.3529e-11, diff=4.0849e-03
    dof=680 (node=113, comp=2): FD=-4.0538e-03, analytical=-1.1771e-10, diff=-4.0538e-03
  comp別不整合: [x:8.24e-03(36%), y:1.60e-03(7%), z:2.12e-02(93%), θx:1.53e-04(1%), θy:3.51e-04(2%), θz:1.62e-05(0%)]
  接触DOF不整合: 7.17e-03 (252 DOFs), 構造DOF不整合: 2.16e-02 (1686 DOFs)
  活性DOF K@du: FD vs 解析 相対誤差 = 9.9997e-01 (252 DOFs)
  ⚠ 活性DOFで接線剛性不整合
  方向微分整合度: |FD-解析|/max = 9.6502e-01
------------------------------------------------------------
  f_c 単独FD検証（K_c精度）
  ||∂f_c/∂u·du (FD)|| = 3.5950e-05
  ||K_c @ du|| = 4.7940e-06
  f_c FD相対誤差 = 1.0426e+00
  ⚠ K_c自体が不正確（f_c単独で10%超の不整合）
  f_c comp別不整合: [x=2.0e-05/52%, y=3.0e-05/80%, z=1.2e-05/31%, θx=0.0e+00/0%, θy=0.0e+00/0%, θz=0.0e+00/0%]
  f_c不整合DOF上位5件:
    dof=445 (node=74, comp=1): FD=-1.2559e-05, K_c=-1.5866e-07, diff=-1.2401e-05
    dof=444 (node=74, comp=0): FD=1.1148e-05, K_c=-5.8676e-07, diff=1.1735e-05
    dof=499 (node=83, comp=1): FD=-1.1684e-05, K_c=9.2992e-10, diff=-1.1685e-05
    dof=601 (node=100, comp=1): FD=1.1574e-05, K_c=-8.9963e-10, diff=1.1575e-05
    dof=1056 (node=176, comp=0): FD=-8.9417e-06, K_c=1.9145e-07, diff=-9.1331e-06
============================================================
[K_c成分FD]
============================================================
K_c 成分分解 FD 診断（status-342）  [incr=158 att=37]
============================================================
  ||du|| = 9.1797e-05, eps = 1.00e-07
  ||dfc (FD)|| = 3.5946e-05
  ||K_mat@du|| = 3.4588e-05, ||K_geo@du|| = 3.6941e-08, ||K_st@du||  = 1.3135e-05
  ||K_c@du||   = 3.8294e-05
  寄与率: mat= 0.90, geo= 0.00, st= 0.34
------------------------------------------------------------
  組み合わせ別 FD 相対誤差（K_c = K_mat - K_geo + K_st 合意）:
    full     = 3.7228e-01
    mat_only = 1.8601e-01  (geo/st 除外)
    mat_geo  = 1.8653e-01  (st 除外)
    mat_st   = 3.7208e-01   (geo 除外)
  最良組み合わせ: mat_only (rel_err=1.8601e-01)
------------------------------------------------------------
  [    full] comp 別不整合: [x= 31.5%, y= 91.1%, z= 26.5%, tx=  0.0%, ty=  0.0%, tz=  0.0%]
  [mat_only] comp 別不整合: [x= 61.1%, y= 46.7%, z= 63.9%, tx=  0.0%, ty=  0.0%, tz=  0.0%]
  [ mat_geo] comp 別不整合: [x= 61.3%, y= 46.7%, z= 63.7%, tx=  0.0%, ty=  0.0%, tz=  0.0%]
  [  mat_st] comp 別不整合: [x= 31.4%, y= 91.2%, z= 26.5%, tx=  0.0%, ty=  0.0%, tz=  0.0%]
  ⚠ K_st 足し込みで rel_err が +1.8575e-01 悪化 — K_st が primary driver の可能性
  ⚠ K_geo 足し込みで rel_err が +1.8607e-01 悪化 — K_geo が primary driver の可能性
============================================================
============================================================
接線剛性FD方向診断（status-256）
============================================================
  ||du|| = 8.7073e-05
  ||R_u|| = 7.0008e-06
  ⚠ R_u vs compute_residual(u) 乖離: 1.5836e-03 (リラクゼーション/動的項の差異)
  ||R_base|| = 1.5835e-03
  ||R(u+eps*du)|| = 1.5835e-03
  方向有効性: ||R(u+eps*du)||/||R(u)|| = 1.000000
  ✓ du方向で残差が減少 — Newton方向は有効
  FD方向微分 = 5.9863e-05
  解析方向微分 = 2.0711e-06
  全体系 K@du: FD vs 解析 相対誤差 = 1.0001e+00
  ⚠ 全体系で接線剛性不整合 — K_c自体が不正確
  全体系不整合DOF上位5件:
    dof=488 (node=81, comp=2): FD=6.2228e-03, analytical=-3.1099e-09, diff=6.2228e-03
    dof=494 (node=82, comp=2): FD=-5.5677e-03, analytical=2.3770e-07, diff=-5.5680e-03
    dof=1718 (node=286, comp=2): FD=4.1499e-03, analytical=1.8379e-10, diff=4.1499e-03
    dof=590 (node=98, comp=2): FD=4.1111e-03, analytical=9.1328e-11, diff=4.1111e-03
    dof=686 (node=114, comp=2): FD=4.0959e-03, analytical=-4.7414e-11, diff=4.0959e-03
  comp別不整合: [x:9.37e-03(41%), y:1.66e-03(7%), z:2.10e-02(91%), θx:1.49e-04(1%), θy:3.98e-04(2%), θz:1.58e-05(0%)]
  接触DOF不整合: 8.04e-03 (252 DOFs), 構造DOF不整合: 2.16e-02 (1686 DOFs)
  活性DOF K@du: FD vs 解析 相対誤差 = 9.9999e-01 (252 DOFs)
  ⚠ 活性DOFで接線剛性不整合
  方向微分整合度: |FD-解析|/max = 9.6540e-01
------------------------------------------------------------
  f_c 単独FD検証（K_c精度）
  ||∂f_c/∂u·du (FD)|| = 3.4065e-05
  ||K_c @ du|| = 4.5644e-06
  f_c FD相対誤差 = 1.0429e+00
  ⚠ K_c自体が不正確（f_c単独で10%超の不整合）
  f_c comp別不整合: [x=1.9e-05/52%, y=2.8e-05/79%, z=1.1e-05/31%, θx=0.0e+00/0%, θy=0.0e+00/0%, θz=0.0e+00/0%]
  f_c不整合DOF上位5件:
    dof=445 (node=74, comp=1): FD=-1.1903e-05, K_c=-1.5247e-07, diff=-1.1750e-05
    dof=444 (node=74, comp=0): FD=1.0603e-05, K_c=-5.5935e-07, diff=1.1163e-05
    dof=499 (node=83, comp=1): FD=-1.1040e-05, K_c=8.6697e-10, diff=-1.1041e-05
    dof=601 (node=100, comp=1): FD=1.0936e-05, K_c=-8.3831e-10, diff=1.0937e-05
    dof=1056 (node=176, comp=0): FD=-8.4985e-06, K_c=1.8336e-07, diff=-8.6818e-06
============================================================
[K_c成分FD]
============================================================
K_c 成分分解 FD 診断（status-342）  [incr=158 att=38]
============================================================
  ||du|| = 8.7073e-05, eps = 1.00e-07
  ||dfc (FD)|| = 3.4061e-05
  ||K_mat@du|| = 3.2742e-05, ||K_geo@du|| = 3.5154e-08, ||K_st@du||  = 1.2447e-05
  ||K_c@du||   = 3.6280e-05
  寄与率: mat= 0.90, geo= 0.00, st= 0.34
------------------------------------------------------------
  組み合わせ別 FD 相対誤差（K_c = K_mat - K_geo + K_st 合意）:
    full     = 3.7118e-01
    mat_only = 1.8650e-01  (geo/st 除外)
    mat_geo  = 1.8703e-01  (st 除外)
    mat_st   = 3.7098e-01   (geo 除外)
  最良組み合わせ: mat_only (rel_err=1.8650e-01)
------------------------------------------------------------
  [    full] comp 別不整合: [x= 31.1%, y= 91.2%, z= 26.7%, tx=  0.0%, ty=  0.0%, tz=  0.0%]
  [mat_only] comp 別不整合: [x= 61.6%, y= 46.1%, z= 63.8%, tx=  0.0%, ty=  0.0%, tz=  0.0%]
  [ mat_geo] comp 別不整合: [x= 61.8%, y= 46.1%, z= 63.7%, tx=  0.0%, ty=  0.0%, tz=  0.0%]
  [  mat_st] comp 別不整合: [x= 31.0%, y= 91.2%, z= 26.7%, tx=  0.0%, ty=  0.0%, tz=  0.0%]
  ⚠ K_st 足し込みで rel_err が +1.8415e-01 悪化 — K_st が primary driver の可能性
  ⚠ K_geo 足し込みで rel_err が +1.8448e-01 悪化 — K_geo が primary driver の可能性
============================================================
============================================================
接線剛性FD方向診断（status-256）
============================================================
  ||du|| = 8.2547e-05
  ||R_u|| = 6.6574e-06
  ⚠ R_u vs compute_residual(u) 乖離: 1.5845e-03 (リラクゼーション/動的項の差異)
  ||R_base|| = 1.5844e-03
  ||R(u+eps*du)|| = 1.5844e-03
  方向有効性: ||R(u+eps*du)||/||R(u)|| = 1.000000
  ⚠ du方向で残差が増加 — Newton方向が無効
  FD方向微分 = 5.7152e-05
  解析方向微分 = 1.9580e-06
  全体系 K@du: FD vs 解析 相対誤差 = 1.0001e+00
  ⚠ 全体系で接線剛性不整合 — K_c自体が不正確
  全体系不整合DOF上位5件:
    dof=1706 (node=284, comp=2): FD=4.0982e-03, analytical=1.0251e-10, diff=4.0982e-03
    dof=1094 (node=182, comp=2): FD=-3.7019e-03, analytical=-4.0043e-11, diff=-3.7019e-03
    dof=1826 (node=304, comp=2): FD=3.6831e-03, analytical=2.5566e-10, diff=3.6831e-03
    dof=998 (node=166, comp=2): FD=3.4969e-03, analytical=3.2080e-11, diff=3.4969e-03
    dof=800 (node=133, comp=2): FD=-3.3246e-03, analytical=-2.1781e-10, diff=-3.3246e-03
  comp別不整合: [x:6.70e-03(38%), y:1.43e-03(8%), z:1.62e-02(92%), θx:1.38e-04(1%), θy:3.44e-04(2%), θz:1.34e-05(0%)]
  接触DOF不整合: 5.99e-03 (252 DOFs), 構造DOF不整合: 1.66e-02 (1686 DOFs)
  活性DOF K@du: FD vs 解析 相対誤差 = 9.9994e-01 (252 DOFs)
  ⚠ 活性DOFで接線剛性不整合
  方向微分整合度: |FD-解析|/max = 9.6574e-01
------------------------------------------------------------
  f_c 単独FD検証（K_c精度）
  ||∂f_c/∂u·du (FD)|| = 3.2165e-05
  ||K_c @ du|| = 4.3421e-06
  f_c FD相対誤差 = 1.0434e+00
  ⚠ K_c自体が不正確（f_c単独で10%超の不整合）
  f_c comp別不整合: [x=1.8e-05/53%, y=2.7e-05/79%, z=1.0e-05/31%, θx=0.0e+00/0%, θy=0.0e+00/0%, θz=0.0e+00/0%]
  f_c不整合DOF上位5件:
    dof=445 (node=74, comp=1): FD=-1.1236e-05, K_c=-1.4644e-07, diff=-1.1090e-05
    dof=444 (node=74, comp=0): FD=1.0017e-05, K_c=-5.3302e-07, diff=1.0550e-05
    dof=499 (node=83, comp=1): FD=-1.0410e-05, K_c=8.0868e-10, diff=-1.0411e-05
    dof=601 (node=100, comp=1): FD=1.0312e-05, K_c=-7.8155e-10, diff=1.0313e-05
    dof=1056 (node=176, comp=0): FD=-8.0256e-06, K_c=1.7553e-07, diff=-8.2011e-06
============================================================
[K_c成分FD]
============================================================
K_c 成分分解 FD 診断（status-342）  [incr=158 att=39]
============================================================
  ||du|| = 8.2547e-05, eps = 1.00e-07
  ||dfc (FD)|| = 3.2162e-05
  ||K_mat@du|| = 3.0975e-05, ||K_geo@du|| = 3.3439e-08, ||K_st@du||  = 1.1789e-05
  ||K_c@du||   = 3.4352e-05
  寄与率: mat= 0.90, geo= 0.00, st= 0.34
------------------------------------------------------------
  組み合わせ別 FD 相対誤差（K_c = K_mat - K_geo + K_st 合意）:
    full     = 3.7173e-01
    mat_only = 1.8693e-01  (geo/st 除外)
    mat_geo  = 1.8745e-01  (st 除外)
    mat_st   = 3.7154e-01   (geo 除外)
  最良組み合わせ: mat_only (rel_err=1.8693e-01)
------------------------------------------------------------
  [    full] comp 別不整合: [x= 30.9%, y= 91.3%, z= 26.6%, tx=  0.0%, ty=  0.0%, tz=  0.0%]
  [mat_only] comp 別不整合: [x= 61.8%, y= 46.8%, z= 63.2%, tx=  0.0%, ty=  0.0%, tz=  0.0%]
  [ mat_geo] comp 別不整合: [x= 62.0%, y= 46.7%, z= 63.0%, tx=  0.0%, ty=  0.0%, tz=  0.0%]
  [  mat_st] comp 別不整合: [x= 30.8%, y= 91.3%, z= 26.6%, tx=  0.0%, ty=  0.0%, tz=  0.0%]
  ⚠ K_st 足し込みで rel_err が +1.8428e-01 悪化 — K_st が primary driver の可能性
  ⚠ K_geo 足し込みで rel_err が +1.8461e-01 悪化 — K_geo が primary driver の可能性
============================================================
  Incr 158 (frac=0.3498), attempt 40 [D.stall+E], ||R_t||/||f|| = 4.845e-06, ||R_r|| = 2.966e-06, ||R_w||/||f||=4.862e-06, rate=0.951, active=27, R(x=4.8e-06/76%,y=2.5e-06/40%,z=1.4e-06/22%)
============================================================
接線剛性FD方向診断（status-256）
============================================================
  ||du|| = 7.8215e-05
  ||R_u|| = 6.3325e-06
  ⚠ R_u vs compute_residual(u) 乖離: 1.5853e-03 (リラクゼーション/動的項の差異)
  ||R_base|| = 1.5852e-03
  ||R(u+eps*du)|| = 1.5852e-03
  方向有効性: ||R(u+eps*du)||/||R(u)|| = 1.000000
  ✓ du方向で残差が減少 — Newton方向は有効
  FD方向微分 = 5.4518e-05
  解析方向微分 = 1.8508e-06
  全体系 K@du: FD vs 解析 相対誤差 = 1.0001e+00
  ⚠ 全体系で接線剛性不整合 — K_c自体が不正確
  全体系不整合DOF上位5件:
    dof=1190 (node=198, comp=2): FD=-4.3030e-03, analytical=-2.0276e-10, diff=-4.3030e-03
    dof=1724 (node=287, comp=2): FD=3.8868e-03, analytical=-2.1443e-10, diff=3.8868e-03
    dof=1706 (node=284, comp=2): FD=3.8361e-03, analytical=2.0270e-10, diff=3.8361e-03
    dof=1820 (node=303, comp=2): FD=3.7877e-03, analytical=2.3169e-10, diff=3.7877e-03
    dof=1094 (node=182, comp=2): FD=3.5807e-03, analytical=3.1686e-10, diff=3.5807e-03
  comp別不整合: [x:5.32e-03(35%), y:1.36e-03(9%), z:1.43e-02(93%), θx:1.29e-04(1%), θy:3.37e-04(2%), θz:1.30e-05(0%)]
  接触DOF不整合: 4.84e-03 (252 DOFs), 構造DOF不整合: 1.45e-02 (1686 DOFs)
  活性DOF K@du: FD vs 解析 相対誤差 = 1.0000e+00 (252 DOFs)
  ⚠ 活性DOFで接線剛性不整合
  方向微分整合度: |FD-解析|/max = 9.6605e-01
------------------------------------------------------------
  f_c 単独FD検証（K_c精度）
  ||∂f_c/∂u·du (FD)|| = 3.0449e-05
  ||K_c @ du|| = 4.1274e-06
  f_c FD相対誤差 = 1.0437e+00
  ⚠ K_c自体が不正確（f_c単独で10%超の不整合）
  f_c comp別不整合: [x=1.7e-05/53%, y=2.5e-05/79%, z=9.8e-06/31%, θx=0.0e+00/0%, θy=0.0e+00/0%, θz=0.0e+00/0%]
  f_c不整合DOF上位5件:
    dof=445 (node=74, comp=1): FD=-1.0632e-05, K_c=-1.4059e-07, diff=-1.0492e-05
    dof=444 (node=74, comp=0): FD=9.5129e-06, K_c=-5.0776e-07, diff=1.0021e-05
    dof=499 (node=83, comp=1): FD=-9.8232e-06, K_c=7.5470e-10, diff=-9.8240e-06
    dof=601 (node=100, comp=1): FD=9.7306e-06, K_c=-7.2903e-10, diff=9.7313e-06
    dof=1056 (node=176, comp=0): FD=-7.6122e-06, K_c=1.6798e-07, diff=-7.7801e-06
============================================================
[K_c成分FD]
============================================================
K_c 成分分解 FD 診断（status-342）  [incr=158 att=40]
============================================================
  ||du|| = 7.8215e-05, eps = 1.00e-07
  ||dfc (FD)|| = 3.0445e-05
  ||K_mat@du|| = 2.9287e-05, ||K_geo@du|| = 3.1794e-08, ||K_st@du||  = 1.1159e-05
  ||K_c@du||   = 3.2508e-05
  寄与率: mat= 0.90, geo= 0.00, st= 0.34
------------------------------------------------------------
  組み合わせ別 FD 相対誤差（K_c = K_mat - K_geo + K_st 合意）:
    full     = 3.7161e-01
    mat_only = 1.8740e-01  (geo/st 除外)
    mat_geo  = 1.8793e-01  (st 除外)
    mat_st   = 3.7141e-01   (geo 除外)
  最良組み合わせ: mat_only (rel_err=1.8740e-01)
------------------------------------------------------------
  [    full] comp 別不整合: [x= 30.6%, y= 91.4%, z= 26.7%, tx=  0.0%, ty=  0.0%, tz=  0.0%]
  [mat_only] comp 別不整合: [x= 62.1%, y= 46.6%, z= 63.1%, tx=  0.0%, ty=  0.0%, tz=  0.0%]
  [ mat_geo] comp 別不整合: [x= 62.3%, y= 46.5%, z= 62.9%, tx=  0.0%, ty=  0.0%, tz=  0.0%]
  [  mat_st] comp 別不整合: [x= 30.6%, y= 91.4%, z= 26.8%, tx=  0.0%, ty=  0.0%, tz=  0.0%]
  ⚠ K_st 足し込みで rel_err が +1.8369e-01 悪化 — K_st が primary driver の可能性
  ⚠ K_geo 足し込みで rel_err が +1.8401e-01 悪化 — K_geo が primary driver の可能性
============================================================
============================================================
接線剛性FD方向診断（status-256）
============================================================
  ||du|| = 7.4075e-05
  ||R_u|| = 6.0251e-06
  ⚠ R_u vs compute_residual(u) 乖離: 1.5861e-03 (リラクゼーション/動的項の差異)
  ||R_base|| = 1.5860e-03
  ||R(u+eps*du)|| = 1.5860e-03
  方向有効性: ||R(u+eps*du)||/||R(u)|| = 1.000000
  ⚠ du方向で残差が増加 — Newton方向が無効
  FD方向微分 = 5.1951e-05
  解析方向微分 = 1.7493e-06
  全体系 K@du: FD vs 解析 相対誤差 = 1.0001e+00
  ⚠ 全体系で接線剛性不整合 — K_c自体が不正確
  全体系不整合DOF上位5件:
    dof=1724 (node=287, comp=2): FD=-4.1560e-03, analytical=-6.5867e-10, diff=-4.1560e-03
    dof=1718 (node=286, comp=2): FD=4.0234e-03, analytical=1.7866e-10, diff=4.0234e-03
    dof=602 (node=100, comp=2): FD=3.6128e-03, analytical=-2.9870e-07, diff=3.6131e-03
    dof=698 (node=116, comp=2): FD=-3.5387e-03, analytical=-6.2959e-10, diff=-3.5387e-03
    dof=596 (node=99, comp=2): FD=-3.5027e-03, analytical=-2.1224e-07, diff=-3.5025e-03
  comp別不整合: [x:5.94e-03(38%), y:1.03e-03(7%), z:1.44e-02(92%), θx:1.19e-04(1%), θy:3.19e-04(2%), θz:1.17e-05(0%)]
  接触DOF不整合: 8.14e-03 (252 DOFs), 構造DOF不整合: 1.33e-02 (1686 DOFs)
  活性DOF K@du: FD vs 解析 相対誤差 = 1.0000e+00 (252 DOFs)
  ⚠ 活性DOFで接線剛性不整合
  方向微分整合度: |FD-解析|/max = 9.6633e-01
------------------------------------------------------------
  f_c 単独FD検証（K_c精度）
  ||∂f_c/∂u·du (FD)|| = 2.8854e-05
  ||K_c @ du|| = 3.9203e-06
  f_c FD相対誤差 = 1.0438e+00
  ⚠ K_c自体が不正確（f_c単独で10%超の不整合）
  f_c comp別不整合: [x=1.6e-05/53%, y=2.4e-05/79%, z=9.3e-06/31%, θx=0.0e+00/0%, θy=0.0e+00/0%, θz=0.0e+00/0%]
  f_c不整合DOF上位5件:
    dof=445 (node=74, comp=1): FD=-1.0107e-05, K_c=-1.3490e-07, diff=-9.9726e-06
    dof=444 (node=74, comp=0): FD=9.0772e-06, K_c=-4.8354e-07, diff=9.5608e-06
    dof=499 (node=83, comp=1): FD=-9.2582e-06, K_c=7.0470e-10, diff=-9.2589e-06
    dof=601 (node=100, comp=1): FD=9.1710e-06, K_c=-6.8041e-10, diff=9.1717e-06
    dof=1056 (node=176, comp=0): FD=-7.2688e-06, K_c=1.6069e-07, diff=-7.4295e-06
============================================================
[K_c成分FD]
============================================================
K_c 成分分解 FD 診断（status-342）  [incr=158 att=41]
============================================================
  ||du|| = 7.4075e-05, eps = 1.00e-07
  ||dfc (FD)|| = 2.8850e-05
  ||K_mat@du|| = 2.7676e-05, ||K_geo@du|| = 3.0218e-08, ||K_st@du||  = 1.0558e-05
  ||K_c@du||   = 3.0747e-05
  寄与率: mat= 0.90, geo= 0.00, st= 0.34
------------------------------------------------------------
  組み合わせ別 FD 相対誤差（K_c = K_mat - K_geo + K_st 合意）:
    full     = 3.7242e-01
    mat_only = 1.8777e-01  (geo/st 除外)
    mat_geo  = 1.8829e-01  (st 除外)
    mat_st   = 3.7222e-01   (geo 除外)
  最良組み合わせ: mat_only (rel_err=1.8777e-01)
------------------------------------------------------------
  [    full] comp 別不整合: [x= 30.3%, y= 91.4%, z= 27.1%, tx=  0.0%, ty=  0.0%, tz=  0.0%]
  [mat_only] comp 別不整合: [x= 61.9%, y= 46.5%, z= 63.3%, tx=  0.0%, ty=  0.0%, tz=  0.0%]
  [ mat_geo] comp 別不整合: [x= 62.2%, y= 46.4%, z= 63.1%, tx=  0.0%, ty=  0.0%, tz=  0.0%]
  [  mat_st] comp 別不整合: [x= 30.2%, y= 91.4%, z= 27.1%, tx=  0.0%, ty=  0.0%, tz=  0.0%]
  ⚠ K_st 足し込みで rel_err が +1.8412e-01 悪化 — K_st が primary driver の可能性
  ⚠ K_geo 足し込みで rel_err が +1.8445e-01 悪化 — K_geo が primary driver の可能性
============================================================
============================================================
接線剛性FD方向診断（status-256）
============================================================
  ||du|| = 7.0122e-05
  ||R_u|| = 5.7346e-06
  ⚠ R_u vs compute_residual(u) 乖離: 1.5868e-03 (リラクゼーション/動的項の差異)
  ||R_base|| = 1.5867e-03
  ||R(u+eps*du)|| = 1.5867e-03
  方向有効性: ||R(u+eps*du)||/||R(u)|| = 1.000000
  ✓ du方向で残差が減少 — Newton方向は有効
  FD方向微分 = 4.9442e-05
  解析方向微分 = 1.6531e-06
  全体系 K@du: FD vs 解析 相対誤差 = 1.0001e+00
  ⚠ 全体系で接線剛性不整合 — K_c自体が不正確
  全体系不整合DOF上位5件:
    dof=584 (node=97, comp=2): FD=-4.1957e-03, analytical=-5.9822e-10, diff=-4.1957e-03
    dof=1196 (node=199, comp=2): FD=-3.8018e-03, analytical=-1.3610e-10, diff=-3.8018e-03
    dof=1922 (node=320, comp=2): FD=3.5449e-03, analytical=1.6299e-10, diff=3.5449e-03
    dof=386 (node=64, comp=2): FD=-2.2925e-03, analytical=3.5471e-10, diff=-2.2925e-03
    dof=1070 (node=178, comp=2): FD=2.2805e-03, analytical=2.1711e-11, diff=2.2805e-03
  comp別不整合: [x:5.25e-03(36%), y:1.24e-03(9%), z:1.35e-02(93%), θx:1.22e-04(1%), θy:3.44e-04(2%), θz:1.26e-05(0%)]
  接触DOF不整合: 5.12e-03 (252 DOFs), 構造DOF不整合: 1.36e-02 (1686 DOFs)
  活性DOF K@du: FD vs 解析 相対誤差 = 1.0000e+00 (252 DOFs)
  ⚠ 活性DOFで接線剛性不整合
  方向微分整合度: |FD-解析|/max = 9.6657e-01
------------------------------------------------------------
  f_c 単独FD検証（K_c精度）
  ||∂f_c/∂u·du (FD)|| = 2.7229e-05
  ||K_c @ du|| = 3.7210e-06
  f_c FD相対誤差 = 1.0442e+00
  ⚠ K_c自体が不正確（f_c単独で10%超の不整合）
  f_c comp別不整合: [x=1.5e-05/53%, y=2.2e-05/79%, z=8.8e-06/31%, θx=0.0e+00/0%, θy=0.0e+00/0%, θz=0.0e+00/0%]
  f_c不整合DOF上位5件:
    dof=445 (node=74, comp=1): FD=-9.5287e-06, K_c=-1.2939e-07, diff=-9.3993e-06
    dof=444 (node=74, comp=0): FD=8.5760e-06, K_c=-4.6034e-07, diff=9.0364e-06
    dof=499 (node=83, comp=1): FD=-8.7237e-06, K_c=6.5839e-10, diff=-8.7243e-06
    dof=601 (node=100, comp=1): FD=8.6415e-06, K_c=-6.3541e-10, diff=8.6422e-06
    dof=1056 (node=176, comp=0): FD=-6.8605e-06, K_c=1.5367e-07, diff=-7.0141e-06
============================================================
[K_c成分FD]
============================================================
K_c 成分分解 FD 診断（status-342）  [incr=158 att=42]
============================================================
  ||du|| = 7.0122e-05, eps = 1.00e-07
  ||dfc (FD)|| = 2.7226e-05
  ||K_mat@du|| = 2.6140e-05, ||K_geo@du|| = 2.8709e-08, ||K_st@du||  = 9.9847e-06
  ||K_c@du||   = 2.9067e-05
  寄与率: mat= 0.90, geo= 0.00, st= 0.34
------------------------------------------------------------
  組み合わせ別 FD 相対誤差（K_c = K_mat - K_geo + K_st 合意）:
    full     = 3.7217e-01
    mat_only = 1.8815e-01  (geo/st 除外)
    mat_geo  = 1.8868e-01  (st 除外)
    mat_st   = 3.7197e-01   (geo 除外)
  最良組み合わせ: mat_only (rel_err=1.8815e-01)
------------------------------------------------------------
  [    full] comp 別不整合: [x= 30.1%, y= 91.4%, z= 27.1%, tx=  0.0%, ty=  0.0%, tz=  0.0%]
  [mat_only] comp 別不整合: [x= 62.3%, y= 46.6%, z= 62.9%, tx=  0.0%, ty=  0.0%, tz=  0.0%]
  [ mat_geo] comp 別不整合: [x= 62.5%, y= 46.5%, z= 62.7%, tx=  0.0%, ty=  0.0%, tz=  0.0%]
  [  mat_st] comp 別不整合: [x= 30.0%, y= 91.5%, z= 27.1%, tx=  0.0%, ty=  0.0%, tz=  0.0%]
  ⚠ K_st 足し込みで rel_err が +1.8349e-01 悪化 — K_st が primary driver の可能性
  ⚠ K_geo 足し込みで rel_err が +1.8381e-01 悪化 — K_geo が primary driver の可能性
============================================================
  Incr 158 (frac=0.3498), attempt 42, 凍結解除(disp)→再凍結 ||R_t||/||f||=1.375e-03 (cycle=4)
  [NR診断] Incr 158 (frac=0.3498), 不収束 att=43, Type分布[-:1(2%), C:3(7%), D.div+E:8(19%), D.stall+E:20(47%), E:11(26%)], 直近10[D.stall+E:10], R_c=5.31e-06, R_s=2.16e-06, active=27, sliding=400, activated=0, deactivated=0, stick→slide=0, slide→stick=0, comp(x=4.3e-06/76%,y=2.2e-06/38%,z=1.4e-06/24%,θx=2.5e-06/43%,θy=1.8e-07/3%,θz=1.1e-06/19%)
  [CUTBACK:nr_limit] frac 0.3498, dt=2.0788e-03 → sub-steps (cutback #16)
  [f_ref] Incr 158: f_ref=2.880e-01 (dynamic_ref), atol=1.49e-08
  Incr 158 (frac=0.3488), attempt 0 [C], ||R_t||/||f|| = 1.000e+00, ||R_r|| = 4.569e-03, ||R_w||/||f||=1.000e+00, active=29, R(x=1.4e-01/49%,y=2.6e-02/9%,z=2.5e-01/87%)
  Incr 158 (frac=0.3488), attempt 5 [D.div+E], ||R_t||/||f|| = 8.954e-05, ||R_r|| = 2.092e-06, ||R_w||/||f||=8.955e-05, rate=1.125, active=29, R(x=2.6e-05/99%,y=2.3e-06/9%,z=1.8e-06/7%)
  Incr 158 (frac=0.3488), attempt 10 [E], ||R_t||/||f|| = 8.053e-05, ||R_r|| = 2.054e-06, ||R_w||/||f||=8.053e-05, rate=0.892, active=29, R(x=2.0e-05/87%,y=2.3e-06/10%,z=1.1e-05/47%)
  Incr 158 (frac=0.3488), 低残差チャタリング検知[D+E] → 接触凍結モード (att=15, ||R||/||f||=9.023e-05, R_c=2.60e-05, R_s=1.36e-06, cycle=1/5, active=29)
  Incr 158 (frac=0.3488), attempt 15 [D.div+E], ||R_t||/||f|| = 9.023e-05, ||R_r|| = 2.051e-06, ||R_w||/||f||=9.024e-05, rate=1.120, active=29, R(x=2.6e-05/99%,y=2.4e-06/9%,z=2.0e-06/8%)
============================================================
接線剛性FD方向診断（status-256）
============================================================
  ||du|| = 1.5822e-04
  ||R_u|| = 2.6069e-05
  ⚠ R_u vs compute_residual(u) 乖離: 8.1214e-08 (リラクゼーション/動的項の差異)
  ||R_base|| = 2.6076e-05
  ||R(u+eps*du)|| = 2.6076e-05
  方向有効性: ||R(u+eps*du)||/||R(u)|| = 1.000001
  ⚠ du方向で残差が増加 — Newton方向が無効
  FD方向微分 = -1.6358e-03
  解析方向微分 = 1.4808e-05
  全体系 K@du: FD vs 解析 相対誤差 = 1.0002e+00
  ⚠ 全体系で接線剛性不整合 — K_c自体が不正確
  全体系不整合DOF上位5件:
    dof=686 (node=114, comp=2): FD=5.5634e-03, analytical=-4.5487e-11, diff=5.5634e-03
    dof=500 (node=83, comp=2): FD=5.4461e-03, analytical=5.9341e-07, diff=5.4455e-03
    dof=494 (node=82, comp=2): FD=5.1110e-03, analytical=1.4968e-07, diff=5.1108e-03
    dof=680 (node=113, comp=2): FD=-4.9838e-03, analytical=-4.7213e-11, diff=-4.9838e-03
    dof=602 (node=100, comp=2): FD=-4.2527e-03, analytical=-6.0182e-07, diff=-4.2521e-03
  comp別不整合: [x:7.93e-03(38%), y:1.66e-03(8%), z:1.95e-02(92%), θx:7.97e-05(0%), θy:4.67e-04(2%), θz:1.64e-05(0%)]
  接触DOF不整合: 1.13e-02 (252 DOFs), 構造DOF不整合: 1.79e-02 (1686 DOFs)
  活性DOF K@du: FD vs 解析 相対誤差 = 1.0001e+00 (252 DOFs)
  ⚠ 活性DOFで接線剛性不整合
  方向微分整合度: |FD-解析|/max = 1.0091e+00
------------------------------------------------------------
  f_c 単独FD検証（K_c精度）
  ||∂f_c/∂u·du (FD)|| = 1.1488e-05
  ||K_c @ du|| = 9.6257e-06
  f_c FD相対誤差 = 8.7687e-01
  ⚠ K_c自体が不正確（f_c単独で10%超の不整合）
  f_c comp別不整合: [x=6.6e-06/65%, y=2.1e-06/21%, z=7.3e-06/73%, θx=0.0e+00/0%, θy=0.0e+00/0%, θz=0.0e+00/0%]
  f_c不整合DOF上位5件:
    dof=500 (node=83, comp=2): FD=-1.5511e-06, K_c=2.3825e-06, diff=-3.9335e-06
    dof=602 (node=100, comp=2): FD=1.5374e-06, K_c=-2.3615e-06, diff=3.8989e-06
    dof=494 (node=82, comp=2): FD=-1.5971e-06, K_c=1.6858e-06, diff=-3.2829e-06
    dof=444 (node=74, comp=0): FD=4.7387e-06, K_c=1.5129e-06, diff=3.2258e-06
    dof=596 (node=99, comp=2): FD=1.1857e-06, K_c=-1.8232e-06, diff=3.0089e-06
============================================================
[K_c成分FD]
============================================================
K_c 成分分解 FD 診断（status-342）  [incr=158 att=15]
============================================================
  ||du|| = 1.5822e-04, eps = 1.00e-07
  ||dfc (FD)|| = 1.2134e-05
  ||K_mat@du|| = 9.4029e-06, ||K_geo@du|| = 1.1744e-08, ||K_st@du||  = 6.0096e-06
  ||K_c@du||   = 1.2392e-05
  寄与率: mat= 0.76, geo= 0.00, st= 0.48
------------------------------------------------------------
  組み合わせ別 FD 相対誤差（K_c = K_mat - K_geo + K_st 合意）:
    full     = 6.4561e-01
    mat_only = 4.6230e-01  (geo/st 除外)
    mat_geo  = 4.6288e-01  (st 除外)
    mat_st   = 6.4513e-01   (geo 除外)
  最良組み合わせ: mat_only (rel_err=4.6230e-01)
------------------------------------------------------------
  [    full] comp 別不整合: [x= 28.5%, y= 82.1%, z= 49.5%, tx=  0.0%, ty=  0.0%, tz=  0.0%]
  [mat_only] comp 別不整合: [x= 60.5%, y= 23.9%, z= 75.9%, tx=  0.0%, ty=  0.0%, tz=  0.0%]
  [ mat_geo] comp 別不整合: [x= 60.6%, y= 23.9%, z= 75.9%, tx=  0.0%, ty=  0.0%, tz=  0.0%]
  [  mat_st] comp 別不整合: [x= 28.4%, y= 82.1%, z= 49.5%, tx=  0.0%, ty=  0.0%, tz=  0.0%]
  ⚠ K_st 足し込みで rel_err が +1.8273e-01 悪化 — K_st が primary driver の可能性
  ⚠ K_geo 足し込みで rel_err が +1.8283e-01 悪化 — K_geo が primary driver の可能性
============================================================
============================================================
接線剛性FD方向診断（status-256）
============================================================
  ||du|| = 2.0647e-05
  ||R_u|| = 9.8466e-06
  ⚠ R_u vs compute_residual(u) 乖離: 2.3338e-05 (リラクゼーション/動的項の差異)
  ||R_base|| = 2.3311e-05
  ||R(u+eps*du)|| = 2.3311e-05
  方向有効性: ||R(u+eps*du)||/||R(u)|| = 1.000014
  ⚠ du方向で残差が増加 — Newton方向が無効
  FD方向微分 = 8.1694e-04
  解析方向微分 = 2.6695e-06
  全体系 K@du: FD vs 解析 相対誤差 = 9.9990e-01
  ⚠ 全体系で接線剛性不整合 — K_c自体が不正確
  全体系不整合DOF上位5件:
    dof=596 (node=99, comp=2): FD=-1.1580e-02, analytical=-1.8318e-06, diff=-1.1578e-02
    dof=500 (node=83, comp=2): FD=9.6375e-03, analytical=2.3772e-06, diff=9.6351e-03
    dof=594 (node=99, comp=0): FD=-7.3926e-03, analytical=-5.8821e-08, diff=-7.3926e-03
    dof=498 (node=83, comp=0): FD=6.8157e-03, analytical=5.5562e-08, diff=6.8157e-03
    dof=494 (node=82, comp=2): FD=6.0926e-03, analytical=1.6766e-06, diff=6.0909e-03
  comp別不整合: [x:1.34e-02(53%), y:1.73e-03(7%), z:2.15e-02(85%), θx:6.93e-05(0%), θy:2.51e-04(1%), θz:1.32e-05(0%)]
  接触DOF不整合: 2.12e-02 (252 DOFs), 構造DOF不整合: 1.39e-02 (1686 DOFs)
  活性DOF K@du: FD vs 解析 相対誤差 = 9.9985e-01 (252 DOFs)
  ⚠ 活性DOFで接線剛性不整合
  方向微分整合度: |FD-解析|/max = 9.9673e-01
------------------------------------------------------------
  f_c 単独FD検証（K_c精度）
  ||∂f_c/∂u·du (FD)|| = 7.7984e-06
  ||K_c @ du|| = 4.2783e-07
  f_c FD相対誤差 = 1.0284e+00
  ⚠ K_c自体が不正確（f_c単独で10%超の不整合）
  f_c comp別不整合: [x=5.1e-06/63%, y=3.7e-06/47%, z=4.9e-06/62%, θx=0.0e+00/0%, θy=0.0e+00/0%, θz=0.0e+00/0%]
  f_c不整合DOF上位5件:
    dof=500 (node=83, comp=2): FD=2.6238e-06, K_c=-6.3624e-08, diff=2.6875e-06
    dof=602 (node=100, comp=2): FD=-2.6008e-06, K_c=6.3066e-08, diff=-2.6639e-06
    dof=444 (node=74, comp=0): FD=1.9702e-06, K_c=-2.3427e-07, diff=2.2044e-06
    dof=498 (node=83, comp=0): FD=2.0252e-06, K_c=-4.8062e-08, diff=2.0732e-06
    dof=600 (node=100, comp=0): FD=-2.0074e-06, K_c=4.7640e-08, diff=-2.0551e-06
============================================================
[K_c成分FD]
============================================================
K_c 成分分解 FD 診断（status-342）  [incr=158 att=16]
============================================================
  ||du|| = 2.0647e-05, eps = 1.00e-07
  ||dfc (FD)|| = 4.8653e-06
  ||K_mat@du|| = 4.6652e-06, ||K_geo@du|| = 9.9679e-10, ||K_st@du||  = 8.4508e-07
  ||K_c@du||   = 4.9895e-06
  寄与率: mat= 0.93, geo= 0.00, st= 0.17
------------------------------------------------------------
  組み合わせ別 FD 相対誤差（K_c = K_mat - K_geo + K_st 合意）:
    full     = 2.1949e-01
    mat_only = 1.6123e-01  (geo/st 除外)
    mat_geo  = 1.6133e-01  (st 除外)
    mat_st   = 2.1943e-01   (geo 除外)
  最良組み合わせ: mat_only (rel_err=1.6123e-01)
------------------------------------------------------------
  [    full] comp 別不整合: [x= 36.1%, y= 77.7%, z= 51.5%, tx=  0.0%, ty=  0.0%, tz=  0.0%]
  [mat_only] comp 別不整合: [x= 60.7%, y= 27.3%, z= 74.6%, tx=  0.0%, ty=  0.0%, tz=  0.0%]
  [ mat_geo] comp 別不整合: [x= 60.8%, y= 27.4%, z= 74.6%, tx=  0.0%, ty=  0.0%, tz=  0.0%]
  [  mat_st] comp 別不整合: [x= 36.1%, y= 77.7%, z= 51.5%, tx=  0.0%, ty=  0.0%, tz=  0.0%]
  ⚠ K_st 足し込みで rel_err が +5.8158e-02 悪化 — K_st が primary driver の可能性
  ⚠ K_geo 足し込みで rel_err が +5.8208e-02 悪化 — K_geo が primary driver の可能性
============================================================
  Incr 158 (frac=0.3488), attempt 16, 凍結解除(disp)→再凍結 ||R_t||/||f||=8.054e-05 (cycle=2)
============================================================
接線剛性FD方向診断（status-256）
============================================================
  ||du|| = 1.7508e-04
  ||R_u|| = 2.3282e-05
  ⚠ R_u vs compute_residual(u) 乖離: 1.4049e-10 (リラクゼーション/動的項の差異)
  ||R_base|| = 2.3282e-05
  ||R(u+eps*du)|| = 2.3282e-05
  方向有効性: ||R(u+eps*du)||/||R(u)|| = 0.999999
  ✓ du方向で残差が減少 — Newton方向は有効
  FD方向微分 = 8.2678e-06
  解析方向微分 = 1.3343e-05
  全体系 K@du: FD vs 解析 相対誤差 = 1.0003e+00
  ⚠ 全体系で接線剛性不整合 — K_c自体が不正確
  全体系不整合DOF上位5件:
    dof=494 (node=82, comp=2): FD=4.5320e-03, analytical=4.7571e-06, diff=4.5272e-03
    dof=986 (node=164, comp=2): FD=-4.2497e-03, analytical=-1.3136e-10, diff=-4.2497e-03
    dof=386 (node=64, comp=2): FD=4.0513e-03, analytical=-1.0929e-10, diff=4.0513e-03
    dof=1094 (node=182, comp=2): FD=3.8309e-03, analytical=-8.2079e-11, diff=3.8309e-03
    dof=488 (node=81, comp=2): FD=-3.7787e-03, analytical=2.9775e-07, diff=-3.7790e-03
  comp別不整合: [x:6.74e-03(39%), y:1.33e-03(8%), z:1.59e-02(92%), θx:7.13e-05(0%), θy:5.26e-04(3%), θz:1.41e-05(0%)]
  接触DOF不整合: 7.34e-03 (252 DOFs), 構造DOF不整合: 1.57e-02 (1686 DOFs)
  活性DOF K@du: FD vs 解析 相対誤差 = 9.9992e-01 (252 DOFs)
  ⚠ 活性DOFで接線剛性不整合
  方向微分整合度: |FD-解析|/max = 3.8036e-01
------------------------------------------------------------
  f_c 単独FD検証（K_c精度）
  ||∂f_c/∂u·du (FD)|| = 2.1312e-05
  ||K_c @ du|| = 1.1150e-05
  f_c FD相対誤差 = 1.3953e+00
  ⚠ K_c自体が不正確（f_c単独で10%超の不整合）
  f_c comp別不整合: [x=2.2e-05/75%, y=1.0e-05/34%, z=1.7e-05/57%, θx=0.0e+00/0%, θy=0.0e+00/0%, θz=0.0e+00/0%]
  f_c不整合DOF上位5件:
    dof=444 (node=74, comp=0): FD=-8.3227e-06, K_c=2.4434e-06, diff=-1.0766e-05
    dof=500 (node=83, comp=2): FD=-4.4430e-06, K_c=4.5132e-06, diff=-8.9562e-06
    dof=602 (node=100, comp=2): FD=4.4039e-06, K_c=-4.4737e-06, diff=8.8776e-06
    dof=596 (node=99, comp=2): FD=3.3988e-06, K_c=-3.4417e-06, diff=6.8406e-06
    dof=534 (node=89, comp=0): FD=5.1980e-06, K_c=-1.5944e-06, diff=6.7924e-06
============================================================
[K_c成分FD]
============================================================
K_c 成分分解 FD 診断（status-342）  [incr=158 att=17]
============================================================
  ||du|| = 1.7508e-04, eps = 1.00e-07
  ||dfc (FD)|| = 2.1313e-05
  ||K_mat@du|| = 1.6193e-05, ||K_geo@du|| = 1.4274e-08, ||K_st@du||  = 8.0734e-06
  ||K_c@du||   = 2.0188e-05
  寄与率: mat= 0.80, geo= 0.00, st= 0.40
------------------------------------------------------------
  組み合わせ別 FD 相対誤差（K_c = K_mat - K_geo + K_st 合意）:
    full     = 6.4304e-01
    mat_only = 5.3343e-01  (geo/st 除外)
    mat_geo  = 5.3381e-01  (st 除外)
    mat_st   = 6.4277e-01   (geo 除外)
  最良組み合わせ: mat_only (rel_err=5.3343e-01)
------------------------------------------------------------
  [    full] comp 別不整合: [x= 49.1%, y= 62.7%, z= 60.5%, tx=  0.0%, ty=  0.0%, tz=  0.0%]
  [mat_only] comp 別不整合: [x= 67.4%, y= 16.1%, z= 72.1%, tx=  0.0%, ty=  0.0%, tz=  0.0%]
  [ mat_geo] comp 別不整合: [x= 67.4%, y= 16.1%, z= 72.1%, tx=  0.0%, ty=  0.0%, tz=  0.0%]
  [  mat_st] comp 別不整合: [x= 49.0%, y= 62.7%, z= 60.5%, tx=  0.0%, ty=  0.0%, tz=  0.0%]
  ⚠ K_st 足し込みで rel_err が +1.0923e-01 悪化 — K_st が primary driver の可能性
  ⚠ K_geo 足し込みで rel_err が +1.0934e-01 悪化 — K_geo が primary driver の可能性
============================================================
============================================================
接線剛性FD方向診断（status-256）
============================================================
  ||du|| = 3.8739e-05
  ||R_u|| = 1.1359e-05
  ⚠ R_u vs compute_residual(u) 乖離: 2.7912e-05 (リラクゼーション/動的項の差異)
  ||R_base|| = 3.3793e-05
  ||R(u+eps*du)|| = 3.3793e-05
  方向有効性: ||R(u+eps*du)||/||R(u)|| = 1.000006
  ⚠ du方向で残差が増加 — Newton方向が無効
  FD方向微分 = -1.8996e-03
  解析方向微分 = 3.5609e-06
  全体系 K@du: FD vs 解析 相対誤差 = 9.9997e-01
  ⚠ 全体系で接線剛性不整合 — K_c自体が不正確
  全体系不整合DOF上位5件:
    dof=500 (node=83, comp=2): FD=4.2492e-03, analytical=4.5068e-06, diff=4.2447e-03
    dof=1094 (node=182, comp=2): FD=-3.9590e-03, analytical=-3.4157e-10, diff=-3.9590e-03
    dof=1100 (node=183, comp=2): FD=3.8326e-03, analytical=9.5827e-11, diff=3.8326e-03
    dof=686 (node=114, comp=2): FD=3.6965e-03, analytical=6.3458e-11, diff=3.6965e-03
    dof=602 (node=100, comp=2): FD=-3.6818e-03, analytical=-4.4798e-06, diff=-3.6773e-03
  comp別不整合: [x:9.38e-03(48%), y:2.13e-03(11%), z:1.70e-02(87%), θx:5.37e-05(0%), θy:2.79e-04(1%), θz:1.15e-05(0%)]
  接触DOF不整合: 1.07e-02 (270 DOFs), 構造DOF不整合: 1.64e-02 (1668 DOFs)
  活性DOF K@du: FD vs 解析 相対誤差 = 9.9977e-01 (270 DOFs)
  ⚠ 活性DOFで接線剛性不整合
  方向微分整合度: |FD-解析|/max = 1.0019e+00
------------------------------------------------------------
  f_c 単独FD検証（K_c精度）
  ||∂f_c/∂u·du (FD)|| = 6.6906e-06
  ||K_c @ du|| = 2.0751e-06
  f_c FD相対誤差 = 1.1929e+00
  ⚠ K_c自体が不正確（f_c単独で10%超の不整合）
  f_c comp別不整合: [x=6.5e-06/82%, y=3.9e-06/49%, z=2.4e-06/30%, θx=0.0e+00/0%, θy=0.0e+00/0%, θz=0.0e+00/0%]
  f_c不整合DOF上位5件:
    dof=444 (node=74, comp=0): FD=2.6208e-06, K_c=-9.0824e-07, diff=3.5291e-06
    dof=534 (node=89, comp=0): FD=-2.0917e-06, K_c=7.3517e-07, diff=-2.8269e-06
    dof=438 (node=73, comp=0): FD=1.4040e-06, K_c=-6.8792e-07, diff=2.0919e-06
    dof=528 (node=88, comp=0): FD=-1.4016e-06, K_c=3.8061e-07, diff=-1.7822e-06
    dof=535 (node=89, comp=1): FD=1.8053e-06, K_c=3.6288e-08, diff=1.7691e-06
============================================================
[K_c成分FD]
============================================================
K_c 成分分解 FD 診断（status-342）  [incr=158 att=18]
============================================================
  ||du|| = 3.8739e-05, eps = 1.00e-07
  ||dfc (FD)|| = 7.1250e-06
  ||K_mat@du|| = 6.0070e-06, ||K_geo@du|| = 4.5139e-09, ||K_st@du||  = 3.4687e-06
  ||K_c@du||   = 7.1512e-06
  寄与率: mat= 0.84, geo= 0.00, st= 0.49
------------------------------------------------------------
  組み合わせ別 FD 相対誤差（K_c = K_mat - K_geo + K_st 合意）:
    full     = 5.5834e-01
    mat_only = 3.1061e-01  (geo/st 除外)
    mat_geo  = 3.1114e-01  (st 除外)
    mat_st   = 5.5798e-01   (geo 除外)
  最良組み合わせ: mat_only (rel_err=3.1061e-01)
------------------------------------------------------------
  [    full] comp 別不整合: [x= 32.8%, y= 92.0%, z= 21.4%, tx=  0.0%, ty=  0.0%, tz=  0.0%]
  [mat_only] comp 別不整合: [x= 83.0%, y= 31.2%, z= 46.2%, tx=  0.0%, ty=  0.0%, tz=  0.0%]
  [ mat_geo] comp 別不整合: [x= 83.1%, y= 31.2%, z= 46.1%, tx=  0.0%, ty=  0.0%, tz=  0.0%]
  [  mat_st] comp 別不整合: [x= 32.8%, y= 92.0%, z= 21.4%, tx=  0.0%, ty=  0.0%, tz=  0.0%]
  ⚠ K_st 足し込みで rel_err が +2.4720e-01 悪化 — K_st が primary driver の可能性
  ⚠ K_geo 足し込みで rel_err が +2.4738e-01 悪化 — K_geo が primary driver の可能性
============================================================
  Incr 158 (frac=0.3488), attempt 18, 凍結解除(disp)→再凍結 ||R_t||/||f||=1.159e-04 (cycle=3)
============================================================
接線剛性FD方向診断（status-256）
============================================================
  ||du|| = 2.1273e-04
  ||R_u|| = 3.3396e-05
  ⚠ R_u vs compute_residual(u) 乖離: 6.5867e-10 (リラクゼーション/動的項の差異)
  ||R_base|| = 3.3396e-05
  ||R(u+eps*du)|| = 3.3395e-05
  方向有効性: ||R(u+eps*du)||/||R(u)|| = 0.999997
  ✓ du方向で残差が減少 — Newton方向は有効
  FD方向微分 = 1.2820e-05
  解析方向微分 = 1.8178e-05
  全体系 K@du: FD vs 解析 相対誤差 = 1.0005e+00
  ⚠ 全体系で接線剛性不整合 — K_c自体が不正確
  全体系不整合DOF上位5件:
    dof=1100 (node=183, comp=2): FD=-5.3644e-03, analytical=-2.2707e-10, diff=-5.3644e-03
    dof=1718 (node=286, comp=2): FD=4.0217e-03, analytical=2.1040e-10, diff=4.0217e-03
    dof=1106 (node=184, comp=2): FD=3.8386e-03, analytical=2.0020e-10, diff=3.8386e-03
    dof=1094 (node=182, comp=2): FD=3.6737e-03, analytical=-1.0986e-10, diff=3.6737e-03
    dof=1904 (node=317, comp=2): FD=3.4587e-03, analytical=1.9939e-10, diff=3.4587e-03
  comp別不整合: [x:7.44e-03(40%), y:1.36e-03(7%), z:1.69e-02(91%), θx:1.30e-04(1%), θy:7.04e-04(4%), θz:2.53e-05(0%)]
  接触DOF不整合: 6.76e-03 (270 DOFs), 構造DOF不整合: 1.73e-02 (1668 DOFs)
  活性DOF K@du: FD vs 解析 相対誤差 = 9.9927e-01 (270 DOFs)
  ⚠ 活性DOFで接線剛性不整合
  方向微分整合度: |FD-解析|/max = 2.9473e-01
------------------------------------------------------------
  f_c 単独FD検証（K_c精度）
  ||∂f_c/∂u·du (FD)|| = 3.5233e-05
  ||K_c @ du|| = 8.5802e-06
  f_c FD相対誤差 = 1.1465e+00
  ⚠ K_c自体が不正確（f_c単独で10%超の不整合）
  f_c comp別不整合: [x=3.1e-05/76%, y=2.2e-05/54%, z=1.5e-05/36%, θx=0.0e+00/0%, θy=0.0e+00/0%, θz=0.0e+00/0%]
  f_c不整合DOF上位5件:
    dof=444 (node=74, comp=0): FD=1.4356e-05, K_c=-3.7067e-06, diff=1.8063e-05
    dof=534 (node=89, comp=0): FD=-8.0525e-06, K_c=2.5181e-06, diff=-1.0571e-05
    dof=438 (node=73, comp=0): FD=7.5444e-06, K_c=-2.7858e-06, diff=1.0330e-05
    dof=487 (node=81, comp=1): FD=-8.5656e-06, K_c=-1.9857e-07, diff=-8.3670e-06
    dof=1056 (node=176, comp=0): FD=-7.7343e-06, K_c=3.1841e-07, diff=-8.0527e-06
============================================================
[K_c成分FD]
============================================================
K_c 成分分解 FD 診断（status-342）  [incr=158 att=19]
============================================================
  ||du|| = 2.1273e-04, eps = 1.00e-07
  ||dfc (FD)|| = 3.5233e-05
  ||K_mat@du|| = 3.1067e-05, ||K_geo@du|| = 1.9485e-08, ||K_st@du||  = 1.2969e-05
  ||K_c@du||   = 3.6992e-05
  寄与率: mat= 0.84, geo= 0.00, st= 0.35
------------------------------------------------------------
  組み合わせ別 FD 相対誤差（K_c = K_mat - K_geo + K_st 合意）:
    full     = 4.2023e-01
    mat_only = 2.6989e-01  (geo/st 除外)
    mat_geo  = 2.7028e-01  (st 除外)
    mat_st   = 4.1998e-01   (geo 除外)
  最良組み合わせ: mat_only (rel_err=2.6989e-01)
------------------------------------------------------------
  [    full] comp 別不整合: [x= 31.9%, y= 89.3%, z= 31.8%, tx=  0.0%, ty=  0.0%, tz=  0.0%]
  [mat_only] comp 別不整合: [x= 75.2%, y= 29.9%, z= 58.7%, tx=  0.0%, ty=  0.0%, tz=  0.0%]
  [ mat_geo] comp 別不整合: [x= 75.2%, y= 29.9%, z= 58.7%, tx=  0.0%, ty=  0.0%, tz=  0.0%]
  [  mat_st] comp 別不整合: [x= 31.9%, y= 89.3%, z= 31.8%, tx=  0.0%, ty=  0.0%, tz=  0.0%]
  ⚠ K_st 足し込みで rel_err が +1.4995e-01 悪化 — K_st が primary driver の可能性
  ⚠ K_geo 足し込みで rel_err が +1.5009e-01 悪化 — K_geo が primary driver の可能性
============================================================
  Incr 158 (frac=0.3488), attempt 20 [E], ||R_t||/||f|| = 2.981e-05, ||R_r|| = 2.468e-06, ||R_w||/||f||=2.984e-05, rate=0.258, active=29, R(x=7.3e-06/82%,y=2.3e-06/26%,z=3.8e-06/43%)
============================================================
接線剛性FD方向診断（status-256）
============================================================
  ||du|| = 2.6846e-05
  ||R_u|| = 8.9323e-06
  ⚠ R_u vs compute_residual(u) 乖離: 4.1309e-05 (リラクゼーション/動的項の差異)
  ||R_base|| = 4.6090e-05
  ||R(u+eps*du)|| = 4.6091e-05
  方向有効性: ||R(u+eps*du)||/||R(u)|| = 1.000011
  ⚠ du方向で残差が増加 — Newton方向が無効
  FD方向微分 = -4.2161e-03
  解析方向微分 = 3.3146e-06
  全体系 K@du: FD vs 解析 相対誤差 = 1.0002e+00
  ⚠ 全体系で接線剛性不整合 — K_c自体が不正確
  全体系不整合DOF上位5件:
    dof=602 (node=100, comp=2): FD=-5.1280e-03, analytical=-2.0112e-06, diff=-5.1260e-03
    dof=1706 (node=284, comp=2): FD=-3.8405e-03, analytical=-2.1671e-11, diff=-3.8405e-03
    dof=596 (node=99, comp=2): FD=-3.7999e-03, analytical=-1.5560e-06, diff=-3.7983e-03
    dof=788 (node=131, comp=2): FD=3.6410e-03, analytical=5.4452e-10, diff=3.6410e-03
    dof=546 (node=91, comp=0): FD=-3.3821e-03, analytical=2.9209e-06, diff=-3.3850e-03
  comp別不整合: [x:1.00e-02(57%), y:2.50e-03(14%), z:1.41e-02(81%), θx:5.92e-05(0%), θy:2.95e-04(2%), θz:1.24e-05(0%)]
  接触DOF不整合: 1.23e-02 (252 DOFs), 構造DOF不整合: 1.25e-02 (1686 DOFs)
  活性DOF K@du: FD vs 解析 相対誤差 = 1.0002e+00 (252 DOFs)
  ⚠ 活性DOFで接線剛性不整合
  方向微分整合度: |FD-解析|/max = 1.0008e+00
------------------------------------------------------------
  f_c 単独FD検証（K_c精度）
  ||∂f_c/∂u·du (FD)|| = 6.4276e-06
  ||K_c @ du|| = 2.1216e-06
  f_c FD相対誤差 = 1.1692e+00
  ⚠ K_c自体が不正確（f_c単独で10%超の不整合）
  f_c comp別不整合: [x=6.1e-06/81%, y=3.8e-06/51%, z=2.1e-06/28%, θx=0.0e+00/0%, θy=0.0e+00/0%, θz=0.0e+00/0%]
  f_c不整合DOF上位5件:
    dof=444 (node=74, comp=0): FD=-2.3934e-06, K_c=8.5011e-07, diff=-3.2435e-06
    dof=534 (node=89, comp=0): FD=1.9791e-06, K_c=-7.7996e-07, diff=2.7591e-06
    dof=438 (node=73, comp=0): FD=-1.2660e-06, K_c=6.4366e-07, diff=-1.9097e-06
    dof=528 (node=88, comp=0): FD=1.3701e-06, K_c=-4.0346e-07, diff=1.7736e-06
    dof=535 (node=89, comp=1): FD=-1.7954e-06, K_c=-3.4699e-08, diff=-1.7607e-06
============================================================
[K_c成分FD]
============================================================
K_c 成分分解 FD 診断（status-342）  [incr=158 att=20]
============================================================
  ||du|| = 2.6846e-05, eps = 1.00e-07
  ||dfc (FD)|| = 6.9776e-06
  ||K_mat@du|| = 5.8707e-06, ||K_geo@du|| = 4.2868e-09, ||K_st@du||  = 3.3991e-06
  ||K_c@du||   = 6.5827e-06
  寄与率: mat= 0.89, geo= 0.00, st= 0.52
------------------------------------------------------------
  組み合わせ別 FD 相対誤差（K_c = K_mat - K_geo + K_st 合意）:
    full     = 5.7051e-01
    mat_only = 3.1678e-01  (geo/st 除外)
    mat_geo  = 3.1732e-01  (st 除外)
    mat_st   = 5.7027e-01   (geo 除外)
  最良組み合わせ: mat_only (rel_err=3.1678e-01)
------------------------------------------------------------
  [    full] comp 別不整合: [x= 34.7%, y= 89.9%, z= 26.5%, tx=  0.0%, ty=  0.0%, tz=  0.0%]
  [mat_only] comp 別不整合: [x= 83.3%, y= 29.1%, z= 47.1%, tx=  0.0%, ty=  0.0%, tz=  0.0%]
  [ mat_geo] comp 別不整合: [x= 83.3%, y= 29.0%, z= 47.1%, tx=  0.0%, ty=  0.0%, tz=  0.0%]
  [  mat_st] comp 別不整合: [x= 34.7%, y= 90.0%, z= 26.5%, tx=  0.0%, ty=  0.0%, tz=  0.0%]
  ⚠ K_st 足し込みで rel_err が +2.5320e-01 悪化 — K_st が primary driver の可能性
  ⚠ K_geo 足し込みで rel_err が +2.5349e-01 悪化 — K_geo が primary driver の可能性
============================================================
  Incr 158 (frac=0.3488), attempt 20, 凍結解除(disp)→再凍結 ||R_t||/||f||=1.586e-04 (cycle=4)
============================================================
接線剛性FD方向診断（status-256）
============================================================
  ||du|| = 2.7010e-04
  ||R_u|| = 4.5717e-05
  ⚠ R_u vs compute_residual(u) 乖離: 7.2653e-10 (リラクゼーション/動的項の差異)
  ||R_base|| = 4.5717e-05
  ||R(u+eps*du)|| = 4.5717e-05
  方向有効性: ||R(u+eps*du)||/||R(u)|| = 1.000000
  ✓ du方向で残差が減少 — Newton方向は有効
  FD方向微分 = 2.8319e-05
  解析方向微分 = 2.3003e-05
  全体系 K@du: FD vs 解析 相対誤差 = 1.0013e+00
  ⚠ 全体系で接線剛性不整合 — K_c自体が不正確
  全体系不整合DOF上位5件:
    dof=1196 (node=199, comp=2): FD=-4.0673e-03, analytical=-1.7465e-10, diff=-4.0673e-03
    dof=1712 (node=285, comp=2): FD=-3.9998e-03, analytical=-4.4002e-11, diff=-3.9998e-03
    dof=1826 (node=304, comp=2): FD=-3.9472e-03, analytical=-3.7266e-10, diff=-3.9472e-03
    dof=1820 (node=303, comp=2): FD=3.9206e-03, analytical=-1.2380e-10, diff=3.9206e-03
    dof=896 (node=149, comp=2): FD=3.3385e-03, analytical=-4.2361e-07, diff=3.3390e-03
  comp別不整合: [x:6.83e-03(38%), y:1.39e-03(8%), z:1.63e-02(92%), θx:2.54e-04(1%), θy:9.24e-04(5%), θz:3.57e-05(0%)]
  接触DOF不整合: 5.12e-03 (252 DOFs), 構造DOF不整合: 1.70e-02 (1686 DOFs)
  活性DOF K@du: FD vs 解析 相対誤差 = 9.9985e-01 (252 DOFs)
  ⚠ 活性DOFで接線剛性不整合
  方向微分整合度: |FD-解析|/max = 1.8772e-01
------------------------------------------------------------
  f_c 単独FD検証（K_c精度）
  ||∂f_c/∂u·du (FD)|| = 6.0302e-05
  ||K_c @ du|| = 1.3135e-05
  f_c FD相対誤差 = 1.1128e+00
  ⚠ K_c自体が不正確（f_c単独で10%超の不整合）
  f_c comp別不整合: [x=4.6e-05/68%, y=4.5e-05/67%, z=2.0e-05/30%, θx=0.0e+00/0%, θy=0.0e+00/0%, θz=0.0e+00/0%]
  f_c不整合DOF上位5件:
    dof=444 (node=74, comp=0): FD=-2.2493e-05, K_c=5.1819e-06, diff=-2.7675e-05
    dof=445 (node=74, comp=1): FD=1.5632e-05, K_c=-1.2040e-06, diff=1.6836e-05
    dof=493 (node=82, comp=1): FD=1.5861e-05, K_c=1.2538e-08, diff=1.5848e-05
    dof=438 (node=73, comp=0): FD=-1.1513e-05, K_c=3.9066e-06, diff=-1.5420e-05
    dof=487 (node=81, comp=1): FD=1.4480e-05, K_c=1.7927e-07, diff=1.4301e-05
============================================================
[K_c成分FD]
============================================================
K_c 成分分解 FD 診断（status-342）  [incr=158 att=21]
============================================================
  ||du|| = 2.7010e-04, eps = 1.00e-07
  ||dfc (FD)|| = 6.0302e-05
  ||K_mat@du|| = 5.4861e-05, ||K_geo@du|| = 2.6059e-08, ||K_st@du||  = 2.0564e-05
  ||K_c@du||   = 6.1215e-05
  寄与率: mat= 0.90, geo= 0.00, st= 0.34
------------------------------------------------------------
  組み合わせ別 FD 相対誤差（K_c = K_mat - K_geo + K_st 合意）:
    full     = 4.0319e-01
    mat_only = 2.4822e-01  (geo/st 除外)
    mat_geo  = 2.4857e-01  (st 除外)
    mat_st   = 4.0298e-01   (geo 除外)
  最良組み合わせ: mat_only (rel_err=2.4822e-01)
------------------------------------------------------------
  [    full] comp 別不整合: [x= 39.8%, y= 85.2%, z= 34.1%, tx=  0.0%, ty=  0.0%, tz=  0.0%]
  [mat_only] comp 別不整合: [x= 79.9%, y= 24.5%, z= 55.0%, tx=  0.0%, ty=  0.0%, tz=  0.0%]
  [ mat_geo] comp 別不整合: [x= 79.9%, y= 24.5%, z= 54.9%, tx=  0.0%, ty=  0.0%, tz=  0.0%]
  [  mat_st] comp 別不整合: [x= 39.7%, y= 85.2%, z= 34.1%, tx=  0.0%, ty=  0.0%, tz=  0.0%]
  ⚠ K_st 足し込みで rel_err が +1.5463e-01 悪化 — K_st が primary driver の可能性
  ⚠ K_geo 足し込みで rel_err が +1.5475e-01 悪化 — K_geo が primary driver の可能性
============================================================
============================================================
接線剛性FD方向診断（status-256）
============================================================
  ||du|| = 4.1381e-05
  ||R_u|| = 1.3471e-05
  ⚠ R_u vs compute_residual(u) 乖離: 6.3345e-05 (リラクゼーション/動的項の差異)
  ||R_base|| = 6.9502e-05
  ||R(u+eps*du)|| = 6.9503e-05
  方向有効性: ||R(u+eps*du)||/||R(u)|| = 1.000010
  ⚠ du方向で残差が増加 — Newton方向が無効
  FD方向微分 = -4.5705e-03
  解析方向微分 = 5.2910e-06
  全体系 K@du: FD vs 解析 相対誤差 = 1.0004e+00
  ⚠ 全体系で接線剛性不整合 — K_c自体が不正確
  全体系不整合DOF上位5件:
    dof=444 (node=74, comp=0): FD=-4.8255e-03, analytical=5.1813e-06, diff=-4.8307e-03
    dof=534 (node=89, comp=0): FD=4.3601e-03, analytical=-3.3434e-06, diff=4.3635e-03
    dof=546 (node=91, comp=0): FD=4.2598e-03, analytical=-4.1124e-06, diff=4.2639e-03
    dof=540 (node=90, comp=0): FD=4.2592e-03, analytical=-4.2888e-06, diff=4.2635e-03
    dof=636 (node=106, comp=0): FD=-4.0531e-03, analytical=2.8073e-06, diff=-4.0559e-03
  comp別不整合: [x:1.25e-02(65%), y:3.92e-03(20%), z:1.41e-02(73%), θx:7.02e-05(0%), θy:3.65e-04(2%), θz:1.64e-05(0%)]
  接触DOF不整合: 1.34e-02 (270 DOFs), 構造DOF不整合: 1.38e-02 (1668 DOFs)
  活性DOF K@du: FD vs 解析 相対誤差 = 1.0006e+00 (270 DOFs)
  ⚠ 活性DOFで接線剛性不整合
  方向微分整合度: |FD-解析|/max = 1.0012e+00
------------------------------------------------------------
  f_c 単独FD検証（K_c精度）
  ||∂f_c/∂u·du (FD)|| = 9.8861e-06
  ||K_c @ du|| = 3.1312e-06
  f_c FD相対誤差 = 1.2000e+00
  ⚠ K_c自体が不正確（f_c単独で10%超の不整合）
  f_c comp別不整合: [x=9.6e-06/81%, y=6.0e-06/51%, z=3.6e-06/30%, θx=0.0e+00/0%, θy=0.0e+00/0%, θz=0.0e+00/0%]
  f_c不整合DOF上位5件:
    dof=444 (node=74, comp=0): FD=3.5073e-06, K_c=-1.3260e-06, diff=4.8333e-06
    dof=534 (node=89, comp=0): FD=-3.3046e-06, K_c=1.2369e-06, diff=-4.5415e-06
    dof=438 (node=73, comp=0): FD=1.8964e-06, K_c=-1.0116e-06, diff=2.9080e-06
    dof=528 (node=88, comp=0): FD=-2.2628e-06, K_c=6.4257e-07, diff=-2.9053e-06
    dof=535 (node=89, comp=1): FD=2.9586e-06, K_c=5.9714e-08, diff=2.8989e-06
============================================================
[K_c成分FD]
============================================================
K_c 成分分解 FD 診断（status-342）  [incr=158 att=22]
============================================================
  ||du|| = 4.1381e-05, eps = 1.00e-07
  ||dfc (FD)|| = 1.0819e-05
  ||K_mat@du|| = 9.0890e-06, ||K_geo@du|| = 6.4768e-09, ||K_st@du||  = 5.5138e-06
  ||K_c@du||   = 1.0441e-05
  寄与率: mat= 0.87, geo= 0.00, st= 0.53
------------------------------------------------------------
  組み合わせ別 FD 相対誤差（K_c = K_mat - K_geo + K_st 合意）:
    full     = 5.8527e-01
    mat_only = 3.1027e-01  (geo/st 除外)
    mat_geo  = 3.1081e-01  (st 除外)
    mat_st   = 5.8504e-01   (geo 除外)
  最良組み合わせ: mat_only (rel_err=3.1027e-01)
------------------------------------------------------------
  [    full] comp 別不整合: [x= 34.2%, y= 92.1%, z= 18.5%, tx=  0.0%, ty=  0.0%, tz=  0.0%]
  [mat_only] comp 別不整合: [x= 84.1%, y= 32.5%, z= 43.2%, tx=  0.0%, ty=  0.0%, tz=  0.0%]
  [ mat_geo] comp 別不整合: [x= 84.2%, y= 32.5%, z= 43.1%, tx=  0.0%, ty=  0.0%, tz=  0.0%]
  [  mat_st] comp 別不整合: [x= 34.1%, y= 92.2%, z= 18.5%, tx=  0.0%, ty=  0.0%, tz=  0.0%]
  ⚠ K_st 足し込みで rel_err が +2.7447e-01 悪化 — K_st が primary driver の可能性
  ⚠ K_geo 足し込みで rel_err が +2.7477e-01 悪化 — K_geo が primary driver の可能性
============================================================
  Incr 158 (frac=0.3488), attempt 22, 凍結解除(disp)→再凍結 ||R_t||/||f||=2.394e-04 (cycle=5)
============================================================
接線剛性FD方向診断（status-256）
============================================================
  ||du|| = 4.1027e-04
  ||R_u|| = 6.8955e-05
  ⚠ R_u vs compute_residual(u) 乖離: 1.0143e-09 (リラクゼーション/動的項の差異)
  ||R_base|| = 6.8954e-05
  ||R(u+eps*du)|| = 6.8954e-05
  方向有効性: ||R(u+eps*du)||/||R(u)|| = 1.000000
  ✓ du方向で残差が減少 — Newton方向は有効
  FD方向微分 = 6.2216e-05
  解析方向微分 = 3.5552e-05
  全体系 K@du: FD vs 解析 相対誤差 = 1.0020e+00
  ⚠ 全体系で接線剛性不整合 — K_c自体が不正確
  全体系不整合DOF上位5件:
    dof=1196 (node=199, comp=2): FD=-3.8031e-03, analytical=8.7748e-11, diff=-3.8031e-03
    dof=1202 (node=200, comp=2): FD=3.5523e-03, analytical=-5.8941e-12, diff=3.5523e-03
    dof=1208 (node=201, comp=2): FD=-3.4268e-03, analytical=-3.4650e-10, diff=-3.4268e-03
    dof=1214 (node=202, comp=2): FD=3.2822e-03, analytical=1.1035e-10, diff=3.2822e-03
    dof=1190 (node=198, comp=2): FD=3.1837e-03, analytical=-2.0418e-10, diff=3.1837e-03
  comp別不整合: [x:7.35e-03(38%), y:1.67e-03(9%), z:1.80e-02(92%), θx:5.16e-04(3%), θy:1.17e-03(6%), θz:7.14e-05(0%)]
  接触DOF不整合: 7.62e-03 (270 DOFs), 構造DOF不整合: 1.80e-02 (1668 DOFs)
  活性DOF K@du: FD vs 解析 相対誤差 = 9.9985e-01 (270 DOFs)
  ⚠ 活性DOFで接線剛性不整合
  方向微分整合度: |FD-解析|/max = 4.2857e-01
------------------------------------------------------------
  f_c 単独FD検証（K_c精度）
  ||∂f_c/∂u·du (FD)|| = 1.1490e-04
  ||K_c @ du|| = 1.4549e-05
  f_c FD相対誤差 = 1.0522e+00
  ⚠ K_c自体が不正確（f_c単独で10%超の不整合）
  f_c comp別不整合: [x=6.1e-05/51%, y=1.0e-04/83%, z=2.8e-05/23%, θx=0.0e+00/0%, θy=0.0e+00/0%, θz=0.0e+00/0%]
  f_c不整合DOF上位5件:
    dof=493 (node=82, comp=1): FD=-4.0323e-05, K_c=-8.9317e-08, diff=-4.0233e-05
    dof=487 (node=81, comp=1): FD=-3.9777e-05, K_c=-9.6285e-08, diff=-3.9680e-05
    dof=444 (node=74, comp=0): FD=2.8681e-05, K_c=-6.7063e-06, diff=3.5387e-05
    dof=445 (node=74, comp=1): FD=-3.1761e-05, K_c=2.3495e-06, diff=-3.4111e-05
    dof=499 (node=83, comp=1): FD=-3.0846e-05, K_c=-1.9916e-08, diff=-3.0826e-05
============================================================
[K_c成分FD]
============================================================
K_c 成分分解 FD 診断（status-342）  [incr=158 att=23]
============================================================
  ||du|| = 4.1027e-04, eps = 1.00e-07
  ||dfc (FD)|| = 1.1490e-04
  ||K_mat@du|| = 1.0976e-04, ||K_geo@du|| = 3.1164e-08, ||K_st@du||  = 3.4236e-05
  ||K_c@du||   = 1.1335e-04
  寄与率: mat= 0.97, geo= 0.00, st= 0.30
------------------------------------------------------------
  組み合わせ別 FD 相対誤差（K_c = K_mat - K_geo + K_st 合意）:
    full     = 3.3729e-01
    mat_only = 1.6721e-01  (geo/st 除外)
    mat_geo  = 1.6737e-01  (st 除外)
    mat_st   = 3.3723e-01   (geo 除外)
  最良組み合わせ: mat_only (rel_err=1.6721e-01)
------------------------------------------------------------
  [    full] comp 別不整合: [x= 38.9%, y= 88.1%, z= 27.1%, tx=  0.0%, ty=  0.0%, tz=  0.0%]
  [mat_only] comp 別不整合: [x= 80.7%, y= 27.5%, z= 52.2%, tx=  0.0%, ty=  0.0%, tz=  0.0%]
  [ mat_geo] comp 別不整合: [x= 80.8%, y= 27.5%, z= 52.1%, tx=  0.0%, ty=  0.0%, tz=  0.0%]
  [  mat_st] comp 別不整合: [x= 38.9%, y= 88.0%, z= 27.1%, tx=  0.0%, ty=  0.0%, tz=  0.0%]
  ⚠ K_st 足し込みで rel_err が +1.6992e-01 悪化 — K_st が primary driver の可能性
  ⚠ K_geo 足し込みで rel_err が +1.7002e-01 悪化 — K_geo が primary driver の可能性
============================================================
============================================================
接線剛性FD方向診断（status-256）
============================================================
  ||du|| = 4.1608e-05
  ||R_u|| = 1.5237e-05
  ⚠ R_u vs compute_residual(u) 乖離: 1.2214e-04 (リラクゼーション/動的項の差異)
  ||R_base|| = 1.2819e-04
  ||R(u+eps*du)|| = 1.2819e-04
  方向有効性: ||R(u+eps*du)||/||R(u)|| = 1.000004
  ⚠ du方向で残差が増加 — Newton方向が無効
  FD方向微分 = -6.5631e-03
  解析方向微分 = 6.5984e-06
  全体系 K@du: FD vs 解析 相対誤差 = 1.0003e+00
  ⚠ 全体系で接線剛性不整合 — K_c自体が不正確
  全体系不整合DOF上位5件:
    dof=500 (node=83, comp=2): FD=7.3801e-03, analytical=1.2428e-06, diff=7.3789e-03
    dof=602 (node=100, comp=2): FD=-6.1189e-03, analytical=-1.2579e-06, diff=-6.1176e-03
    dof=444 (node=74, comp=0): FD=5.5849e-03, analytical=-6.7193e-06, diff=5.5917e-03
    dof=534 (node=89, comp=0): FD=-5.4457e-03, analytical=4.3353e-06, diff=-5.4500e-03
    dof=636 (node=106, comp=0): FD=4.9166e-03, analytical=-3.7044e-06, diff=4.9203e-03
  comp別不整合: [x:1.51e-02(61%), y:3.77e-03(15%), z:1.94e-02(78%), θx:9.81e-05(0%), θy:4.18e-04(2%), θz:1.78e-05(0%)]
  接触DOF不整合: 1.89e-02 (252 DOFs), 構造DOF不整合: 1.61e-02 (1686 DOFs)
  活性DOF K@du: FD vs 解析 相対誤差 = 1.0004e+00 (252 DOFs)
  ⚠ 活性DOFで接線剛性不整合
  方向微分整合度: |FD-解析|/max = 1.0010e+00
------------------------------------------------------------
  f_c 単独FD検証（K_c精度）
  ||∂f_c/∂u·du (FD)|| = 1.2366e-05
  ||K_c @ du|| = 3.5417e-06
  f_c FD相対誤差 = 1.1439e+00
  ⚠ K_c自体が不正確（f_c単独で10%超の不整合）
  f_c comp別不整合: [x=1.1e-05/78%, y=7.9e-06/56%, z=3.9e-06/28%, θx=0.0e+00/0%, θy=0.0e+00/0%, θz=0.0e+00/0%]
  f_c不整合DOF上位5件:
    dof=444 (node=74, comp=0): FD=-4.4272e-06, K_c=1.3820e-06, diff=-5.8093e-06
    dof=534 (node=89, comp=0): FD=3.7199e-06, K_c=-1.4118e-06, diff=5.1318e-06
    dof=445 (node=74, comp=1): FD=3.3362e-06, K_c=-3.1658e-07, diff=3.6528e-06
    dof=535 (node=89, comp=1): FD=-3.6282e-06, K_c=-5.3156e-08, diff=-3.5751e-06
    dof=438 (node=73, comp=0): FD=-2.3036e-06, K_c=1.0511e-06, diff=-3.3547e-06
============================================================
[K_c成分FD]
============================================================
K_c 成分分解 FD 診断（status-342）  [incr=158 att=24]
============================================================
  ||du|| = 4.1608e-05, eps = 1.00e-07
  ||dfc (FD)|| = 1.3157e-05
  ||K_mat@du|| = 1.1342e-05, ||K_geo@du|| = 7.5986e-09, ||K_st@du||  = 6.4507e-06
  ||K_c@du||   = 1.2022e-05
  寄与率: mat= 0.94, geo= 0.00, st= 0.54
------------------------------------------------------------
  組み合わせ別 FD 相対誤差（K_c = K_mat - K_geo + K_st 合意）:
    full     = 5.5524e-01
    mat_only = 2.8397e-01  (geo/st 除外)
    mat_geo  = 2.8447e-01  (st 除外)
    mat_st   = 5.5503e-01   (geo 除外)
  最良組み合わせ: mat_only (rel_err=2.8397e-01)
------------------------------------------------------------
  [    full] comp 別不整合: [x= 34.7%, y= 90.1%, z= 26.1%, tx=  0.0%, ty=  0.0%, tz=  0.0%]
  [mat_only] comp 別不整合: [x= 84.2%, y= 26.6%, z= 46.9%, tx=  0.0%, ty=  0.0%, tz=  0.0%]
  [ mat_geo] comp 別不整合: [x= 84.2%, y= 26.6%, z= 46.8%, tx=  0.0%, ty=  0.0%, tz=  0.0%]
  [  mat_st] comp 別不整合: [x= 34.7%, y= 90.1%, z= 26.1%, tx=  0.0%, ty=  0.0%, tz=  0.0%]
  ⚠ K_st 足し込みで rel_err が +2.7078e-01 悪化 — K_st が primary driver の可能性
  ⚠ K_geo 足し込みで rel_err が +2.7107e-01 悪化 — K_geo が primary driver の可能性
============================================================
  Incr 158 (frac=0.3488), attempt 24, 凍結上限超過(disp)→通常NR復帰 ||R_t||/||f||=4.431e-04
  Incr 158 (frac=0.3488), attempt 25 [D.div+E], ||R_t||/||f|| = 2.335e-04, ||R_r|| = 4.331e-06, ||R_w||/||f||=2.335e-04, rate=4.619, active=29, R(x=3.8e-05/56%,y=5.4e-05/80%,z=1.5e-05/23%)
  Incr 158 (frac=0.3488), attempt 30 [E], ||R_t||/||f|| = 2.215e-05, ||R_r|| = 5.185e-07, ||R_w||/||f||=2.215e-05, rate=0.314, active=29, R(x=2.2e-06/34%,y=3.6e-06/57%,z=4.8e-06/75%)
  Incr 158 (frac=0.3488), attempt 30, ||du||/||u|| = 3.414e-09 (disp converged, 29 active)
  [NR診断] Incr 158 (frac=0.3488), 収束 att=31, Type分布[-:1(3%), C:1(3%), D.div+E:13(42%), D.stall+E:1(3%), E:15(48%)], 直近10[D.div+E:5, E:5], R_c=6.39e-06, R_s=3.33e-07, active=29, sliding=400, activated=0, deactivated=0, stick→slide=0, slide→stick=0, comp(x=2.2e-06/34%,y=3.6e-06/57%,z=4.8e-06/75%,θx=4.4e-07/7%,θy=1.9e-07/3%,θz=2.0e-07/3%)
  [f_ref] Incr 159: f_ref=1.687e-01 (dynamic_ref), atol=1.13e-08
  Incr 159 (frac=0.3496), attempt 0 [C], ||R_t||/||f|| = 1.000e+00, ||R_r|| = 3.076e-03, ||R_w||/||f||=1.000e+00, active=28, R(x=8.3e-02/49%,y=1.5e-02/9%,z=1.5e-01/86%)
  Incr 159 (frac=0.3496), attempt 2, ||du||/||u|| = 1.109e-09 (disp converged, 28 active)
  [f_ref] Incr 160: f_ref=3.646e-01 (dynamic_ref), atol=8.41e-09
  Incr 160 (frac=0.3507), attempt 0 [C], ||R_t||/||f|| = 1.000e+00, ||R_r|| = 5.896e-03, ||R_w||/||f||=1.000e+00, active=26, R(x=1.8e-01/50%,y=3.2e-02/9%,z=3.2e-01/86%)
  Incr 160 (frac=0.3507), attempt 3, ||du||/||u|| = 1.590e-09 (disp converged, 27 active)
  [f_ref] Incr 161: f_ref=8.536e-01 (dynamic_ref), atol=6.98e-09
  Incr 161 (frac=0.3525), attempt 0 [C], ||R_t||/||f|| = 1.000e+00, ||R_r|| = 1.461e-02, ||R_w||/||f||=1.000e+00, active=29, R(x=4.3e-01/50%,y=7.5e-02/9%,z=7.4e-01/86%)
  Incr 161 (frac=0.3525), attempt 5 [D.slow+E], ||R_t||/||f|| = 8.508e-06, ||R_r|| = 2.221e-06, ||R_w||/||f||=8.518e-06, rate=0.917, active=29, R(x=5.3e-06/70%,y=1.2e-06/16%,z=4.8e-06/63%)
  Incr 161 (frac=0.3525), attempt 10 [E], ||R_t||/||f|| = 2.016e-05, ||R_r|| = 5.663e-06, ||R_w||/||f||=2.019e-05, rate=0.369, active=29, R(x=1.5e-05/85%,y=4.4e-06/24%,z=6.4e-06/35%)
  Incr 161 (frac=0.3525), 低残差チャタリング検知[E] → 接触凍結モード (att=15, ||R||/||f||=7.426e-06, R_c=6.44e-06, R_s=1.44e-06, cycle=1/5, active=29)
  Incr 161 (frac=0.3525), attempt 15 [E], ||R_t||/||f|| = 7.426e-06, ||R_r|| = 1.834e-06, ||R_w||/||f||=7.434e-06, rate=0.870, active=29, R(x=4.1e-06/62%,y=1.2e-06/19%,z=4.7e-06/71%)
============================================================
接線剛性FD方向診断（status-256）
============================================================
  ||du|| = 6.9318e-03
  ||R_u|| = 6.5982e-06
  ⚠ R_u vs compute_residual(u) 乖離: 8.4724e-09 (リラクゼーション/動的項の差異)
  ||R_base|| = 6.5953e-06
  ||R(u+eps*du)|| = 6.5952e-06
  方向有効性: ||R(u+eps*du)||/||R(u)|| = 0.999988
  ✓ du方向で残差が減少 — Newton方向は有効
  FD方向微分 = 8.9266e-04
  解析方向微分 = 1.7982e-06
  全体系 K@du: FD vs 解析 相対誤差 = 1.2427e+00
  ⚠ 全体系で接線剛性不整合 — K_c自体が不正確
  全体系不整合DOF上位5件:
    dof=610 (node=101, comp=4): FD=0.0000e+00, analytical=-9.3175e-03, diff=9.3175e-03
    dof=508 (node=84, comp=4): FD=0.0000e+00, analytical=9.2400e-03, diff=-9.2400e-03
    dof=514 (node=85, comp=4): FD=0.0000e+00, analytical=-4.2827e-03, diff=4.2827e-03
    dof=1196 (node=199, comp=2): FD=-3.7868e-03, analytical=-9.4679e-11, diff=-3.7868e-03
    dof=1202 (node=200, comp=2): FD=3.6881e-03, analytical=5.0666e-10, diff=3.6881e-03
  comp別不整合: [x:8.07e-03(33%), y:1.44e-03(6%), z:1.79e-02(73%), θx:2.51e-03(10%), θy:1.43e-02(58%), θz:4.08e-04(2%)]
  接触DOF不整合: 4.00e-03 (228 DOFs), 構造DOF不整合: 2.41e-02 (1710 DOFs)
  活性DOF K@du: FD vs 解析 相対誤差 = 9.9996e-01 (228 DOFs)
  ⚠ 活性DOFで接線剛性不整合
  方向微分整合度: |FD-解析|/max = 9.9799e-01
------------------------------------------------------------
  f_c 単独FD検証（K_c精度）
  ||∂f_c/∂u·du (FD)|| = 6.7432e-04
  ||K_c @ du|| = 6.3729e-04
  f_c FD相対誤差 = 1.6605e+00
  ⚠ K_c自体が不正確（f_c単独で10%超の不整合）
  f_c comp別不整合: [x=1.1e-03/98%, y=6.9e-05/6%, z=1.9e-04/17%, θx=0.0e+00/0%, θy=0.0e+00/0%, θz=0.0e+00/0%]
  f_c不整合DOF上位5件:
    dof=498 (node=83, comp=0): FD=-3.0493e-04, K_c=3.0765e-04, diff=-6.1258e-04
    dof=600 (node=100, comp=0): FD=3.0226e-04, K_c=-3.0495e-04, diff=6.0721e-04
    dof=594 (node=99, comp=0): FD=2.3472e-04, K_c=-2.3668e-04, diff=4.7139e-04
    dof=492 (node=82, comp=0): FD=-2.4107e-04, K_c=2.2980e-04, diff=-4.7087e-04
    dof=500 (node=83, comp=2): FD=5.2794e-05, K_c=-5.2457e-05, diff=1.0525e-04
============================================================
[K_c成分FD]
============================================================
K_c 成分分解 FD 診断（status-342）  [incr=161 att=15]
============================================================
  ||du|| = 6.9318e-03, eps = 1.00e-07
  ||dfc (FD)|| = 6.7426e-04
  ||K_mat@du|| = 3.4143e-04, ||K_geo@du|| = 3.2325e-07, ||K_st@du||  = 1.8433e-04
  ||K_c@du||   = 4.3603e-04
  寄与率: mat= 0.78, geo= 0.00, st= 0.42
------------------------------------------------------------
  組み合わせ別 FD 相対誤差（K_c = K_mat - K_geo + K_st 合意）:
    full     = 8.6482e-01
    mat_only = 8.2968e-01  (geo/st 除外)
    mat_geo  = 8.2992e-01  (st 除外)
    mat_st   = 8.6461e-01   (geo 除外)
  最良組み合わせ: mat_only (rel_err=8.2968e-01)
------------------------------------------------------------
  [    full] comp 別不整合: [x= 93.1%, y= 32.4%, z= 16.7%, tx=  0.0%, ty=  0.0%, tz=  0.0%]
  [mat_only] comp 別不整合: [x= 97.9%, y=  7.7%, z= 18.8%, tx=  0.0%, ty=  0.0%, tz=  0.0%]
  [ mat_geo] comp 別不整合: [x= 97.9%, y=  7.7%, z= 18.8%, tx=  0.0%, ty=  0.0%, tz=  0.0%]
  [  mat_st] comp 別不整合: [x= 93.1%, y= 32.4%, z= 16.7%, tx=  0.0%, ty=  0.0%, tz=  0.0%]
============================================================
============================================================
接線剛性FD方向診断（status-256）
============================================================
  ||du|| = 1.7922e-04
  ||R_u|| = 1.9821e-05
  ⚠ R_u vs compute_residual(u) 乖離: 1.2987e-05 (リラクゼーション/動的項の差異)
  ||R_base|| = 1.9403e-05
  ||R(u+eps*du)|| = 1.9403e-05
  方向有効性: ||R(u+eps*du)||/||R(u)|| = 1.000003
  ⚠ du方向で残差が増加 — Newton方向が無効
  FD方向微分 = -9.3103e-05
  解析方向微分 = 7.7779e-06
  全体系 K@du: FD vs 解析 相対誤差 = 1.0002e+00
  ⚠ 全体系で接線剛性不整合 — K_c自体が不正確
  全体系不整合DOF上位5件:
    dof=1724 (node=287, comp=2): FD=4.2815e-03, analytical=3.3421e-09, diff=4.2814e-03
    dof=1298 (node=216, comp=2): FD=4.1371e-03, analytical=2.3011e-10, diff=4.1371e-03
    dof=1706 (node=284, comp=2): FD=4.0916e-03, analytical=-3.0340e-11, diff=4.0916e-03
    dof=1196 (node=199, comp=2): FD=-4.0624e-03, analytical=-1.1632e-10, diff=-4.0624e-03
    dof=1910 (node=318, comp=2): FD=-3.5390e-03, analytical=5.8014e-11, diff=-3.5390e-03
  comp別不整合: [x:6.61e-03(37%), y:1.39e-03(8%), z:1.68e-02(93%), θx:9.02e-05(0%), θy:4.52e-04(2%), θz:1.84e-05(0%)]
  接触DOF不整合: 6.31e-03 (228 DOFs), 構造DOF不整合: 1.70e-02 (1710 DOFs)
  活性DOF K@du: FD vs 解析 相対誤差 = 9.9984e-01 (228 DOFs)
  ⚠ 活性DOFで接線剛性不整合
  方向微分整合度: |FD-解析|/max = 1.0835e+00
------------------------------------------------------------
  f_c 単独FD検証（K_c精度）
  ||∂f_c/∂u·du (FD)|| = 7.8865e-06
  ||K_c @ du|| = 1.9140e-06
  f_c FD相対誤差 = 1.1404e+00
  ⚠ K_c自体が不正確（f_c単独で10%超の不整合）
  f_c comp別不整合: [x=7.4e-06/83%, y=4.0e-06/45%, z=3.1e-06/34%, θx=0.0e+00/0%, θy=0.0e+00/0%, θz=0.0e+00/0%]
  f_c不整合DOF上位5件:
    dof=444 (node=74, comp=0): FD=3.0440e-06, K_c=-9.5734e-07, diff=4.0014e-06
    dof=534 (node=89, comp=0): FD=-2.8663e-06, K_c=3.4923e-07, diff=-3.2156e-06
    dof=438 (node=73, comp=0): FD=1.7977e-06, K_c=-7.4180e-07, diff=2.5395e-06
    dof=535 (node=89, comp=1): FD=2.2648e-06, K_c=2.0243e-08, diff=2.2446e-06
    dof=540 (node=90, comp=0): FD=-1.4080e-06, K_c=7.6625e-07, diff=-2.1743e-06
============================================================
[K_c成分FD]
============================================================
K_c 成分分解 FD 診断（status-342）  [incr=161 att=16]
============================================================
  ||du|| = 1.7922e-04, eps = 1.00e-07
  ||dfc (FD)|| = 7.9007e-06
  ||K_mat@du|| = 7.0072e-06, ||K_geo@du|| = 7.3335e-09, ||K_st@du||  = 4.1535e-06
  ||K_c@du||   = 9.0556e-06
  寄与率: mat= 0.77, geo= 0.00, st= 0.46
------------------------------------------------------------
  組み合わせ別 FD 相対誤差（K_c = K_mat - K_geo + K_st 合意）:
    full     = 5.0375e-01
    mat_only = 2.7342e-01  (geo/st 除外)
    mat_geo  = 2.7415e-01  (st 除外)
    mat_st   = 5.0342e-01   (geo 除外)
  最良組み合わせ: mat_only (rel_err=2.7342e-01)
------------------------------------------------------------
  [    full] comp 別不整合: [x= 15.4%, y= 96.8%, z= 20.0%, tx=  0.0%, ty=  0.0%, tz=  0.0%]
  [mat_only] comp 別不整合: [x= 76.1%, y= 36.3%, z= 53.9%, tx=  0.0%, ty=  0.0%, tz=  0.0%]
  [ mat_geo] comp 別不整合: [x= 76.1%, y= 36.2%, z= 53.8%, tx=  0.0%, ty=  0.0%, tz=  0.0%]
  [  mat_st] comp 別不整合: [x= 15.3%, y= 96.8%, z= 20.0%, tx=  0.0%, ty=  0.0%, tz=  0.0%]
  ⚠ K_st 足し込みで rel_err が +2.2960e-01 悪化 — K_st が primary driver の可能性
  ⚠ K_geo 足し込みで rel_err が +2.3001e-01 悪化 — K_geo が primary driver の可能性
============================================================
============================================================
接線剛性FD方向診断（status-256）
============================================================
  ||du|| = 2.4254e-05
  ||R_u|| = 3.9206e-06
  ⚠ R_u vs compute_residual(u) 乖離: 5.1297e-06 (リラクゼーション/動的項の差異)
  ||R_base|| = 5.6456e-06
  ||R(u+eps*du)|| = 5.6456e-06
  方向有効性: ||R(u+eps*du)||/||R(u)|| = 0.999991
  ✓ du方向で残差が減少 — Newton方向は有効
  FD方向微分 = -6.4986e-04
  解析方向微分 = 4.7418e-07
  全体系 K@du: FD vs 解析 相対誤差 = 1.0000e+00
  ⚠ 全体系で接線剛性不整合 — K_c自体が不正確
  全体系不整合DOF上位5件:
    dof=686 (node=114, comp=2): FD=3.8313e-03, analytical=1.7910e-10, diff=3.8313e-03
    dof=692 (node=115, comp=2): FD=-3.7401e-03, analytical=1.8416e-12, diff=-3.7401e-03
    dof=698 (node=116, comp=2): FD=3.6590e-03, analytical=4.5525e-10, diff=3.6590e-03
    dof=500 (node=83, comp=2): FD=-3.2792e-03, analytical=3.5245e-07, diff=-3.2796e-03
    dof=1106 (node=184, comp=2): FD=-3.1945e-03, analytical=2.6960e-09, diff=-3.1945e-03
  comp別不整合: [x:5.21e-03(41%), y:8.19e-04(6%), z:1.16e-02(91%), θx:3.95e-05(0%), θy:1.94e-04(2%), θz:8.92e-06(0%)]
  接触DOF不整合: 3.27e-03 (228 DOFs), 構造DOF不整合: 1.23e-02 (1710 DOFs)
  活性DOF K@du: FD vs 解析 相対誤差 = 1.0001e+00 (228 DOFs)
  ⚠ 活性DOFで接線剛性不整合
  方向微分整合度: |FD-解析|/max = 1.0007e+00
------------------------------------------------------------
  f_c 単独FD検証（K_c精度）
  ||∂f_c/∂u·du (FD)|| = 3.4945e-06
  ||K_c @ du|| = 1.2446e-06
  f_c FD相対誤差 = 1.2135e+00
  ⚠ K_c自体が不正確（f_c単独で10%超の不整合）
  f_c comp別不整合: [x=3.1e-06/74%, y=1.9e-06/46%, z=2.1e-06/49%, θx=0.0e+00/0%, θy=0.0e+00/0%, θz=0.0e+00/0%]
  f_c不整合DOF上位5件:
    dof=444 (node=74, comp=0): FD=-1.4175e-06, K_c=2.7895e-07, diff=-1.6964e-06
    dof=438 (node=73, comp=0): FD=-8.0975e-07, K_c=2.1558e-07, diff=-1.0253e-06
    dof=534 (node=89, comp=0): FD=8.5812e-07, K_c=-1.3752e-07, diff=9.9565e-07
    dof=500 (node=83, comp=2): FD=4.5815e-07, K_c=-4.9226e-07, diff=9.5041e-07
    dof=602 (node=100, comp=2): FD=-4.5414e-07, K_c=4.8795e-07, diff=-9.4208e-07
============================================================
[K_c成分FD]
============================================================
K_c 成分分解 FD 診断（status-342）  [incr=161 att=17]
============================================================
  ||du|| = 2.4254e-05, eps = 1.00e-07
  ||dfc (FD)|| = 3.5273e-06
  ||K_mat@du|| = 3.0572e-06, ||K_geo@du|| = 2.0288e-09, ||K_st@du||  = 1.4152e-06
  ||K_c@du||   = 3.5618e-06
  寄与率: mat= 0.86, geo= 0.00, st= 0.40
------------------------------------------------------------
  組み合わせ別 FD 相対誤差（K_c = K_mat - K_geo + K_st 合意）:
    full     = 5.2210e-01
    mat_only = 3.6963e-01  (geo/st 除外)
    mat_geo  = 3.6993e-01  (st 除外)
    mat_st   = 5.2185e-01   (geo 除外)
  最良組み合わせ: mat_only (rel_err=3.6963e-01)
------------------------------------------------------------
  [    full] comp 別不整合: [x= 40.9%, y= 76.6%, z= 49.7%, tx=  0.0%, ty=  0.0%, tz=  0.0%]
  [mat_only] comp 別不整合: [x= 64.8%, y= 17.6%, z= 74.1%, tx=  0.0%, ty=  0.0%, tz=  0.0%]
  [ mat_geo] comp 別不整合: [x= 64.9%, y= 17.6%, z= 74.0%, tx=  0.0%, ty=  0.0%, tz=  0.0%]
  [  mat_st] comp 別不整合: [x= 40.9%, y= 76.6%, z= 49.7%, tx=  0.0%, ty=  0.0%, tz=  0.0%]
  ⚠ K_st 足し込みで rel_err が +1.5217e-01 悪化 — K_st が primary driver の可能性
  ⚠ K_geo 足し込みで rel_err が +1.5222e-01 悪化 — K_geo が primary driver の可能性
============================================================
  Incr 161 (frac=0.3525), attempt 17, 凍結解除(disp)→再凍結 ||R_t||/||f||=5.406e-06 (cycle=2)
============================================================
接線剛性FD方向診断（status-256）
============================================================
  ||du|| = 1.0565e-04
  ||R_u|| = 5.6776e-06
  ⚠ R_u vs compute_residual(u) 乖離: 2.7235e-10 (リラクゼーション/動的項の差異)
  ||R_base|| = 5.6777e-06
  ||R(u+eps*du)|| = 5.6777e-06
  方向有効性: ||R(u+eps*du)||/||R(u)|| = 1.000002
  ⚠ du方向で残差が増加 — Newton方向が無効
  FD方向微分 = 5.8069e-06
  解析方向微分 = 1.7590e-06
  全体系 K@du: FD vs 解析 相対誤差 = 1.0001e+00
  ⚠ 全体系で接線剛性不整合 — K_c自体が不正確
  全体系不整合DOF上位5件:
    dof=1724 (node=287, comp=2): FD=-4.0164e-03, analytical=-1.5863e-09, diff=-4.0164e-03
    dof=692 (node=115, comp=2): FD=-3.9902e-03, analytical=2.6497e-10, diff=-3.9902e-03
    dof=1706 (node=284, comp=2): FD=-3.9637e-03, analytical=-2.8924e-10, diff=-3.9637e-03
    dof=398 (node=66, comp=2): FD=3.9575e-03, analytical=6.6264e-09, diff=3.9575e-03
    dof=1700 (node=283, comp=2): FD=3.9433e-03, analytical=4.9710e-10, diff=3.9433e-03
  comp別不整合: [x:9.16e-03(41%), y:1.60e-03(7%), z:2.02e-02(91%), θx:7.09e-05(0%), θy:3.52e-04(2%), θz:1.16e-05(0%)]
  接触DOF不整合: 4.58e-03 (228 DOFs), 構造DOF不整合: 2.18e-02 (1710 DOFs)
  活性DOF K@du: FD vs 解析 相対誤差 = 1.0000e+00 (228 DOFs)
  ⚠ 活性DOFで接線剛性不整合
  方向微分整合度: |FD-解析|/max = 6.9708e-01
------------------------------------------------------------
  f_c 単独FD検証（K_c精度）
  ||∂f_c/∂u·du (FD)|| = 1.3651e-05
  ||K_c @ du|| = 5.4710e-06
  f_c FD相対誤差 = 1.2503e+00
  ⚠ K_c自体が不正確（f_c単独で10%超の不整合）
  f_c comp別不整合: [x=1.2e-05/71%, y=7.0e-06/41%, z=9.7e-06/57%, θx=0.0e+00/0%, θy=0.0e+00/0%, θz=0.0e+00/0%]
  f_c不整合DOF上位5件:
    dof=444 (node=74, comp=0): FD=5.9033e-06, K_c=-8.6396e-07, diff=6.7673e-06
    dof=500 (node=83, comp=2): FD=-2.2849e-06, K_c=2.3023e-06, diff=-4.5872e-06
    dof=602 (node=100, comp=2): FD=2.2649e-06, K_c=-2.2821e-06, diff=4.5470e-06
    dof=438 (node=73, comp=0): FD=3.2582e-06, K_c=-6.5659e-07, diff=3.9148e-06
    dof=494 (node=82, comp=2): FD=-1.9633e-06, K_c=1.7774e-06, diff=-3.7407e-06
============================================================
[K_c成分FD]
============================================================
K_c 成分分解 FD 診断（status-342）  [incr=161 att=18]
============================================================
  ||du|| = 1.0565e-04, eps = 1.00e-07
  ||dfc (FD)|| = 1.3651e-05
  ||K_mat@du|| = 1.1511e-05, ||K_geo@du|| = 6.4513e-09, ||K_st@du||  = 3.3835e-06
  ||K_c@du||   = 1.3500e-05
  寄与率: mat= 0.85, geo= 0.00, st= 0.25
------------------------------------------------------------
  組み合わせ別 FD 相対誤差（K_c = K_mat - K_geo + K_st 合意）:
    full     = 4.7232e-01
    mat_only = 4.1988e-01  (geo/st 除外)
    mat_geo  = 4.2011e-01  (st 除外)
    mat_st   = 4.7217e-01   (geo 除外)
  最良組み合わせ: mat_only (rel_err=4.1988e-01)
------------------------------------------------------------
  [    full] comp 別不整合: [x= 51.4%, y= 54.7%, z= 66.1%, tx=  0.0%, ty=  0.0%, tz=  0.0%]
  [mat_only] comp 別不整合: [x= 62.0%, y= 13.3%, z= 77.3%, tx=  0.0%, ty=  0.0%, tz=  0.0%]
  [ mat_geo] comp 別不整合: [x= 62.1%, y= 13.4%, z= 77.2%, tx=  0.0%, ty=  0.0%, tz=  0.0%]
  [  mat_st] comp 別不整合: [x= 51.4%, y= 54.7%, z= 66.1%, tx=  0.0%, ty=  0.0%, tz=  0.0%]
  ⚠ K_st 足し込みで rel_err が +5.2214e-02 悪化 — K_st が primary driver の可能性
  ⚠ K_geo 足し込みで rel_err が +5.2287e-02 悪化 — K_geo が primary driver の可能性
============================================================
============================================================
接線剛性FD方向診断（status-256）
============================================================
  ||du|| = 1.1373e-04
  ||R_u|| = 5.4505e-06
  ⚠ R_u vs compute_residual(u) 乖離: 4.3017e-07 (リラクゼーション/動的項の差異)
  ||R_base|| = 5.1517e-06
  ||R(u+eps*du)|| = 5.1518e-06
  方向有効性: ||R(u+eps*du)||/||R(u)|| = 1.000006
  ⚠ du方向で残差が増加 — Newton方向が無効
  FD方向微分 = 5.1920e-05
  解析方向微分 = 1.6165e-06
  全体系 K@du: FD vs 解析 相対誤差 = 1.0001e+00
  ⚠ 全体系で接線剛性不整合 — K_c自体が不正確
  全体系不整合DOF上位5件:
    dof=476 (node=79, comp=2): FD=4.2824e-03, analytical=-3.5194e-09, diff=4.2824e-03
    dof=482 (node=80, comp=2): FD=-3.8457e-03, analytical=-4.0903e-08, diff=-3.8457e-03
    dof=1208 (node=201, comp=2): FD=-3.7884e-03, analytical=-5.2069e-10, diff=-3.7884e-03
    dof=698 (node=116, comp=2): FD=3.7806e-03, analytical=2.1581e-10, diff=3.7806e-03
    dof=704 (node=117, comp=2): FD=-3.4610e-03, analytical=1.2251e-09, diff=-3.4610e-03
  comp別不整合: [x:7.14e-03(43%), y:1.05e-03(6%), z:1.52e-02(90%), θx:5.84e-05(0%), θy:3.22e-04(2%), θz:1.33e-05(0%)]
  接触DOF不整合: 4.52e-03 (228 DOFs), 構造DOF不整合: 1.62e-02 (1710 DOFs)
  活性DOF K@du: FD vs 解析 相対誤差 = 1.0000e+00 (228 DOFs)
  ⚠ 活性DOFで接線剛性不整合
  方向微分整合度: |FD-解析|/max = 9.6886e-01
------------------------------------------------------------
  f_c 単独FD検証（K_c精度）
  ||∂f_c/∂u·du (FD)|| = 1.4543e-05
  ||K_c @ du|| = 6.2885e-06
  f_c FD相対誤差 = 1.2814e+00
  ⚠ K_c自体が不正確（f_c単独で10%超の不整合）
  f_c comp別不整合: [x=1.3e-05/72%, y=7.3e-06/39%, z=1.1e-05/57%, θx=0.0e+00/0%, θy=0.0e+00/0%, θz=0.0e+00/0%]
  f_c不整合DOF上位5件:
    dof=444 (node=74, comp=0): FD=6.1967e-06, K_c=-9.2134e-07, diff=7.1180e-06
    dof=500 (node=83, comp=2): FD=-2.5462e-06, K_c=2.5624e-06, diff=-5.1086e-06
    dof=602 (node=100, comp=2): FD=2.5239e-06, K_c=-2.5399e-06, diff=5.0639e-06
    dof=498 (node=83, comp=0): FD=2.2040e-06, K_c=-2.2352e-06, diff=4.4392e-06
    dof=600 (node=100, comp=0): FD=-2.1847e-06, K_c=2.2157e-06, diff=-4.4003e-06
============================================================
[K_c成分FD]
============================================================
K_c 成分分解 FD 診断（status-342）  [incr=161 att=19]
============================================================
  ||du|| = 1.1373e-04, eps = 1.00e-07
  ||dfc (FD)|| = 1.4540e-05
  ||K_mat@du|| = 1.2040e-05, ||K_geo@du|| = 6.8774e-09, ||K_st@du||  = 3.6110e-06
  ||K_c@du||   = 1.4161e-05
  寄与率: mat= 0.85, geo= 0.00, st= 0.25
------------------------------------------------------------
  組み合わせ別 FD 相対誤差（K_c = K_mat - K_geo + K_st 合意）:
    full     = 4.9827e-01
    mat_only = 4.4935e-01  (geo/st 除外)
    mat_geo  = 4.4957e-01  (st 除外)
    mat_st   = 4.9811e-01   (geo 除外)
  最良組み合わせ: mat_only (rel_err=4.4935e-01)
------------------------------------------------------------
  [    full] comp 別不整合: [x= 55.6%, y= 51.8%, z= 65.0%, tx=  0.0%, ty=  0.0%, tz=  0.0%]
  [mat_only] comp 別不整合: [x= 65.2%, y= 12.3%, z= 74.8%, tx=  0.0%, ty=  0.0%, tz=  0.0%]
  [ mat_geo] comp 別不整合: [x= 65.3%, y= 12.3%, z= 74.7%, tx=  0.0%, ty=  0.0%, tz=  0.0%]
  [  mat_st] comp 別不整合: [x= 55.6%, y= 51.8%, z= 65.1%, tx=  0.0%, ty=  0.0%, tz=  0.0%]
============================================================
  Incr 161 (frac=0.3525), attempt 20 [D.stall+E], ||R_t||/||f|| = 4.903e-06, ||R_r|| = 3.134e-06, ||R_w||/||f||=4.937e-06, rate=0.950, active=29, R(x=2.8e-06/54%,y=2.6e-06/49%,z=1.7e-06/32%)
============================================================
接線剛性FD方向診断（status-256）
============================================================
  ||du|| = 1.2857e-04
  ||R_u|| = 5.2280e-06
  ⚠ R_u vs compute_residual(u) 乖離: 8.8863e-07 (リラクゼーション/動的項の差異)
  ||R_base|| = 4.6434e-06
  ||R(u+eps*du)|| = 4.6434e-06
  方向有効性: ||R(u+eps*du)||/||R(u)|| = 0.999999
  ✓ du方向で残差が減少 — Newton方向は有効
  FD方向微分 = 6.5822e-05
  解析方向微分 = 1.4606e-06
  全体系 K@du: FD vs 解析 相対誤差 = 1.0001e+00
  ⚠ 全体系で接線剛性不整合 — K_c自体が不正確
  全体系不整合DOF上位5件:
    dof=1208 (node=201, comp=2): FD=3.5367e-03, analytical=-2.1942e-10, diff=3.5367e-03
    dof=602 (node=100, comp=2): FD=-3.4373e-03, analytical=2.2186e-07, diff=-3.4375e-03
    dof=1190 (node=198, comp=2): FD=3.3168e-03, analytical=2.8688e-10, diff=3.3168e-03
    dof=578 (node=96, comp=2): FD=3.3031e-03, analytical=-7.7741e-09, diff=3.3031e-03
    dof=1700 (node=283, comp=2): FD=-3.1520e-03, analytical=1.4190e-10, diff=-3.1520e-03
  comp別不整合: [x:6.20e-03(38%), y:1.18e-03(7%), z:1.51e-02(92%), θx:6.35e-05(0%), θy:3.77e-04(2%), θz:1.17e-05(0%)]
  接触DOF不整合: 4.36e-03 (228 DOFs), 構造DOF不整合: 1.58e-02 (1710 DOFs)
  活性DOF K@du: FD vs 解析 相対誤差 = 1.0000e+00 (228 DOFs)
  ⚠ 活性DOFで接線剛性不整合
  方向微分整合度: |FD-解析|/max = 9.7781e-01
------------------------------------------------------------
  f_c 単独FD検証（K_c精度）
  ||∂f_c/∂u·du (FD)|| = 1.6201e-05
  ||K_c @ du|| = 7.6216e-06
  f_c FD相対誤差 = 1.3205e+00
  ⚠ K_c自体が不正確（f_c単独で10%超の不整合）
  f_c comp別不整合: [x=1.6e-05/74%, y=8.0e-06/37%, z=1.2e-05/57%, θx=0.0e+00/0%, θy=0.0e+00/0%, θz=0.0e+00/0%]
  f_c不整合DOF上位5件:
    dof=444 (node=74, comp=0): FD=6.7413e-06, K_c=-1.0302e-06, diff=7.7715e-06
    dof=500 (node=83, comp=2): FD=-2.9539e-06, K_c=2.9715e-06, diff=-5.9254e-06
    dof=602 (node=100, comp=2): FD=2.9281e-06, K_c=-2.9455e-06, diff=5.8735e-06
    dof=498 (node=83, comp=0): FD=2.8524e-06, K_c=-2.8906e-06, diff=5.7430e-06
    dof=600 (node=100, comp=0): FD=-2.8274e-06, K_c=2.8653e-06, diff=-5.6927e-06
============================================================
[K_c成分FD]
============================================================
K_c 成分分解 FD 診断（status-342）  [incr=161 att=20]
============================================================
  ||du|| = 1.2857e-04, eps = 1.00e-07
  ||dfc (FD)|| = 1.6197e-05
  ||K_mat@du|| = 1.3116e-05, ||K_geo@du|| = 7.6862e-09, ||K_st@du||  = 4.0488e-06
  ||K_c@du||   = 1.5490e-05
  寄与率: mat= 0.85, geo= 0.00, st= 0.26
------------------------------------------------------------
  組み合わせ別 FD 相対誤差（K_c = K_mat - K_geo + K_st 合意）:
    full     = 5.3103e-01
    mat_only = 4.8458e-01  (geo/st 除外)
    mat_geo  = 4.8481e-01  (st 除外)
    mat_st   = 5.3086e-01   (geo 除外)
  最良組み合わせ: mat_only (rel_err=4.8458e-01)
------------------------------------------------------------
  [    full] comp 別不整合: [x= 60.2%, y= 49.0%, z= 63.1%, tx=  0.0%, ty=  0.0%, tz=  0.0%]
  [mat_only] comp 別不整合: [x= 69.0%, y= 11.6%, z= 71.5%, tx=  0.0%, ty=  0.0%, tz=  0.0%]
  [ mat_geo] comp 別不整合: [x= 69.0%, y= 11.6%, z= 71.5%, tx=  0.0%, ty=  0.0%, tz=  0.0%]
  [  mat_st] comp 別不整合: [x= 60.2%, y= 49.0%, z= 63.1%, tx=  0.0%, ty=  0.0%, tz=  0.0%]
============================================================
============================================================
接線剛性FD方向診断（status-256）
============================================================
  ||du|| = 1.6146e-04
  ||R_u|| = 5.0093e-06
  ⚠ R_u vs compute_residual(u) 乖離: 1.4001e-06 (リラクゼーション/動的項の差異)
  ||R_base|| = 4.1647e-06
  ||R(u+eps*du)|| = 4.1646e-06
  方向有効性: ||R(u+eps*du)||/||R(u)|| = 0.999998
  ✓ du方向で残差が減少 — Newton方向は有効
  FD方向微分 = 8.9333e-05
  解析方向微分 = 1.2803e-06
  全体系 K@du: FD vs 解析 相対誤差 = 1.0002e+00
  ⚠ 全体系で接線剛性不整合 — K_c自体が不正確
  全体系不整合DOF上位5件:
    dof=1196 (node=199, comp=2): FD=-4.0621e-03, analytical=2.0888e-10, diff=-4.0621e-03
    dof=1718 (node=286, comp=2): FD=4.0143e-03, analytical=6.0812e-11, diff=4.0143e-03
    dof=680 (node=113, comp=2): FD=-3.9169e-03, analytical=1.1346e-11, diff=-3.9169e-03
    dof=1826 (node=304, comp=2): FD=3.6763e-03, analytical=1.8856e-11, diff=3.6763e-03
    dof=902 (node=150, comp=2): FD=3.0248e-03, analytical=-2.1195e-09, diff=3.0248e-03
  comp別不整合: [x:6.33e-03(39%), y:1.22e-03(7%), z:1.51e-02(92%), θx:6.62e-05(0%), θy:4.60e-04(3%), θz:1.23e-05(0%)]
  接触DOF不整合: 4.66e-03 (228 DOFs), 構造DOF不整合: 1.58e-02 (1710 DOFs)
  活性DOF K@du: FD vs 解析 相対誤差 = 1.0000e+00 (228 DOFs)
  ⚠ 活性DOFで接線剛性不整合
  方向微分整合度: |FD-解析|/max = 9.8567e-01
------------------------------------------------------------
  f_c 単独FD検証（K_c精度）
  ||∂f_c/∂u·du (FD)|| = 1.9953e-05
  ||K_c @ du|| = 1.0320e-05
  f_c FD相対誤差 = 1.3713e+00
  ⚠ K_c自体が不正確（f_c単独で10%超の不整合）
  f_c comp別不整合: [x=2.1e-05/76%, y=9.5e-06/35%, z=1.5e-05/55%, θx=0.0e+00/0%, θy=0.0e+00/0%, θz=0.0e+00/0%]
  f_c不整合DOF上位5件:
    dof=444 (node=74, comp=0): FD=8.0414e-06, K_c=-1.2759e-06, diff=9.3173e-06
    dof=498 (node=83, comp=0): FD=4.1416e-06, K_c=-4.1948e-06, diff=8.3365e-06
    dof=600 (node=100, comp=0): FD=-4.1053e-06, K_c=4.1581e-06, diff=-8.2634e-06
    dof=500 (node=83, comp=2): FD=-3.7540e-06, K_c=3.7755e-06, diff=-7.5295e-06
    dof=602 (node=100, comp=2): FD=3.7211e-06, K_c=-3.7424e-06, diff=7.4635e-06
============================================================
[K_c成分FD]
============================================================
K_c 成分分解 FD 診断（status-342）  [incr=161 att=21]
============================================================
  ||du|| = 1.6146e-04, eps = 1.00e-07
  ||dfc (FD)|| = 1.9947e-05
  ||K_mat@du|| = 1.5651e-05, ||K_geo@du|| = 9.5123e-09, ||K_st@du||  = 5.0461e-06
  ||K_c@du||   = 1.8594e-05
  寄与率: mat= 0.84, geo= 0.00, st= 0.27
------------------------------------------------------------
  組み合わせ別 FD 相対誤差（K_c = K_mat - K_geo + K_st 合意）:
    full     = 5.7214e-01
    mat_only = 5.2834e-01  (geo/st 除外)
    mat_geo  = 5.2857e-01  (st 除外)
    mat_st   = 5.7197e-01   (geo 除外)
  最良組み合わせ: mat_only (rel_err=5.2834e-01)
------------------------------------------------------------
  [    full] comp 別不整合: [x= 65.5%, y= 45.9%, z= 60.0%, tx=  0.0%, ty=  0.0%, tz=  0.0%]
  [mat_only] comp 別不整合: [x= 73.4%, y= 10.8%, z= 67.1%, tx=  0.0%, ty=  0.0%, tz=  0.0%]
  [ mat_geo] comp 別不整合: [x= 73.4%, y= 10.8%, z= 67.1%, tx=  0.0%, ty=  0.0%, tz=  0.0%]
  [  mat_st] comp 別不整合: [x= 65.5%, y= 45.9%, z= 60.0%, tx=  0.0%, ty=  0.0%, tz=  0.0%]
============================================================
============================================================
接線剛性FD方向診断（status-256）
============================================================
  ||du|| = 2.9404e-04
  ||R_u|| = 4.7931e-06
  ⚠ R_u vs compute_residual(u) 乖離: 2.0308e-06 (リラクゼーション/動的項の差異)
  ||R_base|| = 3.7566e-06
  ||R(u+eps*du)|| = 3.7566e-06
  方向有効性: ||R(u+eps*du)||/||R(u)|| = 0.999997
  ✓ du方向で残差が減少 — Newton方向は有効
  FD方向微分 = 1.4200e-04
  解析方向微分 = 1.0459e-06
  全体系 K@du: FD vs 解析 相対誤差 = 1.0007e+00
  ⚠ 全体系で接線剛性不整合 — K_c自体が不正確
  全体系不整合DOF上位5件:
    dof=380 (node=63, comp=2): FD=-4.1978e-03, analytical=-2.9391e-10, diff=-4.1978e-03
    dof=1094 (node=182, comp=2): FD=3.8371e-03, analytical=-8.6213e-10, diff=3.8371e-03
    dof=1724 (node=287, comp=2): FD=3.7483e-03, analytical=-9.7528e-10, diff=3.7483e-03
    dof=1100 (node=183, comp=2): FD=-3.4400e-03, analytical=4.1682e-10, diff=-3.4400e-03
    dof=1088 (node=181, comp=2): FD=-3.2526e-03, analytical=-2.3105e-09, diff=-3.2526e-03
  comp別不整合: [x:6.45e-03(38%), y:1.32e-03(8%), z:1.57e-02(92%), θx:6.38e-05(0%), θy:6.94e-04(4%), θz:1.53e-05(0%)]
  接触DOF不整合: 3.75e-03 (228 DOFs), 構造DOF不整合: 1.66e-02 (1710 DOFs)
  活性DOF K@du: FD vs 解析 相対誤差 = 9.9995e-01 (228 DOFs)
  ⚠ 活性DOFで接線剛性不整合
  方向微分整合度: |FD-解析|/max = 9.9263e-01
------------------------------------------------------------
  f_c 単独FD検証（K_c精度）
  ||∂f_c/∂u·du (FD)|| = 3.5273e-05
  ||K_c @ du|| = 2.0484e-05
  f_c FD相対誤差 = 1.4444e+00
  ⚠ K_c自体が不正確（f_c単独で10%超の不整合）
  f_c comp別不整合: [x=4.0e-05/79%, y=1.6e-05/31%, z=2.7e-05/52%, θx=0.0e+00/0%, θy=0.0e+00/0%, θz=0.0e+00/0%]
  f_c不整合DOF上位5件:
    dof=498 (node=83, comp=0): FD=8.9077e-06, K_c=-9.0187e-06, diff=1.7926e-05
    dof=600 (node=100, comp=0): FD=-8.8296e-06, K_c=8.9397e-06, diff=-1.7769e-05
    dof=444 (node=74, comp=0): FD=1.3451e-05, K_c=-2.2772e-06, diff=1.5728e-05
    dof=492 (node=82, comp=0): FD=7.6312e-06, K_c=-6.9153e-06, diff=1.4546e-05
    dof=594 (node=99, comp=0): FD=-6.8612e-06, K_c=6.9388e-06, diff=-1.3800e-05
============================================================
[K_c成分FD]
============================================================
K_c 成分分解 FD 診断（status-342）  [incr=161 att=22]
============================================================
  ||du|| = 2.9404e-04, eps = 1.00e-07
  ||dfc (FD)|| = 3.5262e-05
  ||K_mat@du|| = 2.6262e-05, ||K_geo@du|| = 1.6957e-08, ||K_st@du||  = 9.1379e-06
  ||K_c@du||   = 3.1515e-05
  寄与率: mat= 0.83, geo= 0.00, st= 0.29
------------------------------------------------------------
  組み合わせ別 FD 相対誤差（K_c = K_mat - K_geo + K_st 合意）:
    full     = 6.3023e-01
    mat_only = 5.8821e-01  (geo/st 除外)
    mat_geo  = 5.8844e-01  (st 除外)
    mat_st   = 6.3005e-01   (geo 除外)
  最良組み合わせ: mat_only (rel_err=5.8821e-01)
------------------------------------------------------------
  [    full] comp 別不整合: [x= 72.0%, y= 42.7%, z= 54.7%, tx=  0.0%, ty=  0.0%, tz=  0.0%]
  [mat_only] comp 別不整合: [x= 79.1%, y=  9.9%, z= 60.4%, tx=  0.0%, ty=  0.0%, tz=  0.0%]
  [ mat_geo] comp 別不整合: [x= 79.1%, y=  9.9%, z= 60.4%, tx=  0.0%, ty=  0.0%, tz=  0.0%]
  [  mat_st] comp 別不整合: [x= 72.0%, y= 42.7%, z= 54.7%, tx=  0.0%, ty=  0.0%, tz=  0.0%]
============================================================
  [Type D対策] FD診断: Newton方向精度不良 (dir_ratio=1.000), NR上限拡張→37
============================================================
接線剛性FD方向診断（status-256）
============================================================
  ||du|| = 2.1384e-04
  ||R_u|| = 4.5849e-06
  ⚠ R_u vs compute_residual(u) 乖離: 3.1480e-06 (リラクゼーション/動的項の差異)
  ||R_base|| = 3.7026e-06
  ||R(u+eps*du)|| = 3.7026e-06
  方向有効性: ||R(u+eps*du)||/||R(u)|| = 1.000008
  ⚠ du方向で残差が増加 — Newton方向が無効
  FD方向微分 = -2.8213e-04
  解析方向微分 = -5.8470e-07
  全体系 K@du: FD vs 解析 相対誤差 = 1.0003e+00
  ⚠ 全体系で接線剛性不整合 — K_c自体が不正確
  全体系不整合DOF上位5件:
    dof=1100 (node=183, comp=2): FD=3.7001e-03, analytical=8.0108e-10, diff=3.7001e-03
    dof=992 (node=165, comp=2): FD=3.6199e-03, analytical=-1.5830e-10, diff=3.6199e-03
    dof=1904 (node=317, comp=2): FD=3.5765e-03, analytical=1.2200e-10, diff=3.5765e-03
    dof=482 (node=80, comp=2): FD=3.5675e-03, analytical=-3.8135e-08, diff=3.5675e-03
    dof=1910 (node=318, comp=2): FD=-3.5386e-03, analytical=-2.2120e-10, diff=-3.5386e-03
  comp別不整合: [x:7.56e-03(39%), y:1.49e-03(8%), z:1.78e-02(92%), θx:8.21e-05(0%), θy:5.54e-04(3%), θz:1.08e-05(0%)]
  接触DOF不整合: 4.85e-03 (228 DOFs), 構造DOF不整合: 1.87e-02 (1710 DOFs)
  活性DOF K@du: FD vs 解析 相対誤差 = 9.9997e-01 (228 DOFs)
  ⚠ 活性DOFで接線剛性不整合
  方向微分整合度: |FD-解析|/max = 9.9793e-01
------------------------------------------------------------
  f_c 単独FD検証（K_c精度）
  ||∂f_c/∂u·du (FD)|| = 2.3613e-05
  ||K_c @ du|| = 1.6697e-05
  f_c FD相対誤差 = 1.5997e+00
  ⚠ K_c自体が不正確（f_c単独で10%超の不整合）
  f_c comp別不整合: [x=3.3e-05/87%, y=9.1e-06/24%, z=1.6e-05/42%, θx=0.0e+00/0%, θy=0.0e+00/0%, θz=0.0e+00/0%]
  f_c不整合DOF上位5件:
    dof=498 (node=83, comp=0): FD=-8.1624e-06, K_c=8.2843e-06, diff=-1.6447e-05
    dof=600 (node=100, comp=0): FD=8.0909e-06, K_c=-8.2118e-06, diff=1.6303e-05
    dof=492 (node=82, comp=0): FD=-6.6604e-06, K_c=6.3428e-06, diff=-1.3003e-05
    dof=594 (node=99, comp=0): FD=6.2853e-06, K_c=-6.3743e-06, diff=1.2660e-05
    dof=444 (node=74, comp=0): FD=-7.4825e-06, K_c=1.5714e-06, diff=-9.0539e-06
============================================================
[K_c成分FD]
============================================================
K_c 成分分解 FD 診断（status-342）  [incr=161 att=23]
============================================================
  ||du|| = 2.1384e-04, eps = 1.00e-07
  ||dfc (FD)|| = 2.3644e-05
  ||K_mat@du|| = 1.5289e-05, ||K_geo@du|| = 1.1675e-08, ||K_st@du||  = 6.6715e-06
  ||K_c@du||   = 1.8809e-05
  寄与率: mat= 0.81, geo= 0.00, st= 0.35
------------------------------------------------------------
  組み合わせ別 FD 相対誤差（K_c = K_mat - K_geo + K_st 合意）:
    full     = 7.5101e-01
    mat_only = 7.0738e-01  (geo/st 除外)
    mat_geo  = 7.0762e-01  (st 除外)
    mat_st   = 7.5082e-01   (geo 除外)
  最良組み合わせ: mat_only (rel_err=7.0738e-01)
------------------------------------------------------------
  [    full] comp 別不整合: [x= 82.5%, y= 38.9%, z= 41.0%, tx=  0.0%, ty=  0.0%, tz=  0.0%]
  [mat_only] comp 別不整合: [x= 88.9%, y=  8.7%, z= 45.0%, tx=  0.0%, ty=  0.0%, tz=  0.0%]
  [ mat_geo] comp 別不整合: [x= 88.9%, y=  8.7%, z= 45.0%, tx=  0.0%, ty=  0.0%, tz=  0.0%]
  [  mat_st] comp 別不整合: [x= 82.5%, y= 38.9%, z= 41.0%, tx=  0.0%, ty=  0.0%, tz=  0.0%]
============================================================
============================================================
接線剛性FD方向診断（status-256）
============================================================
  ||du|| = 6.2744e-04
  ||R_u|| = 4.4887e-06
  ⚠ R_u vs compute_residual(u) 乖離: 2.4613e-06 (リラクゼーション/動的項の差異)
  ||R_base|| = 3.4267e-06
  ||R(u+eps*du)|| = 3.4266e-06
  方向有効性: ||R(u+eps*du)||/||R(u)|| = 0.999990
  ✓ du方向で残差が減少 — Newton方向は有効
  FD方向微分 = -1.5666e-04
  解析方向微分 = 9.2445e-07
  全体系 K@du: FD vs 解析 相対誤差 = 1.0036e+00
  ⚠ 全体系で接線剛性不整合 — K_c自体が不正確
  全体系不整合DOF上位5件:
    dof=1208 (node=201, comp=2): FD=-3.2943e-03, analytical=-5.2197e-10, diff=-3.2943e-03
    dof=1214 (node=202, comp=2): FD=3.0336e-03, analytical=-7.1093e-11, diff=3.0336e-03
    dof=590 (node=98, comp=2): FD=2.9009e-03, analytical=-9.9768e-09, diff=2.9009e-03
    dof=596 (node=99, comp=2): FD=-2.7950e-03, analytical=-6.4286e-08, diff=-2.7949e-03
    dof=1064 (node=177, comp=2): FD=-2.5702e-03, analytical=-1.0328e-09, diff=-2.5702e-03
  comp別不整合: [x:5.68e-03(36%), y:1.19e-03(7%), z:1.47e-02(93%), θx:7.63e-05(0%), θy:1.37e-03(9%), θz:1.94e-05(0%)]
  接触DOF不整合: 5.31e-03 (228 DOFs), 構造DOF不整合: 1.50e-02 (1710 DOFs)
  活性DOF K@du: FD vs 解析 相対誤差 = 9.9997e-01 (228 DOFs)
  ⚠ 活性DOFで接線剛性不整合
  方向微分整合度: |FD-解析|/max = 1.0059e+00
------------------------------------------------------------
  f_c 単独FD検証（K_c精度）
  ||∂f_c/∂u·du (FD)|| = 7.3741e-05
  ||K_c @ du|| = 4.5402e-05
  f_c FD相対誤差 = 1.4859e+00
  ⚠ K_c自体が不正確（f_c単独で10%超の不整合）
  f_c comp別不整合: [x=8.9e-05/81%, y=3.2e-05/29%, z=5.5e-05/50%, θx=0.0e+00/0%, θy=0.0e+00/0%, θz=0.0e+00/0%]
  f_c不整合DOF上位5件:
    dof=498 (node=83, comp=0): FD=2.0421e-05, K_c=-2.0744e-05, diff=4.1165e-05
    dof=600 (node=100, comp=0): FD=-2.0242e-05, K_c=2.0563e-05, diff=-4.0804e-05
    dof=492 (node=82, comp=0): FD=1.7235e-05, K_c=-1.5898e-05, diff=3.3133e-05
    dof=444 (node=74, comp=0): FD=2.7071e-05, K_c=-4.8008e-06, diff=3.1872e-05
    dof=594 (node=99, comp=0): FD=-1.5728e-05, K_c=1.5961e-05, diff=-3.1689e-05
============================================================
[K_c成分FD]
============================================================
K_c 成分分解 FD 診断（status-342）  [incr=161 att=24]
============================================================
  ||du|| = 6.2744e-04, eps = 1.00e-07
  ||dfc (FD)|| = 7.3758e-05
  ||K_mat@du|| = 5.3153e-05, ||K_geo@du|| = 3.5721e-08, ||K_st@du||  = 1.9484e-05
  ||K_c@du||   = 6.4201e-05
  寄与率: mat= 0.83, geo= 0.00, st= 0.30
------------------------------------------------------------
  組み合わせ別 FD 相対誤差（K_c = K_mat - K_geo + K_st 合意）:
    full     = 6.6245e-01
    mat_only = 6.2063e-01  (geo/st 除外)
    mat_geo  = 6.2086e-01  (st 除外)
    mat_st   = 6.6227e-01   (geo 除外)
  最良組み合わせ: mat_only (rel_err=6.2063e-01)
------------------------------------------------------------
  [    full] comp 別不整合: [x= 75.1%, y= 41.4%, z= 51.5%, tx=  0.0%, ty=  0.0%, tz=  0.0%]
  [mat_only] comp 別不整合: [x= 81.8%, y=  9.5%, z= 56.7%, tx=  0.0%, ty=  0.0%, tz=  0.0%]
  [ mat_geo] comp 別不整合: [x= 81.9%, y=  9.5%, z= 56.7%, tx=  0.0%, ty=  0.0%, tz=  0.0%]
  [  mat_st] comp 別不整合: [x= 75.1%, y= 41.4%, z= 51.5%, tx=  0.0%, ty=  0.0%, tz=  0.0%]
============================================================
  Incr 161 (frac=0.3525), attempt 25 [D.slow+E], ||R_t||/||f|| = 3.808e-06, ||R_r|| = 2.942e-06, ||R_w||/||f||=3.847e-06, rate=0.931, active=29, R(x=1.6e-06/37%,y=2.3e-06/52%,z=1.7e-06/38%)
============================================================
接線剛性FD方向診断（status-256）
============================================================
  ||du|| = 2.5001e-05
  ||R_u|| = 4.3843e-06
  ⚠ R_u vs compute_residual(u) 乖離: 4.7924e-06 (リラクゼーション/動的項の差異)
  ||R_base|| = 4.7798e-06
  ||R(u+eps*du)|| = 4.7799e-06
  方向有効性: ||R(u+eps*du)||/||R(u)|| = 1.000020
  ⚠ du方向で残差が増加 — Newton方向が無効
  FD方向微分 = -6.0910e-04
  解析方向微分 = 2.9777e-07
  全体系 K@du: FD vs 解析 相対誤差 = 1.0000e+00
  ⚠ 全体系で接線剛性不整合 — K_c自体が不正確
  全体系不整合DOF上位5件:
    dof=1088 (node=181, comp=2): FD=-4.0827e-03, analytical=-2.0433e-09, diff=-4.0827e-03
    dof=380 (node=63, comp=2): FD=-4.0642e-03, analytical=-3.2173e-10, diff=-4.0642e-03
    dof=1196 (node=199, comp=2): FD=-3.9309e-03, analytical=1.1357e-10, diff=-3.9309e-03
    dof=1094 (node=182, comp=2): FD=3.8299e-03, analytical=-8.7221e-10, diff=3.8299e-03
    dof=1808 (node=301, comp=2): FD=3.6057e-03, analytical=3.9133e-10, diff=3.6057e-03
  comp別不整合: [x:6.72e-03(37%), y:1.47e-03(8%), z:1.66e-02(92%), θx:6.30e-05(0%), θy:2.50e-04(1%), θz:1.01e-05(0%)]
  接触DOF不整合: 4.49e-03 (228 DOFs), 構造DOF不整合: 1.74e-02 (1710 DOFs)
  活性DOF K@du: FD vs 解析 相対誤差 = 1.0000e+00 (228 DOFs)
  ⚠ 活性DOFで接線剛性不整合
  方向微分整合度: |FD-解析|/max = 1.0005e+00
------------------------------------------------------------
  f_c 単独FD検証（K_c精度）
  ||∂f_c/∂u·du (FD)|| = 2.5904e-06
  ||K_c @ du|| = 1.7814e-06
  f_c FD相対誤差 = 1.5287e+00
  ⚠ K_c自体が不正確（f_c単独で10%超の不整合）
  f_c comp別不整合: [x=3.6e-06/90%, y=1.5e-06/38%, z=8.5e-07/22%, θx=0.0e+00/0%, θy=0.0e+00/0%, θz=0.0e+00/0%]
  f_c不整合DOF上位5件:
    dof=498 (node=83, comp=0): FD=-9.0859e-07, K_c=9.7579e-07, diff=-1.8844e-06
    dof=600 (node=100, comp=0): FD=9.0063e-07, K_c=-9.6725e-07, diff=1.8679e-06
    dof=594 (node=99, comp=0): FD=6.9942e-07, K_c=-7.5084e-07, diff=1.4503e-06
    dof=492 (node=82, comp=0): FD=-6.5495e-07, K_c=7.4691e-07, diff=-1.4019e-06
    dof=535 (node=89, comp=1): FD=-9.0741e-07, K_c=1.2615e-08, diff=-9.2002e-07
============================================================
[K_c成分FD]
============================================================
K_c 成分分解 FD 診断（status-342）  [incr=161 att=25]
============================================================
  ||du|| = 2.5001e-05, eps = 1.00e-07
  ||dfc (FD)|| = 2.6557e-06
  ||K_mat@du|| = 1.9902e-06, ||K_geo@du|| = 9.4172e-10, ||K_st@du||  = 7.8080e-07
  ||K_c@du||   = 1.8772e-06
  寄与率: mat= 1.06, geo= 0.00, st= 0.42
------------------------------------------------------------
  組み合わせ別 FD 相対誤差（K_c = K_mat - K_geo + K_st 合意）:
    full     = 7.3149e-01
    mat_only = 6.7074e-01  (geo/st 除外)
    mat_geo  = 6.7093e-01  (st 除外)
    mat_st   = 7.3133e-01   (geo 除外)
  最良組み合わせ: mat_only (rel_err=6.7074e-01)
------------------------------------------------------------
  [    full] comp 別不整合: [x= 88.5%, y= 40.6%, z= 22.9%, tx=  0.0%, ty=  0.0%, tz=  0.0%]
  [mat_only] comp 別不整合: [x= 97.2%, y=  7.9%, z= 22.2%, tx=  0.0%, ty=  0.0%, tz=  0.0%]
  [ mat_geo] comp 別不整合: [x= 97.2%, y=  7.9%, z= 22.2%, tx=  0.0%, ty=  0.0%, tz=  0.0%]
  [  mat_st] comp 別不整合: [x= 88.5%, y= 40.6%, z= 22.9%, tx=  0.0%, ty=  0.0%, tz=  0.0%]
  ⚠ K_st 足し込みで rel_err が +6.0565e-02 悪化 — K_st が primary driver の可能性
  ⚠ K_geo 足し込みで rel_err が +6.0588e-02 悪化 — K_geo が primary driver の可能性
============================================================
  Incr 161 (frac=0.3525), attempt 25, 凍結解除(disp)→再凍結 ||R_t||/||f||=4.339e-06 (cycle=3)
============================================================
接線剛性FD方向診断（status-256）
============================================================
  ||du|| = 3.3338e-04
  ||R_u|| = 4.6542e-06
  ⚠ R_u vs compute_residual(u) 乖離: 5.1081e-10 (リラクゼーション/動的項の差異)
  ||R_base|| = 4.6539e-06
  ||R(u+eps*du)|| = 4.6539e-06
  方向有効性: ||R(u+eps*du)||/||R(u)|| = 1.000005
  ⚠ du方向で残差が増加 — Newton方向が無効
  FD方向微分 = 2.2776e-05
  解析方向微分 = -1.7522e-06
  全体系 K@du: FD vs 解析 相対誤差 = 1.0013e+00
  ⚠ 全体系で接線剛性不整合 — K_c自体が不正確
  全体系不整合DOF上位5件:
    dof=1094 (node=182, comp=2): FD=-3.9652e-03, analytical=-1.1296e-09, diff=-3.9652e-03
    dof=1196 (node=199, comp=2): FD=-3.9287e-03, analytical=-6.6202e-11, diff=-3.9287e-03
    dof=884 (node=147, comp=2): FD=3.5090e-03, analytical=-3.6346e-10, diff=3.5090e-03
    dof=704 (node=117, comp=2): FD=-3.3422e-03, analytical=9.2070e-10, diff=-3.3422e-03
    dof=1064 (node=177, comp=2): FD=2.4272e-03, analytical=-6.3421e-10, diff=2.4272e-03
  comp別不整合: [x:4.69e-03(34%), y:1.18e-03(9%), z:1.29e-02(94%), θx:5.67e-05(0%), θy:7.39e-04(5%), θz:1.26e-05(0%)]
  接触DOF不整合: 5.12e-03 (228 DOFs), 構造DOF不整合: 1.28e-02 (1710 DOFs)
  活性DOF K@du: FD vs 解析 相対誤差 = 1.0000e+00 (228 DOFs)
  ⚠ 活性DOFで接線剛性不整合
  方向微分整合度: |FD-解析|/max = 1.0769e+00
------------------------------------------------------------
  f_c 単独FD検証（K_c精度）
  ||∂f_c/∂u·du (FD)|| = 3.9355e-05
  ||K_c @ du|| = 2.6872e-05
  f_c FD相対誤差 = 1.5689e+00
  ⚠ K_c自体が不正確（f_c単独で10%超の不整合）
  f_c comp別不整合: [x=5.8e-05/94%, y=1.6e-05/25%, z=1.5e-05/24%, θx=0.0e+00/0%, θy=0.0e+00/0%, θz=0.0e+00/0%]
  f_c不整合DOF上位5件:
    dof=498 (node=83, comp=0): FD=1.4450e-05, K_c=-1.4606e-05, diff=2.9056e-05
    dof=600 (node=100, comp=0): FD=-1.4324e-05, K_c=1.4478e-05, diff=-2.8802e-05
    dof=492 (node=82, comp=0): FD=1.1794e-05, K_c=-1.1173e-05, diff=2.2967e-05
    dof=594 (node=99, comp=0): FD=-1.1124e-05, K_c=1.1239e-05, diff=-2.2363e-05
    dof=444 (node=74, comp=0): FD=1.3195e-05, K_c=-2.5118e-06, diff=1.5707e-05
============================================================
[K_c成分FD]
============================================================
K_c 成分分解 FD 診断（status-342）  [incr=161 att=26]
============================================================
  ||du|| = 3.3338e-04, eps = 1.00e-07
  ||dfc (FD)|| = 3.9355e-05
  ||K_mat@du|| = 2.6262e-05, ||K_geo@du|| = 1.8643e-08, ||K_st@du||  = 1.0436e-05
  ||K_c@du||   = 3.2081e-05
  寄与率: mat= 0.82, geo= 0.00, st= 0.33
------------------------------------------------------------
  組み合わせ別 FD 相対誤差（K_c = K_mat - K_geo + K_st 合意）:
    full     = 7.2558e-01
    mat_only = 6.8648e-01  (geo/st 除外)
    mat_geo  = 6.8671e-01  (st 除外)
    mat_st   = 7.2539e-01   (geo 除外)
  最良組み合わせ: mat_only (rel_err=6.8648e-01)
------------------------------------------------------------
  [    full] comp 別不整合: [x= 90.5%, y= 37.7%, z= 19.8%, tx=  0.0%, ty=  0.0%, tz=  0.0%]
  [mat_only] comp 別不整合: [x= 96.8%, y=  9.0%, z= 23.4%, tx=  0.0%, ty=  0.0%, tz=  0.0%]
  [ mat_geo] comp 別不整合: [x= 96.8%, y=  9.0%, z= 23.4%, tx=  0.0%, ty=  0.0%, tz=  0.0%]
  [  mat_st] comp 別不整合: [x= 90.5%, y= 37.7%, z= 19.8%, tx=  0.0%, ty=  0.0%, tz=  0.0%]
============================================================
============================================================
接線剛性FD方向診断（status-256）
============================================================
  ||du|| = 5.1008e-03
  ||R_u|| = 5.1123e-06
  ⚠ R_u vs compute_residual(u) 乖離: 1.2212e-06 (リラクゼーション/動的項の差異)
  ||R_base|| = 5.9200e-06
  ||R(u+eps*du)|| = 5.9201e-06
  方向有効性: ||R(u+eps*du)||/||R(u)|| = 1.000014
  ⚠ du方向で残差が増加 — Newton方向が無効
  FD方向微分 = 6.6057e-04
  解析方向微分 = -2.1801e-06
  全体系 K@du: FD vs 解析 相対誤差 = 1.1422e+00
  ⚠ 全体系で接線剛性不整合 — K_c自体が不正確
  全体系不整合DOF上位5件:
    dof=508 (node=84, comp=4): FD=0.0000e+00, analytical=-5.7136e-03, diff=5.7136e-03
    dof=610 (node=101, comp=4): FD=0.0000e+00, analytical=5.5884e-03, diff=-5.5884e-03
    dof=514 (node=85, comp=4): FD=0.0000e+00, analytical=5.2976e-03, diff=-5.2976e-03
    dof=412 (node=68, comp=4): FD=0.0000e+00, analytical=-5.1468e-03, diff=5.1468e-03
    dof=374 (node=62, comp=2): FD=3.9404e-03, analytical=3.7141e-10, diff=3.9404e-03
  comp別不整合: [x:7.95e-03(35%), y:1.51e-03(7%), z:1.80e-02(80%), θx:5.77e-04(3%), θy:1.09e-02(48%), θz:7.18e-05(0%)]
  接触DOF不整合: 5.82e-03 (228 DOFs), 構造DOF不整合: 2.18e-02 (1710 DOFs)
  活性DOF K@du: FD vs 解析 相対誤差 = 1.0000e+00 (228 DOFs)
  ⚠ 活性DOFで接線剛性不整合
  方向微分整合度: |FD-解析|/max = 1.0033e+00
------------------------------------------------------------
  f_c 単独FD検証（K_c精度）
  ||∂f_c/∂u·du (FD)|| = 6.0764e-04
  ||K_c @ du|| = 3.7859e-04
  f_c FD相対誤差 = 1.4956e+00
  ⚠ K_c自体が不正確（f_c単独で10%超の不整合）
  f_c comp別不整合: [x=8.5e-04/93%, y=2.7e-04/29%, z=1.8e-04/20%, θx=0.0e+00/0%, θy=0.0e+00/0%, θz=0.0e+00/0%]
  f_c不整合DOF上位5件:
    dof=498 (node=83, comp=0): FD=2.0598e-04, K_c=-2.0827e-04, diff=4.1424e-04
    dof=600 (node=100, comp=0): FD=-2.0417e-04, K_c=2.0644e-04, diff=-4.1062e-04
    dof=492 (node=82, comp=0): FD=1.7013e-04, K_c=-1.5937e-04, diff=3.2950e-04
    dof=594 (node=99, comp=0): FD=-1.5855e-04, K_c=1.6026e-04, diff=-3.1880e-04
    dof=444 (node=74, comp=0): FD=2.1799e-04, K_c=-4.0786e-05, diff=2.5877e-04
============================================================
[K_c成分FD]
============================================================
K_c 成分分解 FD 診断（status-342）  [incr=161 att=27]
============================================================
  ||du|| = 5.1008e-03, eps = 1.00e-07
  ||dfc (FD)|| = 6.0761e-04
  ||K_mat@du|| = 4.3436e-04, ||K_geo@du|| = 3.0093e-07, ||K_st@du||  = 1.7767e-04
  ||K_c@du||   = 5.2942e-04
  寄与率: mat= 0.82, geo= 0.00, st= 0.34
------------------------------------------------------------
  組み合わせ別 FD 相対誤差（K_c = K_mat - K_geo + K_st 合意）:
    full     = 6.8361e-01
    mat_only = 6.3002e-01  (geo/st 除外)
    mat_geo  = 6.3026e-01  (st 除外)
    mat_st   = 6.8343e-01   (geo 除外)
  最良組み合わせ: mat_only (rel_err=6.3002e-01)
------------------------------------------------------------
  [    full] comp 別不整合: [x= 89.0%, y= 43.9%, z= 12.6%, tx=  0.0%, ty=  0.0%, tz=  0.0%]
  [mat_only] comp 別不整合: [x= 98.0%, y= 10.2%, z= 17.2%, tx=  0.0%, ty=  0.0%, tz=  0.0%]
  [ mat_geo] comp 別不整合: [x= 98.0%, y= 10.2%, z= 17.2%, tx=  0.0%, ty=  0.0%, tz=  0.0%]
  [  mat_st] comp 別不整合: [x= 89.0%, y= 43.8%, z= 12.6%, tx=  0.0%, ty=  0.0%, tz=  0.0%]
  ⚠ K_st 足し込みで rel_err が +5.3353e-02 悪化 — K_st が primary driver の可能性
  ⚠ K_geo 足し込みで rel_err が +5.3407e-02 悪化 — K_geo が primary driver の可能性
============================================================
============================================================
接線剛性FD方向診断（status-256）
============================================================
  ||du|| = 2.3612e-04
  ||R_u|| = 1.5727e-05
  ⚠ R_u vs compute_residual(u) 乖離: 1.6533e-05 (リラクゼーション/動的項の差異)
  ||R_base|| = 2.6732e-05
  ||R(u+eps*du)|| = 2.6732e-05
  方向有効性: ||R(u+eps*du)||/||R(u)|| = 1.000000
  ⚠ du方向で残差が増加 — Newton方向が無効
  FD方向微分 = -1.4638e-04
  解析方向微分 = 8.5066e-06
  全体系 K@du: FD vs 解析 相対誤差 = 1.0007e+00
  ⚠ 全体系で接線剛性不整合 — K_c自体が不正確
  全体系不整合DOF上位5件:
    dof=374 (node=62, comp=2): FD=-4.2084e-03, analytical=5.8766e-12, diff=-4.2084e-03
    dof=692 (node=115, comp=2): FD=-3.8606e-03, analytical=2.4351e-10, diff=-3.8606e-03
    dof=698 (node=116, comp=2): FD=3.7803e-03, analytical=1.5952e-10, diff=3.7803e-03
    dof=368 (node=61, comp=2): FD=2.9945e-03, analytical=4.6899e-10, diff=2.9945e-03
    dof=986 (node=164, comp=2): FD=2.9322e-03, analytical=4.1190e-10, diff=2.9322e-03
  comp別不整合: [x:5.38e-03(38%), y:1.01e-03(7%), z:1.32e-02(92%), θx:6.50e-05(0%), θy:5.75e-04(4%), θz:1.30e-05(0%)]
  接触DOF不整合: 4.05e-03 (228 DOFs), 構造DOF不整合: 1.38e-02 (1710 DOFs)
  活性DOF K@du: FD vs 解析 相対誤差 = 1.0002e+00 (228 DOFs)
  ⚠ 活性DOFで接線剛性不整合
  方向微分整合度: |FD-解析|/max = 1.0581e+00
------------------------------------------------------------
  f_c 単独FD検証（K_c精度）
  ||∂f_c/∂u·du (FD)|| = 2.5930e-05
  ||K_c @ du|| = 4.2136e-06
  f_c FD相対誤差 = 1.0884e+00
  ⚠ K_c自体が不正確（f_c単独で10%超の不整合）
  f_c comp別不整合: [x=2.2e-05/79%, y=1.4e-05/51%, z=9.7e-06/34%, θx=0.0e+00/0%, θy=0.0e+00/0%, θz=0.0e+00/0%]
  f_c不整合DOF上位5件:
    dof=444 (node=74, comp=0): FD=-1.1909e-05, K_c=2.1495e-06, diff=-1.4058e-05
    dof=438 (node=73, comp=0): FD=-6.5999e-06, K_c=1.6447e-06, diff=-8.2446e-06
    dof=1056 (node=176, comp=0): FD=6.5149e-06, K_c=-2.2031e-07, diff=6.7352e-06
    dof=534 (node=89, comp=0): FD=5.6556e-06, K_c=-9.4213e-07, diff=6.5977e-06
    dof=949 (node=158, comp=1): FD=-6.5550e-06, K_c=-1.4646e-07, diff=-6.4085e-06
============================================================
[K_c成分FD]
============================================================
K_c 成分分解 FD 診断（status-342）  [incr=161 att=28]
============================================================
  ||du|| = 2.3612e-04, eps = 1.00e-07
  ||dfc (FD)|| = 2.5944e-05
  ||K_mat@du|| = 2.3513e-05, ||K_geo@du|| = 1.5926e-08, ||K_st@du||  = 9.9927e-06
  ||K_c@du||   = 2.8299e-05
  寄与率: mat= 0.83, geo= 0.00, st= 0.35
------------------------------------------------------------
  組み合わせ別 FD 相対誤差（K_c = K_mat - K_geo + K_st 合意）:
    full     = 3.8379e-01
    mat_only = 2.1150e-01  (geo/st 除外)
    mat_geo  = 2.1197e-01  (st 除外)
    mat_st   = 3.8358e-01   (geo 除外)
  最良組み合わせ: mat_only (rel_err=2.1150e-01)
------------------------------------------------------------
  [    full] comp 別不整合: [x= 19.3%, y= 94.2%, z= 27.3%, tx=  0.0%, ty=  0.0%, tz=  0.0%]
  [mat_only] comp 別不整合: [x= 69.5%, y= 31.9%, z= 64.5%, tx=  0.0%, ty=  0.0%, tz=  0.0%]
  [ mat_geo] comp 別不整合: [x= 69.6%, y= 31.9%, z= 64.3%, tx=  0.0%, ty=  0.0%, tz=  0.0%]
  [  mat_st] comp 別不整合: [x= 19.3%, y= 94.2%, z= 27.3%, tx=  0.0%, ty=  0.0%, tz=  0.0%]
  ⚠ K_st 足し込みで rel_err が +1.7182e-01 悪化 — K_st が primary driver の可能性
  ⚠ K_geo 足し込みで rel_err が +1.7208e-01 悪化 — K_geo が primary driver の可能性
============================================================
============================================================
接線剛性FD方向診断（status-256）
============================================================
  ||du|| = 3.3228e-05
  ||R_u|| = 4.7630e-06
  ⚠ R_u vs compute_residual(u) 乖離: 1.0573e-05 (リラクゼーション/動的項の差異)
  ||R_base|| = 1.3140e-05
  ||R(u+eps*du)|| = 1.3140e-05
  方向有効性: ||R(u+eps*du)||/||R(u)|| = 1.000009
  ⚠ du方向で残差が増加 — Newton方向が無効
  FD方向微分 = -5.9559e-04
  解析方向微分 = 1.3049e-06
  全体系 K@du: FD vs 解析 相対誤差 = 1.0001e+00
  ⚠ 全体系で接線剛性不整合 — K_c自体が不正確
  全体系不整合DOF上位5件:
    dof=1724 (node=287, comp=2): FD=3.8830e-03, analytical=-4.6492e-10, diff=3.8830e-03
    dof=1820 (node=303, comp=2): FD=3.7823e-03, analytical=1.1785e-10, diff=3.7823e-03
    dof=482 (node=80, comp=2): FD=2.4673e-03, analytical=1.8676e-08, diff=2.4673e-03
    dof=590 (node=98, comp=2): FD=-2.3674e-03, analytical=-7.4932e-09, diff=-2.3674e-03
    dof=1814 (node=302, comp=2): FD=-2.2004e-03, analytical=7.9369e-12, diff=-2.2004e-03
  comp別不整合: [x:4.82e-03(39%), y:1.01e-03(8%), z:1.15e-02(92%), θx:4.90e-05(0%), θy:2.51e-04(2%), θz:1.04e-05(0%)]
  接触DOF不整合: 3.89e-03 (228 DOFs), 構造DOF不整合: 1.19e-02 (1710 DOFs)
  活性DOF K@du: FD vs 解析 相対誤差 = 1.0003e+00 (228 DOFs)
  ⚠ 活性DOFで接線剛性不整合
  方向微分整合度: |FD-解析|/max = 1.0022e+00
------------------------------------------------------------
  f_c 単独FD検証（K_c精度）
  ||∂f_c/∂u·du (FD)|| = 5.9193e-06
  ||K_c @ du|| = 1.2185e-06
  f_c FD相対誤差 = 1.1131e+00
  ⚠ K_c自体が不正確（f_c単独で10%超の不整合）
  f_c comp別不整合: [x=5.0e-06/76%, y=3.5e-06/54%, z=2.5e-06/38%, θx=0.0e+00/0%, θy=0.0e+00/0%, θz=0.0e+00/0%]
  f_c不整合DOF上位5件:
    dof=444 (node=74, comp=0): FD=2.3807e-06, K_c=-4.8434e-07, diff=2.8650e-06
    dof=534 (node=89, comp=0): FD=-1.6295e-06, K_c=2.6534e-07, diff=-1.8948e-06
    dof=438 (node=73, comp=0): FD=1.3671e-06, K_c=-3.7515e-07, diff=1.7423e-06
    dof=949 (node=158, comp=1): FD=1.5317e-06, K_c=3.1737e-08, diff=1.5000e-06
    dof=445 (node=74, comp=1): FD=-1.3345e-06, K_c=1.1073e-07, diff=-1.4452e-06
============================================================
[K_c成分FD]
============================================================
K_c 成分分解 FD 診断（status-342）  [incr=161 att=29]
============================================================
  ||du|| = 3.3228e-05, eps = 1.00e-07
  ||dfc (FD)|| = 5.9470e-06
  ||K_mat@du|| = 5.3892e-06, ||K_geo@du|| = 3.5067e-09, ||K_st@du||  = 2.7404e-06
  ||K_c@du||   = 6.2313e-06
  寄与率: mat= 0.86, geo= 0.00, st= 0.44
------------------------------------------------------------
  組み合わせ別 FD 相対誤差（K_c = K_mat - K_geo + K_st 合意）:
    full     = 4.7804e-01
    mat_only = 2.3616e-01  (geo/st 除外)
    mat_geo  = 2.3657e-01  (st 除外)
    mat_st   = 4.7783e-01   (geo 除外)
  最良組み合わせ: mat_only (rel_err=2.3616e-01)
------------------------------------------------------------
  [    full] comp 別不整合: [x= 23.1%, y= 92.1%, z= 31.4%, tx=  0.0%, ty=  0.0%, tz=  0.0%]
  [mat_only] comp 別不整合: [x= 63.0%, y= 28.7%, z= 72.1%, tx=  0.0%, ty=  0.0%, tz=  0.0%]
  [ mat_geo] comp 別不整合: [x= 63.2%, y= 28.7%, z= 72.0%, tx=  0.0%, ty=  0.0%, tz=  0.0%]
  [  mat_st] comp 別不整合: [x= 23.1%, y= 92.1%, z= 31.4%, tx=  0.0%, ty=  0.0%, tz=  0.0%]
  ⚠ K_st 足し込みで rel_err が +2.4147e-01 悪化 — K_st が primary driver の可能性
  ⚠ K_geo 足し込みで rel_err が +2.4167e-01 悪化 — K_geo が primary driver の可能性
============================================================
  Incr 161 (frac=0.3525), attempt 29, 凍結解除(disp)→再凍結 ||R_t||/||f||=1.485e-05 (cycle=4)
  Incr 161 (frac=0.3525), attempt 30 [D.div+E], ||R_t||/||f|| = 1.484e-05, ||R_r|| = 2.134e-06, ||R_w||/||f||=1.485e-05, rate=3.000, active=29, R(x=1.1e-05/83%,y=5.9e-06/46%,z=3.6e-06/28%)
============================================================
接線剛性FD方向診断（status-256）
============================================================
  ||du|| = 1.5299e-04
  ||R_u|| = 1.2845e-05
  ⚠ R_u vs compute_residual(u) 乖離: 2.1005e-10 (リラクゼーション/動的項の差異)
  ||R_base|| = 1.2845e-05
  ||R(u+eps*du)|| = 1.2845e-05
  方向有効性: ||R(u+eps*du)||/||R(u)|| = 1.000000
  ⚠ du方向で残差が増加 — Newton方向が無効
  FD方向微分 = 1.0173e-05
  解析方向微分 = 4.6738e-06
  全体系 K@du: FD vs 解析 相対誤差 = 1.0005e+00
  ⚠ 全体系で接線剛性不整合 — K_c自体が不正確
  全体系不整合DOF上位5件:
    dof=380 (node=63, comp=2): FD=-4.1983e-03, analytical=-3.8089e-10, diff=-4.1983e-03
    dof=896 (node=149, comp=2): FD=3.1980e-03, analytical=9.3995e-08, diff=3.1979e-03
    dof=902 (node=150, comp=2): FD=-2.9163e-03, analytical=-1.7287e-10, diff=-2.9163e-03
    dof=374 (node=62, comp=2): FD=2.8518e-03, analytical=3.6277e-10, diff=2.8518e-03
    dof=488 (node=81, comp=2): FD=2.7044e-03, analytical=-3.6331e-07, diff=2.7048e-03
  comp別不整合: [x:5.45e-03(39%), y:7.67e-04(5%), z:1.30e-02(92%), θx:1.32e-04(1%), θy:4.92e-04(3%), θz:1.90e-05(0%)]
  接触DOF不整合: 3.95e-03 (228 DOFs), 構造DOF不整合: 1.35e-02 (1710 DOFs)
  活性DOF K@du: FD vs 解析 相対誤差 = 9.9997e-01 (228 DOFs)
  ⚠ 活性DOFで接線剛性不整合
  方向微分整合度: |FD-解析|/max = 5.4056e-01
------------------------------------------------------------
  f_c 単独FD検証（K_c精度）
  ||∂f_c/∂u·du (FD)|| = 2.8704e-05
  ||K_c @ du|| = 4.9468e-06
  f_c FD相対誤差 = 1.0821e+00
  ⚠ K_c自体が不正確（f_c単独で10%超の不整合）
  f_c comp別不整合: [x=2.1e-05/67%, y=2.0e-05/63%, z=1.2e-05/40%, θx=0.0e+00/0%, θy=0.0e+00/0%, θz=0.0e+00/0%]
  f_c不整合DOF上位5件:
    dof=444 (node=74, comp=0): FD=1.1679e-05, K_c=-1.6889e-06, diff=1.3368e-05
    dof=445 (node=74, comp=1): FD=-9.2052e-06, K_c=4.0400e-07, diff=-9.6092e-06
    dof=949 (node=158, comp=1): FD=8.9457e-06, K_c=1.0609e-07, diff=8.8396e-06
    dof=438 (node=73, comp=0): FD=6.5338e-06, K_c=-1.3121e-06, diff=7.8459e-06
    dof=1056 (node=176, comp=0): FD=-7.4055e-06, K_c=1.3943e-07, diff=-7.5450e-06
============================================================
[K_c成分FD]
============================================================
K_c 成分分解 FD 診断（status-342）  [incr=161 att=30]
============================================================
  ||du|| = 1.5299e-04, eps = 1.00e-07
  ||dfc (FD)|| = 2.8704e-05
  ||K_mat@du|| = 2.6574e-05, ||K_geo@du|| = 1.2043e-08, ||K_st@du||  = 9.7972e-06
  ||K_c@du||   = 2.9058e-05
  寄与率: mat= 0.91, geo= 0.00, st= 0.34
------------------------------------------------------------
  組み合わせ別 FD 相対誤差（K_c = K_mat - K_geo + K_st 合意）:
    full     = 3.8216e-01
    mat_only = 2.1318e-01  (geo/st 除外)
    mat_geo  = 2.1342e-01  (st 除外)
    mat_st   = 3.8203e-01   (geo 除外)
  最良組み合わせ: mat_only (rel_err=2.1318e-01)
------------------------------------------------------------
  [    full] comp 別不整合: [x= 25.0%, y= 86.7%, z= 43.2%, tx=  0.0%, ty=  0.0%, tz=  0.0%]
  [mat_only] comp 別不整合: [x= 50.9%, y= 22.9%, z= 83.0%, tx=  0.0%, ty=  0.0%, tz=  0.0%]
  [ mat_geo] comp 別不整合: [x= 51.0%, y= 22.9%, z= 82.9%, tx=  0.0%, ty=  0.0%, tz=  0.0%]
  [  mat_st] comp 別不整合: [x= 25.0%, y= 86.7%, z= 43.2%, tx=  0.0%, ty=  0.0%, tz=  0.0%]
  ⚠ K_st 足し込みで rel_err が +1.6875e-01 悪化 — K_st が primary driver の可能性
  ⚠ K_geo 足し込みで rel_err が +1.6885e-01 悪化 — K_geo が primary driver の可能性
============================================================
============================================================
接線剛性FD方向診断（status-256）
============================================================
  ||du|| = 6.1084e-05
  ||R_u|| = 5.2855e-06
  ⚠ R_u vs compute_residual(u) 乖離: 2.9518e-05 (リラクゼーション/動的項の差異)
  ||R_base|| = 3.1922e-05
  ||R(u+eps*du)|| = 3.1922e-05
  方向有効性: ||R(u+eps*du)||/||R(u)|| = 1.000002
  ⚠ du方向で残差が増加 — Newton方向が無効
  FD方向微分 = -4.7547e-04
  解析方向微分 = 1.8691e-06
  全体系 K@du: FD vs 解析 相対誤差 = 1.0001e+00
  ⚠ 全体系で接線剛性不整合 — K_c自体が不正確
  全体系不整合DOF上位5件:
    dof=1094 (node=182, comp=2): FD=-4.0879e-03, analytical=3.2842e-10, diff=-4.0879e-03
    dof=1706 (node=284, comp=2): FD=-3.9615e-03, analytical=-3.1541e-10, diff=-3.9615e-03
    dof=374 (node=62, comp=2): FD=-3.9418e-03, analytical=-4.9378e-10, diff=-3.9418e-03
    dof=692 (node=115, comp=2): FD=-3.4839e-03, analytical=-1.1471e-10, diff=-3.4839e-03
    dof=890 (node=148, comp=2): FD=-3.4101e-03, analytical=1.8058e-08, diff=-3.4101e-03
  comp別不整合: [x:7.19e-03(41%), y:1.40e-03(8%), z:1.61e-02(91%), θx:5.68e-05(0%), θy:3.01e-04(2%), θz:1.13e-05(0%)]
  接触DOF不整合: 4.36e-03 (228 DOFs), 構造DOF不整合: 1.71e-02 (1710 DOFs)
  活性DOF K@du: FD vs 解析 相対誤差 = 1.0002e+00 (228 DOFs)
  ⚠ 活性DOFで接線剛性不整合
  方向微分整合度: |FD-解析|/max = 1.0039e+00
------------------------------------------------------------
  f_c 単独FD検証（K_c精度）
  ||∂f_c/∂u·du (FD)|| = 7.8954e-06
  ||K_c @ du|| = 1.9048e-06
  f_c FD相対誤差 = 1.1309e+00
  ⚠ K_c自体が不正確（f_c単独で10%超の不整合）
  f_c comp別不整合: [x=7.0e-06/78%, y=4.4e-06/49%, z=3.4e-06/38%, θx=0.0e+00/0%, θy=0.0e+00/0%, θz=0.0e+00/0%]
  f_c不整合DOF上位5件:
    dof=444 (node=74, comp=0): FD=-3.4307e-06, K_c=6.4240e-07, diff=-4.0731e-06
    dof=438 (node=73, comp=0): FD=-1.9207e-06, K_c=4.9279e-07, diff=-2.4135e-06
    dof=534 (node=89, comp=0): FD=1.9348e-06, K_c=-3.1989e-07, diff=2.2547e-06
    dof=1056 (node=176, comp=0): FD=1.9151e-06, K_c=-6.4102e-08, diff=1.9792e-06
    dof=949 (node=158, comp=1): FD=-2.0148e-06, K_c=-4.3491e-08, diff=-1.9713e-06
============================================================
[K_c成分FD]
============================================================
K_c 成分分解 FD 診断（status-342）  [incr=161 att=31]
============================================================
  ||du|| = 6.1084e-05, eps = 1.00e-07
  ||dfc (FD)|| = 7.9200e-06
  ||K_mat@du|| = 7.0874e-06, ||K_geo@du|| = 4.7753e-09, ||K_st@du||  = 3.1974e-06
  ||K_c@du||   = 8.3433e-06
  寄与率: mat= 0.85, geo= 0.00, st= 0.38
------------------------------------------------------------
  組み合わせ別 FD 相対誤差（K_c = K_mat - K_geo + K_st 合意）:
    full     = 4.4487e-01
    mat_only = 2.7135e-01  (geo/st 除外)
    mat_geo  = 2.7173e-01  (st 除外)
    mat_st   = 4.4464e-01   (geo 除外)
  最良組み合わせ: mat_only (rel_err=2.7135e-01)
------------------------------------------------------------
  [    full] comp 別不整合: [x= 33.2%, y= 87.3%, z= 35.6%, tx=  0.0%, ty=  0.0%, tz=  0.0%]
  [mat_only] comp 別不整合: [x= 71.0%, y= 25.0%, z= 65.9%, tx=  0.0%, ty=  0.0%, tz=  0.0%]
  [ mat_geo] comp 別不整合: [x= 71.0%, y= 25.0%, z= 65.8%, tx=  0.0%, ty=  0.0%, tz=  0.0%]
  [  mat_st] comp 別不整合: [x= 33.2%, y= 87.3%, z= 35.6%, tx=  0.0%, ty=  0.0%, tz=  0.0%]
  ⚠ K_st 足し込みで rel_err が +1.7314e-01 悪化 — K_st が primary driver の可能性
  ⚠ K_geo 足し込みで rel_err が +1.7329e-01 悪化 — K_geo が primary driver の可能性
============================================================
  Incr 161 (frac=0.3525), attempt 31, 凍結解除(disp)→再凍結 ||R_t||/||f||=3.697e-05 (cycle=5)
============================================================
接線剛性FD方向診断（status-256）
============================================================
  ||du|| = 3.7770e-04
  ||R_u|| = 3.1590e-05
  ⚠ R_u vs compute_residual(u) 乖離: 3.3984e-10 (リラクゼーション/動的項の差異)
  ||R_base|| = 3.1590e-05
  ||R(u+eps*du)|| = 3.1590e-05
  方向有効性: ||R(u+eps*du)||/||R(u)|| = 1.000000
  ✓ du方向で残差が減少 — Newton方向は有効
  FD方向微分 = 3.2201e-05
  解析方向微分 = 1.2025e-05
  全体系 K@du: FD vs 解析 相対誤差 = 1.0017e+00
  ⚠ 全体系で接線剛性不整合 — K_c自体が不正確
  全体系不整合DOF上位5件:
    dof=476 (node=79, comp=2): FD=4.0084e-03, analytical=-1.7129e-09, diff=4.0084e-03
    dof=482 (node=80, comp=2): FD=-3.5716e-03, analytical=2.4442e-07, diff=-3.5718e-03
    dof=1706 (node=284, comp=2): FD=3.5713e-03, analytical=-9.9727e-12, diff=3.5713e-03
    dof=1910 (node=318, comp=2): FD=3.5384e-03, analytical=1.0609e-10, diff=3.5384e-03
    dof=1916 (node=319, comp=2): FD=-3.4028e-03, analytical=-1.5368e-11, diff=-3.4028e-03
  comp別不整合: [x:6.89e-03(41%), y:1.30e-03(8%), z:1.54e-02(91%), θx:4.49e-04(3%), θy:9.38e-04(6%), θz:4.30e-05(0%)]
  接触DOF不整合: 3.18e-03 (228 DOFs), 構造DOF不整合: 1.66e-02 (1710 DOFs)
  活性DOF K@du: FD vs 解析 相対誤差 = 9.9980e-01 (228 DOFs)
  ⚠ 活性DOFで接線剛性不整合
  方向微分整合度: |FD-解析|/max = 6.2658e-01
------------------------------------------------------------
  f_c 単独FD検証（K_c精度）
  ||∂f_c/∂u·du (FD)|| = 8.3638e-05
  ||K_c @ du|| = 1.0177e-05
  f_c FD相対誤差 = 1.0481e+00
  ⚠ K_c自体が不正確（f_c単独で10%超の不整合）
  f_c comp別不整合: [x=5.2e-05/59%, y=6.6e-05/75%, z=2.7e-05/30%, θx=0.0e+00/0%, θy=0.0e+00/0%, θz=0.0e+00/0%]
  f_c不整合DOF上位5件:
    dof=445 (node=74, comp=1): FD=3.3860e-05, K_c=-9.3410e-07, diff=3.4794e-05
    dof=444 (node=74, comp=0): FD=-2.9828e-05, K_c=3.6061e-06, diff=-3.3434e-05
    dof=949 (node=158, comp=1): FD=-2.7512e-05, K_c=-2.0226e-07, diff=-2.7309e-05
    dof=439 (node=73, comp=1): FD=2.5954e-05, K_c=-7.7467e-07, diff=2.6729e-05
    dof=1057 (node=176, comp=1): FD=-2.1952e-05, K_c=-1.9861e-07, diff=-2.1754e-05
============================================================
[K_c成分FD]
============================================================
K_c 成分分解 FD 診断（status-342）  [incr=161 att=32]
============================================================
  ||du|| = 3.7770e-04, eps = 1.00e-07
  ||dfc (FD)|| = 8.3638e-05
  ||K_mat@du|| = 7.9851e-05, ||K_geo@du|| = 2.5859e-08, ||K_st@du||  = 2.6159e-05
  ||K_c@du||   = 8.0972e-05
  寄与率: mat= 0.99, geo= 0.00, st= 0.32
------------------------------------------------------------
  組み合わせ別 FD 相対誤差（K_c = K_mat - K_geo + K_st 合意）:
    full     = 3.4395e-01
    mat_only = 1.7106e-01  (geo/st 除外)
    mat_geo  = 1.7122e-01  (st 除外)
    mat_st   = 3.4391e-01   (geo 除外)
  最良組み合わせ: mat_only (rel_err=1.7106e-01)
------------------------------------------------------------
  [    full] comp 別不整合: [x= 38.5%, y= 85.4%, z= 35.0%, tx=  0.0%, ty=  0.0%, tz=  0.0%]
  [mat_only] comp 別不整合: [x= 68.5%, y= 20.4%, z= 69.9%, tx=  0.0%, ty=  0.0%, tz=  0.0%]
  [ mat_geo] comp 別不整合: [x= 68.6%, y= 20.4%, z= 69.9%, tx=  0.0%, ty=  0.0%, tz=  0.0%]
  [  mat_st] comp 別不整合: [x= 38.6%, y= 85.3%, z= 35.1%, tx=  0.0%, ty=  0.0%, tz=  0.0%]
  ⚠ K_st 足し込みで rel_err が +1.7273e-01 悪化 — K_st が primary driver の可能性
  ⚠ K_geo 足し込みで rel_err が +1.7285e-01 悪化 — K_geo が primary driver の可能性
============================================================
============================================================
接線剛性FD方向診断（status-256）
============================================================
  ||du|| = 9.3874e-05
  ||R_u|| = 1.1733e-05
  ⚠ R_u vs compute_residual(u) 乖離: 8.1006e-05 (リラクゼーション/動的項の差異)
  ||R_base|| = 8.4783e-05
  ||R(u+eps*du)|| = 8.4783e-05
  方向有効性: ||R(u+eps*du)||/||R(u)|| = 1.000002
  ⚠ du方向で残差が増加 — Newton方向が無効
  FD方向微分 = -5.9722e-04
  解析方向微分 = 3.6213e-06
  全体系 K@du: FD vs 解析 相対誤差 = 1.0002e+00
  ⚠ 全体系で接線剛性不整合 — K_c自体が不正確
  全体系不整合DOF上位5件:
    dof=476 (node=79, comp=2): FD=5.3950e-03, analytical=-3.1401e-09, diff=5.3950e-03
    dof=380 (node=63, comp=2): FD=4.0630e-03, analytical=5.4287e-10, diff=4.0630e-03
    dof=1094 (node=182, comp=2): FD=3.8300e-03, analytical=-1.2242e-09, diff=3.8300e-03
    dof=698 (node=116, comp=2): FD=3.7718e-03, analytical=2.9189e-10, diff=3.7718e-03
    dof=482 (node=80, comp=2): FD=-3.7125e-03, analytical=3.0998e-08, diff=-3.7126e-03
  comp別不整合: [x:6.46e-03(37%), y:1.49e-03(8%), z:1.62e-02(93%), θx:7.68e-05(0%), θy:4.03e-04(2%), θz:1.58e-05(0%)]
  接触DOF不整合: 6.43e-03 (228 DOFs), 構造DOF不整合: 1.63e-02 (1710 DOFs)
  活性DOF K@du: FD vs 解析 相対誤差 = 1.0004e+00 (228 DOFs)
  ⚠ 活性DOFで接線剛性不整合
  方向微分整合度: |FD-解析|/max = 1.0061e+00
------------------------------------------------------------
  f_c 単独FD検証（K_c精度）
  ||∂f_c/∂u·du (FD)|| = 1.4065e-05
  ||K_c @ du|| = 2.3477e-06
  f_c FD相対誤差 = 1.0958e+00
  ⚠ K_c自体が不正確（f_c単独で10%超の不整合）
  f_c comp別不整合: [x=1.2e-05/76%, y=8.7e-06/56%, z=5.1e-06/33%, θx=0.0e+00/0%, θy=0.0e+00/0%, θz=0.0e+00/0%]
  f_c不整合DOF上位5件:
    dof=444 (node=74, comp=0): FD=5.5049e-06, K_c=-1.1836e-06, diff=6.6886e-06
    dof=534 (node=89, comp=0): FD=-3.8894e-06, K_c=5.9496e-07, diff=-4.4844e-06
    dof=438 (node=73, comp=0): FD=3.1891e-06, K_c=-9.2267e-07, diff=4.1118e-06
    dof=949 (node=158, comp=1): FD=3.5148e-06, K_c=6.4705e-08, diff=3.4501e-06
    dof=445 (node=74, comp=1): FD=-3.0633e-06, K_c=3.3629e-07, diff=-3.3996e-06
============================================================
[K_c成分FD]
============================================================
K_c 成分分解 FD 診断（status-342）  [incr=161 att=33]
============================================================
  ||du|| = 9.3874e-05, eps = 1.00e-07
  ||dfc (FD)|| = 1.4115e-05
  ||K_mat@du|| = 1.2846e-05, ||K_geo@du|| = 8.2962e-09, ||K_st@du||  = 6.7120e-06
  ||K_c@du||   = 1.5135e-05
  寄与率: mat= 0.85, geo= 0.00, st= 0.44
------------------------------------------------------------
  組み合わせ別 FD 相対誤差（K_c = K_mat - K_geo + K_st 合意）:
    full     = 4.7194e-01
    mat_only = 2.1031e-01  (geo/st 除外)
    mat_geo  = 2.1077e-01  (st 除外)
    mat_st   = 4.7174e-01   (geo 除外)
  最良組み合わせ: mat_only (rel_err=2.1031e-01)
------------------------------------------------------------
  [    full] comp 別不整合: [x= 21.4%, y= 95.1%, z= 22.4%, tx=  0.0%, ty=  0.0%, tz=  0.0%]
  [mat_only] comp 別不整合: [x= 69.2%, y= 34.6%, z= 63.4%, tx=  0.0%, ty=  0.0%, tz=  0.0%]
  [ mat_geo] comp 別不整合: [x= 69.3%, y= 34.6%, z= 63.3%, tx=  0.0%, ty=  0.0%, tz=  0.0%]
  [  mat_st] comp 別不整合: [x= 21.4%, y= 95.1%, z= 22.4%, tx=  0.0%, ty=  0.0%, tz=  0.0%]
  ⚠ K_st 足し込みで rel_err が +2.6117e-01 悪化 — K_st が primary driver の可能性
  ⚠ K_geo 足し込みで rel_err が +2.6142e-01 悪化 — K_geo が primary driver の可能性
============================================================
============================================================
接線剛性FD方向診断（status-256）
============================================================
  ||du|| = 9.0532e-05
  ||R_u|| = 1.1320e-05
  ⚠ R_u vs compute_residual(u) 乖離: 8.0629e-05 (リラクゼーション/動的項の差異)
  ||R_base|| = 8.4229e-05
  ||R(u+eps*du)|| = 8.4229e-05
  方向有効性: ||R(u+eps*du)||/||R(u)|| = 1.000000
  ⚠ du方向で残差が増加 — Newton方向が無効
  FD方向微分 = 1.0343e-05
  解析方向微分 = 3.4874e-06
  全体系 K@du: FD vs 解析 相対誤差 = 1.0002e+00
  ⚠ 全体系で接線剛性不整合 — K_c自体が不正確
  全体系不整合DOF上位5件:
    dof=1202 (node=200, comp=2): FD=-3.8074e-03, analytical=-3.3514e-10, diff=-3.8074e-03
    dof=482 (node=80, comp=2): FD=-3.6962e-03, analytical=2.9457e-08, diff=-3.6963e-03
    dof=698 (node=116, comp=2): FD=3.5300e-03, analytical=3.6667e-10, diff=3.5300e-03
    dof=902 (node=150, comp=2): FD=-3.2636e-03, analytical=-6.4006e-09, diff=-3.2636e-03
    dof=896 (node=149, comp=2): FD=3.2049e-03, analytical=-6.1776e-08, diff=3.2050e-03
  comp別不整合: [x:6.88e-03(40%), y:1.17e-03(7%), z:1.58e-02(91%), θx:7.63e-05(0%), θy:3.89e-04(2%), θz:1.36e-05(0%)]
  接触DOF不整合: 4.99e-03 (228 DOFs), 構造DOF不整合: 1.65e-02 (1710 DOFs)
  活性DOF K@du: FD vs 解析 相対誤差 = 1.0001e+00 (228 DOFs)
  ⚠ 活性DOFで接線剛性不整合
  方向微分整合度: |FD-解析|/max = 6.6283e-01
------------------------------------------------------------
  f_c 単独FD検証（K_c精度）
  ||∂f_c/∂u·du (FD)|| = 1.3601e-05
  ||K_c @ du|| = 2.2602e-06
  f_c FD相対誤差 = 1.0961e+00
  ⚠ K_c自体が不正確（f_c単独で10%超の不整合）
  f_c comp別不整合: [x=1.1e-05/76%, y=8.4e-06/56%, z=4.9e-06/33%, θx=0.0e+00/0%, θy=0.0e+00/0%, θz=0.0e+00/0%]
  f_c不整合DOF上位5件:
    dof=444 (node=74, comp=0): FD=5.3479e-06, K_c=-1.1399e-06, diff=6.4878e-06
    dof=534 (node=89, comp=0): FD=-3.7553e-06, K_c=5.7211e-07, diff=-4.3274e-06
    dof=438 (node=73, comp=0): FD=3.1052e-06, K_c=-8.8850e-07, diff=3.9937e-06
    dof=949 (node=158, comp=1): FD=3.3832e-06, K_c=6.2351e-08, diff=3.3209e-06
    dof=445 (node=74, comp=1): FD=-2.9868e-06, K_c=3.2348e-07, diff=-3.3102e-06
============================================================
[K_c成分FD]
============================================================
K_c 成分分解 FD 診断（status-342）  [incr=161 att=34]
============================================================
  ||du|| = 9.0532e-05, eps = 1.00e-07
  ||dfc (FD)|| = 1.3601e-05
  ||K_mat@du|| = 1.2365e-05, ||K_geo@du|| = 7.9883e-09, ||K_st@du||  = 6.4584e-06
  ||K_c@du||   = 1.4572e-05
  寄与率: mat= 0.85, geo= 0.00, st= 0.44
------------------------------------------------------------
  組み合わせ別 FD 相対誤差（K_c = K_mat - K_geo + K_st 合意）:
    full     = 4.7277e-01
    mat_only = 2.1007e-01  (geo/st 除外)
    mat_geo  = 2.1052e-01  (st 除外)
    mat_st   = 4.7257e-01   (geo 除外)
  最良組み合わせ: mat_only (rel_err=2.1007e-01)
------------------------------------------------------------
  [    full] comp 別不整合: [x= 21.3%, y= 95.1%, z= 22.3%, tx=  0.0%, ty=  0.0%, tz=  0.0%]
  [mat_only] comp 別不整合: [x= 69.1%, y= 35.1%, z= 63.2%, tx=  0.0%, ty=  0.0%, tz=  0.0%]
  [ mat_geo] comp 別不整合: [x= 69.2%, y= 35.1%, z= 63.1%, tx=  0.0%, ty=  0.0%, tz=  0.0%]
  [  mat_st] comp 別不整合: [x= 21.3%, y= 95.1%, z= 22.3%, tx=  0.0%, ty=  0.0%, tz=  0.0%]
  ⚠ K_st 足し込みで rel_err が +2.6225e-01 悪化 — K_st が primary driver の可能性
  ⚠ K_geo 足し込みで rel_err が +2.6250e-01 悪化 — K_geo が primary driver の可能性
============================================================
  Incr 161 (frac=0.3525), attempt 35 [D.stall+E], ||R_t||/||f|| = 1.111e-05, ||R_r|| = 5.423e-06, ||R_w||/||f||=1.115e-05, rate=0.964, active=29, R(x=7.8e-06/71%,y=2.0e-06/18%,z=5.0e-06/46%)
============================================================
接線剛性FD方向診断（status-256）
============================================================
  ||du|| = 8.7319e-05
  ||R_u|| = 1.0923e-05
  ⚠ R_u vs compute_residual(u) 乖離: 8.0267e-05 (リラクゼーション/動的項の差異)
  ||R_base|| = 8.3699e-05
  ||R(u+eps*du)|| = 8.3699e-05
  方向有効性: ||R(u+eps*du)||/||R(u)|| = 1.000000
  ✓ du方向で残差が減少 — Newton方向は有効
  FD方向微分 = 9.9335e-06
  解析方向微分 = 3.3584e-06
  全体系 K@du: FD vs 解析 相対誤差 = 1.0001e+00
  ⚠ 全体系で接線剛性不整合 — K_c自体が不正確
  全体系不整合DOF上位5件:
    dof=590 (node=98, comp=2): FD=-4.3716e-03, analytical=-6.4026e-09, diff=-4.3716e-03
    dof=1712 (node=285, comp=2): FD=4.1220e-03, analytical=2.6060e-10, diff=4.1220e-03
    dof=1706 (node=284, comp=2): FD=-3.9628e-03, analytical=-4.6098e-10, diff=-3.9628e-03
    dof=1826 (node=304, comp=2): FD=3.9375e-03, analytical=3.1219e-11, diff=3.9375e-03
    dof=1700 (node=283, comp=2): FD=3.8137e-03, analytical=4.6978e-11, diff=3.8137e-03
  comp別不整合: [x:6.99e-03(37%), y:1.42e-03(8%), z:1.75e-02(93%), θx:7.40e-05(0%), θy:3.76e-04(2%), θz:1.42e-05(0%)]
  接触DOF不整合: 4.89e-03 (228 DOFs), 構造DOF不整合: 1.82e-02 (1710 DOFs)
  活性DOF K@du: FD vs 解析 相対誤差 = 1.0001e+00 (228 DOFs)
  ⚠ 活性DOFで接線剛性不整合
  方向微分整合度: |FD-解析|/max = 6.6191e-01
------------------------------------------------------------
  f_c 単独FD検証（K_c精度）
  ||∂f_c/∂u·du (FD)|| = 1.3084e-05
  ||K_c @ du|| = 2.1764e-06
  f_c FD相対誤差 = 1.0961e+00
  ⚠ K_c自体が不正確（f_c単独で10%超の不整合）
  f_c comp別不整合: [x=1.1e-05/76%, y=8.1e-06/56%, z=4.7e-06/33%, θx=0.0e+00/0%, θy=0.0e+00/0%, θz=0.0e+00/0%]
  f_c不整合DOF上位5件:
    dof=444 (node=74, comp=0): FD=5.1494e-06, K_c=-1.0980e-06, diff=6.2475e-06
    dof=534 (node=89, comp=0): FD=-3.6121e-06, K_c=5.5013e-07, diff=-4.1622e-06
    dof=438 (node=73, comp=0): FD=2.9865e-06, K_c=-8.5581e-07, diff=3.8423e-06
    dof=949 (node=158, comp=1): FD=3.2458e-06, K_c=6.0070e-08, diff=3.1858e-06
    dof=445 (node=74, comp=1): FD=-2.8640e-06, K_c=3.1107e-07, diff=-3.1751e-06
============================================================
[K_c成分FD]
============================================================
K_c 成分分解 FD 診断（status-342）  [incr=161 att=35]
============================================================
  ||du|| = 8.7319e-05, eps = 1.00e-07
  ||dfc (FD)|| = 1.3084e-05
  ||K_mat@du|| = 1.1903e-05, ||K_geo@du|| = 7.6922e-09, ||K_st@du||  = 6.2144e-06
  ||K_c@du||   = 1.4031e-05
  寄与率: mat= 0.85, geo= 0.00, st= 0.44
------------------------------------------------------------
  組み合わせ別 FD 相対誤差（K_c = K_mat - K_geo + K_st 合意）:
    full     = 4.7205e-01
    mat_only = 2.0973e-01  (geo/st 除外)
    mat_geo  = 2.1019e-01  (st 除外)
    mat_st   = 4.7184e-01   (geo 除外)
  最良組み合わせ: mat_only (rel_err=2.0973e-01)
------------------------------------------------------------
  [    full] comp 別不整合: [x= 21.4%, y= 95.1%, z= 22.3%, tx=  0.0%, ty=  0.0%, tz=  0.0%]
  [mat_only] comp 別不整合: [x= 69.2%, y= 35.0%, z= 63.2%, tx=  0.0%, ty=  0.0%, tz=  0.0%]
  [ mat_geo] comp 別不整合: [x= 69.3%, y= 35.0%, z= 63.1%, tx=  0.0%, ty=  0.0%, tz=  0.0%]
  [  mat_st] comp 別不整合: [x= 21.4%, y= 95.1%, z= 22.3%, tx=  0.0%, ty=  0.0%, tz=  0.0%]
  ⚠ K_st 足し込みで rel_err が +2.6186e-01 悪化 — K_st が primary driver の可能性
  ⚠ K_geo 足し込みで rel_err が +2.6211e-01 悪化 — K_geo が primary driver の可能性
============================================================
============================================================
接線剛性FD方向診断（status-256）
============================================================
  ||du|| = 8.4219e-05
  ||R_u|| = 1.0539e-05
  ⚠ R_u vs compute_residual(u) 乖離: 7.9919e-05 (リラクゼーション/動的項の差異)
  ||R_base|| = 8.3190e-05
  ||R(u+eps*du)|| = 8.3190e-05
  方向有効性: ||R(u+eps*du)||/||R(u)|| = 1.000000
  ✓ du方向で残差が減少 — Newton方向は有効
  FD方向微分 = 9.5565e-06
  解析方向微分 = 3.2343e-06
  全体系 K@du: FD vs 解析 相対誤差 = 1.0001e+00
  ⚠ 全体系で接線剛性不整合 — K_c自体が不正確
  全体系不整合DOF上位5件:
    dof=1190 (node=198, comp=2): FD=-4.1593e-03, analytical=-4.5372e-10, diff=-4.1593e-03
    dof=686 (node=114, comp=2): FD=-3.9622e-03, analytical=-2.6218e-10, diff=-3.9622e-03
    dof=1808 (node=301, comp=2): FD=3.7354e-03, analytical=5.5609e-10, diff=3.7354e-03
    dof=488 (node=81, comp=2): FD=-3.6480e-03, analytical=9.2543e-09, diff=-3.6480e-03
    dof=992 (node=165, comp=2): FD=-3.6112e-03, analytical=6.5565e-11, diff=-3.6112e-03
  comp別不整合: [x:7.82e-03(41%), y:1.26e-03(7%), z:1.71e-02(91%), θx:7.40e-05(0%), θy:3.97e-04(2%), θz:1.33e-05(0%)]
  接触DOF不整合: 3.32e-03 (228 DOFs), 構造DOF不整合: 1.86e-02 (1710 DOFs)
  活性DOF K@du: FD vs 解析 相対誤差 = 1.0000e+00 (228 DOFs)
  ⚠ 活性DOFで接線剛性不整合
  方向微分整合度: |FD-解析|/max = 6.6157e-01
------------------------------------------------------------
  f_c 単独FD検証（K_c精度）
  ||∂f_c/∂u·du (FD)|| = 1.2592e-05
  ||K_c @ du|| = 2.0956e-06
  f_c FD相対誤差 = 1.0962e+00
  ⚠ K_c自体が不正確（f_c単独で10%超の不整合）
  f_c comp別不整合: [x=1.0e-05/76%, y=7.8e-06/56%, z=4.5e-06/33%, θx=0.0e+00/0%, θy=0.0e+00/0%, θz=0.0e+00/0%]
  f_c不整合DOF上位5件:
    dof=444 (node=74, comp=0): FD=4.9635e-06, K_c=-1.0577e-06, diff=6.0212e-06
    dof=534 (node=89, comp=0): FD=-3.4709e-06, K_c=5.2900e-07, diff=-3.9999e-06
    dof=438 (node=73, comp=0): FD=2.8865e-06, K_c=-8.2430e-07, diff=3.7108e-06
    dof=949 (node=158, comp=1): FD=3.1341e-06, K_c=5.7871e-08, diff=3.0762e-06
    dof=445 (node=74, comp=1): FD=-2.7343e-06, K_c=2.9914e-07, diff=-3.0335e-06
============================================================
[K_c成分FD]
============================================================
K_c 成分分解 FD 診断（status-342）  [incr=161 att=36]
============================================================
  ||du|| = 8.4219e-05, eps = 1.00e-07
  ||dfc (FD)|| = 1.2592e-05
  ||K_mat@du|| = 1.1459e-05, ||K_geo@du|| = 7.4069e-09, ||K_st@du||  = 5.9796e-06
  ||K_c@du||   = 1.3511e-05
  寄与率: mat= 0.85, geo= 0.00, st= 0.44
------------------------------------------------------------
  組み合わせ別 FD 相対誤差（K_c = K_mat - K_geo + K_st 合意）:
    full     = 4.7058e-01
    mat_only = 2.0997e-01  (geo/st 除外)
    mat_geo  = 2.1042e-01  (st 除外)
    mat_st   = 4.7038e-01   (geo 除外)
  最良組み合わせ: mat_only (rel_err=2.0997e-01)
------------------------------------------------------------
  [    full] comp 別不整合: [x= 21.5%, y= 95.1%, z= 22.4%, tx=  0.0%, ty=  0.0%, tz=  0.0%]
  [mat_only] comp 別不整合: [x= 69.4%, y= 34.3%, z= 63.3%, tx=  0.0%, ty=  0.0%, tz=  0.0%]
  [ mat_geo] comp 別不整合: [x= 69.5%, y= 34.3%, z= 63.2%, tx=  0.0%, ty=  0.0%, tz=  0.0%]
  [  mat_st] comp 別不整合: [x= 21.5%, y= 95.0%, z= 22.4%, tx=  0.0%, ty=  0.0%, tz=  0.0%]
  ⚠ K_st 足し込みで rel_err が +2.6016e-01 悪化 — K_st が primary driver の可能性
  ⚠ K_geo 足し込みで rel_err が +2.6041e-01 悪化 — K_geo が primary driver の可能性
============================================================
  [NR診断] Incr 161 (frac=0.3525), 不収束 att=37, Type分布[-:1(3%), C:2(5%), D.div+E:8(22%), D.slow+E:7(19%), D.stall+E:6(16%), E:13(35%)], 直近10[D.div+E:4, D.stall+E:3, E:3], R_c=9.89e-06, R_s=3.65e-06, active=29, sliding=399, activated=0, deactivated=0, stick→slide=0, slide→stick=0, comp(x=7.5e-06/71%,y=1.9e-06/18%,z=4.9e-06/46%,θx=4.6e-06/44%,θy=8.5e-07/8%,θz=2.4e-06/22%)
  [CUTBACK:nr_limit] frac 0.3525, dt=1.7578e-03 → sub-steps (cutback #17)
  [f_ref] Incr 161: f_ref=2.140e-01 (dynamic_ref), atol=6.98e-09
  Incr 161 (frac=0.3516), attempt 0 [C], ||R_t||/||f|| = 1.000e+00, ||R_r|| = 3.808e-03, ||R_w||/||f||=1.000e+00, active=27, R(x=1.1e-01/50%,y=1.9e-02/9%,z=1.8e-01/86%)
  Incr 161 (frac=0.3516), attempt 2, ||du||/||u|| = 5.065e-09 (disp converged, 27 active)
  [f_ref] Incr 162: f_ref=4.608e-01 (dynamic_ref), atol=5.53e-09
  Incr 162 (frac=0.3529), attempt 0 [C], ||R_t||/||f|| = 1.000e+00, ||R_r|| = 7.423e-03, ||R_w||/||f||=1.000e+00, active=29, R(x=2.3e-01/50%,y=4.1e-02/9%,z=4.0e-01/86%)
  Incr 162 (frac=0.3529), attempt 3, ||du||/||u|| = 1.201e-09 (disp converged, 29 active)
  [f_ref] Incr 163: f_ref=1.081e+00 (dynamic_ref), atol=5.25e-09
  Incr 163 (frac=0.3549), attempt 0 [C], ||R_t||/||f|| = 1.000e+00, ||R_r|| = 1.823e-02, ||R_w||/||f||=1.000e+00, active=31, R(x=5.4e-01/50%,y=9.5e-02/9%,z=9.3e-01/86%)
  Incr 163 (frac=0.3549), attempt 5 [C], ||R_t||/||f|| = 4.498e-05, ||R_r|| = 9.991e-05, ||R_w||/||f||=4.733e-05, rate=0.233, active=29, R(x=2.8e-05/25%,y=3.5e-05/31%,z=2.0e-05/18%)
  Incr 163 (frac=0.3549), attempt 10 [E], ||R_t||/||f|| = 2.385e-05, ||R_r|| = 1.766e-05, ||R_w||/||f||=2.399e-05, rate=0.446, active=29, R(x=2.4e-05/75%,y=7.6e-06/24%,z=7.3e-06/23%)
  Incr 163 (frac=0.3549), 低残差チャタリング検知[E] → 接触凍結モード (att=15, ||R||/||f||=5.834e-06, R_c=6.73e-06, R_s=2.98e-06, cycle=1/5, active=29)
  Incr 163 (frac=0.3549), attempt 15 [E], ||R_t||/||f|| = 5.834e-06, ||R_r|| = 3.801e-06, ||R_w||/||f||=5.861e-06, rate=0.439, active=29, R(x=5.5e-06/74%,y=1.8e-06/24%,z=2.5e-06/35%)
============================================================
接線剛性FD方向診断（status-256）
============================================================
  ||du|| = 7.4054e-05
  ||R_u|| = 7.3625e-06
  ⚠ R_u vs compute_residual(u) 乖離: 1.5574e-08 (リラクゼーション/動的項の差異)
  ||R_base|| = 7.3741e-06
  ||R(u+eps*du)|| = 7.3742e-06
  方向有効性: ||R(u+eps*du)||/||R(u)|| = 1.000012
  ⚠ du方向で残差が増加 — Newton方向が無効
  FD方向微分 = -2.2431e-04
  解析方向微分 = 2.3126e-06
  全体系 K@du: FD vs 解析 相対誤差 = 1.0001e+00
  ⚠ 全体系で接線剛性不整合 — K_c自体が不正確
  全体系不整合DOF上位5件:
    dof=1304 (node=217, comp=2): FD=4.1695e-03, analytical=-5.1374e-12, diff=4.1695e-03
    dof=686 (node=114, comp=2): FD=4.0896e-03, analytical=2.6434e-11, diff=4.0896e-03
    dof=386 (node=64, comp=2): FD=-3.9050e-03, analytical=5.5601e-10, diff=-3.9050e-03
    dof=584 (node=97, comp=2): FD=3.6479e-03, analytical=-1.5936e-09, diff=3.6479e-03
    dof=1214 (node=202, comp=2): FD=-3.2689e-03, analytical=2.3757e-09, diff=-3.2689e-03
  comp別不整合: [x:6.83e-03(38%), y:1.25e-03(7%), z:1.68e-02(92%), θx:8.80e-05(0%), θy:3.43e-04(2%), θz:1.48e-05(0%)]
  接触DOF不整合: 5.39e-03 (276 DOFs), 構造DOF不整合: 1.74e-02 (1662 DOFs)
  活性DOF K@du: FD vs 解析 相対誤差 = 1.0002e+00 (276 DOFs)
  ⚠ 活性DOFで接線剛性不整合
  方向微分整合度: |FD-解析|/max = 1.0103e+00
------------------------------------------------------------
  f_c 単独FD検証（K_c精度）
  ||∂f_c/∂u·du (FD)|| = 6.2077e-06
  ||K_c @ du|| = 5.2094e-06
  f_c FD相対誤差 = 6.3083e-01
  ⚠ K_c自体が不正確（f_c単独で10%超の不整合）
  f_c comp別不整合: [x=3.2e-06/82%, y=7.7e-07/20%, z=2.1e-06/54%, θx=0.0e+00/0%, θy=0.0e+00/0%, θz=0.0e+00/0%]
  f_c不整合DOF上位5件:
    dof=444 (node=74, comp=0): FD=2.6077e-06, K_c=1.3528e-06, diff=1.2549e-06
    dof=492 (node=82, comp=0): FD=5.7731e-07, K_c=-5.9401e-07, diff=1.1713e-06
    dof=498 (node=83, comp=0): FD=5.6565e-07, K_c=-5.6725e-07, diff=1.1329e-06
    dof=500 (node=83, comp=2): FD=5.6698e-07, K_c=-5.6275e-07, diff=1.1297e-06
    dof=600 (node=100, comp=0): FD=-5.6069e-07, K_c=5.6228e-07, diff=-1.1230e-06
============================================================
[K_c成分FD]
============================================================
K_c 成分分解 FD 診断（status-342）  [incr=163 att=15]
============================================================
  ||du|| = 7.4054e-05, eps = 1.00e-07
  ||dfc (FD)|| = 6.2212e-06
  ||K_mat@du|| = 5.3509e-06, ||K_geo@du|| = 6.6209e-09, ||K_st@du||  = 4.1294e-06
  ||K_c@du||   = 7.3951e-06
  寄与率: mat= 0.72, geo= 0.00, st= 0.56
------------------------------------------------------------
  組み合わせ別 FD 相対誤差（K_c = K_mat - K_geo + K_st 合意）:
    full     = 6.1060e-01
    mat_only = 3.3383e-01  (geo/st 除外)
    mat_geo  = 3.3455e-01  (st 除外)
    mat_st   = 6.1028e-01   (geo 除外)
  最良組み合わせ: mat_only (rel_err=3.3383e-01)
------------------------------------------------------------
  [    full] comp 別不整合: [x= 26.0%, y= 92.3%, z= 28.4%, tx=  0.0%, ty=  0.0%, tz=  0.0%]
  [mat_only] comp 別不整合: [x= 75.7%, y= 25.3%, z= 60.3%, tx=  0.0%, ty=  0.0%, tz=  0.0%]
  [ mat_geo] comp 別不整合: [x= 75.8%, y= 25.3%, z= 60.1%, tx=  0.0%, ty=  0.0%, tz=  0.0%]
  [  mat_st] comp 別不整合: [x= 26.0%, y= 92.3%, z= 28.4%, tx=  0.0%, ty=  0.0%, tz=  0.0%]
  ⚠ K_st 足し込みで rel_err が +2.7605e-01 悪化 — K_st が primary driver の可能性
  ⚠ K_geo 足し込みで rel_err が +2.7645e-01 悪化 — K_geo が primary driver の可能性
============================================================
============================================================
接線剛性FD方向診断（status-256）
============================================================
  ||du|| = 9.3960e-05
  ||R_u|| = 7.1064e-06
  ⚠ R_u vs compute_residual(u) 乖離: 1.8573e-07 (リラクゼーション/動的項の差異)
  ||R_base|| = 7.0184e-06
  ||R(u+eps*du)|| = 7.0183e-06
  方向有効性: ||R(u+eps*du)||/||R(u)|| = 0.999992
  ✓ du方向で残差が減少 — Newton方向は有効
  FD方向微分 = 9.1615e-06
  解析方向微分 = 2.3828e-06
  全体系 K@du: FD vs 解析 相対誤差 = 1.0001e+00
  ⚠ 全体系で接線剛性不整合 — K_c自体が不正確
  全体系不整合DOF上位5件:
    dof=1718 (node=286, comp=2): FD=4.1425e-03, analytical=1.1051e-10, diff=4.1425e-03
    dof=1202 (node=200, comp=2): FD=3.7983e-03, analytical=-6.7201e-11, diff=3.7983e-03
    dof=1700 (node=283, comp=2): FD=3.6809e-03, analytical=5.6162e-10, diff=3.6809e-03
    dof=1826 (node=304, comp=2): FD=3.6721e-03, analytical=5.0038e-10, diff=3.6721e-03
    dof=1112 (node=185, comp=2): FD=3.3012e-03, analytical=2.4702e-08, diff=3.3011e-03
  comp別不整合: [x:7.01e-03(38%), y:1.47e-03(8%), z:1.68e-02(92%), θx:7.26e-05(0%), θy:3.74e-04(2%), θz:1.41e-05(0%)]
  接触DOF不整合: 6.13e-03 (276 DOFs), 構造DOF不整合: 1.72e-02 (1662 DOFs)
  活性DOF K@du: FD vs 解析 相対誤差 = 9.9995e-01 (276 DOFs)
  ⚠ 活性DOFで接線剛性不整合
  方向微分整合度: |FD-解析|/max = 7.3991e-01
------------------------------------------------------------
  f_c 単独FD検証（K_c精度）
  ||∂f_c/∂u·du (FD)|| = 1.2524e-05
  ||K_c @ du|| = 2.6425e-06
  f_c FD相対誤差 = 1.1080e+00
  ⚠ K_c自体が不正確（f_c単独で10%超の不整合）
  f_c comp別不整合: [x=1.1e-05/78%, y=6.7e-06/48%, z=5.4e-06/39%, θx=0.0e+00/0%, θy=0.0e+00/0%, θz=0.0e+00/0%]
  f_c不整合DOF上位5件:
    dof=444 (node=74, comp=0): FD=5.6592e-06, K_c=-9.5934e-07, diff=6.6185e-06
    dof=438 (node=73, comp=0): FD=3.0232e-06, K_c=-7.3946e-07, diff=3.7627e-06
    dof=1056 (node=176, comp=0): FD=-3.1464e-06, K_c=1.3167e-07, diff=-3.2781e-06
    dof=446 (node=74, comp=2): FD=-3.2104e-06, K_c=-8.2297e-08, diff=-3.1281e-06
    dof=1057 (node=176, comp=1): FD=3.0614e-06, K_c=1.1711e-07, diff=2.9443e-06
============================================================
[K_c成分FD]
============================================================
K_c 成分分解 FD 診断（status-342）  [incr=163 att=16]
============================================================
  ||du|| = 9.3960e-05, eps = 1.00e-07
  ||dfc (FD)|| = 1.2524e-05
  ||K_mat@du|| = 1.1295e-05, ||K_geo@du|| = 9.3765e-09, ||K_st@du||  = 5.4693e-06
  ||K_c@du||   = 1.4050e-05
  寄与率: mat= 0.80, geo= 0.00, st= 0.39
------------------------------------------------------------
  組み合わせ別 FD 相対誤差（K_c = K_mat - K_geo + K_st 合意）:
    full     = 4.3242e-01
    mat_only = 2.5219e-01  (geo/st 除外)
    mat_geo  = 2.5268e-01  (st 除外)
    mat_st   = 4.3220e-01   (geo 除外)
  最良組み合わせ: mat_only (rel_err=2.5219e-01)
------------------------------------------------------------
  [    full] comp 別不整合: [x= 23.8%, y= 91.3%, z= 33.0%, tx=  0.0%, ty=  0.0%, tz=  0.0%]
  [mat_only] comp 別不整合: [x= 68.4%, y= 26.7%, z= 67.9%, tx=  0.0%, ty=  0.0%, tz=  0.0%]
  [ mat_geo] comp 別不整合: [x= 68.5%, y= 26.7%, z= 67.8%, tx=  0.0%, ty=  0.0%, tz=  0.0%]
  [  mat_st] comp 別不整合: [x= 23.8%, y= 91.3%, z= 33.0%, tx=  0.0%, ty=  0.0%, tz=  0.0%]
  ⚠ K_st 足し込みで rel_err が +1.7974e-01 悪化 — K_st が primary driver の可能性
  ⚠ K_geo 足し込みで rel_err が +1.8001e-01 悪化 — K_geo が primary driver の可能性
============================================================
============================================================
接線剛性FD方向診断（status-256）
============================================================
  ||du|| = 8.8668e-05
  ||R_u|| = 6.8051e-06
  ⚠ R_u vs compute_residual(u) 乖離: 5.7446e-07 (リラクゼーション/動的項の差異)
  ||R_base|| = 6.5502e-06
  ||R(u+eps*du)|| = 6.5502e-06
  方向有効性: ||R(u+eps*du)||/||R(u)|| = 0.999996
  ✓ du方向で残差が減少 — Newton方向は有効
  FD方向微分 = 1.0510e-05
  解析方向微分 = 2.2812e-06
  全体系 K@du: FD vs 解析 相対誤差 = 1.0001e+00
  ⚠ 全体系で接線剛性不整合 — K_c自体が不正確
  全体系不整合DOF上位5件:
    dof=494 (node=82, comp=2): FD=-4.2259e-03, analytical=1.7268e-07, diff=-4.2261e-03
    dof=392 (node=65, comp=2): FD=-4.0044e-03, analytical=1.2236e-09, diff=-4.0044e-03
    dof=998 (node=166, comp=2): FD=3.8416e-03, analytical=7.0505e-07, diff=3.8409e-03
    dof=74 (node=12, comp=2): FD=3.7554e-03, analytical=2.9031e-10, diff=3.7554e-03
    dof=1718 (node=286, comp=2): FD=3.7466e-03, analytical=1.6384e-10, diff=3.7466e-03
  comp別不整合: [x:7.83e-03(39%), y:1.50e-03(8%), z:1.82e-02(92%), θx:6.16e-05(0%), θy:4.08e-04(2%), θz:1.48e-05(0%)]
  接触DOF不整合: 8.99e-03 (276 DOFs), 構造DOF不整合: 1.77e-02 (1662 DOFs)
  活性DOF K@du: FD vs 解析 相対誤差 = 1.0000e+00 (276 DOFs)
  ⚠ 活性DOFで接線剛性不整合
  方向微分整合度: |FD-解析|/max = 7.8294e-01
------------------------------------------------------------
  f_c 単独FD検証（K_c精度）
  ||∂f_c/∂u·du (FD)|| = 1.1848e-05
  ||K_c @ du|| = 2.4393e-06
  f_c FD相対誤差 = 1.1050e+00
  ⚠ K_c自体が不正確（f_c単独で10%超の不整合）
  f_c comp別不整合: [x=1.0e-05/78%, y=6.4e-06/49%, z=5.1e-06/39%, θx=0.0e+00/0%, θy=0.0e+00/0%, θz=0.0e+00/0%]
  f_c不整合DOF上位5件:
    dof=444 (node=74, comp=0): FD=5.3479e-06, K_c=-9.0694e-07, diff=6.2549e-06
    dof=438 (node=73, comp=0): FD=2.8686e-06, K_c=-6.9917e-07, diff=3.5678e-06
    dof=1056 (node=176, comp=0): FD=-2.9631e-06, K_c=1.2501e-07, diff=-3.0881e-06
    dof=446 (node=74, comp=2): FD=-3.0342e-06, K_c=-7.8803e-08, diff=-2.9554e-06
    dof=1057 (node=176, comp=1): FD=2.8809e-06, K_c=1.1118e-07, diff=2.7697e-06
============================================================
[K_c成分FD]
============================================================
K_c 成分分解 FD 診断（status-342）  [incr=163 att=17]
============================================================
  ||du|| = 8.8668e-05, eps = 1.00e-07
  ||dfc (FD)|| = 1.1848e-05
  ||K_mat@du|| = 1.0675e-05, ||K_geo@du|| = 8.8758e-09, ||K_st@du||  = 5.1703e-06
  ||K_c@du||   = 1.3265e-05
  寄与率: mat= 0.80, geo= 0.00, st= 0.39
------------------------------------------------------------
  組み合わせ別 FD 相対誤差（K_c = K_mat - K_geo + K_st 合意）:
    full     = 4.2832e-01
    mat_only = 2.4792e-01  (geo/st 除外)
    mat_geo  = 2.4841e-01  (st 除外)
    mat_st   = 4.2811e-01   (geo 除外)
  最良組み合わせ: mat_only (rel_err=2.4792e-01)
------------------------------------------------------------
  [    full] comp 別不整合: [x= 22.9%, y= 91.7%, z= 32.7%, tx=  0.0%, ty=  0.0%, tz=  0.0%]
  [mat_only] comp 別不整合: [x= 68.4%, y= 25.9%, z= 68.2%, tx=  0.0%, ty=  0.0%, tz=  0.0%]
  [ mat_geo] comp 別不整合: [x= 68.5%, y= 25.9%, z= 68.1%, tx=  0.0%, ty=  0.0%, tz=  0.0%]
  [  mat_st] comp 別不整合: [x= 22.9%, y= 91.7%, z= 32.7%, tx=  0.0%, ty=  0.0%, tz=  0.0%]
  ⚠ K_st 足し込みで rel_err が +1.7991e-01 悪化 — K_st が primary driver の可能性
  ⚠ K_geo 足し込みで rel_err が +1.8019e-01 悪化 — K_geo が primary driver の可能性
============================================================
============================================================
接線剛性FD方向診断（status-256）
============================================================
  ||du|| = 8.3871e-05
  ||R_u|| = 6.5184e-06
  ⚠ R_u vs compute_residual(u) 乖離: 9.4364e-07 (リラクゼーション/動的項の差異)
  ||R_base|| = 6.1268e-06
  ||R(u+eps*du)|| = 6.1268e-06
  方向有効性: ||R(u+eps*du)||/||R(u)|| = 1.000005
  ⚠ du方向で残差が増加 — Newton方向が無効
  FD方向微分 = 9.5435e-06
  解析方向微分 = 2.1844e-06
  全体系 K@du: FD vs 解析 相対誤差 = 1.0001e+00
  ⚠ 全体系で接線剛性不整合 — K_c自体が不正確
  全体系不整合DOF上位5件:
    dof=686 (node=114, comp=2): FD=-3.8204e-03, analytical=-3.1050e-10, diff=-3.8204e-03
    dof=92 (node=15, comp=2): FD=3.5873e-03, analytical=9.0550e-10, diff=3.5873e-03
    dof=1208 (node=201, comp=2): FD=3.5311e-03, analytical=5.5810e-09, diff=3.5311e-03
    dof=86 (node=14, comp=2): FD=-3.5237e-03, analytical=-5.3524e-11, diff=-3.5237e-03
    dof=992 (node=165, comp=2): FD=3.2061e-03, analytical=-7.4877e-10, diff=3.2061e-03
  comp別不整合: [x:6.46e-03(39%), y:1.11e-03(7%), z:1.53e-02(92%), θx:6.10e-05(0%), θy:3.51e-04(2%), θz:1.33e-05(0%)]
  接触DOF不整合: 5.82e-03 (276 DOFs), 構造DOF不整合: 1.56e-02 (1662 DOFs)
  活性DOF K@du: FD vs 解析 相対誤差 = 9.9997e-01 (276 DOFs)
  ⚠ 活性DOFで接線剛性不整合
  方向微分整合度: |FD-解析|/max = 7.7111e-01
------------------------------------------------------------
  f_c 単独FD検証（K_c精度）
  ||∂f_c/∂u·du (FD)|| = 1.1195e-05
  ||K_c @ du|| = 2.2629e-06
  f_c FD相対誤差 = 1.1030e+00
  ⚠ K_c自体が不正確（f_c単独で10%超の不整合）
  f_c comp別不整合: [x=9.7e-06/78%, y=6.0e-06/49%, z=4.8e-06/39%, θx=0.0e+00/0%, θy=0.0e+00/0%, θz=0.0e+00/0%]
  f_c不整合DOF上位5件:
    dof=444 (node=74, comp=0): FD=5.0658e-06, K_c=-8.5912e-07, diff=5.9249e-06
    dof=438 (node=73, comp=0): FD=2.7145e-06, K_c=-6.6238e-07, diff=3.3769e-06
    dof=1056 (node=176, comp=0): FD=-2.8123e-06, K_c=1.1888e-07, diff=-2.9311e-06
    dof=446 (node=74, comp=2): FD=-2.8714e-06, K_c=-7.5543e-08, diff=-2.7959e-06
    dof=1057 (node=176, comp=1): FD=2.7335e-06, K_c=1.0571e-07, diff=2.6278e-06
============================================================
[K_c成分FD]
============================================================
K_c 成分分解 FD 診断（status-342）  [incr=163 att=18]
============================================================
  ||du|| = 8.3871e-05, eps = 1.00e-07
  ||dfc (FD)|| = 1.1195e-05
  ||K_mat@du|| = 1.0111e-05, ||K_geo@du|| = 8.4180e-09, ||K_st@du||  = 4.8973e-06
  ||K_c@du||   = 1.2552e-05
  寄与率: mat= 0.81, geo= 0.00, st= 0.39
------------------------------------------------------------
  組み合わせ別 FD 相対誤差（K_c = K_mat - K_geo + K_st 合意）:
    full     = 4.3015e-01
    mat_only = 2.4440e-01  (geo/st 除外)
    mat_geo  = 2.4490e-01  (st 除外)
    mat_st   = 4.2994e-01   (geo 除外)
  最良組み合わせ: mat_only (rel_err=2.4440e-01)
------------------------------------------------------------
  [    full] comp 別不整合: [x= 21.9%, y= 92.1%, z= 32.1%, tx=  0.0%, ty=  0.0%, tz=  0.0%]
  [mat_only] comp 別不整合: [x= 67.6%, y= 27.5%, z= 68.3%, tx=  0.0%, ty=  0.0%, tz=  0.0%]
  [ mat_geo] comp 別不整合: [x= 67.8%, y= 27.5%, z= 68.2%, tx=  0.0%, ty=  0.0%, tz=  0.0%]
  [  mat_st] comp 別不整合: [x= 21.9%, y= 92.1%, z= 32.1%, tx=  0.0%, ty=  0.0%, tz=  0.0%]
  ⚠ K_st 足し込みで rel_err が +1.8525e-01 悪化 — K_st が primary driver の可能性
  ⚠ K_geo 足し込みで rel_err が +1.8553e-01 悪化 — K_geo が primary driver の可能性
============================================================
============================================================
接線剛性FD方向診断（status-256）
============================================================
  ||du|| = 7.9486e-05
  ||R_u|| = 6.2454e-06
  ⚠ R_u vs compute_residual(u) 乖離: 1.2933e-06 (リラクゼーション/動的項の差異)
  ||R_base|| = 5.7470e-06
  ||R(u+eps*du)|| = 5.7470e-06
  方向有効性: ||R(u+eps*du)||/||R(u)|| = 0.999993
  ✓ du方向で残差が減少 — Newton方向は有効
  FD方向微分 = 8.7448e-06
  解析方向微分 = 2.0922e-06
  全体系 K@du: FD vs 解析 相対誤差 = 1.0001e+00
  ⚠ 全体系で接線剛性不整合 — K_c自体が不正確
  全体系不整合DOF上位5件:
    dof=1190 (node=198, comp=2): FD=4.2967e-03, analytical=-1.4276e-10, diff=4.2967e-03
    dof=1196 (node=199, comp=2): FD=-4.0591e-03, analytical=-7.3088e-10, diff=-4.0591e-03
    dof=680 (node=113, comp=2): FD=3.2276e-03, analytical=2.7439e-10, diff=3.2276e-03
    dof=1214 (node=202, comp=2): FD=-3.1519e-03, analytical=1.9222e-09, diff=-3.1519e-03
    dof=68 (node=11, comp=2): FD=-2.9873e-03, analytical=-2.5929e-10, diff=-2.9873e-03
  comp別不整合: [x:5.57e-03(35%), y:1.08e-03(7%), z:1.48e-02(93%), θx:5.51e-05(0%), θy:3.26e-04(2%), θz:1.46e-05(0%)]
  接触DOF不整合: 5.08e-03 (276 DOFs), 構造DOF不整合: 1.50e-02 (1662 DOFs)
  活性DOF K@du: FD vs 解析 相対誤差 = 9.9995e-01 (276 DOFs)
  ⚠ 活性DOFで接線剛性不整合
  方向微分整合度: |FD-解析|/max = 7.6075e-01
------------------------------------------------------------
  f_c 単独FD検証（K_c精度）
  ||∂f_c/∂u·du (FD)|| = 1.0603e-05
  ||K_c @ du|| = 2.1080e-06
  f_c FD相対誤差 = 1.1012e+00
  ⚠ K_c自体が不正確（f_c単独で10%超の不整合）
  f_c comp別不整合: [x=9.1e-06/78%, y=5.7e-06/49%, z=4.5e-06/39%, θx=0.0e+00/0%, θy=0.0e+00/0%, θz=0.0e+00/0%]
  f_c不整合DOF上位5件:
    dof=444 (node=74, comp=0): FD=4.8027e-06, K_c=-8.1516e-07, diff=5.6179e-06
    dof=438 (node=73, comp=0): FD=2.5792e-06, K_c=-6.2854e-07, diff=3.2078e-06
    dof=1056 (node=176, comp=0): FD=-2.6599e-06, K_c=1.1320e-07, diff=-2.7731e-06
    dof=446 (node=74, comp=2): FD=-2.7222e-06, K_c=-7.2479e-08, diff=-2.6497e-06
    dof=1057 (node=176, comp=1): FD=2.5838e-06, K_c=1.0064e-07, diff=2.4831e-06
============================================================
[K_c成分FD]
============================================================
K_c 成分分解 FD 診断（status-342）  [incr=163 att=19]
============================================================
  ||du|| = 7.9486e-05, eps = 1.00e-07
  ||dfc (FD)|| = 1.0602e-05
  ||K_mat@du|| = 9.5936e-06, ||K_geo@du|| = 7.9961e-09, ||K_st@du||  = 4.6463e-06
  ||K_c@du||   = 1.1898e-05
  寄与率: mat= 0.81, geo= 0.00, st= 0.39
------------------------------------------------------------
  組み合わせ別 FD 相対誤差（K_c = K_mat - K_geo + K_st 合意）:
    full     = 4.2809e-01
    mat_only = 2.4133e-01  (geo/st 除外)
    mat_geo  = 2.4184e-01  (st 除外)
    mat_st   = 4.2787e-01   (geo 除外)
  最良組み合わせ: mat_only (rel_err=2.4133e-01)
------------------------------------------------------------
  [    full] comp 別不整合: [x= 21.2%, y= 92.5%, z= 31.7%, tx=  0.0%, ty=  0.0%, tz=  0.0%]
  [mat_only] comp 別不整合: [x= 67.4%, y= 27.8%, z= 68.4%, tx=  0.0%, ty=  0.0%, tz=  0.0%]
  [ mat_geo] comp 別不整合: [x= 67.5%, y= 27.8%, z= 68.3%, tx=  0.0%, ty=  0.0%, tz=  0.0%]
  [  mat_st] comp 別不整合: [x= 21.1%, y= 92.5%, z= 31.7%, tx=  0.0%, ty=  0.0%, tz=  0.0%]
  ⚠ K_st 足し込みで rel_err が +1.8625e-01 悪化 — K_st が primary driver の可能性
  ⚠ K_geo 足し込みで rel_err が +1.8654e-01 悪化 — K_geo が primary driver の可能性
============================================================
  Incr 163 (frac=0.3549), attempt 20 [D.stall+E], ||R_t||/||f|| = 4.754e-06, ||R_r|| = 3.071e-06, ||R_w||/||f||=4.775e-06, rate=0.958, active=29, R(x=4.5e-06/75%,y=1.4e-06/23%,z=2.1e-06/35%)
============================================================
接線剛性FD方向診断（status-256）
============================================================
  ||du|| = 7.5448e-05
  ||R_u|| = 5.9852e-06
  ⚠ R_u vs compute_residual(u) 乖離: 1.6249e-06 (リラクゼーション/動的項の差異)
  ||R_base|| = 5.4102e-06
  ||R(u+eps*du)|| = 5.4102e-06
  方向有効性: ||R(u+eps*du)||/||R(u)|| = 0.999995
  ✓ du方向で残差が減少 — Newton方向は有効
  FD方向微分 = 8.0610e-06
  解析方向微分 = 2.0041e-06
  全体系 K@du: FD vs 解析 相対誤差 = 1.0001e+00
  ⚠ 全体系で接線剛性不整合 — K_c自体が不正確
  全体系不整合DOF上位5件:
    dof=686 (node=114, comp=2): FD=3.9575e-03, analytical=-1.1214e-11, diff=3.9575e-03
    dof=692 (node=115, comp=2): FD=-3.8553e-03, analytical=-5.4909e-10, diff=-3.8553e-03
    dof=992 (node=165, comp=2): FD=-3.8509e-03, analytical=-1.2138e-09, diff=-3.8509e-03
    dof=1706 (node=284, comp=2): FD=3.5705e-03, analytical=-1.2285e-11, diff=3.5705e-03
    dof=86 (node=14, comp=2): FD=-3.5249e-03, analytical=-4.0763e-11, diff=-3.5249e-03
  comp別不整合: [x:7.21e-03(41%), y:1.19e-03(7%), z:1.61e-02(91%), θx:5.86e-05(0%), θy:3.61e-04(2%), θz:1.30e-05(0%)]
  接触DOF不整合: 5.51e-03 (276 DOFs), 構造DOF不整合: 1.68e-02 (1662 DOFs)
  活性DOF K@du: FD vs 解析 相対誤差 = 1.0000e+00 (276 DOFs)
  ⚠ 活性DOFで接線剛性不整合
  方向微分整合度: |FD-解析|/max = 7.5138e-01
------------------------------------------------------------
  f_c 単独FD検証（K_c精度）
  ||∂f_c/∂u·du (FD)|| = 1.0065e-05
  ||K_c @ du|| = 1.9705e-06
  f_c FD相対誤差 = 1.0996e+00
  ⚠ K_c自体が不正確（f_c単独で10%超の不整合）
  f_c comp別不整合: [x=8.7e-06/78%, y=5.4e-06/49%, z=4.3e-06/38%, θx=0.0e+00/0%, θy=0.0e+00/0%, θz=0.0e+00/0%]
  f_c不整合DOF上位5件:
    dof=444 (node=74, comp=0): FD=4.5598e-06, K_c=-7.7449e-07, diff=5.3343e-06
    dof=438 (node=73, comp=0): FD=2.4523e-06, K_c=-5.9723e-07, diff=3.0496e-06
    dof=1056 (node=176, comp=0): FD=-2.5227e-06, K_c=1.0790e-07, diff=-2.6306e-06
    dof=446 (node=74, comp=2): FD=-2.5835e-06, K_c=-6.9584e-08, diff=-2.5139e-06
    dof=1057 (node=176, comp=1): FD=2.4493e-06, K_c=9.5922e-08, diff=2.3534e-06
============================================================
[K_c成分FD]
============================================================
K_c 成分分解 FD 診断（status-342）  [incr=163 att=20]
============================================================
  ||du|| = 7.5448e-05, eps = 1.00e-07
  ||dfc (FD)|| = 1.0065e-05
  ||K_mat@du|| = 9.1152e-06, ||K_geo@du|| = 7.6051e-09, ||K_st@du||  = 4.4140e-06
  ||K_c@du||   = 1.1295e-05
  寄与率: mat= 0.81, geo= 0.00, st= 0.39
------------------------------------------------------------
  組み合わせ別 FD 相対誤差（K_c = K_mat - K_geo + K_st 合意）:
    full     = 4.2520e-01
    mat_only = 2.3866e-01  (geo/st 除外)
    mat_geo  = 2.3916e-01  (st 除外)
    mat_st   = 4.2499e-01   (geo 除外)
  最良組み合わせ: mat_only (rel_err=2.3866e-01)
------------------------------------------------------------
  [    full] comp 別不整合: [x= 20.5%, y= 92.7%, z= 31.4%, tx=  0.0%, ty=  0.0%, tz=  0.0%]
  [mat_only] comp 別不整合: [x= 67.4%, y= 27.6%, z= 68.5%, tx=  0.0%, ty=  0.0%, tz=  0.0%]
  [ mat_geo] comp 別不整合: [x= 67.5%, y= 27.7%, z= 68.4%, tx=  0.0%, ty=  0.0%, tz=  0.0%]
  [  mat_st] comp 別不整合: [x= 20.5%, y= 92.7%, z= 31.4%, tx=  0.0%, ty=  0.0%, tz=  0.0%]
  ⚠ K_st 足し込みで rel_err が +1.8604e-01 悪化 — K_st が primary driver の可能性
  ⚠ K_geo 足し込みで rel_err が +1.8633e-01 悪化 — K_geo が primary driver の可能性
============================================================
  [Type D対策] FD診断: Newton方向精度不良 (dir_ratio=1.000), NR上限拡張→35
============================================================
接線剛性FD方向診断（status-256）
============================================================
  ||du|| = 7.1708e-05
  ||R_u|| = 5.7371e-06
  ⚠ R_u vs compute_residual(u) 乖離: 1.9397e-06 (リラクゼーション/動的項の差異)
  ||R_base|| = 5.1157e-06
  ||R(u+eps*du)|| = 5.1157e-06
  方向有効性: ||R(u+eps*du)||/||R(u)|| = 0.999992
  ✓ du方向で残差が減少 — Newton方向は有効
  FD方向微分 = 7.4691e-06
  解析方向微分 = 1.9201e-06
  全体系 K@du: FD vs 解析 相対誤差 = 1.0000e+00
  ⚠ 全体系で接線剛性不整合 — K_c自体が不正確
  全体系不整合DOF上位5件:
    dof=380 (node=63, comp=2): FD=-4.1933e-03, analytical=2.3525e-10, diff=-4.1933e-03
    dof=1190 (node=198, comp=2): FD=4.1580e-03, analytical=-3.6346e-12, diff=4.1580e-03
    dof=680 (node=113, comp=2): FD=-4.0409e-03, analytical=-1.0335e-10, diff=-4.0409e-03
    dof=1706 (node=284, comp=2): FD=3.9576e-03, analytical=-1.4540e-10, diff=3.9576e-03
    dof=686 (node=114, comp=2): FD=3.9536e-03, analytical=3.4637e-12, diff=3.9536e-03
  comp別不整合: [x:7.85e-03(39%), y:1.20e-03(6%), z:1.85e-02(92%), θx:5.39e-05(0%), θy:3.24e-04(2%), θz:1.38e-05(0%)]
  接触DOF不整合: 6.10e-03 (276 DOFs), 構造DOF不整合: 1.92e-02 (1662 DOFs)
  活性DOF K@du: FD vs 解析 相対誤差 = 9.9994e-01 (276 DOFs)
  ⚠ 活性DOFで接線剛性不整合
  方向微分整合度: |FD-解析|/max = 7.4292e-01
------------------------------------------------------------
  f_c 単独FD検証（K_c精度）
  ||∂f_c/∂u·du (FD)|| = 9.6005e-06
  ||K_c @ du|| = 1.8474e-06
  f_c FD相対誤差 = 1.0977e+00
  ⚠ K_c自体が不正確（f_c単独で10%超の不整合）
  f_c comp別不整合: [x=8.2e-06/78%, y=5.2e-06/49%, z=4.0e-06/38%, θx=0.0e+00/0%, θy=0.0e+00/0%, θz=0.0e+00/0%]
  f_c不整合DOF上位5件:
    dof=444 (node=74, comp=0): FD=4.3643e-06, K_c=-7.3667e-07, diff=5.1009e-06
    dof=438 (node=73, comp=0): FD=2.3378e-06, K_c=-5.6811e-07, diff=2.9059e-06
    dof=1056 (node=176, comp=0): FD=-2.4226e-06, K_c=1.0294e-07, diff=-2.5256e-06
    dof=446 (node=74, comp=2): FD=-2.4743e-06, K_c=-6.6837e-08, diff=-2.4075e-06
    dof=1057 (node=176, comp=1): FD=2.3533e-06, K_c=9.1502e-08, diff=2.2618e-06
============================================================
[K_c成分FD]
============================================================
K_c 成分分解 FD 診断（status-342）  [incr=163 att=21]
============================================================
  ||du|| = 7.1708e-05, eps = 1.00e-07
  ||dfc (FD)|| = 9.6003e-06
  ||K_mat@du|| = 8.6708e-06, ||K_geo@du|| = 7.2409e-09, ||K_st@du||  = 4.1981e-06
  ||K_c@du||   = 1.0737e-05
  寄与率: mat= 0.81, geo= 0.00, st= 0.39
------------------------------------------------------------
  組み合わせ別 FD 相対誤差（K_c = K_mat - K_geo + K_st 合意）:
    full     = 4.2569e-01
    mat_only = 2.3722e-01  (geo/st 除外)
    mat_geo  = 2.3772e-01  (st 除外)
    mat_st   = 4.2547e-01   (geo 除外)
  最良組み合わせ: mat_only (rel_err=2.3722e-01)
------------------------------------------------------------
  [    full] comp 別不整合: [x= 19.7%, y= 92.9%, z= 31.2%, tx=  0.0%, ty=  0.0%, tz=  0.0%]
  [mat_only] comp 別不整合: [x= 67.1%, y= 27.7%, z= 68.7%, tx=  0.0%, ty=  0.0%, tz=  0.0%]
  [ mat_geo] comp 別不整合: [x= 67.3%, y= 27.7%, z= 68.6%, tx=  0.0%, ty=  0.0%, tz=  0.0%]
  [  mat_st] comp 別不整合: [x= 19.7%, y= 92.9%, z= 31.2%, tx=  0.0%, ty=  0.0%, tz=  0.0%]
  ⚠ K_st 足し込みで rel_err が +1.8796e-01 悪化 — K_st が primary driver の可能性
  ⚠ K_geo 足し込みで rel_err が +1.8826e-01 悪化 — K_geo が primary driver の可能性
============================================================
============================================================
接線剛性FD方向診断（status-256）
============================================================
  ||du|| = 6.8229e-05
  ||R_u|| = 5.5001e-06
  ⚠ R_u vs compute_residual(u) 乖離: 2.2391e-06 (リラクゼーション/動的項の差異)
  ||R_base|| = 4.8631e-06
  ||R(u+eps*du)|| = 4.8632e-06
  方向有効性: ||R(u+eps*du)||/||R(u)|| = 1.000019
  ⚠ du方向で残差が増加 — Newton方向が無効
  FD方向微分 = 6.9297e-06
  解析方向微分 = 1.8399e-06
  全体系 K@du: FD vs 解析 相対誤差 = 1.0001e+00
  ⚠ 全体系で接線剛性不整合 — K_c自体が不正確
  全体系不整合DOF上位5件:
    dof=392 (node=65, comp=2): FD=-3.8733e-03, analytical=1.2242e-09, diff=-3.8733e-03
    dof=1826 (node=304, comp=2): FD=3.6719e-03, analytical=5.5340e-10, diff=3.6719e-03
    dof=1208 (node=201, comp=2): FD=3.5299e-03, analytical=4.8073e-09, diff=3.5299e-03
    dof=908 (node=151, comp=2): FD=-3.4612e-03, analytical=2.2609e-09, diff=-3.4612e-03
    dof=1910 (node=318, comp=2): FD=3.4096e-03, analytical=-1.6622e-10, diff=3.4096e-03
  comp別不整合: [x:7.48e-03(41%), y:1.23e-03(7%), z:1.67e-02(91%), θx:6.29e-05(0%), θy:3.79e-04(2%), θz:1.35e-05(0%)]
  接触DOF不整合: 7.38e-03 (276 DOFs), 構造DOF不整合: 1.68e-02 (1662 DOFs)
  活性DOF K@du: FD vs 解析 相対誤差 = 1.0000e+00 (276 DOFs)
  ⚠ 活性DOFで接線剛性不整合
  方向微分整合度: |FD-解析|/max = 7.3449e-01
------------------------------------------------------------
  f_c 単独FD検証（K_c精度）
  ||∂f_c/∂u·du (FD)|| = 9.1137e-06
  ||K_c @ du|| = 1.7362e-06
  f_c FD相対誤差 = 1.0968e+00
  ⚠ K_c自体が不正確（f_c単独で10%超の不整合）
  f_c comp別不整合: [x=7.8e-06/78%, y=4.9e-06/49%, z=3.8e-06/38%, θx=0.0e+00/0%, θy=0.0e+00/0%, θz=0.0e+00/0%]
  f_c不整合DOF上位5件:
    dof=444 (node=74, comp=0): FD=4.1360e-06, K_c=-7.0137e-07, diff=4.8374e-06
    dof=438 (node=73, comp=0): FD=2.2237e-06, K_c=-5.4092e-07, diff=2.7646e-06
    dof=1056 (node=176, comp=0): FD=-2.2941e-06, K_c=9.8282e-08, diff=-2.3924e-06
    dof=446 (node=74, comp=2): FD=-2.3409e-06, K_c=-6.4221e-08, diff=-2.2767e-06
    dof=1057 (node=176, comp=1): FD=2.2268e-06, K_c=8.7350e-08, diff=2.1394e-06
============================================================
[K_c成分FD]
============================================================
K_c 成分分解 FD 診断（status-342）  [incr=163 att=22]
============================================================
  ||du|| = 6.8229e-05, eps = 1.00e-07
  ||dfc (FD)|| = 9.1135e-06
  ||K_mat@du|| = 8.2562e-06, ||K_geo@du|| = 6.9003e-09, ||K_st@du||  = 3.9965e-06
  ||K_c@du||   = 1.0216e-05
  寄与率: mat= 0.81, geo= 0.00, st= 0.39
------------------------------------------------------------
  組み合わせ別 FD 相対誤差（K_c = K_mat - K_geo + K_st 合意）:
    full     = 4.2609e-01
    mat_only = 2.3450e-01  (geo/st 除外)
    mat_geo  = 2.3501e-01  (st 除外)
    mat_st   = 4.2587e-01   (geo 除外)
  最良組み合わせ: mat_only (rel_err=2.3450e-01)
------------------------------------------------------------
  [    full] comp 別不整合: [x= 19.6%, y= 93.1%, z= 30.7%, tx=  0.0%, ty=  0.0%, tz=  0.0%]
  [mat_only] comp 別不整合: [x= 66.8%, y= 28.7%, z= 68.6%, tx=  0.0%, ty=  0.0%, tz=  0.0%]
  [ mat_geo] comp 別不整合: [x= 67.0%, y= 28.7%, z= 68.5%, tx=  0.0%, ty=  0.0%, tz=  0.0%]
  [  mat_st] comp 別不整合: [x= 19.6%, y= 93.1%, z= 30.7%, tx=  0.0%, ty=  0.0%, tz=  0.0%]
  ⚠ K_st 足し込みで rel_err が +1.9108e-01 悪化 — K_st が primary driver の可能性
  ⚠ K_geo 足し込みで rel_err が +1.9138e-01 悪化 — K_geo が primary driver の可能性
============================================================
  Incr 163 (frac=0.3549), attempt 22, 凍結解除(disp)→再凍結 ||R_t||/||f||=3.510e-06 (cycle=2)
============================================================
接線剛性FD方向診断（status-256）
============================================================
  ||du|| = 4.6919e-05
  ||R_u|| = 4.6519e-06
  ⚠ R_u vs compute_residual(u) 乖離: 2.5668e-10 (リラクゼーション/動的項の差異)
  ||R_base|| = 4.6518e-06
  ||R(u+eps*du)|| = 4.6518e-06
  方向有効性: ||R(u+eps*du)||/||R(u)|| = 0.999993
  ✓ du方向で残差が減少 — Newton方向は有効
  FD方向微分 = 1.4756e-06
  解析方向微分 = 1.2636e-06
  全体系 K@du: FD vs 解析 相対誤差 = 1.0000e+00
  ⚠ 全体系で接線剛性不整合 — K_c自体が不正確
  全体系不整合DOF上位5件:
    dof=1292 (node=215, comp=2): FD=4.1945e-03, analytical=2.3527e-10, diff=4.1945e-03
    dof=1190 (node=198, comp=2): FD=4.1563e-03, analytical=5.3411e-11, diff=4.1563e-03
    dof=896 (node=149, comp=2): FD=-3.9295e-03, analytical=-9.3924e-08, diff=-3.9294e-03
    dof=1820 (node=303, comp=2): FD=3.9010e-03, analytical=9.6186e-10, diff=3.9010e-03
    dof=692 (node=115, comp=2): FD=-3.8573e-03, analytical=-5.0537e-10, diff=-3.8573e-03
  comp別不整合: [x:7.90e-03(40%), y:1.24e-03(6%), z:1.81e-02(91%), θx:6.65e-05(0%), θy:3.23e-04(2%), θz:1.28e-05(0%)]
  接触DOF不整合: 6.36e-03 (276 DOFs), 構造DOF不整合: 1.87e-02 (1662 DOFs)
  活性DOF K@du: FD vs 解析 相対誤差 = 1.0000e+00 (276 DOFs)
  ⚠ 活性DOFで接線剛性不整合
  方向微分整合度: |FD-解析|/max = 1.4364e-01
------------------------------------------------------------
  f_c 単独FD検証（K_c精度）
  ||∂f_c/∂u·du (FD)|| = 4.5644e-06
  ||K_c @ du|| = 1.0883e-06
  f_c FD相対誤差 = 1.1316e+00
  ⚠ K_c自体が不正確（f_c単独で10%超の不整合）
  f_c comp別不整合: [x=4.0e-06/78%, y=2.7e-06/51%, z=1.8e-06/35%, θx=0.0e+00/0%, θy=0.0e+00/0%, θz=0.0e+00/0%]
  f_c不整合DOF上位5件:
    dof=444 (node=74, comp=0): FD=1.8811e-06, K_c=-4.2824e-07, diff=2.3094e-06
    dof=438 (node=73, comp=0): FD=1.0605e-06, K_c=-3.3685e-07, diff=1.3974e-06
    dof=534 (node=89, comp=0): FD=-1.2010e-06, K_c=1.6622e-07, diff=-1.3672e-06
    dof=535 (node=89, comp=1): FD=1.2851e-06, K_c=-1.3934e-08, diff=1.2990e-06
    dof=1056 (node=176, comp=0): FD=-1.0004e-06, K_c=5.4718e-08, diff=-1.0551e-06
============================================================
[K_c成分FD]
============================================================
K_c 成分分解 FD 診断（status-342）  [incr=163 att=23]
============================================================
  ||du|| = 4.6919e-05, eps = 1.00e-07
  ||dfc (FD)|| = 4.5644e-06
  ||K_mat@du|| = 4.0587e-06, ||K_geo@du|| = 4.3731e-09, ||K_st@du||  = 2.7962e-06
  ||K_c@du||   = 5.1422e-06
  寄与率: mat= 0.79, geo= 0.00, st= 0.54
------------------------------------------------------------
  組み合わせ別 FD 相対誤差（K_c = K_mat - K_geo + K_st 合意）:
    full     = 5.7608e-01
    mat_only = 2.6697e-01  (geo/st 除外)
    mat_geo  = 2.6767e-01  (st 除外)
    mat_st   = 5.7579e-01   (geo 除外)
  最良組み合わせ: mat_only (rel_err=2.6697e-01)
------------------------------------------------------------
  [    full] comp 別不整合: [x= 21.2%, y= 94.6%, z= 24.4%, tx=  0.0%, ty=  0.0%, tz=  0.0%]
  [mat_only] comp 別不整合: [x= 74.2%, y= 28.2%, z= 60.8%, tx=  0.0%, ty=  0.0%, tz=  0.0%]
  [ mat_geo] comp 別不整合: [x= 74.4%, y= 28.2%, z= 60.6%, tx=  0.0%, ty=  0.0%, tz=  0.0%]
  [  mat_st] comp 別不整合: [x= 21.2%, y= 94.6%, z= 24.5%, tx=  0.0%, ty=  0.0%, tz=  0.0%]
  ⚠ K_st 足し込みで rel_err が +3.0841e-01 悪化 — K_st が primary driver の可能性
  ⚠ K_geo 足し込みで rel_err が +3.0883e-01 悪化 — K_geo が primary driver の可能性
============================================================
  Incr 163 (frac=0.3549), attempt 23, 凍結解除(disp)→再凍結 ||R_t||/||f||=3.370e-06 (cycle=3)
============================================================
接線剛性FD方向診断（status-256）
============================================================
  ||du|| = 4.3858e-05
  ||R_u|| = 4.4648e-06
  ⚠ R_u vs compute_residual(u) 乖離: 1.5890e-10 (リラクゼーション/動的項の差異)
  ||R_base|| = 4.4647e-06
  ||R(u+eps*du)|| = 4.4646e-06
  方向有効性: ||R(u+eps*du)||/||R(u)|| = 0.999983
  ✓ du方向で残差が減少 — Newton方向は有効
  FD方向微分 = 1.3481e-06
  解析方向微分 = 1.1888e-06
  全体系 K@du: FD vs 解析 相対誤差 = 1.0000e+00
  ⚠ 全体系で接線剛性不整合 — K_c自体が不正確
  全体系不整合DOF上位5件:
    dof=80 (node=13, comp=2): FD=3.9623e-03, analytical=1.6661e-10, diff=3.9623e-03
    dof=1202 (node=200, comp=2): FD=3.6663e-03, analytical=6.0643e-11, diff=3.6663e-03
    dof=1208 (node=201, comp=2): FD=-3.6590e-03, analytical=4.1216e-09, diff=-3.6590e-03
    dof=1316 (node=219, comp=2): FD=3.4971e-03, analytical=-1.4856e-09, diff=3.4971e-03
    dof=908 (node=151, comp=2): FD=2.9913e-03, analytical=2.5217e-09, diff=2.9913e-03
  comp別不整合: [x:6.66e-03(42%), y:1.21e-03(8%), z:1.44e-02(91%), θx:6.27e-05(0%), θy:2.54e-04(2%), θz:1.21e-05(0%)]
  接触DOF不整合: 5.63e-03 (276 DOFs), 構造DOF不整合: 1.49e-02 (1662 DOFs)
  活性DOF K@du: FD vs 解析 相対誤差 = 1.0000e+00 (276 DOFs)
  ⚠ 活性DOFで接線剛性不整合
  方向微分整合度: |FD-解析|/max = 1.1812e-01
------------------------------------------------------------
  f_c 単独FD検証（K_c精度）
  ||∂f_c/∂u·du (FD)|| = 4.1356e-06
  ||K_c @ du|| = 1.0014e-06
  f_c FD相対誤差 = 1.1346e+00
  ⚠ K_c自体が不正確（f_c単独で10%超の不整合）
  f_c comp別不整合: [x=3.7e-06/78%, y=2.4e-06/52%, z=1.6e-06/35%, θx=0.0e+00/0%, θy=0.0e+00/0%, θz=0.0e+00/0%]
  f_c不整合DOF上位5件:
    dof=444 (node=74, comp=0): FD=1.6904e-06, K_c=-3.9509e-07, diff=2.0855e-06
    dof=438 (node=73, comp=0): FD=9.5667e-07, K_c=-3.1142e-07, diff=1.2681e-06
    dof=534 (node=89, comp=0): FD=-1.1026e-06, K_c=1.5305e-07, diff=-1.2557e-06
    dof=535 (node=89, comp=1): FD=1.1860e-06, K_c=-1.4235e-08, diff=1.2003e-06
    dof=1056 (node=176, comp=0): FD=-8.9824e-07, K_c=5.0204e-08, diff=-9.4844e-07
============================================================
[K_c成分FD]
============================================================
K_c 成分分解 FD 診断（status-342）  [incr=163 att=24]
============================================================
  ||du|| = 4.3858e-05, eps = 1.00e-07
  ||dfc (FD)|| = 4.1356e-06
  ||K_mat@du|| = 3.6699e-06, ||K_geo@du|| = 4.0582e-09, ||K_st@du||  = 2.6052e-06
  ||K_c@du||   = 4.6701e-06
  寄与率: mat= 0.79, geo= 0.00, st= 0.56
------------------------------------------------------------
  組み合わせ別 FD 相対誤差（K_c = K_mat - K_geo + K_st 合意）:
    full     = 5.9175e-01
    mat_only = 2.7000e-01  (geo/st 除外)
    mat_geo  = 2.7072e-01  (st 除外)
    mat_st   = 5.9146e-01   (geo 除外)
  最良組み合わせ: mat_only (rel_err=2.7000e-01)
------------------------------------------------------------
  [    full] comp 別不整合: [x= 20.6%, y= 94.9%, z= 23.9%, tx=  0.0%, ty=  0.0%, tz=  0.0%]
  [mat_only] comp 別不整合: [x= 74.4%, y= 29.3%, z= 60.1%, tx=  0.0%, ty=  0.0%, tz=  0.0%]
  [ mat_geo] comp 別不整合: [x= 74.5%, y= 29.3%, z= 59.9%, tx=  0.0%, ty=  0.0%, tz=  0.0%]
  [  mat_st] comp 別不整合: [x= 20.6%, y= 94.9%, z= 23.9%, tx=  0.0%, ty=  0.0%, tz=  0.0%]
  ⚠ K_st 足し込みで rel_err が +3.2103e-01 悪化 — K_st が primary driver の可能性
  ⚠ K_geo 足し込みで rel_err が +3.2146e-01 悪化 — K_geo が primary driver の可能性
============================================================
  Incr 163 (frac=0.3549), attempt 24, 凍結解除(disp)→再凍結 ||R_t||/||f||=3.246e-06 (cycle=4)
  Incr 163 (frac=0.3549), attempt 25 [D.stall+E], ||R_t||/||f|| = 3.236e-06, ||R_r|| = 2.485e-06, ||R_w||/||f||=3.257e-06, rate=0.963, active=29, R(x=2.4e-06/56%,y=2.3e-06/53%,z=1.1e-06/26%)
============================================================
接線剛性FD方向診断（status-256）
============================================================
  ||du|| = 4.1053e-05
  ||R_u|| = 4.2902e-06
  ⚠ R_u vs compute_residual(u) 乖離: 1.4543e-10 (リラクゼーション/動的項の差異)
  ||R_base|| = 4.2901e-06
  ||R(u+eps*du)|| = 4.2901e-06
  方向有効性: ||R(u+eps*du)||/||R(u)|| = 1.000003
  ⚠ du方向で残差が増加 — Newton方向が無効
  FD方向微分 = 1.2308e-06
  解析方向微分 = 1.1202e-06
  全体系 K@du: FD vs 解析 相対誤差 = 1.0000e+00
  ⚠ 全体系で接線剛性不整合 — K_c自体が不正確
  全体系不整合DOF上位5件:
    dof=584 (node=97, comp=2): FD=6.2298e-03, analytical=-8.5111e-10, diff=6.2298e-03
    dof=578 (node=96, comp=2): FD=-5.3576e-03, analytical=-1.4143e-09, diff=-5.3576e-03
    dof=884 (node=147, comp=2): FD=4.8080e-03, analytical=8.6410e-10, diff=4.8080e-03
    dof=878 (node=146, comp=2): FD=-4.1245e-03, analytical=-3.9023e-10, diff=-4.1245e-03
    dof=590 (node=98, comp=2): FD=-3.9869e-03, analytical=-1.8875e-09, diff=-3.9869e-03
  comp別不整合: [x:8.22e-03(38%), y:1.65e-03(8%), z:2.02e-02(92%), θx:6.37e-05(0%), θy:2.64e-04(1%), θz:1.14e-05(0%)]
  接触DOF不整合: 6.40e-03 (276 DOFs), 構造DOF不整合: 2.09e-02 (1662 DOFs)
  活性DOF K@du: FD vs 解析 相対誤差 = 9.9998e-01 (276 DOFs)
  ⚠ 活性DOFで接線剛性不整合
  方向微分整合度: |FD-解析|/max = 8.9864e-02
------------------------------------------------------------
  f_c 単独FD検証（K_c精度）
  ||∂f_c/∂u·du (FD)|| = 3.7200e-06
  ||K_c @ du|| = 9.2326e-07
  f_c FD相対誤差 = 1.1393e+00
  ⚠ K_c自体が不正確（f_c単独で10%超の不整合）
  f_c comp別不整合: [x=3.3e-06/78%, y=2.2e-06/52%, z=1.5e-06/35%, θx=0.0e+00/0%, θy=0.0e+00/0%, θz=0.0e+00/0%]
  f_c不整合DOF上位5件:
    dof=444 (node=74, comp=0): FD=1.4898e-06, K_c=-3.6491e-07, diff=1.8547e-06
    dof=534 (node=89, comp=0): FD=-1.0276e-06, K_c=1.4108e-07, diff=-1.1687e-06
    dof=438 (node=73, comp=0): FD=8.6443e-07, K_c=-2.8822e-07, diff=1.1527e-06
    dof=535 (node=89, comp=1): FD=1.1059e-06, K_c=-1.4412e-08, diff=1.1203e-06
    dof=1056 (node=176, comp=0): FD=-7.7291e-07, K_c=4.6111e-08, diff=-8.1902e-07
============================================================
[K_c成分FD]
============================================================
K_c 成分分解 FD 診断（status-342）  [incr=163 att=25]
============================================================
  ||du|| = 4.1053e-05, eps = 1.00e-07
  ||dfc (FD)|| = 3.7200e-06
  ||K_mat@du|| = 3.3201e-06, ||K_geo@du|| = 3.7708e-09, ||K_st@du||  = 2.4296e-06
  ||K_c@du||   = 4.2456e-06
  寄与率: mat= 0.78, geo= 0.00, st= 0.57
------------------------------------------------------------
  組み合わせ別 FD 相対誤差（K_c = K_mat - K_geo + K_st 合意）:
    full     = 6.0505e-01
    mat_only = 2.7117e-01  (geo/st 除外)
    mat_geo  = 2.7192e-01  (st 除外)
    mat_st   = 6.0475e-01   (geo 除外)
  最良組み合わせ: mat_only (rel_err=2.7117e-01)
------------------------------------------------------------
  [    full] comp 別不整合: [x= 21.2%, y= 94.9%, z= 23.5%, tx=  0.0%, ty=  0.0%, tz=  0.0%]
  [mat_only] comp 別不整合: [x= 74.7%, y= 30.0%, z= 59.3%, tx=  0.0%, ty=  0.0%, tz=  0.0%]
  [ mat_geo] comp 別不整合: [x= 74.8%, y= 30.0%, z= 59.2%, tx=  0.0%, ty=  0.0%, tz=  0.0%]
  [  mat_st] comp 別不整合: [x= 21.2%, y= 94.9%, z= 23.5%, tx=  0.0%, ty=  0.0%, tz=  0.0%]
  ⚠ K_st 足し込みで rel_err が +3.3313e-01 悪化 — K_st が primary driver の可能性
  ⚠ K_geo 足し込みで rel_err が +3.3358e-01 悪化 — K_geo が primary driver の可能性
============================================================
  Incr 163 (frac=0.3549), attempt 25, 凍結解除(disp)→再凍結 ||R_t||/||f||=3.131e-06 (cycle=5)
============================================================
接線剛性FD方向診断（status-256）
============================================================
  ||du|| = 3.8476e-05
  ||R_u|| = 4.1267e-06
  ⚠ R_u vs compute_residual(u) 乖離: 1.3339e-10 (リラクゼーション/動的項の差異)
  ||R_base|| = 4.1266e-06
  ||R(u+eps*du)|| = 4.1266e-06
  方向有効性: ||R(u+eps*du)||/||R(u)|| = 0.999997
  ✓ du方向で残差が減少 — Newton方向は有効
  FD方向微分 = 1.1283e-06
  解析方向微分 = 1.0570e-06
  全体系 K@du: FD vs 解析 相対誤差 = 1.0000e+00
  ⚠ 全体系で接線剛性不整合 — K_c自体が不正確
  全体系不整合DOF上位5件:
    dof=74 (node=12, comp=2): FD=4.1545e-03, analytical=3.2172e-10, diff=4.1545e-03
    dof=1712 (node=285, comp=2): FD=3.9848e-03, analytical=5.0982e-10, diff=3.9848e-03
    dof=386 (node=64, comp=2): FD=-3.9076e-03, analytical=6.0549e-11, diff=-3.9076e-03
    dof=1202 (node=200, comp=2): FD=-3.7999e-03, analytical=-1.9558e-10, diff=-3.7999e-03
    dof=92 (node=15, comp=2): FD=3.7153e-03, analytical=6.7793e-10, diff=3.7153e-03
  comp別不整合: [x:7.11e-03(39%), y:1.23e-03(7%), z:1.69e-02(92%), θx:6.19e-05(0%), θy:2.60e-04(1%), θz:1.21e-05(0%)]
  接触DOF不整合: 5.39e-03 (276 DOFs), 構造DOF不整合: 1.76e-02 (1662 DOFs)
  活性DOF K@du: FD vs 解析 相対誤差 = 9.9999e-01 (276 DOFs)
  ⚠ 活性DOFで接線剛性不整合
  方向微分整合度: |FD-解析|/max = 6.3221e-02
------------------------------------------------------------
  f_c 単独FD検証（K_c精度）
  ||∂f_c/∂u·du (FD)|| = 3.3784e-06
  ||K_c @ du|| = 8.5259e-07
  f_c FD相対誤差 = 1.1429e+00
  ⚠ K_c自体が不正確（f_c単独で10%超の不整合）
  f_c comp別不整合: [x=3.0e-06/78%, y=2.0e-06/52%, z=1.3e-06/34%, θx=0.0e+00/0%, θy=0.0e+00/0%, θz=0.0e+00/0%]
  f_c不整合DOF上位5件:
    dof=444 (node=74, comp=0): FD=1.3549e-06, K_c=-3.3736e-07, diff=1.6923e-06
    dof=534 (node=89, comp=0): FD=-9.3465e-07, K_c=1.3017e-07, diff=-1.0648e-06
    dof=438 (node=73, comp=0): FD=7.8635e-07, K_c=-2.6702e-07, diff=1.0534e-06
    dof=535 (node=89, comp=1): FD=1.0092e-06, K_c=-1.4487e-08, diff=1.0237e-06
    dof=1056 (node=176, comp=0): FD=-7.0332e-07, K_c=4.2393e-08, diff=-7.4571e-07
============================================================
[K_c成分FD]
============================================================
K_c 成分分解 FD 診断（status-342）  [incr=163 att=26]
============================================================
  ||du|| = 3.8476e-05, eps = 1.00e-07
  ||dfc (FD)|| = 3.3784e-06
  ||K_mat@du|| = 3.0049e-06, ||K_geo@du|| = 3.5077e-09, ||K_st@du||  = 2.2677e-06
  ||K_c@du||   = 3.8633e-06
  寄与率: mat= 0.78, geo= 0.00, st= 0.59
------------------------------------------------------------
  組み合わせ別 FD 相対誤差（K_c = K_mat - K_geo + K_st 合意）:
    full     = 6.1844e-01
    mat_only = 2.7598e-01  (geo/st 除外)
    mat_geo  = 2.7675e-01  (st 除外)
    mat_st   = 6.1814e-01   (geo 除外)
  最良組み合わせ: mat_only (rel_err=2.7598e-01)
------------------------------------------------------------
  [    full] comp 別不整合: [x= 20.4%, y= 95.1%, z= 23.2%, tx=  0.0%, ty=  0.0%, tz=  0.0%]
  [mat_only] comp 別不整合: [x= 75.3%, y= 29.6%, z= 58.8%, tx=  0.0%, ty=  0.0%, tz=  0.0%]
  [ mat_geo] comp 別不整合: [x= 75.4%, y= 29.6%, z= 58.6%, tx=  0.0%, ty=  0.0%, tz=  0.0%]
  [  mat_st] comp 別不整合: [x= 20.4%, y= 95.1%, z= 23.2%, tx=  0.0%, ty=  0.0%, tz=  0.0%]
  ⚠ K_st 足し込みで rel_err が +3.4169e-01 悪化 — K_st が primary driver の可能性
  ⚠ K_geo 足し込みで rel_err が +3.4215e-01 悪化 — K_geo が primary driver の可能性
============================================================
  Incr 163 (frac=0.3549), attempt 26, 凍結上限超過(disp)→通常NR復帰 ||R_t||/||f||=3.024e-06
  Incr 163 (frac=0.3549), attempt 27, ||du||/||u|| = 4.696e-09 (disp converged, 29 active)
  [NR診断] Incr 163 (frac=0.3549), 収束 att=28, Type分布[-:1(4%), B:1(4%), B+D.stall:1(4%), C:2(7%), D.div+E:3(11%), D.stall+E:12(43%), E:8(29%)], 直近10[D.stall+E:9, E:1], R_c=3.54e-06, R_s=1.79e-06, active=29, sliding=397, activated=0, deactivated=0, stick→slide=0, slide→stick=0, comp(x=2.2e-06/55%,y=2.2e-06/55%,z=1.0e-06/25%,θx=2.0e-06/50%,θy=2.4e-07/6%,θz=1.1e-06/27%)
  [f_ref] Incr 164: f_ref=2.595e-01 (dynamic_ref), atol=6.92e-09
  Incr 164 (frac=0.3559), attempt 0 [C], ||R_t||/||f|| = 1.000e+00, ||R_r|| = 4.051e-03, ||R_w||/||f||=1.000e+00, active=30, R(x=1.3e-01/50%,y=2.3e-02/9%,z=2.2e-01/86%)
  Incr 164 (frac=0.3559), attempt 3, ||du||/||u|| = 6.728e-09 (disp converged, 30 active)
  [f_ref] Incr 165: f_ref=6.074e-01 (dynamic_ref), atol=5.62e-09
  Incr 165 (frac=0.3574), attempt 0 [C], ||R_t||/||f|| = 1.000e+00, ||R_r|| = 1.124e-02, ||R_w||/||f||=1.000e+00, active=29, R(x=3.1e-01/50%,y=5.4e-02/9%,z=5.2e-01/86%)
  Incr 165 (frac=0.3574), attempt 4, ||du||/||u|| = 5.199e-09 (disp converged, 30 active)
  [f_ref] Incr 166: f_ref=1.318e+00 (dynamic_ref), atol=5.76e-09
  Incr 166 (frac=0.3596), attempt 0 [C], ||R_t||/||f|| = 1.000e+00, ||R_r|| = 2.062e-02, ||R_w||/||f||=1.000e+00, active=28, R(x=6.7e-01/51%,y=1.2e-01/9%,z=1.1e+00/86%)
  Incr 166 (frac=0.3596), attempt 5 [E], ||R_t||/||f|| = 8.792e-06, ||R_r|| = 6.774e-06, ||R_w||/||f||=8.830e-06, rate=0.513, active=30, R(x=1.0e-05/76%,y=3.3e-06/24%,z=4.4e-06/33%)
  Incr 166 (frac=0.3596), attempt 6, ||du||/||u|| = 7.301e-09 (disp converged, 30 active)
  [f_ref] Incr 167: f_ref=1.361e+00 (dynamic_ref), atol=7.99e-09
  Incr 167 (frac=0.3618), attempt 0 [C], ||R_t||/||f|| = 1.000e+00, ||R_r|| = 2.917e-02, ||R_w||/||f||=1.000e+00, active=30, R(x=6.9e-01/51%,y=1.2e-01/9%,z=1.2e+00/86%)
  Incr 167 (frac=0.3618), attempt 5 [E], ||R_t||/||f|| = 3.980e-05, ||R_r|| = 3.406e-05, ||R_w||/||f||=4.000e-05, rate=0.623, active=31, R(x=4.9e-05/77%,y=1.6e-05/26%,z=1.6e-05/24%)
  Incr 167 (frac=0.3618), attempt 10 [D.div+E], ||R_t||/||f|| = 5.039e-05, ||R_r|| = 1.470e-05, ||R_w||/||f||=5.041e-05, rate=2.501, active=31, R(x=6.4e-05/92%,y=6.0e-06/9%,z=2.3e-05/32%)
  Incr 167 (frac=0.3618), 低残差チャタリング検知[E] → 接触凍結モード (att=15, ||R||/||f||=2.010e-05, R_c=2.95e-05, R_s=1.45e-05, cycle=1/5, active=31)
  Incr 167 (frac=0.3618), attempt 15 [E], ||R_t||/||f|| = 2.010e-05, ||R_r|| = 1.815e-05, ||R_w||/||f||=2.022e-05, rate=0.624, active=31, R(x=2.3e-05/69%,y=7.4e-06/23%,z=1.3e-05/41%)
============================================================
接線剛性FD方向診断（status-256）
============================================================
  ||du|| = 6.8188e-04
  ||R_u|| = 3.2836e-05
  ⚠ R_u vs compute_residual(u) 乖離: 1.0359e-07 (リラクゼーション/動的項の差異)
  ||R_base|| = 3.2907e-05
  ||R(u+eps*du)|| = 3.2907e-05
  方向有効性: ||R(u+eps*du)||/||R(u)|| = 1.000017
  ⚠ du方向で残差が増加 — Newton方向が無効
  FD方向微分 = 4.1148e-03
  解析方向微分 = -6.7756e-06
  全体系 K@du: FD vs 解析 相対誤差 = 1.0026e+00
  ⚠ 全体系で接線剛性不整合 — K_c自体が不正確
  全体系不整合DOF上位5件:
    dof=498 (node=83, comp=0): FD=4.8879e-03, analytical=-2.2819e-06, diff=4.8901e-03
    dof=488 (node=81, comp=2): FD=4.5761e-03, analytical=1.8944e-06, diff=4.5742e-03
    dof=494 (node=82, comp=2): FD=-4.4861e-03, analytical=4.8052e-06, diff=-4.4909e-03
    dof=986 (node=164, comp=2): FD=4.3502e-03, analytical=-1.1297e-08, diff=4.3502e-03
    dof=600 (node=100, comp=0): FD=-4.1608e-03, analytical=2.2422e-06, diff=-4.1630e-03
  comp別不整合: [x:1.15e-02(51%), y:2.72e-03(12%), z:1.90e-02(85%), θx:2.43e-04(1%), θy:1.51e-03(7%), θz:6.34e-05(0%)]
  接触DOF不整合: 1.06e-02 (384 DOFs), 構造DOF不整合: 1.98e-02 (1554 DOFs)
  活性DOF K@du: FD vs 解析 相対誤差 = 1.0015e+00 (384 DOFs)
  ⚠ 活性DOFで接線剛性不整合
  方向微分整合度: |FD-解析|/max = 1.0016e+00
------------------------------------------------------------
  f_c 単独FD検証（K_c精度）
  ||∂f_c/∂u·du (FD)|| = 7.0991e-05
  ||K_c @ du|| = 6.7794e-05
  f_c FD相対誤差 = 1.6994e+00
  ⚠ K_c自体が不正確（f_c単独で10%超の不整合）
  f_c comp別不整合: [x=1.1e-04/91%, y=6.9e-06/6%, z=5.0e-05/42%, θx=0.0e+00/0%, θy=0.0e+00/0%, θz=0.0e+00/0%]
  f_c不整合DOF上位5件:
    dof=498 (node=83, comp=0): FD=3.0218e-05, K_c=-2.9950e-05, diff=6.0168e-05
    dof=600 (node=100, comp=0): FD=-2.9952e-05, K_c=2.9687e-05, diff=-5.9639e-05
    dof=492 (node=82, comp=0): FD=2.5330e-05, K_c=-2.3149e-05, diff=4.8479e-05
    dof=594 (node=99, comp=0): FD=-2.3752e-05, K_c=2.3515e-05, diff=-4.7268e-05
    dof=500 (node=83, comp=2): FD=-1.3611e-05, K_c=1.4201e-05, diff=-2.7812e-05
============================================================
[K_c成分FD]
============================================================
K_c 成分分解 FD 診断（status-342）  [incr=167 att=15]
============================================================
  ||du|| = 6.8188e-04, eps = 1.00e-07
  ||dfc (FD)|| = 7.0378e-05
  ||K_mat@du|| = 3.4257e-05, ||K_geo@du|| = 4.2851e-08, ||K_st@du||  = 1.6990e-05
  ||K_c@du||   = 4.4658e-05
  寄与率: mat= 0.77, geo= 0.00, st= 0.38
------------------------------------------------------------
  組み合わせ別 FD 相対誤差（K_c = K_mat - K_geo + K_st 合意）:
    full     = 8.6740e-01
    mat_only = 8.4897e-01  (geo/st 除外)
    mat_geo  = 8.4936e-01  (st 除外)
    mat_st   = 8.6703e-01   (geo 除外)
  最良組み合わせ: mat_only (rel_err=8.4897e-01)
------------------------------------------------------------
  [    full] comp 別不整合: [x= 87.6%, y= 28.1%, z= 39.1%, tx=  0.0%, ty=  0.0%, tz=  0.0%]
  [mat_only] comp 別不整合: [x= 90.7%, y=  7.1%, z= 41.4%, tx=  0.0%, ty=  0.0%, tz=  0.0%]
  [ mat_geo] comp 別不整合: [x= 90.7%, y=  7.1%, z= 41.4%, tx=  0.0%, ty=  0.0%, tz=  0.0%]
  [  mat_st] comp 別不整合: [x= 87.6%, y= 28.1%, z= 39.1%, tx=  0.0%, ty=  0.0%, tz=  0.0%]
============================================================
============================================================
接線剛性FD方向診断（status-256）
============================================================
  ||du|| = 1.1668e-03
  ||R_u|| = 6.9411e-05
  ⚠ R_u vs compute_residual(u) 乖離: 3.8886e-05 (リラクゼーション/動的項の差異)
  ||R_base|| = 7.0241e-05
  ||R(u+eps*du)|| = 7.0241e-05
  方向有効性: ||R(u+eps*du)||/||R(u)|| = 1.000001
  ⚠ du方向で残差が増加 — Newton方向が無効
  FD方向微分 = -5.4030e-04
  解析方向微分 = 2.9419e-05
  全体系 K@du: FD vs 解析 相対誤差 = 1.0087e+00
  ⚠ 全体系で接線剛性不整合 — K_c自体が不正確
  全体系不整合DOF上位5件:
    dof=1190 (node=198, comp=2): FD=-4.2813e-03, analytical=-1.4348e-10, diff=-4.2813e-03
    dof=1826 (node=304, comp=2): FD=-4.0432e-03, analytical=1.4708e-10, diff=-4.0432e-03
    dof=182 (node=30, comp=2): FD=3.7034e-03, analytical=-1.6273e-09, diff=3.7034e-03
    dof=1100 (node=183, comp=2): FD=3.4226e-03, analytical=3.0649e-09, diff=3.4226e-03
    dof=1910 (node=318, comp=2): FD=-3.3905e-03, analytical=-9.2364e-10, diff=-3.3905e-03
  comp別不整合: [x:8.19e-03(44%), y:1.98e-03(11%), z:1.63e-02(88%), θx:4.23e-04(2%), θy:2.41e-03(13%), θz:5.90e-05(0%)]
  接触DOF不整合: 8.14e-03 (384 DOFs), 構造DOF不整合: 1.66e-02 (1554 DOFs)
  活性DOF K@du: FD vs 解析 相対誤差 = 1.0000e+00 (384 DOFs)
  ⚠ 活性DOFで接線剛性不整合
  方向微分整合度: |FD-解析|/max = 1.0545e+00
------------------------------------------------------------
  f_c 単独FD検証（K_c精度）
  ||∂f_c/∂u·du (FD)|| = 1.3967e-04
  ||K_c @ du|| = 2.3343e-05
  f_c FD相対誤差 = 1.0894e+00
  ⚠ K_c自体が不正確（f_c単独で10%超の不整合）
  f_c comp別不整合: [x=1.2e-04/80%, y=7.5e-05/49%, z=5.3e-05/35%, θx=0.0e+00/0%, θy=0.0e+00/0%, θz=0.0e+00/0%]
  f_c不整合DOF上位5件:
    dof=444 (node=74, comp=0): FD=-6.3873e-05, K_c=1.2290e-05, diff=-7.6163e-05
    dof=438 (node=73, comp=0): FD=-3.3113e-05, K_c=9.3013e-06, diff=-4.2414e-05
    dof=534 (node=89, comp=0): FD=3.2756e-05, K_c=-4.5037e-06, diff=3.7260e-05
    dof=1056 (node=176, comp=0): FD=3.4836e-05, K_c=-1.4340e-06, diff=3.6270e-05
    dof=446 (node=74, comp=2): FD=3.5347e-05, K_c=1.3251e-06, diff=3.4022e-05
============================================================
[K_c成分FD]
============================================================
K_c 成分分解 FD 診断（status-342）  [incr=167 att=16]
============================================================
  ||du|| = 1.1668e-03, eps = 1.00e-07
  ||dfc (FD)|| = 1.3979e-04
  ||K_mat@du|| = 1.2676e-04, ||K_geo@du|| = 1.2135e-07, ||K_st@du||  = 5.8074e-05
  ||K_c@du||   = 1.5702e-04
  寄与率: mat= 0.81, geo= 0.00, st= 0.37
------------------------------------------------------------
  組み合わせ別 FD 相対誤差（K_c = K_mat - K_geo + K_st 合意）:
    full     = 3.9654e-01
    mat_only = 2.1413e-01  (geo/st 除外)
    mat_geo  = 2.1480e-01  (st 除外)
    mat_st   = 3.9627e-01   (geo 除外)
  最良組み合わせ: mat_only (rel_err=2.1413e-01)
------------------------------------------------------------
  [    full] comp 別不整合: [x= 14.8%, y= 96.1%, z= 23.3%, tx=  0.0%, ty=  0.0%, tz=  0.0%]
  [mat_only] comp 別不整合: [x= 73.0%, y= 34.2%, z= 59.2%, tx=  0.0%, ty=  0.0%, tz=  0.0%]
  [ mat_geo] comp 別不整合: [x= 73.1%, y= 34.2%, z= 59.1%, tx=  0.0%, ty=  0.0%, tz=  0.0%]
  [  mat_st] comp 別不整合: [x= 14.8%, y= 96.1%, z= 23.3%, tx=  0.0%, ty=  0.0%, tz=  0.0%]
  ⚠ K_st 足し込みで rel_err が +1.8174e-01 悪化 — K_st が primary driver の可能性
  ⚠ K_geo 足し込みで rel_err が +1.8214e-01 悪化 — K_geo が primary driver の可能性
============================================================
============================================================
接線剛性FD方向診断（status-256）
============================================================
  ||du|| = 2.7999e-04
  ||R_u|| = 2.8610e-05
  ⚠ R_u vs compute_residual(u) 乖離: 1.0245e-04 (リラクゼーション/動的項の差異)
  ||R_base|| = 1.1603e-04
  ||R(u+eps*du)|| = 1.1603e-04
  方向有効性: ||R(u+eps*du)||/||R(u)|| = 1.000006
  ⚠ du方向で残差が増加 — Newton方向が無効
  FD方向微分 = -2.3942e-03
  解析方向微分 = 7.9345e-06
  全体系 K@du: FD vs 解析 相対誤差 = 1.0012e+00
  ⚠ 全体系で接線剛性不整合 — K_c自体が不正確
  全体系不整合DOF上位5件:
    dof=444 (node=74, comp=0): FD=-4.9045e-03, analytical=1.2342e-05, diff=-4.9168e-03
    dof=540 (node=90, comp=0): FD=4.7249e-03, analytical=-9.4236e-06, diff=4.7344e-03
    dof=908 (node=151, comp=2): FD=4.5068e-03, analytical=-9.1772e-09, diff=4.5068e-03
    dof=546 (node=91, comp=0): FD=4.3573e-03, analytical=-9.0436e-06, diff=4.3663e-03
    dof=438 (node=73, comp=0): FD=-4.0976e-03, analytical=9.3636e-06, diff=-4.1070e-03
  comp別不整合: [x:1.28e-02(54%), y:4.44e-03(19%), z:1.93e-02(82%), θx:1.82e-04(1%), θy:9.77e-04(4%), θz:4.42e-05(0%)]
  接触DOF不整合: 1.43e-02 (402 DOFs), 構造DOF不整合: 1.88e-02 (1536 DOFs)
  活性DOF K@du: FD vs 解析 相対誤差 = 1.0011e+00 (402 DOFs)
  ⚠ 活性DOFで接線剛性不整合
  方向微分整合度: |FD-解析|/max = 1.0033e+00
------------------------------------------------------------
  f_c 単独FD検証（K_c精度）
  ||∂f_c/∂u·du (FD)|| = 5.6665e-05
  ||K_c @ du|| = 8.1880e-06
  f_c FD相対誤差 = 1.0805e+00
  ⚠ K_c自体が不正確（f_c単独で10%超の不整合）
  f_c comp別不整合: [x=4.6e-05/75%, y=3.3e-05/53%, z=2.4e-05/39%, θx=0.0e+00/0%, θy=0.0e+00/0%, θz=0.0e+00/0%]
  f_c不整合DOF上位5件:
    dof=444 (node=74, comp=0): FD=2.3322e-05, K_c=-4.1652e-06, diff=2.7487e-05
    dof=534 (node=89, comp=0): FD=-1.4051e-05, K_c=2.0194e-06, diff=-1.6070e-05
    dof=446 (node=74, comp=2): FD=-1.4728e-05, K_c=8.2827e-07, diff=-1.5556e-05
    dof=438 (node=73, comp=0): FD=1.2178e-05, K_c=-3.2072e-06, diff=1.5385e-05
    dof=1056 (node=176, comp=0): FD=-1.3774e-05, K_c=5.1746e-07, diff=-1.4292e-05
============================================================
[K_c成分FD]
============================================================
K_c 成分分解 FD 診断（status-342）  [incr=167 att=17]
============================================================
  ||du|| = 2.7999e-04, eps = 1.00e-07
  ||dfc (FD)|| = 5.6934e-05
  ||K_mat@du|| = 5.2296e-05, ||K_geo@du|| = 4.2842e-08, ||K_st@du||  = 2.5728e-05
  ||K_c@du||   = 6.3604e-05
  寄与率: mat= 0.82, geo= 0.00, st= 0.40
------------------------------------------------------------
  組み合わせ別 FD 相対誤差（K_c = K_mat - K_geo + K_st 合意）:
    full     = 4.2535e-01
    mat_only = 2.0263e-01  (geo/st 除外)
    mat_geo  = 2.0312e-01  (st 除外)
    mat_st   = 4.2518e-01   (geo 除外)
  最良組み合わせ: mat_only (rel_err=2.0263e-01)
------------------------------------------------------------
  [    full] comp 別不整合: [x= 19.9%, y= 94.9%, z= 24.4%, tx=  0.0%, ty=  0.0%, tz=  0.0%]
  [mat_only] comp 別不整合: [x= 58.2%, y= 32.8%, z= 74.4%, tx=  0.0%, ty=  0.0%, tz=  0.0%]
  [ mat_geo] comp 別不整合: [x= 58.4%, y= 32.8%, z= 74.2%, tx=  0.0%, ty=  0.0%, tz=  0.0%]
  [  mat_st] comp 別不整合: [x= 20.0%, y= 94.9%, z= 24.4%, tx=  0.0%, ty=  0.0%, tz=  0.0%]
  ⚠ K_st 足し込みで rel_err が +2.2224e-01 悪化 — K_st が primary driver の可能性
  ⚠ K_geo 足し込みで rel_err が +2.2255e-01 悪化 — K_geo が primary driver の可能性
============================================================
============================================================
接線剛性FD方向診断（status-256）
============================================================
  ||du|| = 8.6503e-05
  ||R_u|| = 9.4328e-06
  ⚠ R_u vs compute_residual(u) 乖離: 4.5296e-05 (リラクゼーション/動的項の差異)
  ||R_base|| = 4.1769e-05
  ||R(u+eps*du)|| = 4.1769e-05
  方向有効性: ||R(u+eps*du)||/||R(u)|| = 0.999997
  ✓ du方向で残差が減少 — Newton方向は有効
  FD方向微分 = -1.0450e-03
  解析方向微分 = 2.5166e-06
  全体系 K@du: FD vs 解析 相対誤差 = 1.0003e+00
  ⚠ 全体系で接線剛性不整合 — K_c自体が不正確
  全体系不整合DOF上位5件:
    dof=1724 (node=287, comp=2): FD=-3.5983e-03, analytical=1.7937e-08, diff=-3.5983e-03
    dof=890 (node=148, comp=2): FD=-3.3870e-03, analytical=4.9411e-08, diff=-3.3870e-03
    dof=896 (node=149, comp=2): FD=3.1910e-03, analytical=9.1658e-08, diff=3.1909e-03
    dof=494 (node=82, comp=2): FD=2.9910e-03, analytical=6.6220e-07, diff=2.9904e-03
    dof=488 (node=81, comp=2): FD=-2.9618e-03, analytical=4.9987e-07, diff=-2.9623e-03
  comp別不整合: [x:7.60e-03(42%), y:1.87e-03(10%), z:1.62e-02(90%), θx:8.65e-05(0%), θy:4.09e-04(2%), θz:1.90e-05(0%)]
  接触DOF不整合: 1.00e-02 (402 DOFs), 構造DOF不整合: 1.49e-02 (1536 DOFs)
  活性DOF K@du: FD vs 解析 相対誤差 = 1.0003e+00 (402 DOFs)
  ⚠ 活性DOFで接線剛性不整合
  方向微分整合度: |FD-解析|/max = 1.0024e+00
------------------------------------------------------------
  f_c 単独FD検証（K_c精度）
  ||∂f_c/∂u·du (FD)|| = 1.9574e-05
  ||K_c @ du|| = 2.9890e-06
  f_c FD相対誤差 = 1.0846e+00
  ⚠ K_c自体が不正確（f_c単独で10%超の不整合）
  f_c comp別不整合: [x=1.6e-05/76%, y=1.2e-05/54%, z=7.6e-06/36%, θx=0.0e+00/0%, θy=0.0e+00/0%, θz=0.0e+00/0%]
  f_c不整合DOF上位5件:
    dof=444 (node=74, comp=0): FD=-8.0257e-06, K_c=1.5115e-06, diff=-9.5372e-06
    dof=534 (node=89, comp=0): FD=5.3125e-06, K_c=-7.7060e-07, diff=6.0831e-06
    dof=438 (node=73, comp=0): FD=-4.1096e-06, K_c=1.1539e-06, diff=-5.2636e-06
    dof=1056 (node=176, comp=0): FD=4.8308e-06, K_c=-1.7257e-07, diff=5.0034e-06
    dof=446 (node=74, comp=2): FD=4.7743e-06, K_c=-1.2396e-07, diff=4.8983e-06
============================================================
[K_c成分FD]
============================================================
K_c 成分分解 FD 診断（status-342）  [incr=167 att=18]
============================================================
  ||du|| = 8.6503e-05, eps = 1.00e-07
  ||dfc (FD)|| = 1.9689e-05
  ||K_mat@du|| = 1.8014e-05, ||K_geo@du|| = 1.4427e-08, ||K_st@du||  = 9.0371e-06
  ||K_c@du||   = 2.1293e-05
  寄与率: mat= 0.85, geo= 0.00, st= 0.42
------------------------------------------------------------
  組み合わせ別 FD 相対誤差（K_c = K_mat - K_geo + K_st 合意）:
    full     = 4.4453e-01
    mat_only = 2.0249e-01  (geo/st 除外)
    mat_geo  = 2.0302e-01  (st 除外)
    mat_st   = 4.4432e-01   (geo 除外)
  最良組み合わせ: mat_only (rel_err=2.0249e-01)
------------------------------------------------------------
  [    full] comp 別不整合: [x= 20.0%, y= 95.2%, z= 23.2%, tx=  0.0%, ty=  0.0%, tz=  0.0%]
  [mat_only] comp 別不整合: [x= 64.7%, y= 32.8%, z= 68.8%, tx=  0.0%, ty=  0.0%, tz=  0.0%]
  [ mat_geo] comp 別不整合: [x= 64.9%, y= 32.8%, z= 68.7%, tx=  0.0%, ty=  0.0%, tz=  0.0%]
  [  mat_st] comp 別不整合: [x= 20.0%, y= 95.2%, z= 23.2%, tx=  0.0%, ty=  0.0%, tz=  0.0%]
  ⚠ K_st 足し込みで rel_err が +2.4151e-01 悪化 — K_st が primary driver の可能性
  ⚠ K_geo 足し込みで rel_err が +2.4183e-01 悪化 — K_geo が primary driver の可能性
============================================================
============================================================
接線剛性FD方向診断（status-256）
============================================================
  ||du|| = 8.2672e-05
  ||R_u|| = 9.0405e-06
  ⚠ R_u vs compute_residual(u) 乖離: 4.5889e-05 (リラクゼーション/動的項の差異)
  ||R_base|| = 4.2464e-05
  ||R(u+eps*du)|| = 4.2464e-05
  方向有効性: ||R(u+eps*du)||/||R(u)|| = 1.000000
  ⚠ du方向で残差が増加 — Newton方向が無効
  FD方向微分 = 1.7648e-05
  解析方向微分 = 2.4097e-06
  全体系 K@du: FD vs 解析 相対誤差 = 1.0001e+00
  ⚠ 全体系で接線剛性不整合 — K_c自体が不正確
  全体系不整合DOF上位5件:
    dof=1826 (node=304, comp=2): FD=-3.9172e-03, analytical=-4.8405e-10, diff=-3.9172e-03
    dof=392 (node=65, comp=2): FD=3.7262e-03, analytical=8.2378e-11, diff=3.7262e-03
    dof=476 (node=79, comp=2): FD=-3.7202e-03, analytical=-2.1304e-09, diff=-3.7202e-03
    dof=890 (node=148, comp=2): FD=-3.5079e-03, analytical=4.7331e-08, diff=-3.5080e-03
    dof=188 (node=31, comp=2): FD=3.4102e-03, analytical=4.1737e-10, diff=3.4102e-03
  comp別不整合: [x:6.90e-03(39%), y:1.19e-03(7%), z:1.63e-02(92%), θx:8.33e-05(0%), θy:4.17e-04(2%), θz:1.73e-05(0%)]
  接触DOF不整合: 9.64e-03 (402 DOFs), 構造DOF不整合: 1.49e-02 (1536 DOFs)
  活性DOF K@du: FD vs 解析 相対誤差 = 1.0000e+00 (402 DOFs)
  ⚠ 活性DOFで接線剛性不整合
  方向微分整合度: |FD-解析|/max = 8.6346e-01
------------------------------------------------------------
  f_c 単独FD検証（K_c精度）
  ||∂f_c/∂u·du (FD)|| = 1.8769e-05
  ||K_c @ du|| = 2.8550e-06
  f_c FD相対誤差 = 1.0854e+00
  ⚠ K_c自体が不正確（f_c単独で10%超の不整合）
  f_c comp別不整合: [x=1.6e-05/76%, y=1.1e-05/54%, z=7.3e-06/36%, θx=0.0e+00/0%, θy=0.0e+00/0%, θz=0.0e+00/0%]
  f_c不整合DOF上位5件:
    dof=444 (node=74, comp=0): FD=-7.7495e-06, K_c=1.4442e-06, diff=-9.1936e-06
    dof=534 (node=89, comp=0): FD=5.1063e-06, K_c=-7.3671e-07, diff=5.8430e-06
    dof=438 (node=73, comp=0): FD=-4.0068e-06, K_c=1.1026e-06, diff=-5.1095e-06
    dof=1056 (node=176, comp=0): FD=4.5932e-06, K_c=-1.6488e-07, diff=4.7581e-06
    dof=446 (node=74, comp=2): FD=4.5528e-06, K_c=-1.1907e-07, diff=4.6718e-06
============================================================
[K_c成分FD]
============================================================
K_c 成分分解 FD 診断（status-342）  [incr=167 att=19]
============================================================
  ||du|| = 8.2672e-05, eps = 1.00e-07
  ||dfc (FD)|| = 1.8768e-05
  ||K_mat@du|| = 1.7223e-05, ||K_geo@du|| = 1.3792e-08, ||K_st@du||  = 8.6438e-06
  ||K_c@du||   = 2.0357e-05
  寄与率: mat= 0.85, geo= 0.00, st= 0.42
------------------------------------------------------------
  組み合わせ別 FD 相対誤差（K_c = K_mat - K_geo + K_st 合意）:
    full     = 4.4520e-01
    mat_only = 2.0166e-01  (geo/st 除外)
    mat_geo  = 2.0218e-01  (st 除外)
    mat_st   = 4.4500e-01   (geo 除外)
  最良組み合わせ: mat_only (rel_err=2.0166e-01)
------------------------------------------------------------
  [    full] comp 別不整合: [x= 20.1%, y= 95.2%, z= 22.9%, tx=  0.0%, ty=  0.0%, tz=  0.0%]
  [mat_only] comp 別不整合: [x= 64.4%, y= 33.9%, z= 68.6%, tx=  0.0%, ty=  0.0%, tz=  0.0%]
  [ mat_geo] comp 別不整合: [x= 64.6%, y= 33.9%, z= 68.4%, tx=  0.0%, ty=  0.0%, tz=  0.0%]
  [  mat_st] comp 別不整合: [x= 20.1%, y= 95.2%, z= 22.9%, tx=  0.0%, ty=  0.0%, tz=  0.0%]
  ⚠ K_st 足し込みで rel_err が +2.4302e-01 悪化 — K_st が primary driver の可能性
  ⚠ K_geo 足し込みで rel_err が +2.4334e-01 悪化 — K_geo が primary driver の可能性
============================================================
  Incr 167 (frac=0.3618), attempt 20 [D.stall+E], ||R_t||/||f|| = 5.528e-06, ||R_r|| = 4.296e-06, ||R_w||/||f||=5.551e-06, rate=0.958, active=31, R(x=6.9e-06/80%,y=2.3e-06/27%,z=1.8e-06/21%)
============================================================
接線剛性FD方向診断（status-256）
============================================================
  ||du|| = 7.9017e-05
  ||R_u|| = 8.6648e-06
  ⚠ R_u vs compute_residual(u) 乖離: 4.6456e-05 (リラクゼーション/動的項の差異)
  ||R_base|| = 4.3134e-05
  ||R(u+eps*du)|| = 4.3134e-05
  方向有効性: ||R(u+eps*du)||/||R(u)|| = 1.000000
  ✓ du方向で残差が減少 — Newton方向は有効
  FD方向微分 = 1.6866e-05
  解析方向微分 = 2.3074e-06
  全体系 K@du: FD vs 解析 相対誤差 = 1.0001e+00
  ⚠ 全体系で接線剛性不整合 — K_c自体が不正確
  全体系不整合DOF上位5件:
    dof=398 (node=66, comp=2): FD=-3.9329e-03, analytical=8.7411e-09, diff=-3.9329e-03
    dof=1202 (node=200, comp=2): FD=-3.7874e-03, analytical=7.0465e-11, diff=-3.7874e-03
    dof=380 (node=63, comp=2): FD=-3.7782e-03, analytical=-3.5318e-10, diff=-3.7782e-03
    dof=1814 (node=302, comp=2): FD=-3.7323e-03, analytical=2.6314e-10, diff=-3.7323e-03
    dof=1808 (node=301, comp=2): FD=3.7173e-03, analytical=8.0532e-11, diff=3.7173e-03
  comp別不整合: [x:7.95e-03(39%), y:1.41e-03(7%), z:1.87e-02(92%), θx:8.39e-05(0%), θy:4.02e-04(2%), θz:1.66e-05(0%)]
  接触DOF不整合: 9.36e-03 (402 DOFs), 構造DOF不整合: 1.81e-02 (1536 DOFs)
  活性DOF K@du: FD vs 解析 相対誤差 = 9.9999e-01 (402 DOFs)
  ⚠ 活性DOFで接線剛性不整合
  方向微分整合度: |FD-解析|/max = 8.6319e-01
------------------------------------------------------------
  f_c 単独FD検証（K_c精度）
  ||∂f_c/∂u·du (FD)|| = 1.8000e-05
  ||K_c @ du|| = 2.7282e-06
  f_c FD相対誤差 = 1.0851e+00
  ⚠ K_c自体が不正確（f_c単独で10%超の不整合）
  f_c comp別不整合: [x=1.5e-05/76%, y=1.1e-05/54%, z=7.0e-06/36%, θx=0.0e+00/0%, θy=0.0e+00/0%, θz=0.0e+00/0%]
  f_c不整合DOF上位5件:
    dof=444 (node=74, comp=0): FD=-7.4579e-06, K_c=1.3804e-06, diff=-8.8383e-06
    dof=534 (node=89, comp=0): FD=4.8792e-06, K_c=-7.0444e-07, diff=5.5836e-06
    dof=438 (node=73, comp=0): FD=-3.8375e-06, K_c=1.0540e-06, diff=-4.8915e-06
    dof=1056 (node=176, comp=0): FD=4.4321e-06, K_c=-1.5757e-07, diff=4.5897e-06
    dof=446 (node=74, comp=2): FD=4.3891e-06, K_c=-1.1554e-07, diff=4.5046e-06
============================================================
[K_c成分FD]
============================================================
K_c 成分分解 FD 診断（status-342）  [incr=167 att=20]
============================================================
  ||du|| = 7.9017e-05, eps = 1.00e-07
  ||dfc (FD)|| = 1.7999e-05
  ||K_mat@du|| = 1.6470e-05, ||K_geo@du|| = 1.3186e-08, ||K_st@du||  = 8.2690e-06
  ||K_c@du||   = 1.9465e-05
  寄与率: mat= 0.85, geo= 0.00, st= 0.42
------------------------------------------------------------
  組み合わせ別 FD 相対誤差（K_c = K_mat - K_geo + K_st 合意）:
    full     = 4.4627e-01
    mat_only = 2.0290e-01  (geo/st 除外)
    mat_geo  = 2.0343e-01  (st 除外)
    mat_st   = 4.4607e-01   (geo 除外)
  最良組み合わせ: mat_only (rel_err=2.0290e-01)
------------------------------------------------------------
  [    full] comp 別不整合: [x= 20.0%, y= 95.2%, z= 23.2%, tx=  0.0%, ty=  0.0%, tz=  0.0%]
  [mat_only] comp 別不整合: [x= 64.4%, y= 33.2%, z= 68.9%, tx=  0.0%, ty=  0.0%, tz=  0.0%]
  [ mat_geo] comp 別不整合: [x= 64.5%, y= 33.2%, z= 68.8%, tx=  0.0%, ty=  0.0%, tz=  0.0%]
  [  mat_st] comp 別不整合: [x= 20.0%, y= 95.2%, z= 23.2%, tx=  0.0%, ty=  0.0%, tz=  0.0%]
  ⚠ K_st 足し込みで rel_err が +2.4285e-01 悪化 — K_st が primary driver の可能性
  ⚠ K_geo 足し込みで rel_err が +2.4316e-01 悪化 — K_geo が primary driver の可能性
============================================================
============================================================
接線剛性FD方向診断（status-256）
============================================================
  ||du|| = 7.5533e-05
  ||R_u|| = 8.3049e-06
  ⚠ R_u vs compute_residual(u) 乖離: 4.6999e-05 (リラクゼーション/動的項の差異)
  ||R_base|| = 4.3781e-05
  ||R(u+eps*du)|| = 4.3781e-05
  方向有効性: ||R(u+eps*du)||/||R(u)|| = 0.999999
  ✓ du方向で残差が減少 — Newton方向は有効
  FD方向微分 = 1.6135e-05
  解析方向微分 = 2.2095e-06
  全体系 K@du: FD vs 解析 相対誤差 = 1.0001e+00
  ⚠ 全体系で接線剛性不整合 — K_c自体が不正確
  全体系不整合DOF上位5件:
    dof=374 (node=62, comp=2): FD=4.1966e-03, analytical=2.6738e-10, diff=4.1966e-03
    dof=392 (node=65, comp=2): FD=3.8571e-03, analytical=-3.7694e-11, diff=3.8571e-03
    dof=986 (node=164, comp=2): FD=3.6994e-03, analytical=-2.0448e-09, diff=3.6994e-03
    dof=704 (node=117, comp=2): FD=-3.6748e-03, analytical=-1.4224e-08, diff=-3.6747e-03
    dof=398 (node=66, comp=2): FD=-3.6730e-03, analytical=8.4580e-09, diff=-3.6730e-03
  comp別不整合: [x:9.03e-03(43%), y:1.37e-03(6%), z:1.92e-02(90%), θx:8.42e-05(0%), θy:4.06e-04(2%), θz:1.65e-05(0%)]
  接触DOF不整合: 8.07e-03 (402 DOFs), 構造DOF不整合: 1.96e-02 (1536 DOFs)
  活性DOF K@du: FD vs 解析 相対誤差 = 9.9999e-01 (402 DOFs)
  ⚠ 活性DOFで接線剛性不整合
  方向微分整合度: |FD-解析|/max = 8.6306e-01
------------------------------------------------------------
  f_c 単独FD検証（K_c精度）
  ||∂f_c/∂u·du (FD)|| = 1.7223e-05
  ||K_c @ du|| = 2.6073e-06
  f_c FD相対誤差 = 1.0850e+00
  ⚠ K_c自体が不正確（f_c単独で10%超の不整合）
  f_c comp別不整合: [x=1.4e-05/76%, y=1.0e-05/54%, z=6.7e-06/36%, θx=0.0e+00/0%, θy=0.0e+00/0%, θz=0.0e+00/0%]
  f_c不整合DOF上位5件:
    dof=444 (node=74, comp=0): FD=-7.1325e-06, K_c=1.3196e-06, diff=-8.4521e-06
    dof=534 (node=89, comp=0): FD=4.6575e-06, K_c=-6.7361e-07, diff=5.3311e-06
    dof=438 (node=73, comp=0): FD=-3.6635e-06, K_c=1.0077e-06, diff=-4.6712e-06
    dof=1056 (node=176, comp=0): FD=4.2426e-06, K_c=-1.5060e-07, diff=4.3932e-06
    dof=446 (node=74, comp=2): FD=4.1994e-06, K_c=-1.1202e-07, diff=4.3114e-06
============================================================
[K_c成分FD]
============================================================
K_c 成分分解 FD 診断（status-342）  [incr=167 att=21]
============================================================
  ||du|| = 7.5533e-05, eps = 1.00e-07
  ||dfc (FD)|| = 1.7222e-05
  ||K_mat@du|| = 1.5750e-05, ||K_geo@du|| = 1.2608e-08, ||K_st@du||  = 7.9108e-06
  ||K_c@du||   = 1.8614e-05
  寄与率: mat= 0.85, geo= 0.00, st= 0.42
------------------------------------------------------------
  組み合わせ別 FD 相対誤差（K_c = K_mat - K_geo + K_st 合意）:
    full     = 4.4475e-01
    mat_only = 2.0271e-01  (geo/st 除外)
    mat_geo  = 2.0324e-01  (st 除外)
    mat_st   = 4.4454e-01   (geo 除外)
  最良組み合わせ: mat_only (rel_err=2.0271e-01)
------------------------------------------------------------
  [    full] comp 別不整合: [x= 19.7%, y= 95.3%, z= 23.2%, tx=  0.0%, ty=  0.0%, tz=  0.0%]
  [mat_only] comp 別不整合: [x= 64.5%, y= 32.9%, z= 69.0%, tx=  0.0%, ty=  0.0%, tz=  0.0%]
  [ mat_geo] comp 別不整合: [x= 64.7%, y= 32.9%, z= 68.8%, tx=  0.0%, ty=  0.0%, tz=  0.0%]
  [  mat_st] comp 別不整合: [x= 19.8%, y= 95.3%, z= 23.2%, tx=  0.0%, ty=  0.0%, tz=  0.0%]
  ⚠ K_st 足し込みで rel_err が +2.4151e-01 悪化 — K_st が primary driver の可能性
  ⚠ K_geo 足し込みで rel_err が +2.4182e-01 悪化 — K_geo が primary driver の可能性
============================================================
============================================================
接線剛性FD方向診断（status-256）
============================================================
  ||du|| = 7.2209e-05
  ||R_u|| = 7.9603e-06
  ⚠ R_u vs compute_residual(u) 乖離: 4.7519e-05 (リラクゼーション/動的項の差異)
  ||R_base|| = 4.4403e-05
  ||R(u+eps*du)|| = 4.4403e-05
  方向有効性: ||R(u+eps*du)||/||R(u)|| = 1.000000
  ⚠ du方向で残差が増加 — Newton方向が無効
  FD方向微分 = 1.5423e-05
  解析方向微分 = 2.1157e-06
  全体系 K@du: FD vs 解析 相対誤差 = 1.0001e+00
  ⚠ 全体系で接線剛性不整合 — K_c自体が不正確
  全体系不整合DOF上位5件:
    dof=380 (node=63, comp=2): FD=-4.1812e-03, analytical=-6.8211e-11, diff=-4.1812e-03
    dof=1724 (node=287, comp=2): FD=-3.8643e-03, analytical=1.4676e-08, diff=-3.8643e-03
    dof=1094 (node=182, comp=2): FD=3.8195e-03, analytical=6.3114e-11, diff=3.8195e-03
    dof=1100 (node=183, comp=2): FD=-3.6639e-03, analytical=-4.6051e-10, diff=-3.6639e-03
    dof=1106 (node=184, comp=2): FD=3.6566e-03, analytical=-6.2205e-13, diff=3.6566e-03
  comp別不整合: [x:8.49e-03(41%), y:1.53e-03(7%), z:1.91e-02(91%), θx:8.37e-05(0%), θy:4.41e-04(2%), θz:1.56e-05(0%)]
  接触DOF不整合: 7.52e-03 (402 DOFs), 構造DOF不整合: 1.96e-02 (1536 DOFs)
  活性DOF K@du: FD vs 解析 相対誤差 = 1.0000e+00 (402 DOFs)
  ⚠ 活性DOFで接線剛性不整合
  方向微分整合度: |FD-解析|/max = 8.6282e-01
------------------------------------------------------------
  f_c 単独FD検証（K_c精度）
  ||∂f_c/∂u·du (FD)|| = 1.6455e-05
  ||K_c @ du|| = 2.4921e-06
  f_c FD相対誤差 = 1.0851e+00
  ⚠ K_c自体が不正確（f_c単独で10%超の不整合）
  f_c comp別不整合: [x=1.4e-05/76%, y=9.6e-06/54%, z=6.4e-06/36%, θx=0.0e+00/0%, θy=0.0e+00/0%, θz=0.0e+00/0%]
  f_c不整合DOF上位5件:
    dof=444 (node=74, comp=0): FD=-6.8124e-06, K_c=1.2615e-06, diff=-8.0739e-06
    dof=534 (node=89, comp=0): FD=4.4549e-06, K_c=-6.4416e-07, diff=5.0991e-06
    dof=438 (node=73, comp=0): FD=-3.5060e-06, K_c=9.6341e-07, diff=-4.4694e-06
    dof=1056 (node=176, comp=0): FD=4.0424e-06, K_c=-1.4396e-07, diff=4.1863e-06
    dof=446 (node=74, comp=2): FD=4.0148e-06, K_c=-1.0854e-07, diff=4.1234e-06
============================================================
[K_c成分FD]
============================================================
K_c 成分分解 FD 診断（status-342）  [incr=167 att=22]
============================================================
  ||du|| = 7.2209e-05, eps = 1.00e-07
  ||dfc (FD)|| = 1.6454e-05
  ||K_mat@du|| = 1.5063e-05, ||K_geo@du|| = 1.2056e-08, ||K_st@du||  = 7.5685e-06
  ||K_c@du||   = 1.7801e-05
  寄与率: mat= 0.85, geo= 0.00, st= 0.43
------------------------------------------------------------
  組み合わせ別 FD 相対誤差（K_c = K_mat - K_geo + K_st 合意）:
    full     = 4.4225e-01
    mat_only = 2.0252e-01  (geo/st 除外)
    mat_geo  = 2.0304e-01  (st 除外)
    mat_st   = 4.4205e-01   (geo 除外)
  最良組み合わせ: mat_only (rel_err=2.0252e-01)
------------------------------------------------------------
  [    full] comp 別不整合: [x= 19.7%, y= 95.3%, z= 23.1%, tx=  0.0%, ty=  0.0%, tz=  0.0%]
  [mat_only] comp 別不整合: [x= 64.8%, y= 32.0%, z= 69.1%, tx=  0.0%, ty=  0.0%, tz=  0.0%]
  [ mat_geo] comp 別不整合: [x= 65.0%, y= 32.1%, z= 68.9%, tx=  0.0%, ty=  0.0%, tz=  0.0%]
  [  mat_st] comp 別不整合: [x= 19.8%, y= 95.3%, z= 23.2%, tx=  0.0%, ty=  0.0%, tz=  0.0%]
  ⚠ K_st 足し込みで rel_err が +2.3921e-01 悪化 — K_st が primary driver の可能性
  ⚠ K_geo 足し込みで rel_err が +2.3953e-01 悪化 — K_geo が primary driver の可能性
============================================================
  Incr 167 (frac=0.3618), attempt 22, 凍結解除(disp)→再凍結 ||R_t||/||f||=3.294e-05 (cycle=2)
============================================================
接線剛性FD方向診断（status-256）
============================================================
  ||du|| = 4.7242e-04
  ||R_u|| = 4.5003e-05
  ⚠ R_u vs compute_residual(u) 乖離: 5.2613e-10 (リラクゼーション/動的項の差異)
  ||R_base|| = 4.5003e-05
  ||R(u+eps*du)|| = 4.5003e-05
  方向有効性: ||R(u+eps*du)||/||R(u)|| = 1.000000
  ✓ du方向で残差が減少 — Newton方向は有効
  FD方向微分 = 4.5155e-05
  解析方向微分 = 1.2863e-05
  全体系 K@du: FD vs 解析 相対誤差 = 1.0032e+00
  ⚠ 全体系で接線剛性不整合 — K_c自体が不正確
  全体系不整合DOF上位5件:
    dof=86 (node=14, comp=2): FD=3.6303e-03, analytical=3.2766e-10, diff=3.6303e-03
    dof=1112 (node=185, comp=2): FD=-3.4088e-03, analytical=-3.5835e-08, diff=-3.4088e-03
    dof=1700 (node=283, comp=2): FD=-3.1392e-03, analytical=-1.9030e-10, diff=-3.1392e-03
    dof=458 (node=76, comp=2): FD=2.9226e-03, analytical=-1.8852e-06, diff=2.9245e-03
    dof=1802 (node=300, comp=2): FD=-2.5698e-03, analytical=1.3399e-11, diff=-2.5698e-03
  comp別不整合: [x:7.21e-03(41%), y:1.27e-03(7%), z:1.60e-02(91%), θx:4.03e-04(2%), θy:1.38e-03(8%), θz:5.05e-05(0%)]
  接触DOF不整合: 7.64e-03 (402 DOFs), 構造DOF不整合: 1.59e-02 (1536 DOFs)
  活性DOF K@du: FD vs 解析 相対誤差 = 9.9995e-01 (402 DOFs)
  ⚠ 活性DOFで接線剛性不整合
  方向微分整合度: |FD-解析|/max = 7.1513e-01
------------------------------------------------------------
  f_c 単独FD検証（K_c精度）
  ||∂f_c/∂u·du (FD)|| = 1.2978e-04
  ||K_c @ du|| = 1.2664e-05
  f_c FD相対誤差 = 1.0472e+00
  ⚠ K_c自体が不正確（f_c単独で10%超の不整合）
  f_c comp別不整合: [x=9.5e-05/70%, y=8.1e-05/60%, z=5.3e-05/39%, θx=0.0e+00/0%, θy=0.0e+00/0%, θz=0.0e+00/0%]
  f_c不整合DOF上位5件:
    dof=444 (node=74, comp=0): FD=5.6121e-05, K_c=-6.7028e-06, diff=6.2824e-05
    dof=1056 (node=176, comp=0): FD=-3.5561e-05, K_c=9.1549e-07, diff=-3.6476e-05
    dof=446 (node=74, comp=2): FD=-3.5372e-05, K_c=5.4431e-07, diff=-3.5917e-05
    dof=1057 (node=176, comp=1): FD=3.5989e-05, K_c=8.1577e-07, diff=3.5173e-05
    dof=949 (node=158, comp=1): FD=3.3424e-05, K_c=4.7712e-07, diff=3.2947e-05
============================================================
[K_c成分FD]
============================================================
K_c 成分分解 FD 診断（status-342）  [incr=167 att=23]
============================================================
  ||du|| = 4.7242e-04, eps = 1.00e-07
  ||dfc (FD)|| = 1.2978e-04
  ||K_mat@du|| = 1.2181e-04, ||K_geo@du|| = 6.4018e-08, ||K_st@du||  = 3.5029e-05
  ||K_c@du||   = 1.3975e-04
  寄与率: mat= 0.87, geo= 0.00, st= 0.25
------------------------------------------------------------
  組み合わせ別 FD 相対誤差（K_c = K_mat - K_geo + K_st 合意）:
    full     = 2.8097e-01
    mat_only = 1.7651e-01  (geo/st 除外)
    mat_geo  = 1.7679e-01  (st 除外)
    mat_st   = 2.8086e-01   (geo 除外)
  最良組み合わせ: mat_only (rel_err=1.7651e-01)
------------------------------------------------------------
  [    full] comp 別不整合: [x= 19.5%, y= 89.0%, z= 41.2%, tx=  0.0%, ty=  0.0%, tz=  0.0%]
  [mat_only] comp 別不整合: [x= 51.2%, y= 28.4%, z= 81.1%, tx=  0.0%, ty=  0.0%, tz=  0.0%]
  [ mat_geo] comp 別不整合: [x= 51.3%, y= 28.4%, z= 81.0%, tx=  0.0%, ty=  0.0%, tz=  0.0%]
  [  mat_st] comp 別不整合: [x= 19.5%, y= 89.0%, z= 41.2%, tx=  0.0%, ty=  0.0%, tz=  0.0%]
  ⚠ K_st 足し込みで rel_err が +1.0418e-01 悪化 — K_st が primary driver の可能性
  ⚠ K_geo 足し込みで rel_err が +1.0435e-01 悪化 — K_geo が primary driver の可能性
============================================================
  [Type D対策] FD診断: Newton方向精度不良 (dir_ratio=1.000), NR上限拡張→38
============================================================
接線剛性FD方向診断（status-256）
============================================================
  ||du|| = 1.7104e-04
  ||R_u|| = 1.6646e-05
  ⚠ R_u vs compute_residual(u) 乖離: 1.3401e-04 (リラクゼーション/動的項の差異)
  ||R_base|| = 1.4076e-04
  ||R(u+eps*du)|| = 1.4076e-04
  方向有効性: ||R(u+eps*du)||/||R(u)|| = 1.000003
  ⚠ du方向で残差が増加 — Newton方向が無効
  FD方向微分 = -1.9599e-03
  解析方向微分 = 3.7809e-06
  全体系 K@du: FD vs 解析 相対誤差 = 1.0004e+00
  ⚠ 全体系で接線剛性不整合 — K_c自体が不正確
  全体系不整合DOF上位5件:
    dof=584 (node=97, comp=2): FD=4.3256e-03, analytical=-8.4618e-09, diff=4.3256e-03
    dof=1520 (node=253, comp=2): FD=-3.8305e-03, analytical=-7.3759e-11, diff=-3.8305e-03
    dof=1700 (node=283, comp=2): FD=3.7955e-03, analytical=3.5489e-10, diff=3.7955e-03
    dof=578 (node=96, comp=2): FD=-3.7047e-03, analytical=5.6476e-08, diff=-3.7047e-03
    dof=1310 (node=218, comp=2): FD=-3.6278e-03, analytical=-8.2693e-09, diff=-3.6278e-03
  comp別不整合: [x:1.08e-02(47%), y:2.98e-03(13%), z:2.03e-02(88%), θx:1.22e-04(1%), θy:6.46e-04(3%), θz:2.54e-05(0%)]
  接触DOF不整合: 1.15e-02 (402 DOFs), 構造DOF不整合: 2.01e-02 (1536 DOFs)
  活性DOF K@du: FD vs 解析 相対誤差 = 1.0006e+00 (402 DOFs)
  ⚠ 活性DOFで接線剛性不整合
  方向微分整合度: |FD-解析|/max = 1.0019e+00
------------------------------------------------------------
  f_c 単独FD検証（K_c精度）
  ||∂f_c/∂u·du (FD)|| = 3.9325e-05
  ||K_c @ du|| = 6.6800e-06
  f_c FD相対誤差 = 1.0878e+00
  ⚠ K_c自体が不正確（f_c単独で10%超の不整合）
  f_c comp別不整合: [x=3.3e-05/77%, y=2.3e-05/53%, z=1.5e-05/36%, θx=0.0e+00/0%, θy=0.0e+00/0%, θz=0.0e+00/0%]
  f_c不整合DOF上位5件:
    dof=444 (node=74, comp=0): FD=-1.7317e-05, K_c=3.0948e-06, diff=-2.0412e-05
    dof=438 (node=73, comp=0): FD=-8.6464e-06, K_c=2.3136e-06, diff=-1.0960e-05
    dof=1056 (node=176, comp=0): FD=1.0554e-05, K_c=-3.9764e-07, diff=1.0951e-05
    dof=534 (node=89, comp=0): FD=9.4380e-06, K_c=-1.3502e-06, diff=1.0788e-05
    dof=1057 (node=176, comp=1): FD=-1.0327e-05, K_c=-3.4719e-07, diff=-9.9794e-06
============================================================
[K_c成分FD]
============================================================
K_c 成分分解 FD 診断（status-342）  [incr=167 att=24]
============================================================
  ||du|| = 1.7104e-04, eps = 1.00e-07
  ||dfc (FD)|| = 3.9541e-05
  ||K_mat@du|| = 3.6074e-05, ||K_geo@du|| = 2.8654e-08, ||K_st@du||  = 1.6382e-05
  ||K_c@du||   = 4.2237e-05
  寄与率: mat= 0.85, geo= 0.00, st= 0.39
------------------------------------------------------------
  組み合わせ別 FD 相対誤差（K_c = K_mat - K_geo + K_st 合意）:
    full     = 4.1329e-01
    mat_only = 2.1325e-01  (geo/st 除外)
    mat_geo  = 2.1376e-01  (st 除外)
    mat_st   = 4.1307e-01   (geo 除外)
  最良組み合わせ: mat_only (rel_err=2.1325e-01)
------------------------------------------------------------
  [    full] comp 別不整合: [x= 22.2%, y= 93.4%, z= 28.0%, tx=  0.0%, ty=  0.0%, tz=  0.0%]
  [mat_only] comp 別不整合: [x= 69.0%, y= 29.7%, z= 66.0%, tx=  0.0%, ty=  0.0%, tz=  0.0%]
  [ mat_geo] comp 別不整合: [x= 69.1%, y= 29.7%, z= 65.8%, tx=  0.0%, ty=  0.0%, tz=  0.0%]
  [  mat_st] comp 別不整合: [x= 22.2%, y= 93.4%, z= 28.0%, tx=  0.0%, ty=  0.0%, tz=  0.0%]
  ⚠ K_st 足し込みで rel_err が +1.9953e-01 悪化 — K_st が primary driver の可能性
  ⚠ K_geo 足し込みで rel_err が +1.9982e-01 悪化 — K_geo が primary driver の可能性
============================================================
  Incr 167 (frac=0.3618), attempt 25 [E], ||R_t||/||f|| = 4.910e-06, ||R_r|| = 1.554e-06, ||R_w||/||f||=4.913e-06, rate=0.527, active=31, R(x=6.0e-06/87%,y=1.5e-06/22%,z=2.6e-06/38%)
============================================================
接線剛性FD方向診断（status-256）
============================================================
  ||du|| = 8.1721e-05
  ||R_u|| = 6.8615e-06
  ⚠ R_u vs compute_residual(u) 乖離: 9.7704e-05 (リラクゼーション/動的項の差異)
  ||R_base|| = 9.5750e-05
  ||R(u+eps*du)|| = 9.5750e-05
  方向有効性: ||R(u+eps*du)||/||R(u)|| = 0.999998
  ✓ du方向で残差が減少 — Newton方向は有効
  FD方向微分 = 4.4693e-03
  解析方向微分 = -1.3316e-06
  全体系 K@du: FD vs 解析 相対誤差 = 1.0002e+00
  ⚠ 全体系で接線剛性不整合 — K_c自体が不正確
  全体系不整合DOF上位5件:
    dof=380 (node=63, comp=2): FD=4.0451e-03, analytical=2.0979e-10, diff=4.0451e-03
    dof=594 (node=99, comp=0): FD=3.7207e-03, analytical=-1.0051e-06, diff=3.7218e-03
    dof=600 (node=100, comp=0): FD=3.4864e-03, analytical=-1.2659e-06, diff=3.4876e-03
    dof=1106 (node=184, comp=2): FD=3.4122e-03, analytical=4.2801e-10, diff=3.4122e-03
    dof=896 (node=149, comp=2): FD=-3.3022e-03, analytical=-5.1175e-08, diff=-3.3021e-03
  comp別不整合: [x:9.74e-03(57%), y:1.65e-03(10%), z:1.40e-02(82%), θx:5.68e-05(0%), θy:3.20e-04(2%), θz:1.46e-05(0%)]
  接触DOF不整合: 9.78e-03 (402 DOFs), 構造DOF不整合: 1.40e-02 (1536 DOFs)
  活性DOF K@du: FD vs 解析 相対誤差 = 1.0003e+00 (402 DOFs)
  ⚠ 活性DOFで接線剛性不整合
  方向微分整合度: |FD-解析|/max = 1.0003e+00
------------------------------------------------------------
  f_c 単独FD検証（K_c精度）
  ||∂f_c/∂u·du (FD)|| = 1.1377e-05
  ||K_c @ du|| = 7.8943e-06
  f_c FD相対誤差 = 1.6037e+00
  ⚠ K_c自体が不正確（f_c単独で10%超の不整合）
  f_c comp別不整合: [x=1.6e-05/86%, y=4.9e-06/27%, z=8.0e-06/44%, θx=0.0e+00/0%, θy=0.0e+00/0%, θz=0.0e+00/0%]
  f_c不整合DOF上位5件:
    dof=498 (node=83, comp=0): FD=-4.2434e-06, K_c=3.9088e-06, diff=-8.1522e-06
    dof=600 (node=100, comp=0): FD=4.2060e-06, K_c=-3.8745e-06, diff=8.0805e-06
    dof=492 (node=82, comp=0): FD=-3.7747e-06, K_c=3.0904e-06, diff=-6.8651e-06
    dof=594 (node=99, comp=0): FD=3.3353e-06, K_c=-3.0696e-06, diff=6.4049e-06
    dof=500 (node=83, comp=2): FD=2.1443e-06, K_c=-1.9607e-06, diff=4.1050e-06
============================================================
[K_c成分FD]
============================================================
K_c 成分分解 FD 診断（status-342）  [incr=167 att=25]
============================================================
  ||du|| = 8.1721e-05, eps = 1.00e-07
  ||dfc (FD)|| = 1.0711e-05
  ||K_mat@du|| = 6.8070e-06, ||K_geo@du|| = 4.7122e-09, ||K_st@du||  = 1.4787e-06
  ||K_c@du||   = 7.4389e-06
  寄与率: mat= 0.92, geo= 0.00, st= 0.20
------------------------------------------------------------
  組み合わせ別 FD 相対誤差（K_c = K_mat - K_geo + K_st 合意）:
    full     = 7.3434e-01
    mat_only = 7.3067e-01  (geo/st 除外)
    mat_geo  = 7.3098e-01  (st 除外)
    mat_st   = 7.3404e-01   (geo 除外)
  最良組み合わせ: mat_only (rel_err=7.3067e-01)
------------------------------------------------------------
  [    full] comp 別不整合: [x= 87.8%, y= 17.3%, z= 44.5%, tx=  0.0%, ty=  0.0%, tz=  0.0%]
  [mat_only] comp 別不整合: [x= 88.8%, y=  6.3%, z= 45.5%, tx=  0.0%, ty=  0.0%, tz=  0.0%]
  [ mat_geo] comp 別不整合: [x= 88.8%, y=  6.3%, z= 45.5%, tx=  0.0%, ty=  0.0%, tz=  0.0%]
  [  mat_st] comp 別不整合: [x= 87.8%, y= 17.3%, z= 44.5%, tx=  0.0%, ty=  0.0%, tz=  0.0%]
============================================================
============================================================
接線剛性FD方向診断（status-256）
============================================================
  ||du|| = 9.2435e-05
  ||R_u|| = 6.6985e-06
  ⚠ R_u vs compute_residual(u) 乖離: 9.7508e-05 (リラクゼーション/動的項の差異)
  ||R_base|| = 9.5585e-05
  ||R(u+eps*du)|| = 9.5585e-05
  方向有効性: ||R(u+eps*du)||/||R(u)|| = 1.000000
  ⚠ du方向で残差が増加 — Newton方向が無効
  FD方向微分 = 1.5866e-04
  解析方向微分 = -1.5134e-06
  全体系 K@du: FD vs 解析 相対誤差 = 1.0000e+00
  ⚠ 全体系で接線剛性不整合 — K_c自体が不正確
  全体系不整合DOF上位5件:
    dof=482 (node=80, comp=2): FD=5.7405e-03, analytical=2.6989e-08, diff=5.7404e-03
    dof=476 (node=79, comp=2): FD=-5.0970e-03, analytical=-3.6495e-09, diff=-5.0970e-03
    dof=1712 (node=285, comp=2): FD=-4.2351e-03, analytical=-2.7281e-10, diff=-4.2351e-03
    dof=884 (node=147, comp=2): FD=3.8780e-03, analytical=3.7561e-11, diff=3.8780e-03
    dof=992 (node=165, comp=2): FD=-3.8669e-03, analytical=-2.3259e-10, diff=-3.8669e-03
  comp別不整合: [x:9.14e-03(41%), y:1.77e-03(8%), z:2.03e-02(91%), θx:7.45e-05(0%), θy:3.89e-04(2%), θz:1.36e-05(0%)]
  接触DOF不整合: 8.99e-03 (402 DOFs), 構造DOF不整合: 2.04e-02 (1536 DOFs)
  活性DOF K@du: FD vs 解析 相対誤差 = 9.9995e-01 (402 DOFs)
  ⚠ 活性DOFで接線剛性不整合
  方向微分整合度: |FD-解析|/max = 1.0095e+00
------------------------------------------------------------
  f_c 単独FD検証（K_c精度）
  ||∂f_c/∂u·du (FD)|| = 1.2348e-05
  ||K_c @ du|| = 8.6714e-06
  f_c FD相対誤差 = 1.5895e+00
  ⚠ K_c自体が不正確（f_c単独で10%超の不整合）
  f_c comp別不整合: [x=1.6e-05/84%, y=5.6e-06/28%, z=9.2e-06/47%, θx=0.0e+00/0%, θy=0.0e+00/0%, θz=0.0e+00/0%]
  f_c不整合DOF上位5件:
    dof=498 (node=83, comp=0): FD=-4.1706e-06, K_c=4.1811e-06, diff=-8.3517e-06
    dof=600 (node=100, comp=0): FD=4.1338e-06, K_c=-4.1444e-06, diff=8.2782e-06
    dof=492 (node=82, comp=0): FD=-3.7778e-06, K_c=3.3104e-06, diff=-7.0882e-06
    dof=594 (node=99, comp=0): FD=3.2785e-06, K_c=-3.2833e-06, diff=6.5618e-06
    dof=500 (node=83, comp=2): FD=2.2979e-06, K_c=-2.3425e-06, diff=4.6404e-06
============================================================
[K_c成分FD]
============================================================
K_c 成分分解 FD 診断（status-342）  [incr=167 att=26]
============================================================
  ||du|| = 9.2435e-05, eps = 1.00e-07
  ||dfc (FD)|| = 1.2327e-05
  ||K_mat@du|| = 8.1087e-06, ||K_geo@du|| = 5.8790e-09, ||K_st@du||  = 1.7403e-06
  ||K_c@du||   = 9.2064e-06
  寄与率: mat= 0.88, geo= 0.00, st= 0.19
------------------------------------------------------------
  組み合わせ別 FD 相対誤差（K_c = K_mat - K_geo + K_st 合意）:
    full     = 7.0841e-01
    mat_only = 7.0530e-01  (geo/st 除外)
    mat_geo  = 7.0561e-01  (st 除外)
    mat_st   = 7.0812e-01   (geo 除外)
  最良組み合わせ: mat_only (rel_err=7.0530e-01)
------------------------------------------------------------
  [    full] comp 別不整合: [x= 85.8%, y= 19.7%, z= 47.5%, tx=  0.0%, ty=  0.0%, tz=  0.0%]
  [mat_only] comp 別不整合: [x= 87.0%, y=  7.1%, z= 48.8%, tx=  0.0%, ty=  0.0%, tz=  0.0%]
  [ mat_geo] comp 別不整合: [x= 87.0%, y=  7.1%, z= 48.8%, tx=  0.0%, ty=  0.0%, tz=  0.0%]
  [  mat_st] comp 別不整合: [x= 85.8%, y= 19.7%, z= 47.5%, tx=  0.0%, ty=  0.0%, tz=  0.0%]
============================================================
============================================================
接線剛性FD方向診断（status-256）
============================================================
  ||du|| = 1.0418e-04
  ||R_u|| = 6.5560e-06
  ⚠ R_u vs compute_residual(u) 乖離: 9.7260e-05 (リラクゼーション/動的項の差異)
  ||R_base|| = 9.5363e-05
  ||R(u+eps*du)|| = 9.5363e-05
  方向有効性: ||R(u+eps*du)||/||R(u)|| = 1.000000
  ✓ du方向で残差が減少 — Newton方向は有効
  FD方向微分 = 1.6947e-04
  解析方向微分 = -1.6843e-06
  全体系 K@du: FD vs 解析 相対誤差 = 1.0001e+00
  ⚠ 全体系で接線剛性不整合 — K_c自体が不正確
  全体系不整合DOF上位5件:
    dof=584 (node=97, comp=2): FD=3.5098e-03, analytical=-8.1976e-10, diff=3.5098e-03
    dof=698 (node=116, comp=2): FD=3.2652e-03, analytical=-1.0923e-10, diff=3.2652e-03
    dof=1004 (node=167, comp=2): FD=3.1063e-03, analytical=1.3449e-07, diff=3.1062e-03
    dof=1700 (node=283, comp=2): FD=3.0146e-03, analytical=1.4347e-10, diff=3.0146e-03
    dof=1088 (node=181, comp=2): FD=-2.9737e-03, analytical=-2.7464e-10, diff=-2.9737e-03
  comp別不整合: [x:5.87e-03(40%), y:1.11e-03(8%), z:1.33e-02(91%), θx:6.32e-05(0%), θy:3.95e-04(3%), θz:1.41e-05(0%)]
  接触DOF不整合: 6.77e-03 (402 DOFs), 構造DOF不整合: 1.29e-02 (1536 DOFs)
  活性DOF K@du: FD vs 解析 相対誤差 = 9.9995e-01 (402 DOFs)
  ⚠ 活性DOFで接線剛性不整合
  方向微分整合度: |FD-解析|/max = 1.0099e+00
------------------------------------------------------------
  f_c 単独FD検証（K_c精度）
  ||∂f_c/∂u·du (FD)|| = 1.4113e-05
  ||K_c @ du|| = 9.5392e-06
  f_c FD相対誤差 = 1.5564e+00
  ⚠ K_c自体が不正確（f_c単独で10%超の不整合）
  f_c comp別不整合: [x=1.8e-05/82%, y=6.3e-06/29%, z=1.1e-05/49%, θx=0.0e+00/0%, θy=0.0e+00/0%, θz=0.0e+00/0%]
  f_c不整合DOF上位5件:
    dof=498 (node=83, comp=0): FD=-4.4685e-06, K_c=4.4840e-06, diff=-8.9524e-06
    dof=600 (node=100, comp=0): FD=4.4291e-06, K_c=-4.4446e-06, diff=8.8737e-06
    dof=492 (node=82, comp=0): FD=-4.0672e-06, K_c=3.5549e-06, diff=-7.6221e-06
    dof=594 (node=99, comp=0): FD=3.5131e-06, K_c=-3.5211e-06, diff=7.0342e-06
    dof=500 (node=83, comp=2): FD=2.7010e-06, K_c=-2.7491e-06, diff=5.4501e-06
============================================================
[K_c成分FD]
============================================================
K_c 成分分解 FD 診断（status-342）  [incr=167 att=27]
============================================================
  ||du|| = 1.0418e-04, eps = 1.00e-07
  ||dfc (FD)|| = 1.4092e-05
  ||K_mat@du|| = 9.6261e-06, ||K_geo@du|| = 7.1862e-09, ||K_st@du||  = 2.2020e-06
  ||K_c@du||   = 1.1184e-05
  寄与率: mat= 0.86, geo= 0.00, st= 0.20
------------------------------------------------------------
  組み合わせ別 FD 相対誤差（K_c = K_mat - K_geo + K_st 合意）:
    full     = 6.8512e-01
    mat_only = 6.7900e-01  (geo/st 除外)
    mat_geo  = 6.7931e-01  (st 除外)
    mat_st   = 6.8482e-01   (geo 除外)
  最良組み合わせ: mat_only (rel_err=6.7900e-01)
------------------------------------------------------------
  [    full] comp 別不整合: [x= 83.1%, y= 23.6%, z= 50.4%, tx=  0.0%, ty=  0.0%, tz=  0.0%]
  [mat_only] comp 別不整合: [x= 84.9%, y=  7.8%, z= 52.2%, tx=  0.0%, ty=  0.0%, tz=  0.0%]
  [ mat_geo] comp 別不整合: [x= 84.9%, y=  7.8%, z= 52.2%, tx=  0.0%, ty=  0.0%, tz=  0.0%]
  [  mat_st] comp 別不整合: [x= 83.1%, y= 23.6%, z= 50.4%, tx=  0.0%, ty=  0.0%, tz=  0.0%]
============================================================
============================================================
接線剛性FD方向診断（status-256）
============================================================
  ||du|| = 1.2097e-04
  ||R_u|| = 6.4371e-06
  ⚠ R_u vs compute_residual(u) 乖離: 9.6956e-05 (リラクゼーション/動的項の差異)
  ||R_base|| = 9.5082e-05
  ||R(u+eps*du)|| = 9.5082e-05
  方向有効性: ||R(u+eps*du)||/||R(u)|| = 1.000000
  ✓ du方向で残差が減少 — Newton方向は有効
  FD方向微分 = 1.7821e-04
  解析方向微分 = -1.8598e-06
  全体系 K@du: FD vs 解析 相対誤差 = 1.0001e+00
  ⚠ 全体系で接線剛性不整合 — K_c自体が不正確
  全体系不整合DOF上位5件:
    dof=494 (node=82, comp=2): FD=4.0535e-03, analytical=7.1001e-07, diff=4.0528e-03
    dof=488 (node=81, comp=2): FD=-3.8940e-03, analytical=-1.2519e-07, diff=-3.8939e-03
    dof=1718 (node=286, comp=2): FD=-3.8677e-03, analytical=-6.2423e-10, diff=-3.8677e-03
    dof=1712 (node=285, comp=2): FD=3.8422e-03, analytical=3.1617e-10, diff=3.8422e-03
    dof=686 (node=114, comp=2): FD=3.8155e-03, analytical=-9.9980e-11, diff=3.8155e-03
  comp別不整合: [x:8.66e-03(41%), y:1.56e-03(7%), z:1.90e-02(91%), θx:6.24e-05(0%), θy:3.97e-04(2%), θz:1.60e-05(0%)]
  接触DOF不整合: 1.07e-02 (402 DOFs), 構造DOF不整合: 1.79e-02 (1536 DOFs)
  活性DOF K@du: FD vs 解析 相対誤差 = 9.9997e-01 (402 DOFs)
  ⚠ 活性DOFで接線剛性不整合
  方向微分整合度: |FD-解析|/max = 1.0104e+00
------------------------------------------------------------
  f_c 単独FD検証（K_c精度）
  ||∂f_c/∂u·du (FD)|| = 1.6748e-05
  ||K_c @ du|| = 1.0743e-05
  f_c FD相対誤差 = 1.5140e+00
  ⚠ K_c自体が不正確（f_c単独で10%超の不整合）
  f_c comp別不整合: [x=2.0e-05/80%, y=7.6e-06/30%, z=1.3e-05/51%, θx=0.0e+00/0%, θy=0.0e+00/0%, θz=0.0e+00/0%]
  f_c不整合DOF上位5件:
    dof=498 (node=83, comp=0): FD=-4.8775e-06, K_c=4.8970e-06, diff=-9.7745e-06
    dof=600 (node=100, comp=0): FD=4.8345e-06, K_c=-4.8540e-06, diff=9.6885e-06
    dof=492 (node=82, comp=0): FD=-4.4767e-06, K_c=3.8887e-06, diff=-8.3654e-06
    dof=594 (node=99, comp=0): FD=3.8351e-06, K_c=-3.8453e-06, diff=7.6804e-06
    dof=500 (node=83, comp=2): FD=3.2476e-06, K_c=-3.3000e-06, diff=6.5476e-06
============================================================
[K_c成分FD]
============================================================
K_c 成分分解 FD 診断（status-342）  [incr=167 att=28]
============================================================
  ||du|| = 1.2097e-04, eps = 1.00e-07
  ||dfc (FD)|| = 1.6727e-05
  ||K_mat@du|| = 1.1843e-05, ||K_geo@du|| = 9.0395e-09, ||K_st@du||  = 2.9739e-06
  ||K_c@du||   = 1.3986e-05
  寄与率: mat= 0.85, geo= 0.00, st= 0.21
------------------------------------------------------------
  組み合わせ別 FD 相対誤差（K_c = K_mat - K_geo + K_st 合意）:
    full     = 6.5661e-01
    mat_only = 6.4602e-01  (geo/st 除外)
    mat_geo  = 6.4634e-01  (st 除外)
    mat_st   = 6.5633e-01   (geo 除外)
  最良組み合わせ: mat_only (rel_err=6.4602e-01)
------------------------------------------------------------
  [    full] comp 別不整合: [x= 79.8%, y= 28.2%, z= 53.3%, tx=  0.0%, ty=  0.0%, tz=  0.0%]
  [mat_only] comp 別不整合: [x= 82.5%, y=  8.3%, z= 55.8%, tx=  0.0%, ty=  0.0%, tz=  0.0%]
  [ mat_geo] comp 別不整合: [x= 82.6%, y=  8.3%, z= 55.8%, tx=  0.0%, ty=  0.0%, tz=  0.0%]
  [  mat_st] comp 別不整合: [x= 79.8%, y= 28.2%, z= 53.3%, tx=  0.0%, ty=  0.0%, tz=  0.0%]
============================================================
============================================================
接線剛性FD方向診断（status-256）
============================================================
  ||du|| = 1.4699e-04
  ||R_u|| = 6.3479e-06
  ⚠ R_u vs compute_residual(u) 乖離: 9.6574e-05 (リラクゼーション/動的項の差異)
  ||R_base|| = 9.4718e-05
  ||R(u+eps*du)|| = 9.4718e-05
  方向有効性: ||R(u+eps*du)||/||R(u)|| = 0.999999
  ✓ du方向で残差が減少 — Newton方向は有効
  FD方向微分 = 1.8955e-04
  解析方向微分 = -2.0450e-06
  全体系 K@du: FD vs 解析 相対誤差 = 1.0002e+00
  ⚠ 全体系で接線剛性不整合 — K_c自体が不正確
  全体系不整合DOF上位5件:
    dof=482 (node=80, comp=2): FD=-4.9209e-03, analytical=2.5879e-08, diff=-4.9209e-03
    dof=488 (node=81, comp=2): FD=4.0440e-03, analytical=-1.2317e-07, diff=4.0441e-03
    dof=1916 (node=319, comp=2): FD=3.5035e-03, analytical=-2.2395e-10, diff=3.5035e-03
    dof=1802 (node=300, comp=2): FD=3.4694e-03, analytical=2.1058e-11, diff=3.4694e-03
    dof=476 (node=79, comp=2): FD=3.4436e-03, analytical=-2.8681e-09, diff=3.4436e-03
  comp別不整合: [x:6.28e-03(37%), y:1.07e-03(6%), z:1.58e-02(93%), θx:5.54e-05(0%), θy:4.19e-04(2%), θz:1.31e-05(0%)]
  接触DOF不整合: 8.95e-03 (402 DOFs), 構造DOF不整合: 1.45e-02 (1536 DOFs)
  活性DOF K@du: FD vs 解析 相対誤差 = 1.0000e+00 (402 DOFs)
  ⚠ 活性DOFで接線剛性不整合
  方向微分整合度: |FD-解析|/max = 1.0108e+00
------------------------------------------------------------
  f_c 単独FD検証（K_c精度）
  ||∂f_c/∂u·du (FD)|| = 2.0828e-05
  ||K_c @ du|| = 1.2555e-05
  f_c FD相対誤差 = 1.4677e+00
  ⚠ K_c自体が不正確（f_c単独で10%超の不整合）
  f_c comp別不整合: [x=2.4e-05/79%, y=9.5e-06/31%, z=1.6e-05/53%, θx=0.0e+00/0%, θy=0.0e+00/0%, θz=0.0e+00/0%]
  f_c不整合DOF上位5件:
    dof=498 (node=83, comp=0): FD=-5.4824e-06, K_c=5.5082e-06, diff=-1.0991e-05
    dof=600 (node=100, comp=0): FD=5.4341e-06, K_c=-5.4599e-06, diff=1.0894e-05
    dof=492 (node=82, comp=0): FD=-5.0893e-06, K_c=4.3835e-06, diff=-9.4728e-06
    dof=594 (node=99, comp=0): FD=4.3114e-06, K_c=-4.3251e-06, diff=8.6365e-06
    dof=444 (node=74, comp=0): FD=-7.3750e-06, K_c=1.1864e-06, diff=-8.5614e-06
============================================================
[K_c成分FD]
============================================================
K_c 成分分解 FD 診断（status-342）  [incr=167 att=29]
============================================================
  ||du|| = 1.4699e-04, eps = 1.00e-07
  ||dfc (FD)|| = 2.0807e-05
  ||K_mat@du|| = 1.5312e-05, ||K_geo@du|| = 1.1882e-08, ||K_st@du||  = 4.2392e-06
  ||K_c@du||   = 1.8285e-05
  寄与率: mat= 0.84, geo= 0.00, st= 0.23
------------------------------------------------------------
  組み合わせ別 FD 相対誤差（K_c = K_mat - K_geo + K_st 合意）:
    full     = 6.2701e-01
    mat_only = 6.0882e-01  (geo/st 除外)
    mat_geo  = 6.0914e-01  (st 除外)
    mat_st   = 6.2673e-01   (geo 除外)
  最良組み合わせ: mat_only (rel_err=6.0882e-01)
------------------------------------------------------------
  [    full] comp 別不整合: [x= 75.6%, y= 33.9%, z= 56.0%, tx=  0.0%, ty=  0.0%, tz=  0.0%]
  [mat_only] comp 別不整合: [x= 79.7%, y=  9.2%, z= 59.7%, tx=  0.0%, ty=  0.0%, tz=  0.0%]
  [ mat_geo] comp 別不整合: [x= 79.7%, y=  9.2%, z= 59.6%, tx=  0.0%, ty=  0.0%, tz=  0.0%]
  [  mat_st] comp 別不整合: [x= 75.6%, y= 33.9%, z= 56.0%, tx=  0.0%, ty=  0.0%, tz=  0.0%]
============================================================
  Incr 167 (frac=0.3618), attempt 30 [D.stall+E], ||R_t||/||f|| = 4.536e-06, ||R_r|| = 1.251e-06, ||R_w||/||f||=4.539e-06, rate=0.994, active=31, R(x=5.8e-06/93%,y=1.4e-06/22%,z=1.5e-06/23%)
============================================================
接線剛性FD方向診断（status-256）
============================================================
  ||du|| = 1.9323e-04
  ||R_u|| = 6.3002e-06
  ⚠ R_u vs compute_residual(u) 乖離: 9.6076e-05 (リラクゼーション/動的項の差異)
  ||R_base|| = 9.4232e-05
  ||R(u+eps*du)|| = 9.4232e-05
  方向有効性: ||R(u+eps*du)||/||R(u)|| = 1.000000
  ⚠ du方向で残差が増加 — Newton方向が無効
  FD方向微分 = 2.0571e-04
  解析方向微分 = -2.2491e-06
  全体系 K@du: FD vs 解析 相対誤差 = 1.0004e+00
  ⚠ 全体系で接線剛性不整合 — K_c自体が不正確
  全体系不整合DOF上位5件:
    dof=1916 (node=319, comp=2): FD=3.5041e-03, analytical=-2.1385e-10, diff=3.5041e-03
    dof=998 (node=166, comp=2): FD=3.3421e-03, analytical=1.5837e-07, diff=3.3420e-03
    dof=476 (node=79, comp=2): FD=3.3122e-03, analytical=-2.7414e-09, diff=3.3122e-03
    dof=1112 (node=185, comp=2): FD=-3.1763e-03, analytical=1.1218e-09, diff=-3.1763e-03
    dof=470 (node=78, comp=2): FD=-2.4924e-03, analytical=-2.4161e-09, diff=-2.4924e-03
  comp別不整合: [x:5.72e-03(41%), y:9.37e-04(7%), z:1.26e-02(91%), θx:4.96e-05(0%), θy:4.67e-04(3%), θz:1.30e-05(0%)]
  接触DOF不整合: 7.61e-03 (402 DOFs), 構造DOF不整合: 1.16e-02 (1536 DOFs)
  活性DOF K@du: FD vs 解析 相対誤差 = 1.0001e+00 (402 DOFs)
  ⚠ 活性DOFで接線剛性不整合
  方向微分整合度: |FD-解析|/max = 1.0109e+00
------------------------------------------------------------
  f_c 単独FD検証（K_c精度）
  ||∂f_c/∂u·du (FD)|| = 2.8074e-05
  ||K_c @ du|| = 1.5681e-05
  f_c FD相対誤差 = 1.4165e+00
  ⚠ K_c自体が不正確（f_c単独で10%超の不整合）
  f_c comp別不整合: [x=3.0e-05/77%, y=1.3e-05/33%, z=2.2e-05/55%, θx=0.0e+00/0%, θy=0.0e+00/0%, θz=0.0e+00/0%]
  f_c不整合DOF上位5件:
    dof=498 (node=83, comp=0): FD=-6.5078e-06, K_c=6.5460e-06, diff=-1.3054e-05
    dof=600 (node=100, comp=0): FD=6.4504e-06, K_c=-6.4885e-06, diff=1.2939e-05
    dof=444 (node=74, comp=0): FD=-1.0494e-05, K_c=1.7215e-06, diff=-1.2215e-05
    dof=492 (node=82, comp=0): FD=-6.1276e-06, K_c=5.2248e-06, diff=-1.1352e-05
    dof=500 (node=83, comp=2): FD=5.3999e-06, K_c=-5.4743e-06, diff=1.0874e-05
============================================================
[K_c成分FD]
============================================================
K_c 成分分解 FD 診断（status-342）  [incr=167 att=30]
============================================================
  ||du|| = 1.9323e-04, eps = 1.00e-07
  ||dfc (FD)|| = 2.8053e-05
  ||K_mat@du|| = 2.1503e-05, ||K_geo@du|| = 1.6884e-08, ||K_st@du||  = 6.5218e-06
  ||K_c@du||   = 2.5857e-05
  寄与率: mat= 0.83, geo= 0.00, st= 0.25
------------------------------------------------------------
  組み合わせ別 FD 相対誤差（K_c = K_mat - K_geo + K_st 合意）:
    full     = 5.9593e-01
    mat_only = 5.6612e-01  (geo/st 除外)
    mat_geo  = 5.6644e-01  (st 除外)
    mat_st   = 5.9566e-01   (geo 除外)
  最良組み合わせ: mat_only (rel_err=5.6612e-01)
------------------------------------------------------------
  [    full] comp 別不整合: [x= 70.2%, y= 40.8%, z= 58.4%, tx=  0.0%, ty=  0.0%, tz=  0.0%]
  [mat_only] comp 別不整合: [x= 76.3%, y= 10.3%, z= 63.8%, tx=  0.0%, ty=  0.0%, tz=  0.0%]
  [ mat_geo] comp 別不整合: [x= 76.3%, y= 10.4%, z= 63.8%, tx=  0.0%, ty=  0.0%, tz=  0.0%]
  [  mat_st] comp 別不整合: [x= 70.1%, y= 40.8%, z= 58.4%, tx=  0.0%, ty=  0.0%, tz=  0.0%]
============================================================
============================================================
接線剛性FD方向診断（status-256）
============================================================
  ||du|| = 3.0204e-04
  ||R_u|| = 6.3204e-06
  ⚠ R_u vs compute_residual(u) 乖離: 9.5376e-05 (リラクゼーション/動的項の差異)
  ||R_base|| = 9.3532e-05
  ||R(u+eps*du)|| = 9.3532e-05
  方向有効性: ||R(u+eps*du)||/||R(u)|| = 1.000000
  ✓ du方向で残差が減少 — Newton方向は有効
  FD方向微分 = 2.3303e-04
  解析方向微分 = -2.4917e-06
  全体系 K@du: FD vs 解析 相対誤差 = 1.0006e+00
  ⚠ 全体系で接線剛性不整合 — K_c自体が不正確
  全体系不整合DOF上位5件:
    dof=986 (node=164, comp=2): FD=-4.7622e-03, analytical=-2.5008e-10, diff=-4.7622e-03
    dof=1202 (node=200, comp=2): FD=-4.0490e-03, analytical=-9.6444e-11, diff=-4.0490e-03
    dof=884 (node=147, comp=2): FD=-3.4923e-03, analytical=-2.3470e-10, diff=-3.4923e-03
    dof=992 (node=165, comp=2): FD=3.4845e-03, analytical=-5.5464e-11, diff=3.4845e-03
    dof=890 (node=148, comp=2): FD=3.3938e-03, analytical=-2.6190e-08, diff=3.3938e-03
  comp別不整合: [x:7.04e-03(41%), y:1.44e-03(8%), z:1.56e-02(91%), θx:5.37e-05(0%), θy:6.85e-04(4%), θz:1.37e-05(0%)]
  接触DOF不整合: 7.61e-03 (402 DOFs), 構造DOF不整合: 1.54e-02 (1536 DOFs)
  活性DOF K@du: FD vs 解析 相対誤差 = 9.9992e-01 (402 DOFs)
  ⚠ 活性DOFで接線剛性不整合
  方向微分整合度: |FD-解析|/max = 1.0107e+00
------------------------------------------------------------
  f_c 単独FD検証（K_c精度）
  ||∂f_c/∂u·du (FD)|| = 4.5359e-05
  ||K_c @ du|| = 2.2814e-05
  f_c FD相対誤差 = 1.3550e+00
  ⚠ K_c自体が不正確（f_c単独で10%超の不整合）
  f_c comp別不整合: [x=4.6e-05/74%, y=2.2e-05/36%, z=3.5e-05/56%, θx=0.0e+00/0%, θy=0.0e+00/0%, θz=0.0e+00/0%]
  f_c不整合DOF上位5件:
    dof=444 (node=74, comp=0): FD=-1.7836e-05, K_c=2.9619e-06, diff=-2.0798e-05
    dof=498 (node=83, comp=0): FD=-8.8112e-06, K_c=8.8784e-06, diff=-1.7690e-05
    dof=600 (node=100, comp=0): FD=8.7335e-06, K_c=-8.8004e-06, diff=1.7534e-05
    dof=500 (node=83, comp=2): FD=8.4042e-06, K_c=-8.5153e-06, diff=1.6919e-05
    dof=602 (node=100, comp=2): FD=-8.3304e-06, K_c=8.4403e-06, diff=-1.6771e-05
============================================================
[K_c成分FD]
============================================================
K_c 成分分解 FD 診断（status-342）  [incr=167 att=31]
============================================================
  ||du|| = 3.0204e-04, eps = 1.00e-07
  ||dfc (FD)|| = 4.5339e-05
  ||K_mat@du|| = 3.6085e-05, ||K_geo@du|| = 2.8569e-08, ||K_st@du||  = 1.1898e-05
  ||K_c@du||   = 4.3557e-05
  寄与率: mat= 0.83, geo= 0.00, st= 0.27
------------------------------------------------------------
  組み合わせ別 FD 相対誤差（K_c = K_mat - K_geo + K_st 合意）:
    full     = 5.5844e-01
    mat_only = 5.1336e-01  (geo/st 除外)
    mat_geo  = 5.1369e-01  (st 除外)
    mat_st   = 5.5818e-01   (geo 除外)
  最良組み合わせ: mat_only (rel_err=5.1336e-01)
------------------------------------------------------------
  [    full] comp 別不整合: [x= 63.0%, y= 48.9%, z= 60.4%, tx=  0.0%, ty=  0.0%, tz=  0.0%]
  [mat_only] comp 別不整合: [x= 71.9%, y= 11.6%, z= 68.5%, tx=  0.0%, ty=  0.0%, tz=  0.0%]
  [ mat_geo] comp 別不整合: [x= 72.0%, y= 11.6%, z= 68.4%, tx=  0.0%, ty=  0.0%, tz=  0.0%]
  [  mat_st] comp 別不整合: [x= 63.0%, y= 48.9%, z= 60.4%, tx=  0.0%, ty=  0.0%, tz=  0.0%]
============================================================
============================================================
接線剛性FD方向診断（status-256）
============================================================
  ||du|| = 9.8363e-04
  ||R_u|| = 6.4914e-06
  ⚠ R_u vs compute_residual(u) 乖離: 9.4206e-05 (リラクゼーション/動的項の差異)
  ||R_base|| = 9.2340e-05
  ||R(u+eps*du)|| = 9.2340e-05
  方向有効性: ||R(u+eps*du)||/||R(u)|| = 1.000000
  ✓ du方向で残差が減少 — Newton方向は有効
  FD方向微分 = 3.1484e-04
  解析方向微分 = -2.8333e-06
  全体系 K@du: FD vs 解析 相対誤差 = 1.0088e+00
  ⚠ 全体系で接線剛性不整合 — K_c自体が不正確
  全体系不整合DOF上位5件:
    dof=1712 (node=285, comp=2): FD=4.1038e-03, analytical=2.8681e-10, diff=4.1038e-03
    dof=392 (node=65, comp=2): FD=-3.8585e-03, analytical=-6.4224e-11, diff=-3.8585e-03
    dof=1202 (node=200, comp=2): FD=-3.6566e-03, analytical=-9.3761e-13, diff=-3.6566e-03
    dof=986 (node=164, comp=2): FD=3.5556e-03, analytical=9.3107e-11, diff=3.5556e-03
    dof=992 (node=165, comp=2): FD=-3.4767e-03, analytical=-2.8325e-10, diff=-3.4767e-03
  comp別不整合: [x:6.02e-03(38%), y:1.32e-03(8%), z:1.43e-02(91%), θx:1.20e-04(1%), θy:2.08e-03(13%), θz:1.74e-05(0%)]
  接触DOF不整合: 5.64e-03 (402 DOFs), 構造DOF不整合: 1.46e-02 (1536 DOFs)
  活性DOF K@du: FD vs 解析 相対誤差 = 1.0000e+00 (402 DOFs)
  ⚠ 活性DOFで接線剛性不整合
  方向微分整合度: |FD-解析|/max = 1.0090e+00
------------------------------------------------------------
  f_c 単独FD検証（K_c精度）
  ||∂f_c/∂u·du (FD)|| = 1.5345e-04
  ||K_c @ du|| = 6.6111e-05
  f_c FD相対誤差 = 1.2812e+00
  ⚠ K_c自体が不正確（f_c単独で10%超の不整合）
  f_c comp別不整合: [x=1.4e-04/73%, y=7.7e-05/39%, z=1.1e-04/57%, θx=0.0e+00/0%, θy=0.0e+00/0%, θz=0.0e+00/0%]
  f_c不整合DOF上位5件:
    dof=444 (node=74, comp=0): FD=-6.3205e-05, K_c=1.0681e-05, diff=-7.3886e-05
    dof=500 (node=83, comp=2): FD=2.6195e-05, K_c=-2.6535e-05, diff=5.2729e-05
    dof=602 (node=100, comp=2): FD=-2.5964e-05, K_c=2.6301e-05, diff=-5.2265e-05
    dof=498 (node=83, comp=0): FD=-2.2599e-05, K_c=2.2840e-05, diff=-4.5438e-05
    dof=600 (node=100, comp=0): FD=2.2399e-05, K_c=-2.2639e-05, diff=4.5039e-05
============================================================
[K_c成分FD]
============================================================
K_c 成分分解 FD 診断（status-342）  [incr=167 att=32]
============================================================
  ||du|| = 9.8363e-04, eps = 1.00e-07
  ||dfc (FD)|| = 1.5343e-04
  ||K_mat@du|| = 1.2760e-04, ||K_geo@du|| = 1.0156e-07, ||K_st@du||  = 4.5604e-05
  ||K_c@du||   = 1.5419e-04
  寄与率: mat= 0.83, geo= 0.00, st= 0.30
------------------------------------------------------------
  組み合わせ別 FD 相対誤差（K_c = K_mat - K_geo + K_st 合意）:
    full     = 5.1268e-01
    mat_only = 4.4528e-01  (geo/st 除外)
    mat_geo  = 4.4563e-01  (st 除外)
    mat_st   = 5.1233e-01   (geo 除外)
  最良組み合わせ: mat_only (rel_err=4.4528e-01)
------------------------------------------------------------
  [    full] comp 別不整合: [x= 52.4%, y= 59.6%, z= 60.9%, tx=  0.0%, ty=  0.0%, tz=  0.0%]
  [mat_only] comp 別不整合: [x= 65.8%, y= 13.9%, z= 74.0%, tx=  0.0%, ty=  0.0%, tz=  0.0%]
  [ mat_geo] comp 別不整合: [x= 65.9%, y= 13.9%, z= 74.0%, tx=  0.0%, ty=  0.0%, tz=  0.0%]
  [  mat_st] comp 別不整合: [x= 52.4%, y= 59.6%, z= 60.9%, tx=  0.0%, ty=  0.0%, tz=  0.0%]
  ⚠ K_st 足し込みで rel_err が +6.7050e-02 悪化 — K_st が primary driver の可能性
  ⚠ K_geo 足し込みで rel_err が +6.7051e-02 悪化 — K_geo が primary driver の可能性
============================================================
============================================================
接線剛性FD方向診断（status-256）
============================================================
  ||du|| = 3.7679e-04
  ||R_u|| = 7.6437e-06
  ⚠ R_u vs compute_residual(u) 乖離: 9.0152e-05 (リラクゼーション/動的項の差異)
  ||R_base|| = 8.8148e-05
  ||R(u+eps*du)|| = 8.8148e-05
  方向有効性: ||R(u+eps*du)||/||R(u)|| = 1.000000
  ✓ du方向で残差が減少 — Newton方向は有効
  FD方向微分 = -3.3593e-04
  解析方向微分 = 3.8102e-06
  全体系 K@du: FD vs 解析 相対誤差 = 1.0013e+00
  ⚠ 全体系で接線剛性不整合 — K_c自体が不正確
  全体系不整合DOF上位5件:
    dof=74 (node=12, comp=2): FD=3.8781e-03, analytical=3.3933e-10, diff=3.8781e-03
    dof=1700 (node=283, comp=2): FD=-3.8004e-03, analytical=-1.7849e-10, diff=-3.8004e-03
    dof=1814 (node=302, comp=2): FD=3.6046e-03, analytical=3.4746e-11, diff=3.6046e-03
    dof=1208 (node=201, comp=2): FD=-3.3904e-03, analytical=-9.7873e-10, diff=-3.3904e-03
    dof=896 (node=149, comp=2): FD=3.1720e-03, analytical=-5.7523e-08, diff=3.1721e-03
  comp別不整合: [x:7.06e-03(41%), y:1.40e-03(8%), z:1.57e-02(91%), θx:1.03e-04(1%), θy:9.15e-04(5%), θz:1.73e-05(0%)]
  接触DOF不整合: 6.91e-03 (402 DOFs), 構造DOF不整合: 1.58e-02 (1536 DOFs)
  活性DOF K@du: FD vs 解析 相対誤差 = 1.0001e+00 (402 DOFs)
  ⚠ 活性DOFで接線剛性不整合
  方向微分整合度: |FD-解析|/max = 1.0113e+00
------------------------------------------------------------
  f_c 単独FD検証（K_c精度）
  ||∂f_c/∂u·du (FD)|| = 6.3038e-05
  ||K_c @ du|| = 1.7744e-05
  f_c FD相対誤差 = 1.1549e+00
  ⚠ K_c自体が不正確（f_c単独で10%超の不整合）
  f_c comp別不整合: [x=5.3e-05/73%, y=3.4e-05/46%, z=3.7e-05/50%, θx=0.0e+00/0%, θy=0.0e+00/0%, θz=0.0e+00/0%]
  f_c不整合DOF上位5件:
    dof=444 (node=74, comp=0): FD=2.7475e-05, K_c=-4.7532e-06, diff=3.2228e-05
    dof=438 (node=73, comp=0): FD=1.3836e-05, K_c=-3.5455e-06, diff=1.7381e-05
    dof=1056 (node=176, comp=0): FD=-1.5744e-05, K_c=5.9566e-07, diff=-1.6340e-05
    dof=446 (node=74, comp=2): FD=-1.6173e-05, K_c=-9.8198e-09, diff=-1.6163e-05
    dof=534 (node=89, comp=0): FD=-1.3786e-05, K_c=1.9823e-06, diff=-1.5769e-05
============================================================
[K_c成分FD]
============================================================
K_c 成分分解 FD 診断（status-342）  [incr=167 att=33]
============================================================
  ||du|| = 3.7679e-04, eps = 1.00e-07
  ||dfc (FD)|| = 6.3059e-05
  ||K_mat@du|| = 5.5839e-05, ||K_geo@du|| = 4.4503e-08, ||K_st@du||  = 2.2133e-05
  ||K_c@du||   = 6.7277e-05
  寄与率: mat= 0.83, geo= 0.00, st= 0.33
------------------------------------------------------------
  組み合わせ別 FD 相対誤差（K_c = K_mat - K_geo + K_st 合意）:
    full     = 4.1636e-01
    mat_only = 3.0919e-01  (geo/st 除外)
    mat_geo  = 3.0961e-01  (st 除外)
    mat_st   = 4.1608e-01   (geo 除外)
  最良組み合わせ: mat_only (rel_err=3.0919e-01)
------------------------------------------------------------
  [    full] comp 別不整合: [x= 28.3%, y= 80.8%, z= 51.7%, tx=  0.0%, ty=  0.0%, tz=  0.0%]
  [mat_only] comp 別不整合: [x= 54.9%, y= 21.1%, z= 80.9%, tx=  0.0%, ty=  0.0%, tz=  0.0%]
  [ mat_geo] comp 別不整合: [x= 55.0%, y= 21.2%, z= 80.8%, tx=  0.0%, ty=  0.0%, tz=  0.0%]
  [  mat_st] comp 別不整合: [x= 28.3%, y= 80.8%, z= 51.7%, tx=  0.0%, ty=  0.0%, tz=  0.0%]
  ⚠ K_st 足し込みで rel_err が +1.0675e-01 悪化 — K_st が primary driver の可能性
  ⚠ K_geo 足し込みで rel_err が +1.0689e-01 悪化 — K_geo が primary driver の可能性
============================================================
============================================================
接線剛性FD方向診断（status-256）
============================================================
  ||du|| = 5.5050e-04
  ||R_u|| = 7.0018e-06
  ⚠ R_u vs compute_residual(u) 乖離: 9.1900e-05 (リラクゼーション/動的項の差異)
  ||R_base|| = 9.0023e-05
  ||R(u+eps*du)|| = 9.0023e-05
  方向有効性: ||R(u+eps*du)||/||R(u)|| = 1.000000
  ⚠ du方向で残差が増加 — Newton方向が無効
  FD方向微分 = 1.8023e-04
  解析方向微分 = 3.4500e-06
  全体系 K@du: FD vs 解析 相対誤差 = 1.0020e+00
  ⚠ 全体系で接線剛性不整合 — K_c自体が不正確
  全体系不整合DOF上位5件:
    dof=992 (node=165, comp=2): FD=4.9890e-03, analytical=8.6481e-11, diff=4.9890e-03
    dof=998 (node=166, comp=2): FD=-4.3412e-03, analytical=1.6898e-07, diff=-4.3414e-03
    dof=374 (node=62, comp=2): FD=3.9270e-03, analytical=1.6942e-10, diff=3.9270e-03
    dof=1826 (node=304, comp=2): FD=3.9159e-03, analytical=3.7539e-10, diff=3.9159e-03
    dof=1718 (node=286, comp=2): FD=3.8663e-03, analytical=-5.8753e-11, diff=3.8663e-03
  comp別不整合: [x:7.97e-03(41%), y:1.53e-03(8%), z:1.74e-02(90%), θx:1.21e-04(1%), θy:1.26e-03(7%), θz:1.70e-05(0%)]
  接触DOF不整合: 8.62e-03 (402 DOFs), 構造DOF不整合: 1.72e-02 (1536 DOFs)
  活性DOF K@du: FD vs 解析 相対誤差 = 9.9998e-01 (402 DOFs)
  ⚠ 活性DOFで接線剛性不整合
  方向微分整合度: |FD-解析|/max = 9.8086e-01
------------------------------------------------------------
  f_c 単独FD検証（K_c精度）
  ||∂f_c/∂u·du (FD)|| = 9.0231e-05
  ||K_c @ du|| = 2.9298e-05
  f_c FD相対誤差 = 1.1875e+00
  ⚠ K_c自体が不正確（f_c単独で10%超の不整合）
  f_c comp別不整合: [x=7.7e-05/72%, y=4.7e-05/44%, z=5.7e-05/53%, θx=0.0e+00/0%, θy=0.0e+00/0%, θz=0.0e+00/0%]
  f_c不整合DOF上位5件:
    dof=444 (node=74, comp=0): FD=3.8857e-05, K_c=-6.6828e-06, diff=4.5539e-05
    dof=500 (node=83, comp=2): FD=-1.2401e-05, K_c=1.2540e-05, diff=-2.4941e-05
    dof=602 (node=100, comp=2): FD=1.2292e-05, K_c=-1.2429e-05, diff=2.4722e-05
    dof=438 (node=73, comp=0): FD=1.9547e-05, K_c=-4.9779e-06, diff=2.4525e-05
    dof=1056 (node=176, comp=0): FD=-2.2138e-05, K_c=8.4296e-07, diff=-2.2981e-05
============================================================
[K_c成分FD]
============================================================
K_c 成分分解 FD 診断（status-342）  [incr=167 att=34]
============================================================
  ||du|| = 5.5050e-04, eps = 1.00e-07
  ||dfc (FD)|| = 9.0221e-05
  ||K_mat@du|| = 7.8730e-05, ||K_geo@du|| = 6.2787e-08, ||K_st@du||  = 3.0424e-05
  ||K_c@du||   = 9.4970e-05
  寄与率: mat= 0.83, geo= 0.00, st= 0.32
------------------------------------------------------------
  組み合わせ別 FD 相対誤差（K_c = K_mat - K_geo + K_st 合意）:
    full     = 4.3874e-01
    mat_only = 3.4805e-01  (geo/st 除外)
    mat_geo  = 3.4844e-01  (st 除外)
    mat_st   = 4.3844e-01   (geo 除外)
  最良組み合わせ: mat_only (rel_err=3.4805e-01)
------------------------------------------------------------
  [    full] comp 別不整合: [x= 35.2%, y= 74.8%, z= 56.2%, tx=  0.0%, ty=  0.0%, tz=  0.0%]
  [mat_only] comp 別不整合: [x= 57.1%, y= 18.5%, z= 79.9%, tx=  0.0%, ty=  0.0%, tz=  0.0%]
  [ mat_geo] comp 別不整合: [x= 57.2%, y= 18.5%, z= 79.9%, tx=  0.0%, ty=  0.0%, tz=  0.0%]
  [  mat_st] comp 別不整合: [x= 35.2%, y= 74.9%, z= 56.2%, tx=  0.0%, ty=  0.0%, tz=  0.0%]
  ⚠ K_st 足し込みで rel_err が +9.0297e-02 悪化 — K_st が primary driver の可能性
  ⚠ K_geo 足し込みで rel_err が +9.0393e-02 悪化 — K_geo が primary driver の可能性
============================================================
  Incr 167 (frac=0.3618), attempt 35 [E], ||R_t||/||f|| = 4.472e-06, ||R_r|| = 1.062e-06, ||R_w||/||f||=4.473e-06, rate=0.882, active=31, R(x=5.9e-06/96%,y=1.2e-06/20%,z=5.4e-07/9%)
============================================================
接線剛性FD方向診断（status-256）
============================================================
  ||du|| = 1.9559e-03
  ||R_u|| = 6.1785e-06
  ⚠ R_u vs compute_residual(u) 乖離: 9.4400e-05 (リラクゼーション/動的項の差異)
  ||R_base|| = 9.2697e-05
  ||R(u+eps*du)|| = 9.2697e-05
  方向有効性: ||R(u+eps*du)||/||R(u)|| = 1.000000
  ✓ du方向で残差が減少 — Newton方向は有効
  FD方向微分 = -2.2717e-04
  解析方向微分 = -2.9099e-06
  全体系 K@du: FD vs 解析 相対誤差 = 1.0358e+00
  ⚠ 全体系で接線剛性不整合 — K_c自体が不正確
  全体系不整合DOF上位5件:
    dof=380 (node=63, comp=2): FD=-4.1813e-03, analytical=-2.0214e-10, diff=-4.1813e-03
    dof=1808 (node=301, comp=2): FD=-3.5882e-03, analytical=-2.9229e-11, diff=-3.5882e-03
    dof=692 (node=115, comp=2): FD=3.3405e-03, analytical=8.0341e-11, diff=3.3405e-03
    dof=470 (node=78, comp=2): FD=-3.0521e-03, analytical=-2.1045e-09, diff=-3.0521e-03
    dof=464 (node=77, comp=2): FD=2.6399e-03, analytical=-1.9745e-09, diff=2.6399e-03
  comp別不整合: [x:5.89e-03(37%), y:1.08e-03(7%), z:1.41e-02(89%), θx:2.45e-04(2%), θy:4.14e-03(26%), θz:2.87e-05(0%)]
  接触DOF不整合: 6.35e-03 (402 DOFs), 構造DOF不整合: 1.46e-02 (1536 DOFs)
  活性DOF K@du: FD vs 解析 相対誤差 = 9.9999e-01 (402 DOFs)
  ⚠ 活性DOFで接線剛性不整合
  方向微分整合度: |FD-解析|/max = 9.8719e-01
------------------------------------------------------------
  f_c 単独FD検証（K_c精度）
  ||∂f_c/∂u·du (FD)|| = 3.0836e-04
  ||K_c @ du|| = 1.2748e-04
  f_c FD相対誤差 = 1.2646e+00
  ⚠ K_c自体が不正確（f_c単独で10%超の不整合）
  f_c comp別不整合: [x=2.8e-04/72%, y=1.6e-04/40%, z=2.2e-04/56%, θx=0.0e+00/0%, θy=0.0e+00/0%, θz=0.0e+00/0%]
  f_c不整合DOF上位5件:
    dof=444 (node=74, comp=0): FD=-1.2822e-04, K_c=2.1736e-05, diff=-1.4995e-04
    dof=500 (node=83, comp=2): FD=5.1277e-05, K_c=-5.2007e-05, diff=1.0328e-04
    dof=602 (node=100, comp=2): FD=-5.0827e-05, K_c=5.1549e-05, diff=-1.0238e-04
    dof=494 (node=82, comp=2): FD=4.6330e-05, K_c=-4.1922e-05, diff=8.8252e-05
    dof=498 (node=83, comp=0): FD=-4.2070e-05, K_c=4.2421e-05, diff=-8.4491e-05
============================================================
[K_c成分FD]
============================================================
K_c 成分分解 FD 診断（status-342）  [incr=167 att=35]
============================================================
  ||du|| = 1.9559e-03, eps = 1.00e-07
  ||dfc (FD)|| = 3.0839e-04
  ||K_mat@du|| = 2.5874e-04, ||K_geo@du|| = 2.0616e-07, ||K_st@du||  = 9.4021e-05
  ||K_c@du||   = 3.1260e-04
  寄与率: mat= 0.83, geo= 0.00, st= 0.30
------------------------------------------------------------
  組み合わせ別 FD 相対誤差（K_c = K_mat - K_geo + K_st 合意）:
    full     = 4.9923e-01
    mat_only = 4.2944e-01  (geo/st 除外)
    mat_geo  = 4.2980e-01  (st 除外)
    mat_st   = 4.9889e-01   (geo 除外)
  最良組み合わせ: mat_only (rel_err=4.2944e-01)
------------------------------------------------------------
  [    full] comp 別不整合: [x= 49.7%, y= 62.2%, z= 60.6%, tx=  0.0%, ty=  0.0%, tz=  0.0%]
  [mat_only] comp 別不整合: [x= 64.3%, y= 14.5%, z= 75.2%, tx=  0.0%, ty=  0.0%, tz=  0.0%]
  [ mat_geo] comp 別不整合: [x= 64.4%, y= 14.6%, z= 75.1%, tx=  0.0%, ty=  0.0%, tz=  0.0%]
  [  mat_st] comp 別不整合: [x= 49.6%, y= 62.2%, z= 60.6%, tx=  0.0%, ty=  0.0%, tz=  0.0%]
  ⚠ K_st 足し込みで rel_err が +6.9438e-02 悪化 — K_st が primary driver の可能性
  ⚠ K_geo 足し込みで rel_err が +6.9454e-02 悪化 — K_geo が primary driver の可能性
============================================================
============================================================
接線剛性FD方向診断（status-256）
============================================================
  ||du|| = 2.8056e-04
  ||R_u|| = 9.0347e-06
  ⚠ R_u vs compute_residual(u) 乖離: 8.6279e-05 (リラクゼーション/動的項の差異)
  ||R_base|| = 8.4338e-05
  ||R(u+eps*du)|| = 8.4338e-05
  方向有効性: ||R(u+eps*du)||/||R(u)|| = 1.000000
  ✓ du方向で残差が減少 — Newton方向は有効
  FD方向微分 = -3.5030e-04
  解析方向微分 = 4.7487e-06
  全体系 K@du: FD vs 解析 相対誤差 = 1.0009e+00
  ⚠ 全体系で接線剛性不整合 — K_c自体が不正確
  全体系不整合DOF上位5件:
    dof=1706 (node=284, comp=2): FD=-4.0722e-03, analytical=-1.8941e-10, diff=-4.0722e-03
    dof=80 (node=13, comp=2): FD=3.8208e-03, analytical=1.1950e-10, diff=3.8208e-03
    dof=1100 (node=183, comp=2): FD=-3.6777e-03, analytical=-9.9001e-11, diff=-3.6777e-03
    dof=494 (node=82, comp=2): FD=-3.0693e-03, analytical=-1.3353e-06, diff=-3.0680e-03
    dof=500 (node=83, comp=2): FD=3.0551e-03, analytical=-1.5071e-06, diff=3.0566e-03
  comp別不整合: [x:6.30e-03(40%), y:1.24e-03(8%), z:1.42e-02(91%), θx:8.74e-05(1%), θy:7.10e-04(5%), θz:1.67e-05(0%)]
  接触DOF不整合: 7.01e-03 (402 DOFs), 構造DOF不整合: 1.40e-02 (1536 DOFs)
  活性DOF K@du: FD vs 解析 相対誤差 = 1.0002e+00 (402 DOFs)
  ⚠ 活性DOFで接線剛性不整合
  方向微分整合度: |FD-解析|/max = 1.0136e+00
------------------------------------------------------------
  f_c 単独FD検証（K_c精度）
  ||∂f_c/∂u·du (FD)|| = 4.7645e-05
  ||K_c @ du|| = 1.0047e-05
  f_c FD相対誤差 = 1.1103e+00
  ⚠ K_c自体が不正確（f_c単独で10%超の不整合）
  f_c comp別不整合: [x=4.0e-05/75%, y=2.6e-05/49%, z=2.3e-05/44%, θx=0.0e+00/0%, θy=0.0e+00/0%, θz=0.0e+00/0%]
  f_c不整合DOF上位5件:
    dof=444 (node=74, comp=0): FD=2.1061e-05, K_c=-3.6659e-06, diff=2.4727e-05
    dof=438 (node=73, comp=0): FD=1.0626e-05, K_c=-2.7388e-06, diff=1.3365e-05
    dof=1056 (node=176, comp=0): FD=-1.2132e-05, K_c=4.5622e-07, diff=-1.2588e-05
    dof=446 (node=74, comp=2): FD=-1.2404e-05, K_c=2.1945e-08, diff=-1.2426e-05
    dof=534 (node=89, comp=0): FD=-1.0849e-05, K_c=1.5568e-06, diff=-1.2406e-05
============================================================
[K_c成分FD]
============================================================
K_c 成分分解 FD 診断（status-342）  [incr=167 att=36]
============================================================
  ||du|| = 2.8056e-04, eps = 1.00e-07
  ||dfc (FD)|| = 4.7670e-05
  ||K_mat@du|| = 4.3060e-05, ||K_geo@du|| = 3.4247e-08, ||K_st@du||  = 1.7488e-05
  ||K_c@du||   = 5.1823e-05
  寄与率: mat= 0.83, geo= 0.00, st= 0.34
------------------------------------------------------------
  組み合わせ別 FD 相対誤差（K_c = K_mat - K_geo + K_st 合意）:
    full     = 3.8613e-01
    mat_only = 2.4970e-01  (geo/st 除外)
    mat_geo  = 2.5017e-01  (st 除外)
    mat_st   = 3.8589e-01   (geo 除外)
  最良組み合わせ: mat_only (rel_err=2.4970e-01)
------------------------------------------------------------
  [    full] comp 別不整合: [x= 19.1%, y= 89.2%, z= 41.0%, tx=  0.0%, ty=  0.0%, tz=  0.0%]
  [mat_only] comp 別不整合: [x= 55.2%, y= 26.7%, z= 79.0%, tx=  0.0%, ty=  0.0%, tz=  0.0%]
  [ mat_geo] comp 別不整合: [x= 55.4%, y= 26.7%, z= 78.9%, tx=  0.0%, ty=  0.0%, tz=  0.0%]
  [  mat_st] comp 別不整合: [x= 19.0%, y= 89.2%, z= 41.0%, tx=  0.0%, ty=  0.0%, tz=  0.0%]
  ⚠ K_st 足し込みで rel_err が +1.3596e-01 悪化 — K_st が primary driver の可能性
  ⚠ K_geo 足し込みで rel_err が +1.3619e-01 悪化 — K_geo が primary driver の可能性
============================================================
============================================================
接線剛性FD方向診断（status-256）
============================================================
  ||du|| = 2.8588e-04
  ||R_u|| = 8.4940e-06
  ⚠ R_u vs compute_residual(u) 乖離: 8.7598e-05 (リラクゼーション/動的項の差異)
  ||R_base|| = 8.5744e-05
  ||R(u+eps*du)|| = 8.5744e-05
  方向有効性: ||R(u+eps*du)||/||R(u)|| = 1.000001
  ⚠ du方向で残差が増加 — Newton方向が無効
  FD方向微分 = 6.1931e-05
  解析方向微分 = 4.4898e-06
  全体系 K@du: FD vs 解析 相対誤差 = 1.0006e+00
  ⚠ 全体系で接線剛性不整合 — K_c自体が不正確
  全体系不整合DOF上位5件:
    dof=884 (node=147, comp=2): FD=-3.8923e-03, analytical=-2.2938e-10, diff=-3.8923e-03
    dof=86 (node=14, comp=2): FD=-3.6305e-03, analytical=-3.5753e-10, diff=-3.6305e-03
    dof=476 (node=79, comp=2): FD=-3.5824e-03, analytical=-2.6825e-09, diff=-3.5824e-03
    dof=482 (node=80, comp=2): FD=3.5621e-03, analytical=3.2153e-08, diff=3.5621e-03
    dof=902 (node=150, comp=2): FD=-3.4783e-03, analytical=-3.1255e-10, diff=-3.4783e-03
  comp別不整合: [x:7.62e-03(40%), y:1.29e-03(7%), z:1.76e-02(92%), θx:8.84e-05(0%), θy:7.18e-04(4%), θz:1.74e-05(0%)]
  接触DOF不整合: 8.47e-03 (402 DOFs), 構造DOF不整合: 1.73e-02 (1536 DOFs)
  活性DOF K@du: FD vs 解析 相対誤差 = 1.0000e+00 (402 DOFs)
  ⚠ 活性DOFで接線剛性不整合
  方向微分整合度: |FD-解析|/max = 9.2750e-01
------------------------------------------------------------
  f_c 単独FD検証（K_c精度）
  ||∂f_c/∂u·du (FD)|| = 4.8241e-05
  ||K_c @ du|| = 1.0823e-05
  f_c FD相対誤差 = 1.1181e+00
  ⚠ K_c自体が不正確（f_c単独で10%超の不整合）
  f_c comp別不整合: [x=4.0e-05/74%, y=2.6e-05/49%, z=2.5e-05/46%, θx=0.0e+00/0%, θy=0.0e+00/0%, θz=0.0e+00/0%]
  f_c不整合DOF上位5件:
    dof=444 (node=74, comp=0): FD=2.1303e-05, K_c=-3.6945e-06, diff=2.4998e-05
    dof=438 (node=73, comp=0): FD=1.0736e-05, K_c=-2.7587e-06, diff=1.3494e-05
    dof=1056 (node=176, comp=0): FD=-1.2251e-05, K_c=4.6110e-07, diff=-1.2713e-05
    dof=446 (node=74, comp=2): FD=-1.2529e-05, K_c=1.1817e-08, diff=-1.2541e-05
    dof=534 (node=89, comp=0): FD=-1.0869e-05, K_c=1.5594e-06, diff=-1.2429e-05
============================================================
[K_c成分FD]
============================================================
K_c 成分分解 FD 診断（status-342）  [incr=167 att=37]
============================================================
  ||du|| = 2.8588e-04, eps = 1.00e-07
  ||dfc (FD)|| = 4.8237e-05
  ||K_mat@du|| = 4.3396e-05, ||K_geo@du|| = 3.4541e-08, ||K_st@du||  = 1.7489e-05
  ||K_c@du||   = 5.2248e-05
  寄与率: mat= 0.83, geo= 0.00, st= 0.33
------------------------------------------------------------
  組み合わせ別 FD 相対誤差（K_c = K_mat - K_geo + K_st 合意）:
    full     = 3.9080e-01
    mat_only = 2.6127e-01  (geo/st 除外)
    mat_geo  = 2.6173e-01  (st 除外)
    mat_st   = 3.9055e-01   (geo 除外)
  最良組み合わせ: mat_only (rel_err=2.6127e-01)
------------------------------------------------------------
  [    full] comp 別不整合: [x= 20.4%, y= 87.6%, z= 43.7%, tx=  0.0%, ty=  0.0%, tz=  0.0%]
  [mat_only] comp 別不整合: [x= 54.4%, y= 25.5%, z= 80.0%, tx=  0.0%, ty=  0.0%, tz=  0.0%]
  [ mat_geo] comp 別不整合: [x= 54.5%, y= 25.5%, z= 79.8%, tx=  0.0%, ty=  0.0%, tz=  0.0%]
  [  mat_st] comp 別不整合: [x= 20.3%, y= 87.6%, z= 43.7%, tx=  0.0%, ty=  0.0%, tz=  0.0%]
  ⚠ K_st 足し込みで rel_err が +1.2907e-01 悪化 — K_st が primary driver の可能性
  ⚠ K_geo 足し込みで rel_err が +1.2928e-01 悪化 — K_geo が primary driver の可能性
============================================================
  [NR診断] Incr 167 (frac=0.3618), 不収束 att=38, Type分布[-:1(3%), C:1(3%), D.div+E:8(21%), D.slow+E:2(5%), D.stall+E:11(29%), E:15(39%)], 直近10[D.div+E:2, D.slow+E:2, D.stall+E:5, E:1], R_c=8.45e-06, R_s=8.99e-07, active=31, sliding=392, activated=0, deactivated=0, stick→slide=0, slide→stick=0, comp(x=7.9e-06/93%,y=1.5e-06/17%,z=2.5e-06/30%,θx=1.2e-06/14%,θy=1.4e-07/2%,θz=6.5e-07/8%)
  [CUTBACK:nr_limit] frac 0.3618, dt=2.2247e-03 → sub-steps (cutback #18)
  [f_ref] Incr 167: f_ref=3.408e-01 (dynamic_ref), atol=7.99e-09
  Incr 167 (frac=0.3607), attempt 0 [C], ||R_t||/||f|| = 1.000e+00, ||R_r|| = 7.669e-03, ||R_w||/||f||=1.000e+00, active=30, R(x=1.7e-01/51%,y=3.0e-02/9%,z=2.9e-01/86%)
  Incr 167 (frac=0.3607), attempt 3, ||du||/||u|| = 3.361e-09 (disp converged, 31 active)
  [f_ref] Incr 168: f_ref=7.430e-01 (dynamic_ref), atol=6.61e-09
  Incr 168 (frac=0.3624), attempt 0 [C], ||R_t||/||f|| = 1.000e+00, ||R_r|| = 1.278e-02, ||R_w||/||f||=1.000e+00, active=31, R(x=3.8e-01/51%,y=6.6e-02/9%,z=6.4e-01/86%)
  Incr 168 (frac=0.3624), attempt 3, ||du||/||u|| = 8.765e-09 (disp converged, 31 active)
  [f_ref] Incr 169: f_ref=1.720e+00 (dynamic_ref), atol=6.86e-09
  Incr 169 (frac=0.3649), attempt 0 [C], ||R_t||/||f|| = 1.000e+00, ||R_r|| = 3.600e-02, ||R_w||/||f||=1.000e+00, active=32, R(x=8.8e-01/51%,y=1.5e-01/9%,z=1.5e+00/85%)
  Incr 169 (frac=0.3649), attempt 5 [E], ||R_t||/||f|| = 4.812e-06, ||R_r|| = 6.505e-06, ||R_w||/||f||=4.849e-06, rate=0.567, active=33, R(x=6.9e-06/66%,y=2.3e-06/22%,z=3.9e-06/37%)
  Incr 169 (frac=0.3649), attempt 10 [D.stall+E], ||R_t||/||f|| = 3.756e-06, ||R_r|| = 5.112e-06, ||R_w||/||f||=3.785e-06, rate=0.952, active=33, R(x=5.4e-06/66%,y=1.8e-06/22%,z=2.9e-06/36%)
============================================================
接線剛性FD方向診断（status-256）
============================================================
  ||du|| = 7.1946e-05
  ||R_u|| = 8.2387e-06
  ⚠ R_u vs compute_residual(u) 乖離: 2.8305e-10 (リラクゼーション/動的項の差異)
  ||R_base|| = 8.2385e-06
  ||R(u+eps*du)|| = 8.2385e-06
  方向有効性: ||R(u+eps*du)||/||R(u)|| = 0.999995
  ✓ du方向で残差が減少 — Newton方向は有効
  FD方向微分 = 5.9977e-06
  解析方向微分 = 1.9127e-06
  全体系 K@du: FD vs 解析 相対誤差 = 1.0000e+00
  ⚠ 全体系で接線剛性不整合 — K_c自体が不正確
  全体系不整合DOF上位5件:
    dof=494 (node=82, comp=2): FD=4.3270e-03, analytical=1.0054e-06, diff=4.3259e-03
    dof=680 (node=113, comp=2): FD=4.1552e-03, analytical=7.7745e-11, diff=4.1552e-03
    dof=1406 (node=234, comp=2): FD=4.0882e-03, analytical=-4.2245e-12, diff=4.0882e-03
    dof=1202 (node=200, comp=2): FD=3.9124e-03, analytical=5.6681e-10, diff=3.9124e-03
    dof=1412 (node=235, comp=2): FD=-3.8576e-03, analytical=-4.1288e-10, diff=-3.8576e-03
  comp別不整合: [x:8.82e-03(39%), y:1.72e-03(8%), z:2.06e-02(92%), θx:1.00e-04(0%), θy:4.07e-04(2%), θz:1.69e-05(0%)]
  接触DOF不整合: 8.57e-03 (342 DOFs), 構造DOF不整合: 2.08e-02 (1596 DOFs)
  活性DOF K@du: FD vs 解析 相対誤差 = 9.9993e-01 (342 DOFs)
  ⚠ 活性DOFで接線剛性不整合
  方向微分整合度: |FD-解析|/max = 6.8109e-01
------------------------------------------------------------
  f_c 単独FD検証（K_c精度）
  ||∂f_c/∂u·du (FD)|| = 7.5129e-06
  ||K_c @ du|| = 6.2451e-06
  f_c FD相対誤差 = 4.8535e-01
  ⚠ K_c自体が不正確（f_c単独で10%超の不整合）
  f_c comp別不整合: [x=2.9e-06/79%, y=7.9e-07/22%, z=2.1e-06/58%, θx=0.0e+00/0%, θy=0.0e+00/0%, θz=0.0e+00/0%]
  f_c不整合DOF上位5件:
    dof=444 (node=74, comp=0): FD=-3.0776e-06, K_c=-1.6416e-06, diff=-1.4360e-06
    dof=540 (node=90, comp=0): FD=1.1855e-06, K_c=4.6743e-08, diff=1.1387e-06
    dof=438 (node=73, comp=0): FD=-1.9393e-06, K_c=-8.0831e-07, diff=-1.1310e-06
    dof=546 (node=91, comp=0): FD=1.0981e-06, K_c=6.5202e-09, diff=1.0916e-06
    dof=500 (node=83, comp=2): FD=4.7412e-07, K_c=-4.9218e-07, diff=9.6629e-07
============================================================
[K_c成分FD]
============================================================
K_c 成分分解 FD 診断（status-342）  [incr=169 att=10]
============================================================
  ||du|| = 7.1946e-05, eps = 1.00e-07
  ||dfc (FD)|| = 7.5125e-06
  ||K_mat@du|| = 6.6332e-06, ||K_geo@du|| = 7.9370e-09, ||K_st@du||  = 4.6141e-06
  ||K_c@du||   = 9.1099e-06
  寄与率: mat= 0.73, geo= 0.00, st= 0.51
------------------------------------------------------------
  組み合わせ別 FD 相対誤差（K_c = K_mat - K_geo + K_st 合意）:
    full     = 5.2997e-01
    mat_only = 2.6840e-01  (geo/st 除外)
    mat_geo  = 2.6918e-01  (st 除外)
    mat_st   = 5.2968e-01   (geo 除外)
  最良組み合わせ: mat_only (rel_err=2.6840e-01)
------------------------------------------------------------
  [    full] comp 別不整合: [x= 21.1%, y= 94.7%, z= 24.0%, tx=  0.0%, ty=  0.0%, tz=  0.0%]
  [mat_only] comp 別不整合: [x= 68.2%, y= 29.0%, z= 67.1%, tx=  0.0%, ty=  0.0%, tz=  0.0%]
  [ mat_geo] comp 別不整合: [x= 68.4%, y= 29.0%, z= 67.0%, tx=  0.0%, ty=  0.0%, tz=  0.0%]
  [  mat_st] comp 別不整合: [x= 21.2%, y= 94.7%, z= 24.0%, tx=  0.0%, ty=  0.0%, tz=  0.0%]
  ⚠ K_st 足し込みで rel_err が +2.6079e-01 悪化 — K_st が primary driver の可能性
  ⚠ K_geo 足し込みで rel_err が +2.6127e-01 悪化 — K_geo が primary driver の可能性
============================================================
  [Type D対策] FD診断: Newton方向精度不良 (dir_ratio=1.000), NR上限拡張→200
  Incr 169 (frac=0.3649), attempt 10, ||du||/||u|| = 9.834e-09 (disp converged, 33 active)
  [f_ref] Incr 170: f_ref=1.676e+00 (dynamic_ref), atol=9.96e-09
  Incr 170 (frac=0.3674), attempt 0 [A], ||R_t||/||f|| = 1.000e+00, ||R_r|| = 2.641e-02, ||R_w||/||f||=1.000e+00, active=33, R(x=8.7e-01/52%,y=1.5e-01/9%,z=1.4e+00/85%)
  Incr 170 (frac=0.3674), attempt 5 [E], ||R_t||/||f|| = 6.102e-06, ||R_r|| = 1.093e-05, ||R_w||/||f||=6.189e-06, rate=0.402, active=35, R(x=8.2e-06/55%,y=3.8e-06/26%,z=4.8e-06/32%)
  Incr 170 (frac=0.3674), attempt 10 [D.stall+E], ||R_t||/||f|| = 2.350e-06, ||R_r|| = 4.050e-06, ||R_w||/||f||=2.381e-06, rate=0.953, active=35, R(x=3.3e-06/59%,y=1.6e-06/28%,z=1.4e-06/25%)
============================================================
接線剛性FD方向診断（status-256）
============================================================
  ||du|| = 7.6126e-05
  ||R_u|| = 5.3849e-06
  ⚠ R_u vs compute_residual(u) 乖離: 1.1672e-10 (リラクゼーション/動的項の差異)
  ||R_base|| = 5.3848e-06
  ||R(u+eps*du)|| = 5.3848e-06
  方向有効性: ||R(u+eps*du)||/||R(u)|| = 0.999998
  ✓ du方向で残差が減少 — Newton方向は有効
  FD方向微分 = 2.0258e-06
  解析方向微分 = 1.5988e-06
  全体系 K@du: FD vs 解析 相対誤差 = 1.0000e+00
  ⚠ 全体系で接線剛性不整合 — K_c自体が不正確
  全体系不整合DOF上位5件:
    dof=1604 (node=267, comp=2): FD=5.1164e-03, analytical=4.1004e-10, diff=5.1164e-03
    dof=1622 (node=270, comp=2): FD=-4.9236e-03, analytical=1.0732e-08, diff=-4.9236e-03
    dof=1598 (node=266, comp=2): FD=-4.2880e-03, analytical=-4.0068e-09, diff=-4.2880e-03
    dof=1724 (node=287, comp=2): FD=4.1204e-03, analytical=3.9906e-08, diff=4.1204e-03
    dof=86 (node=14, comp=2): FD=4.0022e-03, analytical=5.3724e-09, diff=4.0022e-03
  comp別不整合: [x:9.60e-03(38%), y:1.92e-03(8%), z:2.34e-02(92%), θx:1.01e-04(0%), θy:3.93e-04(2%), θz:1.77e-05(0%)]
  接触DOF不整合: 1.24e-02 (426 DOFs), 構造DOF不整合: 2.21e-02 (1512 DOFs)
  活性DOF K@du: FD vs 解析 相対誤差 = 1.0000e+00 (426 DOFs)
  ⚠ 活性DOFで接線剛性不整合
  方向微分整合度: |FD-解析|/max = 2.1078e-01
------------------------------------------------------------
  f_c 単独FD検証（K_c精度）
  ||∂f_c/∂u·du (FD)|| = 3.2920e-06
  ||K_c @ du|| = 3.0472e-06
  f_c FD相対誤差 = 5.9872e-01
  ⚠ K_c自体が不正確（f_c単独で10%超の不整合）
  f_c comp別不整合: [x=1.7e-06/85%, y=8.1e-07/41%, z=6.6e-07/34%, θx=0.0e+00/0%, θy=0.0e+00/0%, θz=0.0e+00/0%]
  f_c不整合DOF上位5件:
    dof=180 (node=30, comp=0): FD=-3.2720e-07, K_c=5.1210e-07, diff=-8.3931e-07
    dof=186 (node=31, comp=0): FD=-2.1502e-07, K_c=3.2226e-07, diff=-5.3728e-07
    dof=1608 (node=268, comp=0): FD=2.1199e-07, K_c=-3.1371e-07, diff=5.2570e-07
    dof=1614 (node=269, comp=0): FD=2.0456e-07, K_c=-3.0525e-07, diff=5.0981e-07
    dof=444 (node=74, comp=0): FD=9.9272e-07, K_c=4.9790e-07, diff=4.9483e-07
============================================================
[K_c成分FD]
============================================================
K_c 成分分解 FD 診断（status-342）  [incr=170 att=11]
============================================================
  ||du|| = 7.6126e-05, eps = 1.00e-07
  ||dfc (FD)|| = 3.2918e-06
  ||K_mat@du|| = 3.0232e-06, ||K_geo@du|| = 6.5591e-09, ||K_st@du||  = 3.5433e-06
  ||K_c@du||   = 4.9252e-06
  寄与率: mat= 0.61, geo= 0.00, st= 0.72
------------------------------------------------------------
  組み合わせ別 FD 相対誤差（K_c = K_mat - K_geo + K_st 合意）:
    full     = 7.4769e-01
    mat_only = 3.1821e-01  (geo/st 除外)
    mat_geo  = 3.1987e-01  (st 除外)
    mat_st   = 7.4734e-01   (geo 除外)
  最良組み合わせ: mat_only (rel_err=3.1821e-01)
------------------------------------------------------------
  [    full] comp 別不整合: [x= 11.2%, y= 97.5%, z= 19.3%, tx=  0.0%, ty=  0.0%, tz=  0.0%]
  [mat_only] comp 別不整合: [x= 77.0%, y= 44.9%, z= 45.4%, tx=  0.0%, ty=  0.0%, tz=  0.0%]
  [ mat_geo] comp 別不整合: [x= 77.1%, y= 44.9%, z= 45.2%, tx=  0.0%, ty=  0.0%, tz=  0.0%]
  [  mat_st] comp 別不整合: [x= 11.2%, y= 97.5%, z= 19.4%, tx=  0.0%, ty=  0.0%, tz=  0.0%]
  ⚠ K_st 足し込みで rel_err が +4.2782e-01 悪化 — K_st が primary driver の可能性
  ⚠ K_geo 足し込みで rel_err が +4.2913e-01 悪化 — K_geo が primary driver の可能性
============================================================
  [Type D対策] FD診断: Newton方向精度不良 (dir_ratio=1.000), NR上限拡張→200
  Incr 170 (frac=0.3674), attempt 12, ||du||/||u|| = 9.829e-09 (disp converged, 35 active)
  [f_ref] Incr 171: f_ref=1.716e+00 (dynamic_ref), atol=1.20e-08
  Incr 171 (frac=0.3699), attempt 0 [C], ||R_t||/||f|| = 1.000e+00, ||R_r|| = 3.099e-02, ||R_w||/||f||=1.000e+00, active=34, R(x=8.9e-01/52%,y=1.5e-01/9%,z=1.5e+00/85%)
  Incr 171 (frac=0.3699), attempt 5 [E], ||R_t||/||f|| = 5.777e-06, ||R_r|| = 1.188e-05, ||R_w||/||f||=5.881e-06, rate=0.575, active=33, R(x=8.6e-06/55%,y=2.6e-06/17%,z=4.2e-06/27%)
  Incr 171 (frac=0.3699), attempt 10 [D.slow+E], ||R_t||/||f|| = 2.799e-06, ||R_r|| = 6.342e-06, ||R_w||/||f||=2.860e-06, rate=0.949, active=33, R(x=4.1e-06/52%,y=1.2e-06/16%,z=2.2e-06/27%)
============================================================
接線剛性FD方向診断（status-256）
============================================================
  ||du|| = 7.7490e-05
  ||R_u|| = 7.5647e-06
  ⚠ R_u vs compute_residual(u) 乖離: 2.5520e-10 (リラクゼーション/動的項の差異)
  ||R_base|| = 7.5646e-06
  ||R(u+eps*du)|| = 7.5646e-06
  方向有効性: ||R(u+eps*du)||/||R(u)|| = 1.000002
  ⚠ du方向で残差が増加 — Newton方向が無効
  FD方向微分 = 3.7917e-06
  解析方向微分 = 1.7836e-06
  全体系 K@du: FD vs 解析 相対誤差 = 1.0000e+00
  ⚠ 全体系で接線剛性不整合 — K_c自体が不正確
  全体系不整合DOF上位5件:
    dof=1292 (node=215, comp=2): FD=-4.4586e-03, analytical=7.6690e-10, diff=-4.4586e-03
    dof=1502 (node=250, comp=2): FD=4.2494e-03, analytical=6.3535e-09, diff=4.2494e-03
    dof=1496 (node=249, comp=2): FD=-4.2409e-03, analytical=-1.7525e-10, diff=-4.2409e-03
    dof=578 (node=96, comp=2): FD=-4.2366e-03, analytical=-5.6390e-08, diff=-4.2365e-03
    dof=1298 (node=216, comp=2): FD=4.1109e-03, analytical=1.7051e-09, diff=4.1109e-03
  comp別不整合: [x:8.94e-03(37%), y:1.66e-03(7%), z:2.24e-02(93%), θx:9.62e-05(0%), θy:4.00e-04(2%), θz:1.64e-05(0%)]
  接触DOF不整合: 1.02e-02 (402 DOFs), 構造DOF不整合: 2.19e-02 (1536 DOFs)
  活性DOF K@du: FD vs 解析 相対誤差 = 1.0001e+00 (402 DOFs)
  ⚠ 活性DOFで接線剛性不整合
  方向微分整合度: |FD-解析|/max = 5.2962e-01
------------------------------------------------------------
  f_c 単独FD検証（K_c精度）
  ||∂f_c/∂u·du (FD)|| = 4.9191e-06
  ||K_c @ du|| = 4.0528e-06
  f_c FD相対誤差 = 5.7209e-01
  ⚠ K_c自体が不正確（f_c単独で10%超の不整合）
  f_c comp別不整合: [x=2.5e-06/89%, y=6.8e-07/24%, z=1.1e-06/40%, θx=0.0e+00/0%, θy=0.0e+00/0%, θz=0.0e+00/0%]
  f_c不整合DOF上位5件:
    dof=444 (node=74, comp=0): FD=-1.9836e-06, K_c=-1.0056e-06, diff=-9.7803e-07
    dof=534 (node=89, comp=0): FD=1.5255e-06, K_c=7.0819e-07, diff=8.1735e-07
    dof=636 (node=106, comp=0): FD=-4.6350e-07, K_c=3.1616e-07, diff=-7.7967e-07
    dof=540 (node=90, comp=0): FD=7.3306e-07, K_c=2.5168e-08, diff=7.0790e-07
    dof=438 (node=73, comp=0): FD=-8.6174e-07, K_c=-2.2670e-07, diff=-6.3504e-07
============================================================
[K_c成分FD]
============================================================
K_c 成分分解 FD 診断（status-342）  [incr=171 att=11]
============================================================
  ||du|| = 7.7490e-05, eps = 1.00e-07
  ||dfc (FD)|| = 4.9183e-06
  ||K_mat@du|| = 4.3106e-06, ||K_geo@du|| = 7.4905e-09, ||K_st@du||  = 8.8718e-06
  ||K_c@du||   = 1.0933e-05
  寄与率: mat= 0.39, geo= 0.00, st= 0.81
------------------------------------------------------------
  組み合わせ別 FD 相対誤差（K_c = K_mat - K_geo + K_st 合意）:
    full     = 8.2537e-01
    mat_only = 3.0354e-01  (geo/st 除外)
    mat_geo  = 3.0473e-01  (st 除外)
    mat_st   = 8.2522e-01   (geo 除外)
  最良組み合わせ: mat_only (rel_err=3.0354e-01)
------------------------------------------------------------
  [    full] comp 別不整合: [x= 28.7%, y= 91.3%, z= 28.9%, tx=  0.0%, ty=  0.0%, tz=  0.0%]
  [mat_only] comp 別不整合: [x= 79.4%, y= 30.0%, z= 52.8%, tx=  0.0%, ty=  0.0%, tz=  0.0%]
  [ mat_geo] comp 別不整合: [x= 79.5%, y= 30.0%, z= 52.7%, tx=  0.0%, ty=  0.0%, tz=  0.0%]
  [  mat_st] comp 別不整合: [x= 28.7%, y= 91.3%, z= 28.9%, tx=  0.0%, ty=  0.0%, tz=  0.0%]
  ⚠ K_st 足し込みで rel_err が +5.2064e-01 悪化 — K_st が primary driver の可能性
  ⚠ K_geo 足し込みで rel_err が +5.2168e-01 悪化 — K_geo が primary driver の可能性
============================================================
  [Type D対策] FD診断: Newton方向精度不良 (dir_ratio=1.000), NR上限拡張→200
  Incr 171 (frac=0.3699), attempt 12, ||du||/||u|| = 9.903e-09 (disp converged, 33 active)
  [f_ref] Incr 172: f_ref=1.680e+00 (dynamic_ref), atol=1.35e-08
  Incr 172 (frac=0.3724), attempt 0 [C], ||R_t||/||f|| = 1.000e+00, ||R_r|| = 2.559e-02, ||R_w||/||f||=1.000e+00, active=28, R(x=8.8e-01/52%,y=1.5e-01/9%,z=1.4e+00/85%)
  Incr 172 (frac=0.3724), attempt 5 [E], ||R_t||/||f|| = 4.183e-03, ||R_r|| = 5.023e-03, ||R_w||/||f||=4.210e-03, rate=0.406, active=33, R(x=4.0e-03/47%,y=4.5e-03/52%,z=3.6e-03/41%)
  Incr 172 (frac=0.3724), attempt 10 [E], ||R_t||/||f|| = 3.470e-05, ||R_r|| = 4.006e-05, ||R_w||/||f||=3.491e-05, rate=0.649, active=31, R(x=5.3e-05/75%,y=1.7e-05/24%,z=1.6e-05/23%)
  Incr 172 (frac=0.3724), 低残差チャタリング検知[E] → 接触凍結モード (att=15, ||R||/||f||=2.077e-05, R_c=3.72e-05, R_s=1.67e-05, cycle=1/5, active=31)
  Incr 172 (frac=0.3724), attempt 15 [E], ||R_t||/||f|| = 2.077e-05, ||R_r|| = 2.113e-05, ||R_w||/||f||=2.087e-05, rate=0.819, active=31, R(x=3.1e-05/75%,y=1.1e-05/26%,z=1.3e-05/32%)
============================================================
接線剛性FD方向診断（status-256）
============================================================
  ||du|| = 4.8155e-04
  ||R_u|| = 4.0797e-05
  ⚠ R_u vs compute_residual(u) 乖離: 1.4327e-07 (リラクゼーション/動的項の差異)
  ||R_base|| = 4.0908e-05
  ||R(u+eps*du)|| = 4.0909e-05
  方向有効性: ||R(u+eps*du)||/||R(u)|| = 1.000026
  ⚠ du方向で残差が増加 — Newton方向が無効
  FD方向微分 = -2.4448e-03
  解析方向微分 = 9.2566e-06
  全体系 K@du: FD vs 解析 相対誤差 = 1.0015e+00
  ⚠ 全体系で接線剛性不整合 — K_c自体が不正確
  全体系不整合DOF上位5件:
    dof=444 (node=74, comp=0): FD=7.4011e-03, analytical=-1.5792e-05, diff=7.4169e-03
    dof=540 (node=90, comp=0): FD=-6.4095e-03, analytical=1.3376e-05, diff=-6.4229e-03
    dof=546 (node=91, comp=0): FD=-6.0457e-03, analytical=1.2570e-05, diff=-6.0582e-03
    dof=438 (node=73, comp=0): FD=5.3384e-03, analytical=-1.2295e-05, diff=5.3507e-03
    dof=1724 (node=287, comp=2): FD=-5.0319e-03, analytical=3.2289e-08, diff=-5.0320e-03
  comp別不整合: [x:1.60e-02(59%), y:5.22e-03(19%), z:2.13e-02(78%), θx:4.77e-04(2%), θy:1.13e-03(4%), θz:5.61e-05(0%)]
  接触DOF不整合: 1.65e-02 (378 DOFs), 構造DOF不整合: 2.17e-02 (1560 DOFs)
  活性DOF K@du: FD vs 解析 相対誤差 = 1.0016e+00 (378 DOFs)
  ⚠ 活性DOFで接線剛性不整合
  方向微分整合度: |FD-解析|/max = 1.0038e+00
------------------------------------------------------------
  f_c 単独FD検証（K_c精度）
  ||∂f_c/∂u·du (FD)|| = 5.7981e-05
  ||K_c @ du|| = 4.7243e-05
  f_c FD相対誤差 = 6.2252e-01
  ⚠ K_c自体が不正確（f_c単独で10%超の不整合）
  f_c comp別不整合: [x=3.0e-05/83%, y=7.8e-06/22%, z=1.8e-05/51%, θx=0.0e+00/0%, θy=0.0e+00/0%, θz=0.0e+00/0%]
  f_c不整合DOF上位5件:
    dof=444 (node=74, comp=0): FD=-2.2340e-05, K_c=-9.7102e-06, diff=-1.2630e-05
    dof=540 (node=90, comp=0): FD=9.5110e-06, K_c=-1.3098e-06, diff=1.0821e-05
    dof=546 (node=91, comp=0): FD=8.5504e-06, K_c=-1.5757e-06, diff=1.0126e-05
    dof=438 (node=73, comp=0): FD=-1.4493e-05, K_c=-4.6001e-06, diff=-9.8930e-06
    dof=498 (node=83, comp=0): FD=-4.5876e-06, K_c=4.3678e-06, diff=-8.9554e-06
============================================================
[K_c成分FD]
============================================================
K_c 成分分解 FD 診断（status-342）  [incr=172 att=15]
============================================================
  ||du|| = 4.8155e-04, eps = 1.00e-07
  ||dfc (FD)|| = 5.8639e-05
  ||K_mat@du|| = 4.9884e-05, ||K_geo@du|| = 7.3929e-08, ||K_st@du||  = 3.8750e-05
  ||K_c@du||   = 7.0909e-05
  寄与率: mat= 0.70, geo= 0.00, st= 0.55
------------------------------------------------------------
  組み合わせ別 FD 相対誤差（K_c = K_mat - K_geo + K_st 合意）:
    full     = 5.9380e-01
    mat_only = 3.3332e-01  (geo/st 除外)
    mat_geo  = 3.3429e-01  (st 除外)
    mat_st   = 5.9333e-01   (geo 除外)
  最良組み合わせ: mat_only (rel_err=3.3332e-01)
------------------------------------------------------------
  [    full] comp 別不整合: [x= 29.8%, y= 92.1%, z= 25.1%, tx=  0.0%, ty=  0.0%, tz=  0.0%]
  [mat_only] comp 別不整合: [x= 77.2%, y= 29.6%, z= 56.2%, tx=  0.0%, ty=  0.0%, tz=  0.0%]
  [ mat_geo] comp 別不整合: [x= 77.3%, y= 29.6%, z= 56.1%, tx=  0.0%, ty=  0.0%, tz=  0.0%]
  [  mat_st] comp 別不整合: [x= 29.8%, y= 92.1%, z= 25.1%, tx=  0.0%, ty=  0.0%, tz=  0.0%]
  ⚠ K_st 足し込みで rel_err が +2.5951e-01 悪化 — K_st が primary driver の可能性
  ⚠ K_geo 足し込みで rel_err が +2.6001e-01 悪化 — K_geo が primary driver の可能性
============================================================
============================================================
接線剛性FD方向診断（status-256）
============================================================
  ||du|| = 1.8626e-04
  ||R_u|| = 5.0564e-05
  ⚠ R_u vs compute_residual(u) 乖離: 5.7738e-05 (リラクゼーション/動的項の差異)
  ||R_base|| = 3.6988e-05
  ||R(u+eps*du)|| = 3.6989e-05
  方向有効性: ||R(u+eps*du)||/||R(u)|| = 1.000022
  ⚠ du方向で残差が増加 — Newton方向が無効
  FD方向微分 = 1.7508e-04
  解析方向微分 = 8.5938e-06
  全体系 K@du: FD vs 解析 相対誤差 = 1.0003e+00
  ⚠ 全体系で接線剛性不整合 — K_c自体が不正確
  全体系不整合DOF上位5件:
    dof=444 (node=74, comp=0): FD=-5.8424e-03, analytical=-9.7059e-06, diff=-5.8327e-03
    dof=546 (node=91, comp=0): FD=5.2736e-03, analytical=-1.5699e-06, diff=5.2752e-03
    dof=540 (node=90, comp=0): FD=5.0759e-03, analytical=-1.3057e-06, diff=5.0772e-03
    dof=438 (node=73, comp=0): FD=-4.5529e-03, analytical=-4.5910e-06, diff=-4.5483e-03
    dof=1406 (node=234, comp=2): FD=4.0751e-03, analytical=-2.1915e-10, diff=4.0751e-03
  comp別不整合: [x:1.39e-02(56%), y:4.59e-03(18%), z:2.02e-02(81%), θx:3.83e-04(2%), θy:6.35e-04(3%), θz:4.61e-05(0%)]
  接触DOF不整合: 1.42e-02 (378 DOFs), 構造DOF不整合: 2.06e-02 (1560 DOFs)
  活性DOF K@du: FD vs 解析 相対誤差 = 9.9971e-01 (378 DOFs)
  ⚠ 活性DOFで接線剛性不整合
  方向微分整合度: |FD-解析|/max = 9.5092e-01
------------------------------------------------------------
  f_c 単独FD検証（K_c精度）
  ||∂f_c/∂u·du (FD)|| = 3.6071e-05
  ||K_c @ du|| = 1.2258e-06
  f_c FD相対誤差 = 1.0066e+00
  ⚠ K_c自体が不正確（f_c単独で10%超の不整合）
  f_c comp別不整合: [x=2.3e-05/63%, y=2.4e-05/66%, z=1.4e-05/39%, θx=0.0e+00/0%, θy=0.0e+00/0%, θz=0.0e+00/0%]
  f_c不整合DOF上位5件:
    dof=444 (node=74, comp=0): FD=-1.4717e-05, K_c=4.0164e-07, diff=-1.5119e-05
    dof=445 (node=74, comp=1): FD=1.1644e-05, K_c=6.1113e-08, diff=1.1583e-05
    dof=1057 (node=176, comp=1): FD=-1.1725e-05, K_c=-1.5117e-07, diff=-1.1574e-05
    dof=1056 (node=176, comp=0): FD=1.1244e-05, K_c=-1.6979e-07, diff=1.1414e-05
    dof=446 (node=74, comp=2): FD=9.7083e-06, K_c=-1.9282e-08, diff=9.7276e-06
============================================================
[K_c成分FD]
============================================================
K_c 成分分解 FD 診断（status-342）  [incr=172 att=16]
============================================================
  ||du|| = 1.8626e-04, eps = 1.00e-07
  ||dfc (FD)|| = 3.5649e-05
  ||K_mat@du|| = 3.4828e-05, ||K_geo@du|| = 9.4684e-09, ||K_st@du||  = 1.0701e-05
  ||K_c@du||   = 3.7416e-05
  寄与率: mat= 0.93, geo= 0.00, st= 0.29
------------------------------------------------------------
  組み合わせ別 FD 相対誤差（K_c = K_mat - K_geo + K_st 合意）:
    full     = 3.1623e-01
    mat_only = 1.5170e-01  (geo/st 除外)
    mat_geo  = 1.5174e-01  (st 除外)
    mat_st   = 3.1621e-01   (geo 除外)
  最良組み合わせ: mat_only (rel_err=1.5170e-01)
------------------------------------------------------------
  [    full] comp 別不整合: [x= 26.1%, y= 84.5%, z= 46.6%, tx=  0.0%, ty=  0.0%, tz=  0.0%]
  [mat_only] comp 別不整合: [x= 32.6%, y= 28.2%, z= 90.2%, tx=  0.0%, ty=  0.0%, tz=  0.0%]
  [ mat_geo] comp 別不整合: [x= 32.6%, y= 28.3%, z= 90.2%, tx=  0.0%, ty=  0.0%, tz=  0.0%]
  [  mat_st] comp 別不整合: [x= 26.1%, y= 84.5%, z= 46.6%, tx=  0.0%, ty=  0.0%, tz=  0.0%]
  ⚠ K_st 足し込みで rel_err が +1.6449e-01 悪化 — K_st が primary driver の可能性
  ⚠ K_geo 足し込みで rel_err が +1.6451e-01 悪化 — K_geo が primary driver の可能性
============================================================
============================================================
接線剛性FD方向診断（status-256）
============================================================
  ||du|| = 1.7498e-05
  ||R_u|| = 1.4250e-05
  ⚠ R_u vs compute_residual(u) 乖離: 8.6550e-05 (リラクゼーション/動的項の差異)
  ||R_base|| = 8.7964e-05
  ||R(u+eps*du)|| = 8.7964e-05
  方向有効性: ||R(u+eps*du)||/||R(u)|| = 1.000000
  ⚠ du方向で残差が増加 — Newton方向が無効
  FD方向微分 = 9.2233e-06
  解析方向微分 = 3.5623e-07
  全体系 K@du: FD vs 解析 相対誤差 = 1.0000e+00
  ⚠ 全体系で接線剛性不整合 — K_c自体が不正確
  全体系不整合DOF上位5件:
    dof=1190 (node=198, comp=2): FD=-4.4083e-03, analytical=9.0224e-10, diff=-4.4083e-03
    dof=584 (node=97, comp=2): FD=4.1715e-03, analytical=-5.1971e-09, diff=4.1715e-03
    dof=578 (node=96, comp=2): FD=-3.9591e-03, analytical=5.2566e-09, diff=-3.9591e-03
    dof=1808 (node=301, comp=2): FD=3.9438e-03, analytical=7.4431e-10, diff=3.9438e-03
    dof=1610 (node=268, comp=2): FD=-3.9159e-03, analytical=2.6593e-10, diff=-3.9159e-03
  comp別不整合: [x:8.78e-03(39%), y:1.63e-03(7%), z:2.05e-02(92%), θx:7.28e-05(0%), θy:3.57e-04(2%), θz:1.54e-05(0%)]
  接触DOF不整合: 1.04e-02 (378 DOFs), 構造DOF不整合: 1.98e-02 (1560 DOFs)
  活性DOF K@du: FD vs 解析 相対誤差 = 1.0000e+00 (378 DOFs)
  ⚠ 活性DOFで接線剛性不整合
  方向微分整合度: |FD-解析|/max = 9.6138e-01
------------------------------------------------------------
  f_c 単独FD検証（K_c精度）
  ||∂f_c/∂u·du (FD)|| = 2.2717e-06
  ||K_c @ du|| = 1.9440e-07
  f_c FD相対誤差 = 1.0158e+00
  ⚠ K_c自体が不正確（f_c単独で10%超の不整合）
  f_c comp別不整合: [x=9.3e-07/40%, y=2.0e-06/88%, z=5.5e-07/24%, θx=0.0e+00/0%, θy=0.0e+00/0%, θz=0.0e+00/0%]
  f_c不整合DOF上位5件:
    dof=493 (node=82, comp=1): FD=-7.8158e-07, K_c=2.0511e-08, diff=-8.0209e-07
    dof=487 (node=81, comp=1): FD=-6.9291e-07, K_c=2.6798e-08, diff=-7.1971e-07
    dof=445 (node=74, comp=1): FD=-6.3630e-07, K_c=-3.1656e-09, diff=-6.3313e-07
    dof=439 (node=73, comp=1): FD=-6.1807e-07, K_c=-1.0564e-09, diff=-6.1701e-07
    dof=997 (node=166, comp=1): FD=5.7388e-07, K_c=-2.5744e-08, diff=5.9963e-07
============================================================
[K_c成分FD]
============================================================
K_c 成分分解 FD 診断（status-342）  [incr=172 att=17]
============================================================
  ||du|| = 1.7498e-05, eps = 1.00e-07
  ||dfc (FD)|| = 2.2705e-06
  ||K_mat@du|| = 2.2422e-06, ||K_geo@du|| = 1.4232e-09, ||K_st@du||  = 8.8200e-07
  ||K_c@du||   = 1.6422e-06
  寄与率: mat= 1.37, geo= 0.00, st= 0.54
------------------------------------------------------------
  組み合わせ別 FD 相対誤差（K_c = K_mat - K_geo + K_st 合意）:
    full     = 4.1363e-01
    mat_only = 1.4970e-01  (geo/st 除外)
    mat_geo  = 1.4997e-01  (st 除外)
    mat_st   = 4.1351e-01   (geo 除外)
  最良組み合わせ: mat_only (rel_err=1.4970e-01)
------------------------------------------------------------
  [    full] comp 別不整合: [x= 51.4%, y= 79.2%, z= 32.9%, tx=  0.0%, ty=  0.0%, tz=  0.0%]
  [mat_only] comp 別不整合: [x= 56.5%, y= 24.7%, z= 78.7%, tx=  0.0%, ty=  0.0%, tz=  0.0%]
  [ mat_geo] comp 別不整合: [x= 56.6%, y= 24.7%, z= 78.6%, tx=  0.0%, ty=  0.0%, tz=  0.0%]
  [  mat_st] comp 別不整合: [x= 51.4%, y= 79.2%, z= 32.9%, tx=  0.0%, ty=  0.0%, tz=  0.0%]
  ⚠ K_st 足し込みで rel_err が +2.6365e-01 悪化 — K_st が primary driver の可能性
  ⚠ K_geo 足し込みで rel_err が +2.6381e-01 悪化 — K_geo が primary driver の可能性
============================================================
============================================================
接線剛性FD方向診断（status-256）
============================================================
  ||du|| = 4.5334e-06
  ||R_u|| = 7.4780e-07
  ⚠ R_u vs compute_residual(u) 乖離: 8.6856e-05 (リラクゼーション/動的項の差異)
  ||R_base|| = 8.6931e-05
  ||R(u+eps*du)|| = 8.6931e-05
  方向有効性: ||R(u+eps*du)||/||R(u)|| = 1.000000
  ⚠ du方向で残差が増加 — Newton方向が無効
  FD方向微分 = -1.4161e-05
  解析方向微分 = 8.2440e-08
  全体系 K@du: FD vs 解析 相対誤差 = 1.0000e+00
  ⚠ 全体系で接線剛性不整合 — K_c自体が不正確
  全体系不整合DOF上位5件:
    dof=1394 (node=232, comp=2): FD=4.3024e-03, analytical=-2.4346e-09, diff=4.3024e-03
    dof=584 (node=97, comp=2): FD=-4.1584e-03, analytical=-6.1082e-10, diff=-4.1584e-03
    dof=86 (node=14, comp=2): FD=3.6063e-03, analytical=-1.0913e-09, diff=3.6063e-03
    dof=578 (node=96, comp=2): FD=3.1382e-03, analytical=-1.1599e-09, diff=3.1382e-03
    dof=1388 (node=231, comp=2): FD=-2.3596e-03, analytical=-2.2737e-09, diff=-2.3596e-03
  comp別不整合: [x:4.87e-03(36%), y:7.64e-04(6%), z:1.27e-02(93%), θx:4.06e-05(0%), θy:2.28e-04(2%), θz:1.29e-05(0%)]
  接触DOF不整合: 8.00e-03 (378 DOFs), 構造DOF不整合: 1.10e-02 (1560 DOFs)
  活性DOF K@du: FD vs 解析 相対誤差 = 1.0000e+00 (378 DOFs)
  ⚠ 活性DOFで接線剛性不整合
  方向微分整合度: |FD-解析|/max = 1.0058e+00
------------------------------------------------------------
  f_c 単独FD検証（K_c精度）
  ||∂f_c/∂u·du (FD)|| = 8.3613e-07
  ||K_c @ du|| = 1.2325e-07
  f_c FD相対誤差 = 1.0695e+00
  ⚠ K_c自体が不正確（f_c単独で10%超の不整合）
  f_c comp別不整合: [x=6.5e-07/73%, y=5.2e-07/58%, z=3.3e-07/37%, θx=0.0e+00/0%, θy=0.0e+00/0%, θz=0.0e+00/0%]
  f_c不整合DOF上位5件:
    dof=444 (node=74, comp=0): FD=3.0285e-07, K_c=-6.2878e-08, diff=3.6573e-07
    dof=438 (node=73, comp=0): FD=1.6120e-07, K_c=-4.7778e-08, diff=2.0897e-07
    dof=446 (node=74, comp=2): FD=-1.9344e-07, K_c=5.9990e-09, diff=-1.9943e-07
    dof=534 (node=89, comp=0): FD=-1.6728e-07, K_c=3.0054e-08, diff=-1.9733e-07
    dof=451 (node=75, comp=1): FD=1.8117e-07, K_c=2.0904e-10, diff=1.8096e-07
============================================================
[K_c成分FD]
============================================================
K_c 成分分解 FD 診断（status-342）  [incr=172 att=18]
============================================================
  ||du|| = 4.5334e-06, eps = 1.00e-07
  ||dfc (FD)|| = 8.3917e-07
  ||K_mat@du|| = 7.5464e-07, ||K_geo@du|| = 7.1859e-10, ||K_st@du||  = 2.8835e-07
  ||K_c@du||   = 8.5619e-07
  寄与率: mat= 0.88, geo= 0.00, st= 0.34
------------------------------------------------------------
  組み合わせ別 FD 相対誤差（K_c = K_mat - K_geo + K_st 合意）:
    full     = 4.0100e-01
    mat_only = 2.2847e-01  (geo/st 除外)
    mat_geo  = 2.2903e-01  (st 除外)
    mat_st   = 4.0070e-01   (geo 除外)
  最良組み合わせ: mat_only (rel_err=2.2847e-01)
------------------------------------------------------------
  [    full] comp 別不整合: [x= 29.8%, y= 92.6%, z= 23.4%, tx=  0.0%, ty=  0.0%, tz=  0.0%]
  [mat_only] comp 別不整合: [x= 67.1%, y= 41.5%, z= 61.5%, tx=  0.0%, ty=  0.0%, tz=  0.0%]
  [ mat_geo] comp 別不整合: [x= 67.2%, y= 41.5%, z= 61.3%, tx=  0.0%, ty=  0.0%, tz=  0.0%]
  [  mat_st] comp 別不整合: [x= 29.8%, y= 92.6%, z= 23.4%, tx=  0.0%, ty=  0.0%, tz=  0.0%]
  ⚠ K_st 足し込みで rel_err が +1.7197e-01 悪化 — K_st が primary driver の可能性
  ⚠ K_geo 足し込みで rel_err が +1.7223e-01 悪化 — K_geo が primary driver の可能性
============================================================
  Incr 172 (frac=0.3724), attempt 18, 凍結解除(disp)→再凍結 ||R_t||/||f||=5.172e-05 (cycle=2)
============================================================
接線剛性FD方向診断（status-256）
============================================================
  ||du|| = 1.0012e-03
  ||R_u|| = 8.6904e-05
  ⚠ R_u vs compute_residual(u) 乖離: 3.1743e-11 (リラクゼーション/動的項の差異)
  ||R_base|| = 8.6904e-05
  ||R(u+eps*du)|| = 8.6904e-05
  方向有効性: ||R(u+eps*du)||/||R(u)|| = 0.999999
  ✓ du方向で残差が減少 — Newton方向は有効
  FD方向微分 = 1.1444e-04
  解析方向微分 = 2.3136e-05
  全体系 K@du: FD vs 解析 相対誤差 = 1.0083e+00
  ⚠ 全体系で接線剛性不整合 — K_c自体が不正確
  全体系不整合DOF上位5件:
    dof=374 (node=62, comp=2): FD=4.1793e-03, analytical=-2.5992e-07, diff=4.1796e-03
    dof=1298 (node=216, comp=2): FD=-4.1078e-03, analytical=-2.6669e-10, diff=-4.1078e-03
    dof=1304 (node=217, comp=2): FD=4.0018e-03, analytical=3.3136e-10, diff=4.0018e-03
    dof=1616 (node=269, comp=2): FD=-3.7678e-03, analytical=-5.7457e-09, diff=-3.7677e-03
    dof=1310 (node=218, comp=2): FD=-3.7365e-03, analytical=-3.6759e-10, diff=-3.7365e-03
  comp別不整合: [x:1.00e-02(39%), y:1.91e-03(7%), z:2.34e-02(91%), θx:9.02e-04(4%), θy:3.20e-03(12%), θz:1.26e-04(0%)]
  接触DOF不整合: 1.35e-02 (378 DOFs), 構造DOF不整合: 2.19e-02 (1560 DOFs)
  活性DOF K@du: FD vs 解析 相対誤差 = 9.9970e-01 (378 DOFs)
  ⚠ 活性DOFで接線剛性不整合
  方向微分整合度: |FD-解析|/max = 7.9784e-01
------------------------------------------------------------
  f_c 単独FD検証（K_c精度）
  ||∂f_c/∂u·du (FD)|| = 3.3129e-04
  ||K_c @ du|| = 3.7604e-05
  f_c FD相対誤差 = 1.0567e+00
  ⚠ K_c自体が不正確（f_c単独で10%超の不整合）
  f_c comp別不整合: [x=2.4e-04/69%, y=2.2e-04/62%, z=1.3e-04/37%, θx=0.0e+00/0%, θy=0.0e+00/0%, θz=0.0e+00/0%]
  f_c不整合DOF上位5件:
    dof=444 (node=74, comp=0): FD=1.3069e-04, K_c=-1.9539e-05, diff=1.5023e-04
    dof=445 (node=74, comp=1): FD=-8.8953e-05, K_c=4.8136e-06, diff=-9.3767e-05
    dof=1056 (node=176, comp=0): FD=-8.4859e-05, K_c=1.9657e-06, diff=-8.6824e-05
    dof=1057 (node=176, comp=1): FD=8.7297e-05, K_c=1.7563e-06, diff=8.5541e-05
    dof=446 (node=74, comp=2): FD=-8.0902e-05, K_c=2.1637e-06, diff=-8.3066e-05
============================================================
[K_c成分FD]
============================================================
K_c 成分分解 FD 診断（status-342）  [incr=172 att=19]
============================================================
  ||du|| = 1.0012e-03, eps = 1.00e-07
  ||dfc (FD)|| = 3.3129e-04
  ||K_mat@du|| = 3.1106e-04, ||K_geo@du|| = 1.9973e-07, ||K_st@du||  = 1.2589e-04
  ||K_c@du||   = 3.6300e-04
  寄与率: mat= 0.86, geo= 0.00, st= 0.35
------------------------------------------------------------
  組み合わせ別 FD 相対誤差（K_c = K_mat - K_geo + K_st 合意）:
    full     = 3.6730e-01
    mat_only = 1.7638e-01  (geo/st 除外)
    mat_geo  = 1.7678e-01  (st 除外)
    mat_st   = 3.6714e-01   (geo 除外)
  最良組み合わせ: mat_only (rel_err=1.7638e-01)
------------------------------------------------------------
  [    full] comp 別不整合: [x= 22.9%, y= 92.3%, z= 30.9%, tx=  0.0%, ty=  0.0%, tz=  0.0%]
  [mat_only] comp 別不整合: [x= 59.0%, y= 32.5%, z= 73.9%, tx=  0.0%, ty=  0.0%, tz=  0.0%]
  [ mat_geo] comp 別不整合: [x= 59.2%, y= 32.5%, z= 73.8%, tx=  0.0%, ty=  0.0%, tz=  0.0%]
  [  mat_st] comp 別不整合: [x= 23.0%, y= 92.3%, z= 30.9%, tx=  0.0%, ty=  0.0%, tz=  0.0%]
  ⚠ K_st 足し込みで rel_err が +1.9052e-01 悪化 — K_st が primary driver の可能性
  ⚠ K_geo 足し込みで rel_err が +1.9076e-01 悪化 — K_geo が primary driver の可能性
============================================================
  Incr 172 (frac=0.3724), attempt 20 [E], ||R_t||/||f|| = 2.242e-05, ||R_r|| = 2.258e-05, ||R_w||/||f||=2.252e-05, rate=0.433, active=31, R(x=3.5e-05/81%,y=1.2e-05/27%,z=5.4e-06/12%)
============================================================
接線剛性FD方向診断（status-256）
============================================================
  ||du|| = 4.7231e-04
  ||R_u|| = 4.3916e-05
  ⚠ R_u vs compute_residual(u) 乖離: 3.4545e-04 (リラクゼーション/動的項の差異)
  ||R_base|| = 3.6540e-04
  ||R(u+eps*du)|| = 3.6540e-04
  方向有効性: ||R(u+eps*du)||/||R(u)|| = 1.000004
  ⚠ du方向で残差が増加 — Newton方向が無効
  FD方向微分 = -7.3554e-03
  解析方向微分 = 1.1201e-05
  全体系 K@du: FD vs 解析 相対誤差 = 1.0018e+00
  ⚠ 全体系で接線剛性不整合 — K_c自体が不正確
  全体系不整合DOF上位5件:
    dof=444 (node=74, comp=0): FD=1.5729e-02, analytical=-1.9601e-05, diff=1.5749e-02
    dof=546 (node=91, comp=0): FD=-1.3856e-02, analytical=1.4964e-05, diff=-1.3871e-02
    dof=540 (node=90, comp=0): FD=-1.3445e-02, analytical=1.5783e-05, diff=-1.3461e-02
    dof=438 (node=73, comp=0): FD=1.2046e-02, analytical=-1.4637e-05, diff=1.2060e-02
    dof=446 (node=74, comp=2): FD=5.9811e-03, analytical=1.8794e-06, diff=5.9792e-03
  comp別不整合: [x:2.96e-02(77%), y:8.98e-03(23%), z:2.25e-02(59%), θx:3.51e-04(1%), θy:1.75e-03(5%), θz:7.38e-05(0%)]
  接触DOF不整合: 3.30e-02 (378 DOFs), 構造DOF不整合: 1.94e-02 (1560 DOFs)
  活性DOF K@du: FD vs 解析 相対誤差 = 1.0010e+00 (378 DOFs)
  ⚠ 活性DOFで接線剛性不整合
  方向微分整合度: |FD-解析|/max = 1.0015e+00
------------------------------------------------------------
  f_c 単独FD検証（K_c精度）
  ||∂f_c/∂u·du (FD)|| = 1.3671e-04
  ||K_c @ du|| = 2.0395e-05
  f_c FD相対誤差 = 1.0727e+00
  ⚠ K_c自体が不正確（f_c単独で10%超の不整合）
  f_c comp別不整合: [x=1.1e-04/76%, y=8.3e-05/56%, z=4.8e-05/33%, θx=0.0e+00/0%, θy=0.0e+00/0%, θz=0.0e+00/0%]
  f_c不整合DOF上位5件:
    dof=444 (node=74, comp=0): FD=-5.6243e-05, K_c=1.0266e-05, diff=-6.6509e-05
    dof=534 (node=89, comp=0): FD=3.6857e-05, K_c=-5.7486e-06, diff=4.2605e-05
    dof=1056 (node=176, comp=0): FD=3.5431e-05, K_c=-1.2911e-06, diff=3.6722e-05
    dof=438 (node=73, comp=0): FD=-2.7217e-05, K_c=7.5368e-06, diff=-3.4754e-05
    dof=445 (node=74, comp=1): FD=3.2410e-05, K_c=-1.3518e-06, diff=3.3762e-05
============================================================
[K_c成分FD]
============================================================
K_c 成分分解 FD 診断（status-342）  [incr=172 att=20]
============================================================
  ||du|| = 4.7231e-04, eps = 1.00e-07
  ||dfc (FD)|| = 1.3791e-04
  ||K_mat@du|| = 1.2745e-04, ||K_geo@du|| = 1.1920e-07, ||K_st@du||  = 6.4419e-05
  ||K_c@du||   = 1.4944e-04
  寄与率: mat= 0.85, geo= 0.00, st= 0.43
------------------------------------------------------------
  組み合わせ別 FD 相対誤差（K_c = K_mat - K_geo + K_st 合意）:
    full     = 4.4373e-01
    mat_only = 1.8953e-01  (geo/st 除外)
    mat_geo  = 1.9022e-01  (st 除外)
    mat_st   = 4.4346e-01   (geo 除外)
  最良組み合わせ: mat_only (rel_err=1.8953e-01)
------------------------------------------------------------
  [    full] comp 別不整合: [x= 22.5%, y= 94.5%, z= 23.7%, tx=  0.0%, ty=  0.0%, tz=  0.0%]
  [mat_only] comp 別不整合: [x= 73.3%, y= 33.4%, z= 59.3%, tx=  0.0%, ty=  0.0%, tz=  0.0%]
  [ mat_geo] comp 別不整合: [x= 73.4%, y= 33.4%, z= 59.1%, tx=  0.0%, ty=  0.0%, tz=  0.0%]
  [  mat_st] comp 別不整合: [x= 22.5%, y= 94.5%, z= 23.7%, tx=  0.0%, ty=  0.0%, tz=  0.0%]
  ⚠ K_st 足し込みで rel_err が +2.5352e-01 悪化 — K_st が primary driver の可能性
  ⚠ K_geo 足し込みで rel_err が +2.5393e-01 悪化 — K_geo が primary driver の可能性
============================================================
============================================================
接線剛性FD方向診断（status-256）
============================================================
  ||du|| = 3.7907e-04
  ||R_u|| = 2.1664e-05
  ⚠ R_u vs compute_residual(u) 乖離: 2.1605e-04 (リラクゼーション/動的項の差異)
  ||R_base|| = 2.1044e-04
  ||R(u+eps*du)|| = 2.1043e-04
  方向有効性: ||R(u+eps*du)||/||R(u)|| = 0.999997
  ✓ du方向で残差が減少 — Newton方向は有効
  FD方向微分 = 3.6884e-03
  解析方向微分 = -2.6097e-06
  全体系 K@du: FD vs 解析 相対誤差 = 1.0007e+00
  ⚠ 全体系で接線剛性不整合 — K_c自体が不正確
  全体系不整合DOF上位5件:
    dof=444 (node=74, comp=0): FD=-9.5495e-03, analytical=1.0257e-05, diff=-9.5597e-03
    dof=546 (node=91, comp=0): FD=8.2361e-03, analytical=-7.5559e-06, diff=8.2436e-03
    dof=540 (node=90, comp=0): FD=8.2284e-03, analytical=-8.1709e-06, diff=8.2365e-03
    dof=438 (node=73, comp=0): FD=-7.3047e-03, analytical=7.5375e-06, diff=-7.3122e-03
    dof=686 (node=114, comp=2): FD=4.0560e-03, analytical=-9.2643e-10, diff=4.0560e-03
  comp別不整合: [x:1.99e-02(69%), y:6.35e-03(22%), z:2.01e-02(69%), θx:7.84e-05(0%), θy:8.26e-04(3%), θz:2.71e-05(0%)]
  接触DOF不整合: 2.12e-02 (378 DOFs), 構造DOF不整合: 1.98e-02 (1560 DOFs)
  活性DOF K@du: FD vs 解析 相対誤差 = 1.0008e+00 (378 DOFs)
  ⚠ 活性DOFで接線剛性不整合
  方向微分整合度: |FD-解析|/max = 1.0007e+00
------------------------------------------------------------
  f_c 単独FD検証（K_c精度）
  ||∂f_c/∂u·du (FD)|| = 5.8306e-05
  ||K_c @ du|| = 2.4039e-05
  f_c FD相対誤差 = 1.2582e+00
  ⚠ K_c自体が不正確（f_c単独で10%超の不整合）
  f_c comp別不整合: [x=6.3e-05/86%, y=3.2e-05/43%, z=2.1e-05/29%, θx=0.0e+00/0%, θy=0.0e+00/0%, θz=0.0e+00/0%]
  f_c不整合DOF上位5件:
    dof=444 (node=74, comp=0): FD=-2.3448e-05, K_c=3.8019e-06, diff=-2.7250e-05
    dof=498 (node=83, comp=0): FD=-1.2602e-05, K_c=1.2678e-05, diff=-2.5280e-05
    dof=600 (node=100, comp=0): FD=1.2489e-05, K_c=-1.2565e-05, diff=2.5054e-05
    dof=492 (node=82, comp=0): FD=-1.1895e-05, K_c=1.0343e-05, diff=-2.2238e-05
    dof=594 (node=99, comp=0): FD=1.0188e-05, K_c=-1.0242e-05, diff=2.0430e-05
============================================================
[K_c成分FD]
============================================================
K_c 成分分解 FD 診断（status-342）  [incr=172 att=21]
============================================================
  ||du|| = 3.7907e-04, eps = 1.00e-07
  ||dfc (FD)|| = 5.7579e-05
  ||K_mat@du|| = 4.8912e-05, ||K_geo@du|| = 4.0120e-08, ||K_st@du||  = 1.3143e-05
  ||K_c@du||   = 5.8242e-05
  寄与率: mat= 0.84, geo= 0.00, st= 0.23
------------------------------------------------------------
  組み合わせ別 FD 相対誤差（K_c = K_mat - K_geo + K_st 合意）:
    full     = 4.7126e-01
    mat_only = 4.3641e-01  (geo/st 除外)
    mat_geo  = 4.3680e-01  (st 除外)
    mat_st   = 4.7087e-01   (geo 除外)
  最良組み合わせ: mat_only (rel_err=4.3641e-01)
------------------------------------------------------------
  [    full] comp 別不整合: [x= 83.6%, y= 51.5%, z= 19.1%, tx=  0.0%, ty=  0.0%, tz=  0.0%]
  [mat_only] comp 別不整合: [x= 95.1%, y= 14.9%, z= 27.0%, tx=  0.0%, ty=  0.0%, tz=  0.0%]
  [ mat_geo] comp 別不整合: [x= 95.1%, y= 14.9%, z= 27.0%, tx=  0.0%, ty=  0.0%, tz=  0.0%]
  [  mat_st] comp 別不整合: [x= 83.6%, y= 51.5%, z= 19.1%, tx=  0.0%, ty=  0.0%, tz=  0.0%]
============================================================
============================================================
接線剛性FD方向診断（status-256）
============================================================
  ||du|| = 7.1991e-04
  ||R_u|| = 2.5120e-05
  ⚠ R_u vs compute_residual(u) 乖離: 1.6968e-04 (リラクゼーション/動的項の差異)
  ||R_base|| = 1.6897e-04
  ||R(u+eps*du)|| = 1.6897e-04
  方向有効性: ||R(u+eps*du)||/||R(u)|| = 0.999999
  ✓ du方向で残差が減少 — Newton方向は有効
  FD方向微分 = -1.0178e-03
  解析方向微分 = 1.3281e-05
  全体系 K@du: FD vs 解析 相対誤差 = 1.0042e+00
  ⚠ 全体系で接線剛性不整合 — K_c自体が不正確
  全体系不整合DOF上位5件:
    dof=1808 (node=301, comp=2): FD=-4.0681e-03, analytical=2.1694e-10, diff=-4.0681e-03
    dof=1700 (node=283, comp=2): FD=-3.9058e-03, analytical=-1.3902e-09, diff=-3.9058e-03
    dof=1814 (node=302, comp=2): FD=3.8316e-03, analytical=5.8345e-10, diff=3.8316e-03
    dof=1820 (node=303, comp=2): FD=-3.7352e-03, analytical=-4.8093e-10, diff=-3.7352e-03
    dof=1802 (node=300, comp=2): FD=3.1818e-03, analytical=2.9443e-10, diff=3.1818e-03
  comp別不整合: [x:9.24e-03(49%), y:2.62e-03(14%), z:1.61e-02(85%), θx:1.99e-04(1%), θy:1.71e-03(9%), θz:3.65e-05(0%)]
  接触DOF不整合: 8.32e-03 (378 DOFs), 構造DOF不整合: 1.69e-02 (1560 DOFs)
  活性DOF K@du: FD vs 解析 相対誤差 = 1.0005e+00 (378 DOFs)
  ⚠ 活性DOFで接線剛性不整合
  方向微分整合度: |FD-解析|/max = 1.0130e+00
------------------------------------------------------------
  f_c 単独FD検証（K_c精度）
  ||∂f_c/∂u·du (FD)|| = 1.4585e-04
  ||K_c @ du|| = 2.2156e-05
  f_c FD相対誤差 = 1.0803e+00
  ⚠ K_c自体が不正確（f_c単独で10%超の不整合）
  f_c comp別不整合: [x=1.2e-04/77%, y=8.3e-05/53%, z=5.8e-05/37%, θx=0.0e+00/0%, θy=0.0e+00/0%, θz=0.0e+00/0%]
  f_c不整合DOF上位5件:
    dof=444 (node=74, comp=0): FD=6.1908e-05, K_c=-1.1549e-05, diff=7.3457e-05
    dof=534 (node=89, comp=0): FD=-3.7566e-05, K_c=5.3114e-06, diff=-4.2877e-05
    dof=438 (node=73, comp=0): FD=3.0329e-05, K_c=-8.5649e-06, diff=3.8894e-05
    dof=1056 (node=176, comp=0): FD=-3.5975e-05, K_c=1.2789e-06, diff=-3.7254e-05
    dof=446 (node=74, comp=2): FD=-3.6518e-05, K_c=-9.7364e-08, diff=-3.6420e-05
============================================================
[K_c成分FD]
============================================================
K_c 成分分解 FD 診断（status-342）  [incr=172 att=22]
============================================================
  ||du|| = 7.1991e-04, eps = 1.00e-07
  ||dfc (FD)|| = 1.4609e-04
  ||K_mat@du|| = 1.3407e-04, ||K_geo@du|| = 1.1873e-07, ||K_st@du||  = 5.8425e-05
  ||K_c@du||   = 1.6347e-04
  寄与率: mat= 0.82, geo= 0.00, st= 0.36
------------------------------------------------------------
  組み合わせ別 FD 相対誤差（K_c = K_mat - K_geo + K_st 合意）:
    full     = 3.8123e-01
    mat_only = 2.0310e-01  (geo/st 除外)
    mat_geo  = 2.0371e-01  (st 除外)
    mat_st   = 3.8098e-01   (geo 除外)
  最良組み合わせ: mat_only (rel_err=2.0310e-01)
------------------------------------------------------------
  [    full] comp 別不整合: [x= 20.1%, y= 94.6%, z= 25.4%, tx=  0.0%, ty=  0.0%, tz=  0.0%]
  [mat_only] comp 別不整合: [x= 66.7%, y= 35.2%, z= 65.7%, tx=  0.0%, ty=  0.0%, tz=  0.0%]
  [ mat_geo] comp 別不整合: [x= 66.8%, y= 35.2%, z= 65.5%, tx=  0.0%, ty=  0.0%, tz=  0.0%]
  [  mat_st] comp 別不整合: [x= 20.1%, y= 94.6%, z= 25.4%, tx=  0.0%, ty=  0.0%, tz=  0.0%]
  ⚠ K_st 足し込みで rel_err が +1.7752e-01 悪化 — K_st が primary driver の可能性
  ⚠ K_geo 足し込みで rel_err が +1.7788e-01 悪化 — K_geo が primary driver の可能性
============================================================
============================================================
接線剛性FD方向診断（status-256）
============================================================
  ||du|| = 3.1030e-04
  ||R_u|| = 2.2741e-05
  ⚠ R_u vs compute_residual(u) 乖離: 3.0767e-04 (リラクゼーション/動的項の差異)
  ||R_base|| = 3.1805e-04
  ||R(u+eps*du)|| = 3.1805e-04
  方向有効性: ||R(u+eps*du)||/||R(u)|| = 1.000003
  ⚠ du方向で残差が増加 — Newton方向が無効
  FD方向微分 = -4.3625e-03
  解析方向微分 = 6.7439e-06
  全体系 K@du: FD vs 解析 相対誤差 = 1.0012e+00
  ⚠ 全体系で接線剛性不整合 — K_c自体が不正確
  全体系不整合DOF上位5件:
    dof=444 (node=74, comp=0): FD=8.8449e-03, analytical=-1.1546e-05, diff=8.8564e-03
    dof=546 (node=91, comp=0): FD=-8.4261e-03, analytical=8.7200e-06, diff=-8.4349e-03
    dof=540 (node=90, comp=0): FD=-8.1678e-03, analytical=9.2496e-06, diff=-8.1771e-03
    dof=438 (node=73, comp=0): FD=7.4583e-03, analytical=-8.5531e-06, diff=7.4669e-03
    dof=788 (node=131, comp=2): FD=-3.9621e-03, analytical=-6.4234e-09, diff=-3.9621e-03
  comp別不整合: [x:1.92e-02(68%), y:5.89e-03(21%), z:1.98e-02(70%), θx:1.99e-04(1%), θy:1.14e-03(4%), θz:4.52e-05(0%)]
  接触DOF不整合: 2.14e-02 (378 DOFs), 構造DOF不整合: 1.85e-02 (1560 DOFs)
  活性DOF K@du: FD vs 解析 相対誤差 = 1.0008e+00 (378 DOFs)
  ⚠ 活性DOFで接線剛性不整合
  方向微分整合度: |FD-解析|/max = 1.0015e+00
------------------------------------------------------------
  f_c 単独FD検証（K_c精度）
  ||∂f_c/∂u·du (FD)|| = 8.3705e-05
  ||K_c @ du|| = 1.3223e-05
  f_c FD相対誤差 = 1.0800e+00
  ⚠ K_c自体が不正確（f_c単独で10%超の不整合）
  f_c comp別不整合: [x=7.0e-05/78%, y=4.8e-05/54%, z=3.0e-05/33%, θx=0.0e+00/0%, θy=0.0e+00/0%, θz=0.0e+00/0%]
  f_c不整合DOF上位5件:
    dof=444 (node=74, comp=0): FD=-3.4963e-05, K_c=6.6170e-06, diff=-4.1580e-05
    dof=534 (node=89, comp=0): FD=2.3806e-05, K_c=-3.7311e-06, diff=2.7537e-05
    dof=438 (node=73, comp=0): FD=-1.7219e-05, K_c=4.8778e-06, diff=-2.2097e-05
    dof=1056 (node=176, comp=0): FD=2.1210e-05, K_c=-7.7374e-07, diff=2.1984e-05
    dof=1057 (node=176, comp=1): FD=-2.0913e-05, K_c=-6.6867e-07, diff=-2.0244e-05
============================================================
[K_c成分FD]
============================================================
K_c 成分分解 FD 診断（status-342）  [incr=172 att=23]
============================================================
  ||du|| = 3.1030e-04, eps = 1.00e-07
  ||dfc (FD)|| = 8.4470e-05
  ||K_mat@du|| = 7.7461e-05, ||K_geo@du|| = 7.4580e-08, ||K_st@du||  = 3.9270e-05
  ||K_c@du||   = 9.2846e-05
  寄与率: mat= 0.83, geo= 0.00, st= 0.42
------------------------------------------------------------
  組み合わせ別 FD 相対誤差（K_c = K_mat - K_geo + K_st 合意）:
    full     = 4.3913e-01
    mat_only = 1.9917e-01  (geo/st 除外)
    mat_geo  = 1.9987e-01  (st 除外)
    mat_st   = 4.3884e-01   (geo 除外)
  最良組み合わせ: mat_only (rel_err=1.9917e-01)
------------------------------------------------------------
  [    full] comp 別不整合: [x= 22.5%, y= 94.6%, z= 23.2%, tx=  0.0%, ty=  0.0%, tz=  0.0%]
  [mat_only] comp 別不整合: [x= 73.5%, y= 34.1%, z= 58.7%, tx=  0.0%, ty=  0.0%, tz=  0.0%]
  [ mat_geo] comp 別不整合: [x= 73.6%, y= 34.1%, z= 58.5%, tx=  0.0%, ty=  0.0%, tz=  0.0%]
  [  mat_st] comp 別不整合: [x= 22.5%, y= 94.6%, z= 23.2%, tx=  0.0%, ty=  0.0%, tz=  0.0%]
  ⚠ K_st 足し込みで rel_err が +2.3925e-01 悪化 — K_st が primary driver の可能性
  ⚠ K_geo 足し込みで rel_err が +2.3968e-01 悪化 — K_geo が primary driver の可能性
============================================================
============================================================
接線剛性FD方向診断（status-256）
============================================================
  ||du|| = 3.5207e-03
  ||R_u|| = 1.4357e-05
  ⚠ R_u vs compute_residual(u) 乖離: 2.2913e-04 (リラクゼーション/動的項の差異)
  ||R_base|| = 2.2497e-04
  ||R(u+eps*du)|| = 2.2497e-04
  方向有効性: ||R(u+eps*du)||/||R(u)|| = 0.999998
  ✓ du方向で残差が減少 — Newton方向は有効
  FD方向微分 = 3.0195e-03
  解析方向微分 = -2.8185e-06
  全体系 K@du: FD vs 解析 相対誤差 = 1.0528e+00
  ⚠ 全体系で接線剛性不整合 — K_c自体が不正確
  全体系不整合DOF上位5件:
    dof=444 (node=74, comp=0): FD=-6.2324e-03, analytical=6.6143e-06, diff=-6.2390e-03
    dof=546 (node=91, comp=0): FD=5.4253e-03, analytical=-4.9457e-06, diff=5.4303e-03
    dof=540 (node=90, comp=0): FD=5.2403e-03, analytical=-5.3375e-06, diff=5.2456e-03
    dof=438 (node=73, comp=0): FD=-4.9206e-03, analytical=4.8794e-06, diff=-4.9255e-03
    dof=514 (node=85, comp=4): FD=0.0000e+00, analytical=-4.8687e-03, diff=4.8687e-03
  comp別不整合: [x:1.44e-02(57%), y:4.20e-03(17%), z:1.85e-02(74%), θx:6.64e-04(3%), θy:7.80e-03(31%), θz:1.26e-04(1%)]
  接触DOF不整合: 1.52e-02 (378 DOFs), 構造DOF不整合: 2.00e-02 (1560 DOFs)
  活性DOF K@du: FD vs 解析 相対誤差 = 1.0007e+00 (378 DOFs)
  ⚠ 活性DOFで接線剛性不整合
  方向微分整合度: |FD-解析|/max = 1.0009e+00
------------------------------------------------------------
  f_c 単独FD検証（K_c精度）
  ||∂f_c/∂u·du (FD)|| = 7.0630e-04
  ||K_c @ du|| = 1.8830e-04
  f_c FD相対誤差 = 1.1418e+00
  ⚠ K_c自体が不正確（f_c単独で10%超の不整合）
  f_c comp別不整合: [x=6.5e-04/80%, y=4.0e-04/49%, z=2.8e-04/34%, θx=0.0e+00/0%, θy=0.0e+00/0%, θz=0.0e+00/0%]
  f_c不整合DOF上位5件:
    dof=444 (node=74, comp=0): FD=-2.9633e-04, K_c=5.4381e-05, diff=-3.5071e-04
    dof=534 (node=89, comp=0): FD=1.6665e-04, K_c=-2.3690e-05, diff=1.9034e-04
    dof=438 (node=73, comp=0): FD=-1.4468e-04, K_c=4.0075e-05, diff=-1.8476e-04
    dof=1056 (node=176, comp=0): FD=1.7082e-04, K_c=-6.2561e-06, diff=1.7708e-04
    dof=498 (node=83, comp=0): FD=-8.2735e-05, K_c=8.2929e-05, diff=-1.6566e-04
============================================================
[K_c成分FD]
============================================================
K_c 成分分解 FD 診断（status-342）  [incr=172 att=24]
============================================================
  ||du|| = 3.5207e-03, eps = 1.00e-07
  ||dfc (FD)|| = 7.0579e-04
  ||K_mat@du|| = 6.3160e-04, ||K_geo@du|| = 5.6780e-07, ||K_st@du||  = 2.6769e-04
  ||K_c@du||   = 7.6901e-04
  寄与率: mat= 0.82, geo= 0.00, st= 0.35
------------------------------------------------------------
  組み合わせ別 FD 相対誤差（K_c = K_mat - K_geo + K_st 合意）:
    full     = 4.2393e-01
    mat_only = 2.9806e-01  (geo/st 除外)
    mat_geo  = 2.9856e-01  (st 除外)
    mat_st   = 4.2362e-01   (geo 除外)
  最良組み合わせ: mat_only (rel_err=2.9806e-01)
------------------------------------------------------------
  [    full] comp 別不整合: [x= 49.6%, y= 82.9%, z= 25.8%, tx=  0.0%, ty=  0.0%, tz=  0.0%]
  [mat_only] comp 別不整合: [x= 85.8%, y= 23.4%, z= 45.7%, tx=  0.0%, ty=  0.0%, tz=  0.0%]
  [ mat_geo] comp 別不整合: [x= 85.8%, y= 23.5%, z= 45.6%, tx=  0.0%, ty=  0.0%, tz=  0.0%]
  [  mat_st] comp 別不整合: [x= 49.5%, y= 82.9%, z= 25.8%, tx=  0.0%, ty=  0.0%, tz=  0.0%]
  ⚠ K_st 足し込みで rel_err が +1.2538e-01 悪化 — K_st が primary driver の可能性
  ⚠ K_geo 足し込みで rel_err が +1.2557e-01 悪化 — K_geo が primary driver の可能性
============================================================
  Incr 172 (frac=0.3724), attempt 25 [D.div+E], ||R_t||/||f|| = 1.293e-05, ||R_r|| = 5.207e-06, ||R_w||/||f||=1.294e-05, rate=1.641, active=31, R(x=2.1e-05/92%,y=4.7e-06/21%,z=5.4e-06/24%)
============================================================
接線剛性FD方向診断（status-256）
============================================================
  ||du|| = 6.4885e-04
  ||R_u|| = 2.2338e-05
  ⚠ R_u vs compute_residual(u) 乖離: 1.8945e-04 (リラクゼーション/動的項の差異)
  ||R_base|| = 1.8437e-04
  ||R(u+eps*du)|| = 1.8437e-04
  方向有効性: ||R(u+eps*du)||/||R(u)|| = 0.999999
  ✓ du方向で残差が減少 — Newton方向は有効
  FD方向微分 = -1.3815e-03
  解析方向微分 = 8.8979e-06
  全体系 K@du: FD vs 解析 相対誤差 = 1.0035e+00
  ⚠ 全体系で接線剛性不整合 — K_c自体が不正確
  全体系不整合DOF上位5件:
    dof=884 (node=147, comp=2): FD=-4.6108e-03, analytical=-2.1358e-10, diff=-4.6108e-03
    dof=374 (node=62, comp=2): FD=-3.9114e-03, analytical=5.8021e-09, diff=-3.9114e-03
    dof=1814 (node=302, comp=2): FD=3.8319e-03, analytical=2.8143e-10, diff=3.8319e-03
    dof=890 (node=148, comp=2): FD=3.6527e-03, analytical=-1.7220e-08, diff=3.6527e-03
    dof=398 (node=66, comp=2): FD=-3.6484e-03, analytical=-1.4767e-08, diff=-3.6484e-03
  comp別不整合: [x:1.03e-02(48%), y:2.54e-03(12%), z:1.88e-02(87%), θx:2.43e-04(1%), θy:1.77e-03(8%), θz:4.99e-05(0%)]
  接触DOF不整合: 9.28e-03 (354 DOFs), 構造DOF不整合: 1.96e-02 (1584 DOFs)
  活性DOF K@du: FD vs 解析 相対誤差 = 1.0012e+00 (354 DOFs)
  ⚠ 活性DOFで接線剛性不整合
  方向微分整合度: |FD-解析|/max = 1.0064e+00
------------------------------------------------------------
  f_c 単独FD検証（K_c精度）
  ||∂f_c/∂u·du (FD)|| = 1.4505e-04
  ||K_c @ du|| = 2.5466e-05
  f_c FD相対誤差 = 1.0932e+00
  ⚠ K_c自体が不正確（f_c単独で10%超の不整合）
  f_c comp別不整合: [x=1.2e-04/77%, y=8.1e-05/51%, z=6.0e-05/38%, θx=0.0e+00/0%, θy=0.0e+00/0%, θz=0.0e+00/0%]
  f_c不整合DOF上位5件:
    dof=444 (node=74, comp=0): FD=6.0939e-05, K_c=-1.1645e-05, diff=7.2584e-05
    dof=534 (node=89, comp=0): FD=-4.0603e-05, K_c=6.0506e-06, diff=-4.6654e-05
    dof=438 (node=73, comp=0): FD=3.0270e-05, K_c=-8.6513e-06, diff=3.8922e-05
    dof=1056 (node=176, comp=0): FD=-3.5303e-05, K_c=1.2338e-06, diff=-3.6536e-05
    dof=446 (node=74, comp=2): FD=-3.5244e-05, K_c=-4.0837e-07, diff=-3.4836e-05
============================================================
[K_c成分FD]
============================================================
K_c 成分分解 FD 診断（status-342）  [incr=172 att=25]
============================================================
  ||du|| = 6.4885e-04, eps = 1.00e-07
  ||dfc (FD)|| = 1.4529e-04
  ||K_mat@du|| = 1.3249e-04, ||K_geo@du|| = 1.2073e-07, ||K_st@du||  = 6.1833e-05
  ||K_c@du||   = 1.6085e-04
  寄与率: mat= 0.82, geo= 0.00, st= 0.38
------------------------------------------------------------
  組み合わせ別 FD 相対誤差（K_c = K_mat - K_geo + K_st 合意）:
    full     = 4.1194e-01
    mat_only = 2.1830e-01  (geo/st 除外)
    mat_geo  = 2.1892e-01  (st 除外)
    mat_st   = 4.1166e-01   (geo 除外)
  最良組み合わせ: mat_only (rel_err=2.1830e-01)
------------------------------------------------------------
  [    full] comp 別不整合: [x= 21.9%, y= 93.5%, z= 28.0%, tx=  0.0%, ty=  0.0%, tz=  0.0%]
  [mat_only] comp 別不整合: [x= 65.5%, y= 33.3%, z= 67.8%, tx=  0.0%, ty=  0.0%, tz=  0.0%]
  [ mat_geo] comp 別不整合: [x= 65.7%, y= 33.3%, z= 67.7%, tx=  0.0%, ty=  0.0%, tz=  0.0%]
  [  mat_st] comp 別不整合: [x= 21.9%, y= 93.5%, z= 28.0%, tx=  0.0%, ty=  0.0%, tz=  0.0%]
  ⚠ K_st 足し込みで rel_err が +1.9301e-01 悪化 — K_st が primary driver の可能性
  ⚠ K_geo 足し込みで rel_err が +1.9336e-01 悪化 — K_geo が primary driver の可能性
============================================================
============================================================
接線剛性FD方向診断（status-256）
============================================================
  ||du|| = 4.6265e-04
  ||R_u|| = 2.6019e-05
  ⚠ R_u vs compute_residual(u) 乖離: 3.2640e-04 (リラクゼーション/動的項の差異)
  ||R_base|| = 3.3748e-04
  ||R(u+eps*du)|| = 3.3748e-04
  方向有効性: ||R(u+eps*du)||/||R(u)|| = 1.000002
  ⚠ du方向で残差が増加 — Newton方向が無効
  FD方向微分 = -3.9195e-03
  解析方向微分 = 9.0225e-06
  全体系 K@du: FD vs 解析 相対誤差 = 1.0018e+00
  ⚠ 全体系で接線剛性不整合 — K_c自体が不正確
  全体系不整合DOF上位5件:
    dof=444 (node=74, comp=0): FD=9.6913e-03, analytical=-1.1651e-05, diff=9.7029e-03
    dof=540 (node=90, comp=0): FD=-8.5548e-03, analytical=9.4722e-06, diff=-8.5643e-03
    dof=546 (node=91, comp=0): FD=-8.2203e-03, analytical=8.8581e-06, diff=-8.2291e-03
    dof=438 (node=73, comp=0): FD=7.2964e-03, analytical=-8.6489e-06, diff=7.3051e-03
    dof=1088 (node=181, comp=2): FD=4.9835e-03, analytical=4.5763e-10, diff=4.9835e-03
  comp別不整合: [x:1.96e-02(69%), y:5.81e-03(21%), z:1.94e-02(69%), θx:2.19e-04(1%), θy:1.43e-03(5%), θz:4.80e-05(0%)]
  接触DOF不整合: 2.19e-02 (378 DOFs), 構造DOF不整合: 1.78e-02 (1560 DOFs)
  活性DOF K@du: FD vs 解析 相対誤差 = 1.0009e+00 (378 DOFs)
  ⚠ 活性DOFで接線剛性不整合
  方向微分整合度: |FD-解析|/max = 1.0023e+00
------------------------------------------------------------
  f_c 単独FD検証（K_c精度）
  ||∂f_c/∂u·du (FD)|| = 1.1156e-04
  ||K_c @ du|| = 1.7384e-05
  f_c FD相対誤差 = 1.0778e+00
  ⚠ K_c自体が不正確（f_c単独で10%超の不整合）
  f_c comp別不整合: [x=9.4e-05/78%, y=6.3e-05/53%, z=4.0e-05/34%, θx=0.0e+00/0%, θy=0.0e+00/0%, θz=0.0e+00/0%]
  f_c不整合DOF上位5件:
    dof=444 (node=74, comp=0): FD=-4.7653e-05, K_c=8.7463e-06, diff=-5.6400e-05
    dof=534 (node=89, comp=0): FD=3.0326e-05, K_c=-4.8569e-06, diff=3.5183e-05
    dof=438 (node=73, comp=0): FD=-2.3486e-05, K_c=6.4066e-06, diff=-2.9892e-05
    dof=1056 (node=176, comp=0): FD=2.8271e-05, K_c=-1.0742e-06, diff=2.9345e-05
    dof=1057 (node=176, comp=1): FD=-2.7757e-05, K_c=-9.2598e-07, diff=-2.6831e-05
============================================================
[K_c成分FD]
============================================================
K_c 成分分解 FD 診断（status-342）  [incr=172 att=26]
============================================================
  ||du|| = 4.6265e-04, eps = 1.00e-07
  ||dfc (FD)|| = 1.1234e-04
  ||K_mat@du|| = 1.0302e-04, ||K_geo@du|| = 1.0075e-07, ||K_st@du||  = 4.9575e-05
  ||K_c@du||   = 1.2489e-04
  寄与率: mat= 0.82, geo= 0.00, st= 0.40
------------------------------------------------------------
  組み合わせ別 FD 相対誤差（K_c = K_mat - K_geo + K_st 合意）:
    full     = 4.1390e-01
    mat_only = 1.9906e-01  (geo/st 除外)
    mat_geo  = 1.9978e-01  (st 除外)
    mat_st   = 4.1361e-01   (geo 除外)
  最良組み合わせ: mat_only (rel_err=1.9906e-01)
------------------------------------------------------------
  [    full] comp 別不整合: [x= 21.1%, y= 95.0%, z= 23.0%, tx=  0.0%, ty=  0.0%, tz=  0.0%]
  [mat_only] comp 別不整合: [x= 73.5%, y= 34.4%, z= 58.4%, tx=  0.0%, ty=  0.0%, tz=  0.0%]
  [ mat_geo] comp 別不整合: [x= 73.7%, y= 34.4%, z= 58.2%, tx=  0.0%, ty=  0.0%, tz=  0.0%]
  [  mat_st] comp 別不整合: [x= 21.1%, y= 95.0%, z= 23.1%, tx=  0.0%, ty=  0.0%, tz=  0.0%]
  ⚠ K_st 足し込みで rel_err が +2.1412e-01 悪化 — K_st が primary driver の可能性
  ⚠ K_geo 足し込みで rel_err が +2.1455e-01 悪化 — K_geo が primary driver の可能性
============================================================
============================================================
接線剛性FD方向診断（status-256）
============================================================
  ||du|| = 4.8188e-04
  ||R_u|| = 1.8270e-05
  ⚠ R_u vs compute_residual(u) 乖離: 2.2173e-04 (リラクゼーション/動的項の差異)
  ||R_base|| = 2.1664e-04
  ||R(u+eps*du)|| = 2.1664e-04
  方向有効性: ||R(u+eps*du)||/||R(u)|| = 0.999998
  ✓ du方向で残差が減少 — Newton方向は有効
  FD方向微分 = 3.4001e-03
  解析方向微分 = -2.7766e-06
  全体系 K@du: FD vs 解析 相対誤差 = 1.0011e+00
  ⚠ 全体系で接線剛性不整合 — K_c自体が不正確
  全体系不整合DOF上位5件:
    dof=444 (node=74, comp=0): FD=-7.7673e-03, analytical=8.7434e-06, diff=-7.7760e-03
    dof=546 (node=91, comp=0): FD=7.1802e-03, analytical=-6.4821e-06, diff=7.1867e-03
    dof=540 (node=90, comp=0): FD=6.9097e-03, analytical=-6.9919e-06, diff=6.9167e-03
    dof=438 (node=73, comp=0): FD=-6.2073e-03, analytical=6.4109e-06, diff=-6.2138e-03
    dof=80 (node=13, comp=2): FD=-4.0560e-03, analytical=4.1740e-11, diff=-4.0560e-03
  comp別不整合: [x:1.68e-02(68%), y:5.36e-03(22%), z:1.75e-02(70%), θx:6.50e-05(0%), θy:9.83e-04(4%), θz:2.14e-05(0%)]
  接触DOF不整合: 1.79e-02 (378 DOFs), 構造DOF不整合: 1.72e-02 (1560 DOFs)
  活性DOF K@du: FD vs 解析 相対誤差 = 1.0008e+00 (378 DOFs)
  ⚠ 活性DOFで接線剛性不整合
  方向微分整合度: |FD-解析|/max = 1.0008e+00
------------------------------------------------------------
  f_c 単独FD検証（K_c精度）
  ||∂f_c/∂u·du (FD)|| = 8.2071e-05
  ||K_c @ du|| = 2.8972e-05
  f_c FD相対誤差 = 1.2061e+00
  ⚠ K_c自体が不正確（f_c単独で10%超の不整合）
  f_c comp別不整合: [x=8.3e-05/83%, y=4.5e-05/46%, z=3.0e-05/31%, θx=0.0e+00/0%, θy=0.0e+00/0%, θz=0.0e+00/0%]
  f_c不整合DOF上位5件:
    dof=444 (node=74, comp=0): FD=-3.3952e-05, K_c=5.8213e-06, diff=-3.9773e-05
    dof=498 (node=83, comp=0): FD=-1.4677e-05, K_c=1.4757e-05, diff=-2.9434e-05
    dof=600 (node=100, comp=0): FD=1.4546e-05, K_c=-1.4624e-05, diff=2.9171e-05
    dof=492 (node=82, comp=0): FD=-1.4032e-05, K_c=1.2058e-05, diff=-2.6090e-05
    dof=594 (node=99, comp=0): FD=1.1864e-05, K_c=-1.1921e-05, diff=2.3786e-05
============================================================
[K_c成分FD]
============================================================
K_c 成分分解 FD 診断（status-342）  [incr=172 att=27]
============================================================
  ||du|| = 4.8188e-04, eps = 1.00e-07
  ||dfc (FD)|| = 8.1422e-05
  ||K_mat@du|| = 7.0903e-05, ||K_geo@du|| = 6.0543e-08, ||K_st@du||  = 2.3985e-05
  ||K_c@du||   = 8.5656e-05
  寄与率: mat= 0.83, geo= 0.00, st= 0.28
------------------------------------------------------------
  組み合わせ別 FD 相対誤差（K_c = K_mat - K_geo + K_st 合意）:
    full     = 4.3952e-01
    mat_only = 3.7938e-01  (geo/st 除外)
    mat_geo  = 3.7980e-01  (st 除外)
    mat_st   = 4.3917e-01   (geo 除外)
  最良組み合わせ: mat_only (rel_err=3.7938e-01)
------------------------------------------------------------
  [    full] comp 別不整合: [x= 71.8%, y= 66.3%, z= 21.4%, tx=  0.0%, ty=  0.0%, tz=  0.0%]
  [mat_only] comp 別不整合: [x= 93.0%, y= 17.7%, z= 32.3%, tx=  0.0%, ty=  0.0%, tz=  0.0%]
  [ mat_geo] comp 別不整合: [x= 93.0%, y= 17.7%, z= 32.2%, tx=  0.0%, ty=  0.0%, tz=  0.0%]
  [  mat_st] comp 別不整合: [x= 71.8%, y= 66.3%, z= 21.4%, tx=  0.0%, ty=  0.0%, tz=  0.0%]
  ⚠ K_st 足し込みで rel_err が +5.9722e-02 悪化 — K_st が primary driver の可能性
  ⚠ K_geo 足し込みで rel_err が +5.9793e-02 悪化 — K_geo が primary driver の可能性
============================================================
============================================================
接線剛性FD方向診断（status-256）
============================================================
  ||du|| = 8.3420e-04
  ||R_u|| = 2.9892e-05
  ⚠ R_u vs compute_residual(u) 乖離: 1.5299e-04 (リラクゼーション/動的項の差異)
  ||R_base|| = 1.5214e-04
  ||R(u+eps*du)|| = 1.5214e-04
  方向有効性: ||R(u+eps*du)||/||R(u)|| = 0.999998
  ✓ du方向で残差が減少 — Newton方向は有効
  FD方向微分 = -1.6253e-03
  解析方向微分 = 1.5499e-05
  全体系 K@du: FD vs 解析 相対誤差 = 1.0072e+00
  ⚠ 全体系で接線剛性不整合 — K_c自体が不正確
  全体系不整合DOF上位5件:
    dof=444 (node=74, comp=0): FD=-4.2857e-03, analytical=5.8360e-06, diff=-4.2916e-03
    dof=546 (node=91, comp=0): FD=4.2312e-03, analytical=-4.2869e-06, diff=4.2355e-03
    dof=1718 (node=286, comp=2): FD=-4.1051e-03, analytical=6.6103e-10, diff=-4.1051e-03
    dof=540 (node=90, comp=0): FD=3.9936e-03, analytical=-4.4414e-06, diff=3.9980e-03
    dof=438 (node=73, comp=0): FD=-3.8639e-03, analytical=4.2685e-06, diff=-3.8682e-03
  comp別不整合: [x:1.01e-02(59%), y:3.52e-03(20%), z:1.34e-02(77%), θx:2.48e-04(1%), θy:2.03e-03(12%), θz:4.74e-05(0%)]
  接触DOF不整合: 1.00e-02 (378 DOFs), 構造DOF不整合: 1.40e-02 (1560 DOFs)
  活性DOF K@du: FD vs 解析 相対誤差 = 1.0009e+00 (378 DOFs)
  ⚠ 活性DOFで接線剛性不整合
  方向微分整合度: |FD-解析|/max = 1.0095e+00
------------------------------------------------------------
  f_c 単独FD検証（K_c精度）
  ||∂f_c/∂u·du (FD)|| = 1.7332e-04
  ||K_c @ du|| = 2.6229e-05
  f_c FD相対誤差 = 1.0808e+00
  ⚠ K_c自体が不正確（f_c単独で10%超の不整合）
  f_c comp別不整合: [x=1.4e-04/76%, y=9.9e-05/53%, z=6.9e-05/37%, θx=0.0e+00/0%, θy=0.0e+00/0%, θz=0.0e+00/0%]
  f_c不整合DOF上位5件:
    dof=444 (node=74, comp=0): FD=7.2639e-05, K_c=-1.3635e-05, diff=8.6274e-05
    dof=534 (node=89, comp=0): FD=-4.6060e-05, K_c=6.4882e-06, diff=-5.2549e-05
    dof=438 (node=73, comp=0): FD=3.5604e-05, K_c=-1.0141e-05, diff=4.5745e-05
    dof=1056 (node=176, comp=0): FD=-4.2503e-05, K_c=1.4643e-06, diff=-4.3967e-05
    dof=446 (node=74, comp=2): FD=-4.3250e-05, K_c=2.7509e-07, diff=-4.3525e-05
============================================================
[K_c成分FD]
============================================================
K_c 成分分解 FD 診断（status-342）  [incr=172 att=28]
============================================================
  ||du|| = 8.3420e-04, eps = 1.00e-07
  ||dfc (FD)|| = 1.7370e-04
  ||K_mat@du|| = 1.5945e-04, ||K_geo@du|| = 1.3992e-07, ||K_st@du||  = 7.1293e-05
  ||K_c@du||   = 1.9415e-04
  寄与率: mat= 0.82, geo= 0.00, st= 0.37
------------------------------------------------------------
  組み合わせ別 FD 相対誤差（K_c = K_mat - K_geo + K_st 合意）:
    full     = 3.9057e-01
    mat_only = 2.0285e-01  (geo/st 除外)
    mat_geo  = 2.0345e-01  (st 除外)
    mat_st   = 3.9032e-01   (geo 除外)
  最良組み合わせ: mat_only (rel_err=2.0285e-01)
------------------------------------------------------------
  [    full] comp 別不整合: [x= 20.9%, y= 94.5%, z= 25.2%, tx=  0.0%, ty=  0.0%, tz=  0.0%]
  [mat_only] comp 別不整合: [x= 66.1%, y= 35.4%, z= 66.1%, tx=  0.0%, ty=  0.0%, tz=  0.0%]
  [ mat_geo] comp 別不整合: [x= 66.3%, y= 35.4%, z= 66.0%, tx=  0.0%, ty=  0.0%, tz=  0.0%]
  [  mat_st] comp 別不整合: [x= 20.9%, y= 94.5%, z= 25.2%, tx=  0.0%, ty=  0.0%, tz=  0.0%]
  ⚠ K_st 足し込みで rel_err が +1.8712e-01 悪化 — K_st が primary driver の可能性
  ⚠ K_geo 足し込みで rel_err が +1.8747e-01 悪化 — K_geo が primary driver の可能性
============================================================
============================================================
接線剛性FD方向診断（status-256）
============================================================
  ||du|| = 3.5342e-04
  ||R_u|| = 2.6853e-05
  ⚠ R_u vs compute_residual(u) 乖離: 3.1653e-04 (リラクゼーション/動的項の差異)
  ||R_base|| = 3.2916e-04
  ||R(u+eps*du)|| = 3.2916e-04
  方向有効性: ||R(u+eps*du)||/||R(u)|| = 1.000003
  ⚠ du方向で残差が増加 — Newton方向が無効
  FD方向微分 = -5.1921e-03
  解析方向微分 = 7.9421e-06
  全体系 K@du: FD vs 解析 相対誤差 = 1.0016e+00
  ⚠ 全体系で接線剛性不整合 — K_c自体が不正確
  全体系不整合DOF上位5件:
    dof=444 (node=74, comp=0): FD=1.0955e-02, analytical=-1.3633e-05, diff=1.0969e-02
    dof=546 (node=91, comp=0): FD=-9.9940e-03, analytical=1.0345e-05, diff=-1.0004e-02
    dof=540 (node=90, comp=0): FD=-9.5675e-03, analytical=1.0996e-05, diff=-9.5785e-03
    dof=438 (node=73, comp=0): FD=8.3805e-03, analytical=-1.0127e-05, diff=8.3906e-03
    dof=380 (node=63, comp=2): FD=3.8959e-03, analytical=2.9225e-10, diff=3.8959e-03
  comp別不整合: [x:2.17e-02(74%), y:6.76e-03(23%), z:1.85e-02(63%), θx:2.35e-04(1%), θy:1.29e-03(4%), θz:5.25e-05(0%)]
  接触DOF不整合: 2.28e-02 (378 DOFs), 構造DOF不整合: 1.85e-02 (1560 DOFs)
  活性DOF K@du: FD vs 解析 相対誤差 = 1.0010e+00 (378 DOFs)
  ⚠ 活性DOFで接線剛性不整合
  方向微分整合度: |FD-解析|/max = 1.0015e+00
------------------------------------------------------------
  f_c 単独FD検証（K_c精度）
  ||∂f_c/∂u·du (FD)|| = 9.6935e-05
  ||K_c @ du|| = 1.5219e-05
  f_c FD相対誤差 = 1.0792e+00
  ⚠ K_c自体が不正確（f_c単独で10%超の不整合）
  f_c comp別不整合: [x=8.1e-05/77%, y=5.7e-05/54%, z=3.5e-05/33%, θx=0.0e+00/0%, θy=0.0e+00/0%, θz=0.0e+00/0%]
  f_c不整合DOF上位5件:
    dof=444 (node=74, comp=0): FD=-4.0253e-05, K_c=7.5894e-06, diff=-4.7842e-05
    dof=534 (node=89, comp=0): FD=2.7649e-05, K_c=-4.3528e-06, diff=3.2002e-05
    dof=1056 (node=176, comp=0): FD=2.4554e-05, K_c=-8.8807e-07, diff=2.5442e-05
    dof=438 (node=73, comp=0): FD=-1.9824e-05, K_c=5.5944e-06, diff=-2.5418e-05
    dof=1057 (node=176, comp=1): FD=-2.4214e-05, K_c=-7.6676e-07, diff=-2.3447e-05
============================================================
[K_c成分FD]
============================================================
K_c 成分分解 FD 診断（status-342）  [incr=172 att=29]
============================================================
  ||du|| = 3.5342e-04, eps = 1.00e-07
  ||dfc (FD)|| = 9.7826e-05
  ||K_mat@du|| = 8.9907e-05, ||K_geo@du|| = 8.6427e-08, ||K_st@du||  = 4.5963e-05
  ||K_c@du||   = 1.0739e-04
  寄与率: mat= 0.84, geo= 0.00, st= 0.43
------------------------------------------------------------
  組み合わせ別 FD 相対誤差（K_c = K_mat - K_geo + K_st 合意）:
    full     = 4.4327e-01
    mat_only = 1.9721e-01  (geo/st 除外)
    mat_geo  = 1.9792e-01  (st 除外)
    mat_st   = 4.4299e-01   (geo 除外)
  最良組み合わせ: mat_only (rel_err=1.9721e-01)
------------------------------------------------------------
  [    full] comp 別不整合: [x= 22.7%, y= 94.6%, z= 23.1%, tx=  0.0%, ty=  0.0%, tz=  0.0%]
  [mat_only] comp 別不整合: [x= 73.6%, y= 34.2%, z= 58.5%, tx=  0.0%, ty=  0.0%, tz=  0.0%]
  [ mat_geo] comp 別不整合: [x= 73.7%, y= 34.2%, z= 58.3%, tx=  0.0%, ty=  0.0%, tz=  0.0%]
  [  mat_st] comp 別不整合: [x= 22.7%, y= 94.6%, z= 23.1%, tx=  0.0%, ty=  0.0%, tz=  0.0%]
  ⚠ K_st 足し込みで rel_err が +2.4535e-01 悪化 — K_st が primary driver の可能性
  ⚠ K_geo 足し込みで rel_err が +2.4578e-01 悪化 — K_geo が primary driver の可能性
============================================================
  Incr 172 (frac=0.3724), attempt 30 [E], ||R_t||/||f|| = 9.067e-06, ||R_r|| = 6.532e-06, ||R_w||/||f||=9.088e-06, rate=0.580, active=31, R(x=1.4e-05/87%,y=3.6e-06/22%,z=3.6e-06/22%)
============================================================
接線剛性FD方向診断（status-256）
============================================================
  ||du|| = 8.3642e-04
  ||R_u|| = 1.6576e-05
  ⚠ R_u vs compute_residual(u) 乖離: 2.2548e-04 (リラクゼーション/動的項の差異)
  ||R_base|| = 2.2087e-04
  ||R(u+eps*du)|| = 2.2087e-04
  方向有効性: ||R(u+eps*du)||/||R(u)|| = 0.999998
  ✓ du方向で残差が減少 — Newton方向は有効
  FD方向微分 = 3.1526e-03
  解析方向微分 = -2.8742e-06
  全体系 K@du: FD vs 解析 相対誤差 = 1.0029e+00
  ⚠ 全体系で接線剛性不整合 — K_c自体が不正確
  全体系不整合DOF上位5件:
    dof=444 (node=74, comp=0): FD=-6.6329e-03, analytical=7.5855e-06, diff=-6.6405e-03
    dof=546 (node=91, comp=0): FD=6.3053e-03, analytical=-5.6721e-06, diff=6.3110e-03
    dof=540 (node=90, comp=0): FD=5.8943e-03, analytical=-6.1320e-06, diff=5.9004e-03
    dof=438 (node=73, comp=0): FD=-5.5279e-03, analytical=5.5959e-06, diff=-5.5335e-03
    dof=1826 (node=304, comp=2): FD=-3.8911e-03, analytical=-6.7563e-11, diff=-3.8911e-03
  comp別不整合: [x:1.53e-02(64%), y:4.76e-03(20%), z:1.76e-02(74%), θx:1.10e-04(0%), θy:1.74e-03(7%), θz:2.42e-05(0%)]
  接触DOF不整合: 1.54e-02 (378 DOFs), 構造DOF不整合: 1.83e-02 (1560 DOFs)
  活性DOF K@du: FD vs 解析 相対誤差 = 1.0008e+00 (378 DOFs)
  ⚠ 活性DOFで接線剛性不整合
  方向微分整合度: |FD-解析|/max = 1.0009e+00
------------------------------------------------------------
  f_c 単独FD検証（K_c精度）
  ||∂f_c/∂u·du (FD)|| = 1.5616e-04
  ||K_c @ du|| = 4.7115e-05
  f_c FD相対誤差 = 1.1662e+00
  ⚠ K_c自体が不正確（f_c単独で10%超の不整合）
  f_c comp別不整合: [x=1.5e-04/81%, y=8.7e-05/48%, z=6.0e-05/33%, θx=0.0e+00/0%, θy=0.0e+00/0%, θz=0.0e+00/0%]
  f_c不整合DOF上位5件:
    dof=444 (node=74, comp=0): FD=-6.5461e-05, K_c=1.1703e-05, diff=-7.7164e-05
    dof=498 (node=83, comp=0): FD=-2.2392e-05, K_c=2.2475e-05, diff=-4.4867e-05
    dof=600 (node=100, comp=0): FD=2.2192e-05, K_c=-2.2274e-05, diff=4.4466e-05
    dof=438 (node=73, comp=0): FD=-3.1783e-05, K_c=8.5956e-06, diff=-4.0379e-05
    dof=492 (node=82, comp=0): FD=-2.1771e-05, K_c=1.8413e-05, diff=-4.0185e-05
============================================================
[K_c成分FD]
============================================================
K_c 成分分解 FD 診断（status-342）  [incr=172 att=30]
============================================================
  ||du|| = 8.3642e-04, eps = 1.00e-07
  ||dfc (FD)|| = 1.5558e-04
  ||K_mat@du|| = 1.3780e-04, ||K_geo@du|| = 1.2172e-07, ||K_st@du||  = 5.3696e-05
  ||K_c@du||   = 1.6765e-04
  寄与率: mat= 0.82, geo= 0.00, st= 0.32
------------------------------------------------------------
  組み合わせ別 FD 相対誤差（K_c = K_mat - K_geo + K_st 合意）:
    full     = 4.2541e-01
    mat_only = 3.3089e-01  (geo/st 除外)
    mat_geo  = 3.3136e-01  (st 除外)
    mat_st   = 4.2509e-01   (geo 除外)
  最良組み合わせ: mat_only (rel_err=3.3089e-01)
------------------------------------------------------------
  [    full] comp 別不整合: [x= 59.2%, y= 76.9%, z= 24.3%, tx=  0.0%, ty=  0.0%, tz=  0.0%]
  [mat_only] comp 別不整合: [x= 89.4%, y= 20.8%, z= 39.8%, tx=  0.0%, ty=  0.0%, tz=  0.0%]
  [ mat_geo] comp 別不整合: [x= 89.4%, y= 20.8%, z= 39.7%, tx=  0.0%, ty=  0.0%, tz=  0.0%]
  [  mat_st] comp 別不整合: [x= 59.2%, y= 76.9%, z= 24.3%, tx=  0.0%, ty=  0.0%, tz=  0.0%]
  ⚠ K_st 足し込みで rel_err が +9.4057e-02 悪化 — K_st が primary driver の可能性
  ⚠ K_geo 足し込みで rel_err が +9.4196e-02 悪化 — K_geo が primary driver の可能性
============================================================
============================================================
接線剛性FD方向診断（status-256）
============================================================
  ||du|| = 7.6492e-04
  ||R_u|| = 2.8534e-05
  ⚠ R_u vs compute_residual(u) 乖離: 1.5787e-04 (リラクゼーション/動的項の差異)
  ||R_base|| = 1.5440e-04
  ||R(u+eps*du)|| = 1.5440e-04
  方向有効性: ||R(u+eps*du)||/||R(u)|| = 0.999998
  ✓ du方向で残差が減少 — Newton方向は有効
  FD方向微分 = -1.8338e-03
  解析方向微分 = 1.3945e-05
  全体系 K@du: FD vs 解析 相対誤差 = 1.0044e+00
  ⚠ 全体系で接線剛性不整合 — K_c自体が不正確
  全体系不整合DOF上位5件:
    dof=444 (node=74, comp=0): FD=-4.8170e-03, analytical=9.6529e-06, diff=-4.8266e-03
    dof=546 (node=91, comp=0): FD=4.3892e-03, analytical=-7.1934e-06, diff=4.3964e-03
    dof=540 (node=90, comp=0): FD=4.2490e-03, analytical=-7.6346e-06, diff=4.2566e-03
    dof=1712 (node=285, comp=2): FD=-4.0805e-03, analytical=-1.4767e-10, diff=-4.0805e-03
    dof=74 (node=12, comp=2): FD=-3.9953e-03, analytical=-9.2112e-11, diff=-3.9953e-03
  comp別不整合: [x:1.23e-02(55%), y:3.70e-03(16%), z:1.84e-02(82%), θx:2.77e-04(1%), θy:2.02e-03(9%), θz:5.59e-05(0%)]
  接触DOF不整合: 1.18e-02 (378 DOFs), 構造DOF不整合: 1.92e-02 (1560 DOFs)
  活性DOF K@du: FD vs 解析 相対誤差 = 1.0012e+00 (378 DOFs)
  ⚠ 活性DOFで接線剛性不整合
  方向微分整合度: |FD-解析|/max = 1.0076e+00
------------------------------------------------------------
  f_c 単独FD検証（K_c精度）
  ||∂f_c/∂u·du (FD)|| = 1.6890e-04
  ||K_c @ du|| = 2.6175e-05
  f_c FD相対誤差 = 1.0838e+00
  ⚠ K_c自体が不正確（f_c単独で10%超の不整合）
  f_c comp別不整合: [x=1.4e-04/77%, y=9.6e-05/53%, z=6.7e-05/36%, θx=0.0e+00/0%, θy=0.0e+00/0%, θz=0.0e+00/0%]
  f_c不整合DOF上位5件:
    dof=444 (node=74, comp=0): FD=7.0260e-05, K_c=-1.3391e-05, diff=8.3652e-05
    dof=534 (node=89, comp=0): FD=-4.7358e-05, K_c=6.8310e-06, diff=-5.4189e-05
    dof=438 (node=73, comp=0): FD=3.4679e-05, K_c=-9.9794e-06, diff=4.4659e-05
    dof=1056 (node=176, comp=0): FD=-4.1155e-05, K_c=1.3899e-06, diff=-4.2545e-05
    dof=446 (node=74, comp=2): FD=-4.1529e-05, K_c=2.0798e-07, diff=-4.1737e-05
============================================================
[K_c成分FD]
============================================================
K_c 成分分解 FD 診断（status-342）  [incr=172 att=31]
============================================================
  ||du|| = 7.6492e-04, eps = 1.00e-07
  ||dfc (FD)|| = 1.6930e-04
  ||K_mat@du|| = 1.5519e-04, ||K_geo@du|| = 1.3772e-07, ||K_st@du||  = 7.2509e-05
  ||K_c@du||   = 1.8832e-04
  寄与率: mat= 0.82, geo= 0.00, st= 0.39
------------------------------------------------------------
  組み合わせ別 FD 相対誤差（K_c = K_mat - K_geo + K_st 合意）:
    full     = 4.0757e-01
    mat_only = 2.0438e-01  (geo/st 除外)
    mat_geo  = 2.0499e-01  (st 除外)
    mat_st   = 4.0732e-01   (geo 除外)
  最良組み合わせ: mat_only (rel_err=2.0438e-01)
------------------------------------------------------------
  [    full] comp 別不整合: [x= 21.9%, y= 94.5%, z= 24.5%, tx=  0.0%, ty=  0.0%, tz=  0.0%]
  [mat_only] comp 別不整合: [x= 66.8%, y= 35.5%, z= 65.4%, tx=  0.0%, ty=  0.0%, tz=  0.0%]
  [ mat_geo] comp 別不整合: [x= 67.0%, y= 35.5%, z= 65.2%, tx=  0.0%, ty=  0.0%, tz=  0.0%]
  [  mat_st] comp 別不整合: [x= 21.9%, y= 94.5%, z= 24.5%, tx=  0.0%, ty=  0.0%, tz=  0.0%]
  ⚠ K_st 足し込みで rel_err が +2.0258e-01 悪化 — K_st が primary driver の可能性
  ⚠ K_geo 足し込みで rel_err が +2.0294e-01 悪化 — K_geo が primary driver の可能性
============================================================
============================================================
接線剛性FD方向診断（status-256）
============================================================
  ||du|| = 3.5825e-04
  ||R_u|| = 2.6807e-05
  ⚠ R_u vs compute_residual(u) 乖離: 3.1679e-04 (リラクゼーション/動的項の差異)
  ||R_base|| = 3.2935e-04
  ||R(u+eps*du)|| = 3.2935e-04
  方向有効性: ||R(u+eps*du)||/||R(u)|| = 1.000003
  ⚠ du方向で残差が増加 — Newton方向が無効
  FD方向微分 = -5.1202e-03
  解析方向微分 = 7.9611e-06
  全体系 K@du: FD vs 解析 相対誤差 = 1.0018e+00
  ⚠ 全体系で接線剛性不整合 — K_c自体が不正確
  全体系不整合DOF上位5件:
    dof=444 (node=74, comp=0): FD=1.1149e-02, analytical=-1.3398e-05, diff=1.1162e-02
    dof=540 (node=90, comp=0): FD=-9.8994e-03, analytical=1.0906e-05, diff=-9.9103e-03
    dof=546 (node=91, comp=0): FD=-9.1737e-03, analytical=1.0215e-05, diff=-9.1839e-03
    dof=438 (node=73, comp=0): FD=8.3009e-03, analytical=-9.9741e-06, diff=8.3108e-03
    dof=542 (node=90, comp=2): FD=-4.1467e-03, analytical=-2.6923e-07, diff=-4.1464e-03
  comp別不整合: [x:2.11e-02(77%), y:6.61e-03(24%), z:1.61e-02(59%), θx:2.33e-04(1%), θy:1.31e-03(5%), θz:5.19e-05(0%)]
  接触DOF不整合: 2.28e-02 (378 DOFs), 構造DOF不整合: 1.52e-02 (1560 DOFs)
  活性DOF K@du: FD vs 解析 相対誤差 = 1.0010e+00 (378 DOFs)
  ⚠ 活性DOFで接線剛性不整合
  方向微分整合度: |FD-解析|/max = 1.0016e+00
------------------------------------------------------------
  f_c 単独FD検証（K_c精度）
  ||∂f_c/∂u·du (FD)|| = 9.7541e-05
  ||K_c @ du|| = 1.5330e-05
  f_c FD相対誤差 = 1.0794e+00
  ⚠ K_c自体が不正確（f_c単独で10%超の不整合）
  f_c comp別不整合: [x=8.1e-05/77%, y=5.7e-05/54%, z=3.5e-05/33%, θx=0.0e+00/0%, θy=0.0e+00/0%, θz=0.0e+00/0%]
  f_c不整合DOF上位5件:
    dof=444 (node=74, comp=0): FD=-4.0445e-05, K_c=7.6018e-06, diff=-4.8047e-05
    dof=534 (node=89, comp=0): FD=2.7983e-05, K_c=-4.4523e-06, diff=3.2436e-05
    dof=438 (node=73, comp=0): FD=-1.9916e-05, K_c=5.6070e-06, diff=-2.5523e-05
    dof=1056 (node=176, comp=0): FD=2.4645e-05, K_c=-8.7690e-07, diff=2.5522e-05
    dof=1057 (node=176, comp=1): FD=-2.4333e-05, K_c=-7.5720e-07, diff=-2.3576e-05
============================================================
[K_c成分FD]
============================================================
K_c 成分分解 FD 診断（status-342）  [incr=172 att=32]
============================================================
  ||du|| = 3.5825e-04, eps = 1.00e-07
  ||dfc (FD)|| = 9.8426e-05
  ||K_mat@du|| = 9.0334e-05, ||K_geo@du|| = 8.6911e-08, ||K_st@du||  = 4.6296e-05
  ||K_c@du||   = 1.0796e-04
  寄与率: mat= 0.84, geo= 0.00, st= 0.43
------------------------------------------------------------
  組み合わせ別 FD 相対誤差（K_c = K_mat - K_geo + K_st 合意）:
    full     = 4.4437e-01
    mat_only = 1.9802e-01  (geo/st 除外)
    mat_geo  = 1.9872e-01  (st 除外)
    mat_st   = 4.4409e-01   (geo 除外)
  最良組み合わせ: mat_only (rel_err=1.9802e-01)
------------------------------------------------------------
  [    full] comp 別不整合: [x= 22.7%, y= 94.6%, z= 23.1%, tx=  0.0%, ty=  0.0%, tz=  0.0%]
  [mat_only] comp 別不整合: [x= 73.6%, y= 34.0%, z= 58.6%, tx=  0.0%, ty=  0.0%, tz=  0.0%]
  [ mat_geo] comp 別不整合: [x= 73.7%, y= 34.0%, z= 58.4%, tx=  0.0%, ty=  0.0%, tz=  0.0%]
  [  mat_st] comp 別不整合: [x= 22.7%, y= 94.6%, z= 23.1%, tx=  0.0%, ty=  0.0%, tz=  0.0%]
  ⚠ K_st 足し込みで rel_err が +2.4565e-01 悪化 — K_st が primary driver の可能性
  ⚠ K_geo 足し込みで rel_err が +2.4607e-01 悪化 — K_geo が primary driver の可能性
============================================================
============================================================
接線剛性FD方向診断（status-256）
============================================================
  ||du|| = 8.1763e-04
  ||R_u|| = 1.6646e-05
  ⚠ R_u vs compute_residual(u) 乖離: 2.2536e-04 (リラクゼーション/動的項の差異)
  ||R_base|| = 2.2073e-04
  ||R(u+eps*du)|| = 2.2073e-04
  方向有効性: ||R(u+eps*du)||/||R(u)|| = 0.999998
  ✓ du方向で残差が減少 — Newton方向は有効
  FD方向微分 = 3.1676e-03
  解析方向微分 = -2.8718e-06
  全体系 K@du: FD vs 解析 相対誤差 = 1.0026e+00
  ⚠ 全体系で接線剛性不整合 — K_c自体が不正確
  全体系不整合DOF上位5件:
    dof=444 (node=74, comp=0): FD=-6.8044e-03, analytical=7.5981e-06, diff=-6.8120e-03
    dof=546 (node=91, comp=0): FD=6.0416e-03, analytical=-5.6987e-06, diff=6.0473e-03
    dof=540 (node=90, comp=0): FD=6.0298e-03, analytical=-6.1711e-06, diff=6.0359e-03
    dof=438 (node=73, comp=0): FD=-5.5484e-03, analytical=5.6087e-06, diff=-5.5541e-03
    dof=278 (node=46, comp=2): FD=-4.0495e-03, analytical=-7.5054e-11, diff=-4.0495e-03
  comp別不整合: [x:1.55e-02(63%), y:4.79e-03(19%), z:1.86e-02(75%), θx:1.10e-04(0%), θy:1.70e-03(7%), θz:2.34e-05(0%)]
  接触DOF不整合: 1.61e-02 (378 DOFs), 構造DOF不整合: 1.88e-02 (1560 DOFs)
  活性DOF K@du: FD vs 解析 相対誤差 = 1.0008e+00 (378 DOFs)
  ⚠ 活性DOFで接線剛性不整合
  方向微分整合度: |FD-解析|/max = 1.0009e+00
------------------------------------------------------------
  f_c 単独FD検証（K_c精度）
  ||∂f_c/∂u·du (FD)|| = 1.5221e-04
  ||K_c @ du|| = 4.6131e-05
  f_c FD相対誤差 = 1.1671e+00
  ⚠ K_c自体が不正確（f_c単独で10%超の不整合）
  f_c comp別不整合: [x=1.4e-04/82%, y=8.5e-05/48%, z=5.8e-05/33%, θx=0.0e+00/0%, θy=0.0e+00/0%, θz=0.0e+00/0%]
  f_c不整合DOF上位5件:
    dof=444 (node=74, comp=0): FD=-6.3822e-05, K_c=1.1399e-05, diff=-7.5221e-05
    dof=498 (node=83, comp=0): FD=-2.1980e-05, K_c=2.2061e-05, diff=-4.4041e-05
    dof=600 (node=100, comp=0): FD=2.1784e-05, K_c=-2.1864e-05, diff=4.3647e-05
    dof=492 (node=82, comp=0): FD=-2.1359e-05, K_c=1.8075e-05, diff=-3.9434e-05
    dof=438 (node=73, comp=0): FD=-3.0971e-05, K_c=8.3697e-06, diff=-3.9341e-05
============================================================
[K_c成分FD]
============================================================
K_c 成分分解 FD 診断（status-342）  [incr=172 att=33]
============================================================
  ||du|| = 8.1763e-04, eps = 1.00e-07
  ||dfc (FD)|| = 1.5162e-04
  ||K_mat@du|| = 1.3428e-04, ||K_geo@du|| = 1.1849e-07, ||K_st@du||  = 5.2076e-05
  ||K_c@du||   = 1.6334e-04
  寄与率: mat= 0.82, geo= 0.00, st= 0.32
------------------------------------------------------------
  組み合わせ別 FD 相対誤差（K_c = K_mat - K_geo + K_st 合意）:
    full     = 4.2525e-01
    mat_only = 3.3213e-01  (geo/st 除外)
    mat_geo  = 3.3259e-01  (st 除外)
    mat_st   = 4.2492e-01   (geo 除外)
  最良組み合わせ: mat_only (rel_err=3.3213e-01)
------------------------------------------------------------
  [    full] comp 別不整合: [x= 59.5%, y= 76.6%, z= 24.2%, tx=  0.0%, ty=  0.0%, tz=  0.0%]
  [mat_only] comp 別不整合: [x= 89.5%, y= 20.8%, z= 39.5%, tx=  0.0%, ty=  0.0%, tz=  0.0%]
  [ mat_geo] comp 別不整合: [x= 89.5%, y= 20.8%, z= 39.5%, tx=  0.0%, ty=  0.0%, tz=  0.0%]
  [  mat_st] comp 別不整合: [x= 59.5%, y= 76.6%, z= 24.2%, tx=  0.0%, ty=  0.0%, tz=  0.0%]
  ⚠ K_st 足し込みで rel_err が +9.2656e-02 悪化 — K_st が primary driver の可能性
  ⚠ K_geo 足し込みで rel_err が +9.2793e-02 悪化 — K_geo が primary driver の可能性
============================================================
============================================================
接線剛性FD方向診断（status-256）
============================================================
  ||du|| = 7.5422e-04
  ||R_u|| = 2.8060e-05
  ⚠ R_u vs compute_residual(u) 乖離: 1.5939e-04 (リラクゼーション/動的項の差異)
  ||R_base|| = 1.5588e-04
  ||R(u+eps*du)|| = 1.5588e-04
  方向有効性: ||R(u+eps*du)||/||R(u)|| = 0.999998
  ✓ du方向で残差が減少 — Newton方向は有効
  FD方向微分 = -1.7870e-03
  解析方向微分 = 1.3718e-05
  全体系 K@du: FD vs 解析 相対誤差 = 1.0047e+00
  ⚠ 全体系で接線剛性不整合 — K_c自体が不正確
  全体系不整合DOF上位5件:
    dof=444 (node=74, comp=0): FD=-4.5478e-03, analytical=9.5069e-06, diff=-4.5573e-03
    dof=540 (node=90, comp=0): FD=4.0925e-03, analytical=-7.5291e-06, diff=4.1001e-03
    dof=1706 (node=284, comp=2): FD=-4.0515e-03, analytical=-3.4014e-10, diff=-4.0515e-03
    dof=546 (node=91, comp=0): FD=3.8870e-03, analytical=-7.0900e-06, diff=3.8940e-03
    dof=476 (node=79, comp=2): FD=3.8531e-03, analytical=-2.1781e-08, diff=3.8532e-03
  comp別不整合: [x:1.14e-02(53%), y:3.57e-03(17%), z:1.75e-02(82%), θx:2.73e-04(1%), θy:2.00e-03(9%), θz:5.55e-05(0%)]
  接触DOF不整合: 1.16e-02 (378 DOFs), 構造DOF不整合: 1.79e-02 (1560 DOFs)
  活性DOF K@du: FD vs 解析 相対誤差 = 1.0010e+00 (378 DOFs)
  ⚠ 活性DOFで接線剛性不整合
  方向微分整合度: |FD-解析|/max = 1.0077e+00
------------------------------------------------------------
  f_c 単独FD検証（K_c精度）
  ||∂f_c/∂u·du (FD)|| = 1.6655e-04
  ||K_c @ du|| = 2.5836e-05
  f_c FD相対誤差 = 1.0839e+00
  ⚠ K_c自体が不正確（f_c単独で10%超の不整合）
  f_c comp別不整合: [x=1.4e-04/77%, y=9.5e-05/53%, z=6.6e-05/36%, θx=0.0e+00/0%, θy=0.0e+00/0%, θz=0.0e+00/0%]
  f_c不整合DOF上位5件:
    dof=444 (node=74, comp=0): FD=6.9332e-05, K_c=-1.3210e-05, diff=8.2541e-05
    dof=534 (node=89, comp=0): FD=-4.6685e-05, K_c=6.7420e-06, diff=-5.3427e-05
    dof=438 (node=73, comp=0): FD=3.4225e-05, K_c=-9.8431e-06, diff=4.4068e-05
    dof=1056 (node=176, comp=0): FD=-4.0593e-05, K_c=1.3721e-06, diff=-4.1965e-05
    dof=446 (node=74, comp=2): FD=-4.0941e-05, K_c=1.7081e-07, diff=-4.1112e-05
============================================================
[K_c成分FD]
============================================================
K_c 成分分解 FD 診断（status-342）  [incr=172 att=34]
============================================================
  ||du|| = 7.5422e-04, eps = 1.00e-07
  ||dfc (FD)|| = 1.6694e-04
  ||K_mat@du|| = 1.5296e-04, ||K_geo@du|| = 1.3589e-07, ||K_st@du||  = 7.1451e-05
  ||K_c@du||   = 1.8563e-04
  寄与率: mat= 0.82, geo= 0.00, st= 0.38
------------------------------------------------------------
  組み合わせ別 FD 相対誤差（K_c = K_mat - K_geo + K_st 合意）:
    full     = 4.0747e-01
    mat_only = 2.0459e-01  (geo/st 除外)
    mat_geo  = 2.0520e-01  (st 除外)
    mat_st   = 4.0721e-01   (geo 除外)
  最良組み合わせ: mat_only (rel_err=2.0459e-01)
------------------------------------------------------------
  [    full] comp 別不整合: [x= 21.9%, y= 94.5%, z= 24.5%, tx=  0.0%, ty=  0.0%, tz=  0.0%]
  [mat_only] comp 別不整合: [x= 66.9%, y= 35.4%, z= 65.3%, tx=  0.0%, ty=  0.0%, tz=  0.0%]
  [ mat_geo] comp 別不整合: [x= 67.1%, y= 35.4%, z= 65.2%, tx=  0.0%, ty=  0.0%, tz=  0.0%]
  [  mat_st] comp 別不整合: [x= 21.9%, y= 94.4%, z= 24.5%, tx=  0.0%, ty=  0.0%, tz=  0.0%]
  ⚠ K_st 足し込みで rel_err が +2.0227e-01 悪化 — K_st が primary driver の可能性
  ⚠ K_geo 足し込みで rel_err が +2.0263e-01 悪化 — K_geo が primary driver の可能性
============================================================
  [NR診断] Incr 172 (frac=0.3724), 不収束 att=35, Type分布[-:1(3%), C:3(9%), D.div+E:10(29%), D.slow+E:3(9%), D.stall+E:1(3%), E:17(49%)], 直近10[D.div+E:5, D.slow+E:2, E:3], R_c=2.79e-05, R_s=2.67e-06, active=31, sliding=385, activated=0, deactivated=0, stick→slide=0, slide→stick=0, comp(x=2.7e-05/95%,y=4.8e-06/17%,z=5.7e-06/20%,θx=3.4e-06/12%,θy=3.1e-07/1%,θz=1.9e-06/7%)
  [CUTBACK:nr_limit] frac 0.3724, dt=2.5028e-03 → sub-steps (cutback #19)
  [f_ref] Incr 172: f_ref=4.197e-01 (dynamic_ref), atol=1.35e-08
  Incr 172 (frac=0.3712), attempt 0 [C], ||R_t||/||f|| = 1.000e+00, ||R_r|| = 6.490e-03, ||R_w||/||f||=1.000e+00, active=29, R(x=2.2e-01/52%,y=3.7e-02/9%,z=3.6e-01/85%)
  Incr 172 (frac=0.3712), attempt 5 [D.slow+E], ||R_t||/||f|| = 1.303e-04, ||R_r|| = 6.505e-06, ||R_w||/||f||=1.303e-04, rate=0.928, active=31, R(x=5.0e-05/91%,y=1.4e-05/26%,z=1.7e-05/31%)
  Incr 172 (frac=0.3712), attempt 10 [E], ||R_t||/||f|| = 4.172e-05, ||R_r|| = 2.287e-06, ||R_w||/||f||=4.173e-05, rate=0.764, active=31, R(x=1.6e-05/90%,y=5.2e-06/29%,z=5.0e-06/28%)
  Incr 172 (frac=0.3712), attempt 10, ||du||/||u|| = 9.077e-09 (disp converged, 31 active)
  [f_ref] Incr 173: f_ref=4.286e-01 (dynamic_ref), atol=1.07e-08
  Incr 173 (frac=0.3724), attempt 0 [C], ||R_t||/||f|| = 1.000e+00, ||R_r|| = 7.378e-03, ||R_w||/||f||=1.000e+00, active=31, R(x=2.2e-01/52%,y=3.8e-02/9%,z=3.6e-01/85%)
  Incr 173 (frac=0.3724), attempt 3, ||du||/||u|| = 5.592e-09 (disp converged, 31 active)
  [f_ref] Incr 174: f_ref=9.459e-01 (dynamic_ref), atol=8.81e-09
  Incr 174 (frac=0.3743), attempt 0 [C], ||R_t||/||f|| = 1.000e+00, ||R_r|| = 1.448e-02, ||R_w||/||f||=1.000e+00, active=34, R(x=5.0e-01/52%,y=8.4e-02/9%,z=8.0e-01/85%)
  Incr 174 (frac=0.3743), attempt 5 [E], ||R_t||/||f|| = 9.250e-06, ||R_r|| = 4.044e-06, ||R_w||/||f||=9.275e-06, rate=0.553, active=33, R(x=8.4e-06/87%,y=1.3e-06/14%,z=2.0e-06/20%)
  Incr 174 (frac=0.3743), attempt 10 [D.stall+E], ||R_t||/||f|| = 7.199e-06, ||R_r|| = 3.154e-06, ||R_w||/||f||=7.219e-06, rate=0.951, active=33, R(x=6.6e-06/88%,y=1.0e-06/14%,z=1.4e-06/19%)
============================================================
接線剛性FD方向診断（status-256）
============================================================
  ||du|| = 1.1920e-04
  ||R_u|| = 7.5049e-06
  ⚠ R_u vs compute_residual(u) 乖離: 8.5639e-11 (リラクゼーション/動的項の差異)
  ||R_base|| = 7.5049e-06
  ||R(u+eps*du)|| = 7.5049e-06
  方向有効性: ||R(u+eps*du)||/||R(u)|| = 0.999998
  ✓ du方向で残差が減少 — Newton方向は有効
  FD方向微分 = 3.6897e-06
  解析方向微分 = 3.7605e-06
  全体系 K@du: FD vs 解析 相対誤差 = 1.0001e+00
  ⚠ 全体系で接線剛性不整合 — K_c自体が不正確
  全体系不整合DOF上位5件:
    dof=386 (node=64, comp=2): FD=-4.0001e-03, analytical=-2.2820e-10, diff=-4.0001e-03
    dof=1094 (node=182, comp=2): FD=3.9284e-03, analytical=2.8818e-10, diff=3.9284e-03
    dof=1196 (node=199, comp=2): FD=3.8973e-03, analytical=1.2755e-10, diff=3.8973e-03
    dof=596 (node=99, comp=2): FD=3.5546e-03, analytical=3.4743e-08, diff=3.5546e-03
    dof=1088 (node=181, comp=2): FD=-3.2196e-03, analytical=4.2067e-10, diff=-3.2196e-03
  comp別不整合: [x:7.05e-03(41%), y:1.35e-03(8%), z:1.58e-02(91%), θx:6.37e-05(0%), θy:4.08e-04(2%), θz:1.69e-05(0%)]
  接触DOF不整合: 6.31e-03 (348 DOFs), 構造DOF不整合: 1.62e-02 (1590 DOFs)
  活性DOF K@du: FD vs 解析 相対誤差 = 1.0008e+00 (348 DOFs)
  ⚠ 活性DOFで接線剛性不整合
  方向微分整合度: |FD-解析|/max = 1.8834e-02
------------------------------------------------------------
  f_c 単独FD検証（K_c精度）
  ||∂f_c/∂u·du (FD)|| = 3.4187e-06
  ||K_c @ du|| = 3.1859e-06
  f_c FD相対誤差 = 1.1553e+00
  ⚠ K_c自体が不正確（f_c単独で10%超の不整合）
  f_c comp別不整合: [x=3.6e-06/91%, y=5.8e-07/15%, z=1.5e-06/39%, θx=0.0e+00/0%, θy=0.0e+00/0%, θz=0.0e+00/0%]
  f_c不整合DOF上位5件:
    dof=810 (node=135, comp=0): FD=1.5178e-06, K_c=-1.0949e-06, diff=2.6127e-06
    dof=1932 (node=322, comp=0): FD=-8.8572e-07, K_c=7.2573e-07, diff=-1.6115e-06
    dof=812 (node=135, comp=2): FD=-6.6286e-07, K_c=4.5709e-07, diff=-1.1200e-06
    dof=1926 (node=321, comp=0): FD=-6.0139e-07, K_c=5.0561e-07, diff=-1.1070e-06
    dof=912 (node=152, comp=0): FD=-6.0426e-07, K_c=3.4733e-07, diff=-9.5159e-07
============================================================
[K_c成分FD]
============================================================
K_c 成分分解 FD 診断（status-342）  [incr=174 att=10]
============================================================
  ||du|| = 1.1920e-04, eps = 1.00e-07
  ||dfc (FD)|| = 3.4187e-06
  ||K_mat@du|| = 2.6452e-06, ||K_geo@du|| = 7.7818e-09, ||K_st@du||  = 1.5059e-06
  ||K_c@du||   = 3.5129e-06
  寄与率: mat= 0.75, geo= 0.00, st= 0.43
------------------------------------------------------------
  組み合わせ別 FD 相対誤差（K_c = K_mat - K_geo + K_st 合意）:
    full     = 7.0064e-01
    mat_only = 5.8543e-01  (geo/st 除外)
    mat_geo  = 5.8761e-01  (st 除外)
    mat_st   = 6.9885e-01   (geo 除外)
  最良組み合わせ: mat_only (rel_err=5.8543e-01)
------------------------------------------------------------
  [    full] comp 別不整合: [x= 75.8%, y= 58.7%, z= 28.3%, tx=  0.0%, ty=  0.0%, tz=  0.0%]
  [mat_only] comp 別不整合: [x= 91.6%, y= 16.5%, z= 36.5%, tx=  0.0%, ty=  0.0%, tz=  0.0%]
  [ mat_geo] comp 別不整合: [x= 91.7%, y= 16.5%, z= 36.4%, tx=  0.0%, ty=  0.0%, tz=  0.0%]
  [  mat_st] comp 別不整合: [x= 75.8%, y= 58.9%, z= 28.2%, tx=  0.0%, ty=  0.0%, tz=  0.0%]
  ⚠ K_st 足し込みで rel_err が +1.1303e-01 悪化 — K_st が primary driver の可能性
  ⚠ K_geo 足し込みで rel_err が +1.1342e-01 悪化 — K_geo が primary driver の可能性
============================================================
  [Type D対策] FD診断: Newton方向精度不良 (dir_ratio=1.000), NR上限拡張→200
  Incr 174 (frac=0.3743), 低残差停滞[D+E] → Type D対策: NR上限拡張→200 (att=15, ||R||/||f||=5.598e-06, rate=0.951, R_c=5.60e-06, R_s=1.66e-06, active=33)
  Incr 174 (frac=0.3743), attempt 15 [D.stall+E], ||R_t||/||f|| = 5.598e-06, ||R_r|| = 2.463e-06, ||R_w||/||f||=5.614e-06, rate=0.951, active=33, R(x=5.1e-06/88%,y=8.1e-07/14%,z=1.0e-06/18%)
============================================================
接線剛性FD方向診断（status-256）
============================================================
  ||du|| = 9.2591e-05
  ||R_u|| = 5.8403e-06
  ⚠ R_u vs compute_residual(u) 乖離: 6.7191e-11 (リラクゼーション/動的項の差異)
  ||R_base|| = 5.8402e-06
  ||R(u+eps*du)|| = 5.8402e-06
  方向有効性: ||R(u+eps*du)||/||R(u)|| = 1.000001
  ⚠ du方向で残差が増加 — Newton方向が無効
  FD方向微分 = 2.8664e-06
  解析方向微分 = 2.9129e-06
  全体系 K@du: FD vs 解析 相対誤差 = 1.0001e+00
  ⚠ 全体系で接線剛性不整合 — K_c自体が不正確
  全体系不整合DOF上位5件:
    dof=176 (node=29, comp=2): FD=3.8565e-03, analytical=2.7873e-11, diff=3.8565e-03
    dof=1922 (node=320, comp=2): FD=3.7332e-03, analytical=4.5242e-08, diff=3.7332e-03
    dof=1916 (node=319, comp=2): FD=-3.2355e-03, analytical=-1.2158e-08, diff=-3.2355e-03
    dof=374 (node=62, comp=2): FD=-3.0997e-03, analytical=5.1567e-09, diff=-3.0997e-03
    dof=908 (node=151, comp=2): FD=2.8166e-03, analytical=1.3917e-08, diff=2.8166e-03
  comp別不整合: [x:7.14e-03(42%), y:1.24e-03(7%), z:1.52e-02(90%), θx:6.92e-05(0%), θy:3.86e-04(2%), θz:1.54e-05(0%)]
  接触DOF不整合: 7.58e-03 (348 DOFs), 構造DOF不整合: 1.50e-02 (1590 DOFs)
  活性DOF K@du: FD vs 解析 相対誤差 = 1.0003e+00 (348 DOFs)
  ⚠ 活性DOFで接線剛性不整合
  方向微分整合度: |FD-解析|/max = 1.5991e-02
------------------------------------------------------------
  f_c 単独FD検証（K_c精度）
  ||∂f_c/∂u·du (FD)|| = 2.6713e-06
  ||K_c @ du|| = 2.4829e-06
  f_c FD相対誤差 = 1.1523e+00
  ⚠ K_c自体が不正確（f_c単独で10%超の不整合）
  f_c comp別不整合: [x=2.8e-06/92%, y=4.4e-07/14%, z=1.1e-06/37%, θx=0.0e+00/0%, θy=0.0e+00/0%, θz=0.0e+00/0%]
  f_c不整合DOF上位5件:
    dof=810 (node=135, comp=0): FD=1.1922e-06, K_c=-8.5974e-07, diff=2.0519e-06
    dof=1932 (node=322, comp=0): FD=-6.9457e-07, K_c=5.7144e-07, diff=-1.2660e-06
    dof=1926 (node=321, comp=0): FD=-4.7148e-07, K_c=3.9783e-07, diff=-8.6931e-07
    dof=812 (node=135, comp=2): FD=-5.0134e-07, K_c=3.3875e-07, diff=-8.4008e-07
    dof=912 (node=152, comp=0): FD=-4.7579e-07, K_c=2.7110e-07, diff=-7.4689e-07
============================================================
[K_c成分FD]
============================================================
K_c 成分分解 FD 診断（status-342）  [incr=174 att=15]
============================================================
  ||du|| = 9.2591e-05, eps = 1.00e-07
  ||dfc (FD)|| = 2.6713e-06
  ||K_mat@du|| = 2.0628e-06, ||K_geo@du|| = 6.0322e-09, ||K_st@du||  = 1.1750e-06
  ||K_c@du||   = 2.7437e-06
  寄与率: mat= 0.75, geo= 0.00, st= 0.43
------------------------------------------------------------
  組み合わせ別 FD 相対誤差（K_c = K_mat - K_geo + K_st 合意）:
    full     = 7.0552e-01
    mat_only = 5.8482e-01  (geo/st 除外)
    mat_geo  = 5.8699e-01  (st 除外)
    mat_st   = 7.0376e-01   (geo 除外)
  最良組み合わせ: mat_only (rel_err=5.8482e-01)
------------------------------------------------------------
  [    full] comp 別不整合: [x= 76.1%, y= 58.8%, z= 27.3%, tx=  0.0%, ty=  0.0%, tz=  0.0%]
  [mat_only] comp 別不整合: [x= 92.3%, y= 15.8%, z= 35.2%, tx=  0.0%, ty=  0.0%, tz=  0.0%]
  [ mat_geo] comp 別不整合: [x= 92.3%, y= 15.8%, z= 35.1%, tx=  0.0%, ty=  0.0%, tz=  0.0%]
  [  mat_st] comp 別不整合: [x= 76.0%, y= 59.0%, z= 27.3%, tx=  0.0%, ty=  0.0%, tz=  0.0%]
  ⚠ K_st 足し込みで rel_err が +1.1853e-01 悪化 — K_st が primary driver の可能性
  ⚠ K_geo 足し込みで rel_err が +1.1893e-01 悪化 — K_geo が primary driver の可能性
============================================================
  Incr 174 (frac=0.3743), attempt 20 [D.stall+E], ||R_t||/||f|| = 4.416e-06, ||R_r|| = 1.922e-06, ||R_w||/||f||=4.428e-06, rate=0.952, active=33, R(x=4.1e-06/88%,y=6.6e-07/14%,z=7.6e-07/16%)
  Incr 174 (frac=0.3743), attempt 21, ||du||/||u|| = 9.915e-09 (disp converged, 33 active)
  [NR診断] Incr 174 (frac=0.3743), 収束 att=22, Type分布[-:1(5%), C:1(5%), D.stall+E:16(73%), E:4(18%)], 直近10[D.stall+E:10], R_c=4.20e-06, R_s=1.25e-06, active=33, sliding=385, activated=0, deactivated=0, stick→slide=0, slide→stick=0, comp(x=3.9e-06/88%,y=6.4e-07/15%,z=7.1e-07/16%,θx=1.6e-06/36%,θy=4.6e-07/11%,θz=8.2e-07/19%)
  [f_ref] Incr 175: f_ref=2.408e-01 (dynamic_ref), atol=9.00e-09
  Incr 175 (frac=0.3752), attempt 0 [C], ||R_t||/||f|| = 1.000e+00, ||R_r|| = 4.276e-03, ||R_w||/||f||=1.000e+00, active=32, R(x=1.3e-01/53%,y=2.1e-02/9%,z=2.0e-01/85%)
  Incr 175 (frac=0.3752), attempt 5 [D.div+E], ||R_t||/||f|| = 6.443e-04, ||R_r|| = 1.061e-05, ||R_w||/||f||=6.443e-04, rate=1.792, active=32, R(x=1.5e-04/98%,y=4.1e-06/3%,z=2.9e-05/19%)
  Incr 175 (frac=0.3752), attempt 10 [D.div+E], ||R_t||/||f|| = 5.719e-04, ||R_r|| = 1.689e-05, ||R_w||/||f||=5.720e-04, rate=1.353, active=32, R(x=1.3e-04/96%,y=8.1e-06/6%,z=3.5e-05/25%)
  Incr 175 (frac=0.3752), 低残差チャタリング検知[E] → 接触凍結モード (att=15, ||R||/||f||=4.513e-04, R_c=1.10e-04, R_s=1.22e-05, cycle=1/5, active=32)
  Incr 175 (frac=0.3752), attempt 15 [E], ||R_t||/||f|| = 4.513e-04, ||R_r|| = 1.824e-05, ||R_w||/||f||=4.515e-04, rate=0.770, active=32, R(x=1.1e-04/96%,y=9.3e-06/8%,z=2.3e-05/21%)
============================================================
接線剛性FD方向診断（status-256）
============================================================
  ||du|| = 8.4328e-04
  ||R_u|| = 1.1021e-04
  ⚠ R_u vs compute_residual(u) 乖離: 2.7642e-07 (リラクゼーション/動的項の差異)
  ||R_base|| = 1.1036e-04
  ||R(u+eps*du)|| = 1.1036e-04
  方向有効性: ||R(u+eps*du)||/||R(u)|| = 1.000012
  ⚠ du方向で残差が増加 — Newton方向が無効
  FD方向微分 = -1.1308e-02
  解析方向微分 = 6.1976e-05
  全体系 K@du: FD vs 解析 相対誤差 = 1.0034e+00
  ⚠ 全体系で接線剛性不整合 — K_c自体が不正確
  全体系不整合DOF上位5件:
    dof=90 (node=15, comp=0): FD=1.3974e-02, analytical=-4.4672e-05, diff=1.4019e-02
    dof=702 (node=117, comp=0): FD=-1.0593e-02, analytical=1.4510e-05, diff=-1.0607e-02
    dof=86 (node=14, comp=2): FD=-7.7873e-03, analytical=-1.4665e-06, diff=-7.7858e-03
    dof=696 (node=116, comp=0): FD=-7.0770e-03, analytical=3.6631e-06, diff=-7.0807e-03
    dof=444 (node=74, comp=0): FD=-5.9604e-03, analytical=6.3873e-06, diff=-5.9668e-03
  comp別不整合: [x:2.63e-02(70%), y:4.94e-03(13%), z:2.66e-02(70%), θx:1.89e-04(1%), θy:2.62e-03(7%), θz:9.85e-05(0%)]
  接触DOF不整合: 2.92e-02 (402 DOFs), 構造DOF不整合: 2.40e-02 (1536 DOFs)
  活性DOF K@du: FD vs 解析 相対誤差 = 1.0039e+00 (402 DOFs)
  ⚠ 活性DOFで接線剛性不整合
  方向微分整合度: |FD-解析|/max = 1.0055e+00
------------------------------------------------------------
  f_c 単独FD検証（K_c精度）
  ||∂f_c/∂u·du (FD)|| = 8.0105e-05
  ||K_c @ du|| = 8.2197e-05
  f_c FD相対誤差 = 1.8858e+00
  ⚠ K_c自体が不正確（f_c単独で10%超の不整合）
  f_c comp別不整合: [x=1.5e-04/96%, y=9.4e-06/6%, z=4.4e-05/28%, θx=0.0e+00/0%, θy=0.0e+00/0%, θz=0.0e+00/0%]
  f_c不整合DOF上位5件:
    dof=702 (node=117, comp=0): FD=4.5203e-05, K_c=-4.7902e-05, diff=9.3106e-05
    dof=90 (node=15, comp=0): FD=-4.3658e-05, K_c=4.5964e-05, diff=-8.9623e-05
    dof=696 (node=116, comp=0): FD=1.5322e-05, K_c=-1.6290e-05, diff=3.1613e-05
    dof=84 (node=14, comp=0): FD=-1.5446e-05, K_c=1.5875e-05, diff=-3.1321e-05
    dof=92 (node=15, comp=2): FD=1.1693e-05, K_c=-1.2031e-05, diff=2.3724e-05
============================================================
[K_c成分FD]
============================================================
K_c 成分分解 FD 診断（status-342）  [incr=175 att=15]
============================================================
  ||du|| = 8.4328e-04, eps = 1.00e-07
  ||dfc (FD)|| = 8.3151e-05
  ||K_mat@du|| = 2.4267e-05, ||K_geo@du|| = 1.3518e-07, ||K_st@du||  = 7.5612e-05
  ||K_c@du||   = 8.4501e-05
  寄与率: mat= 0.29, geo= 0.00, st= 0.89
------------------------------------------------------------
  組み合わせ別 FD 相対誤差（K_c = K_mat - K_geo + K_st 合意）:
    full     = 1.2562e+00
    mat_only = 9.4528e-01  (geo/st 除外)
    mat_geo  = 9.4653e-01  (st 除外)
    mat_st   = 1.2552e+00   (geo 除外)
  最良組み合わせ: mat_only (rel_err=9.4528e-01)
------------------------------------------------------------
  [    full] comp 別不整合: [x= 68.8%, y= 69.9%, z= 19.4%, tx=  0.0%, ty=  0.0%, tz=  0.0%]
  [mat_only] comp 別不整合: [x= 95.5%, y=  6.3%, z= 29.1%, tx=  0.0%, ty=  0.0%, tz=  0.0%]
  [ mat_geo] comp 別不整合: [x= 95.5%, y=  6.3%, z= 29.1%, tx=  0.0%, ty=  0.0%, tz=  0.0%]
  [  mat_st] comp 別不整合: [x= 68.8%, y= 69.9%, z= 19.4%, tx=  0.0%, ty=  0.0%, tz=  0.0%]
  ⚠ K_st 足し込みで rel_err が +3.0967e-01 悪化 — K_st が primary driver の可能性
  ⚠ K_geo 足し込みで rel_err が +3.0994e-01 悪化 — K_geo が primary driver の可能性
============================================================
============================================================
接線剛性FD方向診断（status-256）
============================================================
  ||du|| = 4.0987e-04
  ||R_u|| = 8.4210e-05
  ⚠ R_u vs compute_residual(u) 乖離: 7.9485e-05 (リラクゼーション/動的項の差異)
  ||R_base|| = 1.4289e-04
  ||R(u+eps*du)|| = 1.4289e-04
  方向有効性: ||R(u+eps*du)||/||R(u)|| = 1.000008
  ⚠ du方向で残差が増加 — Newton方向が無効
  FD方向微分 = -6.5030e-03
  解析方向微分 = 4.3241e-05
  全体系 K@du: FD vs 解析 相対誤差 = 1.0008e+00
  ⚠ 全体系で接線剛性不整合 — K_c自体が不正確
  全体系不整合DOF上位5件:
    dof=392 (node=65, comp=2): FD=1.0738e-02, analytical=4.1936e-06, diff=1.0734e-02
    dof=92 (node=15, comp=2): FD=-1.0352e-02, analytical=-1.2183e-05, diff=-1.0339e-02
    dof=398 (node=66, comp=2): FD=9.8386e-03, analytical=8.0595e-06, diff=9.8306e-03
    dof=396 (node=66, comp=0): FD=7.9233e-03, analytical=-8.0151e-06, diff=7.9313e-03
    dof=90 (node=15, comp=0): FD=-7.8483e-03, analytical=4.5880e-05, diff=-7.8942e-03
  comp別不整合: [x:2.58e-02(67%), y:5.22e-03(14%), z:2.79e-02(73%), θx:1.65e-04(0%), θy:1.26e-03(3%), θz:5.56e-05(0%)]
  接触DOF不整合: 3.27e-02 (402 DOFs), 構造DOF不整合: 2.01e-02 (1536 DOFs)
  活性DOF K@du: FD vs 解析 相対誤差 = 1.0005e+00 (402 DOFs)
  ⚠ 活性DOFで接線剛性不整合
  方向微分整合度: |FD-解析|/max = 1.0066e+00
------------------------------------------------------------
  f_c 単独FD検証（K_c精度）
  ||∂f_c/∂u·du (FD)|| = 2.2072e-05
  ||K_c @ du|| = 1.7441e-05
  f_c FD相対誤差 = 1.5900e+00
  ⚠ K_c自体が不正確（f_c単独で10%超の不整合）
  f_c comp別不整合: [x=2.6e-05/75%, y=1.5e-05/43%, z=1.8e-05/50%, θx=0.0e+00/0%, θy=0.0e+00/0%, θz=0.0e+00/0%]
  f_c不整合DOF上位5件:
    dof=810 (node=135, comp=0): FD=5.6108e-06, K_c=-6.7719e-06, diff=1.2383e-05
    dof=1932 (node=322, comp=0): FD=-6.2007e-06, K_c=5.7405e-06, diff=-1.1941e-05
    dof=811 (node=135, comp=1): FD=1.0017e-05, K_c=7.6646e-07, diff=9.2504e-06
    dof=1926 (node=321, comp=0): FD=-4.6619e-06, K_c=4.2815e-06, diff=-8.9434e-06
    dof=92 (node=15, comp=2): FD=2.7486e-06, K_c=-4.5371e-06, diff=7.2857e-06
============================================================
[K_c成分FD]
============================================================
K_c 成分分解 FD 診断（status-342）  [incr=175 att=16]
============================================================
  ||du|| = 4.0987e-04, eps = 1.00e-07
  ||dfc (FD)|| = 2.3974e-05
  ||K_mat@du|| = 1.7687e-05, ||K_geo@du|| = 5.7548e-08, ||K_st@du||  = 2.7700e-05
  ||K_c@du||   = 3.6036e-05
  寄与率: mat= 0.49, geo= 0.00, st= 0.77
------------------------------------------------------------
  組み合わせ別 FD 相対誤差（K_c = K_mat - K_geo + K_st 合意）:
    full     = 9.0359e-01
    mat_only = 7.2213e-01  (geo/st 除外)
    mat_geo  = 7.2331e-01  (st 除外)
    mat_st   = 9.0320e-01   (geo 除外)
  最良組み合わせ: mat_only (rel_err=7.2213e-01)
------------------------------------------------------------
  [    full] comp 別不整合: [x= 41.4%, y= 84.3%, z= 34.3%, tx=  0.0%, ty=  0.0%, tz=  0.0%]
  [mat_only] comp 別不整合: [x= 79.9%, y= 12.2%, z= 58.9%, tx=  0.0%, ty=  0.0%, tz=  0.0%]
  [ mat_geo] comp 別不整合: [x= 80.0%, y= 12.2%, z= 58.8%, tx=  0.0%, ty=  0.0%, tz=  0.0%]
  [  mat_st] comp 別不整合: [x= 41.3%, y= 84.4%, z= 34.3%, tx=  0.0%, ty=  0.0%, tz=  0.0%]
  ⚠ K_st 足し込みで rel_err が +1.8028e-01 悪化 — K_st が primary driver の可能性
  ⚠ K_geo 足し込みで rel_err が +1.8107e-01 悪化 — K_geo が primary driver の可能性
============================================================
============================================================
接線剛性FD方向診断（status-256）
============================================================
  ||du|| = 1.2951e-04
  ||R_u|| = 1.8947e-05
  ⚠ R_u vs compute_residual(u) 乖離: 5.6904e-05 (リラクゼーション/動的項の差異)
  ||R_base|| = 5.5753e-05
  ||R(u+eps*du)|| = 5.5728e-05
  方向有効性: ||R(u+eps*du)||/||R(u)|| = 0.999549
  ✓ du方向で残差が減少 — Newton方向は有効
  FD方向微分 = 3.3091e-02
  解析方向微分 = 8.4132e-06
  全体系 K@du: FD vs 解析 相対誤差 = 1.0000e+00
  ⚠ 全体系で接線剛性不整合 — K_c自体が不正確
  全体系不整合DOF上位5件:
    dof=90 (node=15, comp=0): FD=2.0854e-01, analytical=-3.3647e-06, diff=2.0854e-01
    dof=396 (node=66, comp=0): FD=-2.0494e-01, analytical=3.5623e-06, diff=-2.0494e-01
    dof=390 (node=65, comp=0): FD=-1.8955e-01, analytical=2.6093e-06, diff=-1.8956e-01
    dof=84 (node=14, comp=0): FD=1.8793e-01, analytical=-2.8024e-06, diff=1.8794e-01
    dof=398 (node=66, comp=2): FD=9.1737e-02, analytical=4.1670e-06, diff=9.1733e-02
  comp別不整合: [x:3.96e-01(92%), y:1.23e-02(3%), z:1.71e-01(40%), θx:6.87e-05(0%), θy:5.86e-04(0%), θz:2.30e-05(0%)]
  接触DOF不整合: 4.31e-01 (402 DOFs), 構造DOF不整合: 1.68e-02 (1536 DOFs)
  活性DOF K@du: FD vs 解析 相対誤差 = 1.0000e+00 (402 DOFs)
  ⚠ 活性DOFで接線剛性不整合
  方向微分整合度: |FD-解析|/max = 9.9975e-01
------------------------------------------------------------
  f_c 単独FD検証（K_c精度）
  ||∂f_c/∂u·du (FD)|| = 6.9741e-04
  ||K_c @ du|| = 1.3406e-05
  f_c FD相対誤差 = 1.0108e+00
  ⚠ K_c自体が不正確（f_c単独で10%超の不整合）
  f_c comp別不整合: [x=6.5e-04/92%, y=2.4e-05/3%, z=2.8e-04/39%, θx=0.0e+00/0%, θy=0.0e+00/0%, θz=0.0e+00/0%]
  f_c不整合DOF上位5件:
    dof=90 (node=15, comp=0): FD=3.3478e-04, K_c=-3.4789e-06, diff=3.3826e-04
    dof=396 (node=66, comp=0): FD=-3.3453e-04, K_c=3.6015e-06, diff=-3.3813e-04
    dof=390 (node=65, comp=0): FD=-3.0602e-04, K_c=3.2313e-06, diff=-3.0925e-04
    dof=84 (node=14, comp=0): FD=3.0556e-04, K_c=-3.2062e-06, diff=3.0877e-04
    dof=92 (node=15, comp=2): FD=-1.4277e-04, K_c=1.4066e-06, diff=-1.4418e-04
============================================================
[K_c成分FD]
============================================================
K_c 成分分解 FD 診断（status-342）  [incr=175 att=17]
============================================================
  ||du|| = 1.2951e-04, eps = 1.00e-07
  ||dfc (FD)|| = 1.8703e-05
  ||K_mat@du|| = 1.1258e-05, ||K_geo@du|| = 1.7309e-08, ||K_st@du||  = 5.3520e-06
  ||K_c@du||   = 1.2990e-05
  寄与率: mat= 0.87, geo= 0.00, st= 0.41
------------------------------------------------------------
  組み合わせ別 FD 相対誤差（K_c = K_mat - K_geo + K_st 合意）:
    full     = 7.8045e-01
    mat_only = 7.3294e-01  (geo/st 除外)
    mat_geo  = 7.3369e-01  (st 除外)
    mat_st   = 7.7976e-01   (geo 除外)
  最良組み合わせ: mat_only (rel_err=7.3294e-01)
------------------------------------------------------------
  [    full] comp 別不整合: [x= 89.2%, y= 36.3%, z= 26.8%, tx=  0.0%, ty=  0.0%, tz=  0.0%]
  [mat_only] comp 別不整合: [x= 94.8%, y= 12.1%, z= 29.5%, tx=  0.0%, ty=  0.0%, tz=  0.0%]
  [ mat_geo] comp 別不整合: [x= 94.8%, y= 12.1%, z= 29.5%, tx=  0.0%, ty=  0.0%, tz=  0.0%]
  [  mat_st] comp 別不整合: [x= 89.2%, y= 36.3%, z= 26.9%, tx=  0.0%, ty=  0.0%, tz=  0.0%]
============================================================
============================================================
接線剛性FD方向診断（status-256）
============================================================
  ||du|| = 1.2295e-04
  ||R_u|| = 1.8127e-05
  ⚠ R_u vs compute_residual(u) 乖離: 5.7056e-05 (リラクゼーション/動的項の差異)
  ||R_base|| = 5.5706e-05
  ||R(u+eps*du)|| = 5.5706e-05
  方向有効性: ||R(u+eps*du)||/||R(u)|| = 0.999997
  ✓ du方向で残差が減少 — Newton方向は有効
  FD方向微分 = 5.0669e-04
  解析方向微分 = 7.8527e-06
  全体系 K@du: FD vs 解析 相対誤差 = 1.0002e+00
  ⚠ 全体系で接線剛性不整合 — K_c自体が不正確
  全体系不整合DOF上位5件:
    dof=68 (node=11, comp=2): FD=4.3150e-03, analytical=1.5473e-09, diff=4.3150e-03
    dof=92 (node=15, comp=2): FD=-3.7698e-03, analytical=-4.3911e-06, diff=-3.7654e-03
    dof=1724 (node=287, comp=2): FD=-3.6982e-03, analytical=7.5972e-07, diff=-3.6989e-03
    dof=992 (node=165, comp=2): FD=3.5488e-03, analytical=1.4470e-10, diff=3.5488e-03
    dof=998 (node=166, comp=2): FD=-3.4414e-03, analytical=5.4838e-08, diff=-3.4414e-03
  comp別不整合: [x:8.98e-03(43%), y:1.31e-03(6%), z:1.86e-02(90%), θx:5.65e-05(0%), θy:5.84e-04(3%), θz:2.27e-05(0%)]
  接触DOF不整合: 1.05e-02 (402 DOFs), 構造DOF不整合: 1.79e-02 (1536 DOFs)
  活性DOF K@du: FD vs 解析 相対誤差 = 1.0008e+00 (402 DOFs)
  ⚠ 活性DOFで接線剛性不整合
  方向微分整合度: |FD-解析|/max = 9.8450e-01
------------------------------------------------------------
  f_c 単独FD検証（K_c精度）
  ||∂f_c/∂u·du (FD)|| = 2.0779e-05
  ||K_c @ du|| = 1.3216e-05
  f_c FD相対誤差 = 1.5715e+00
  ⚠ K_c自体が不正確（f_c単独で10%超の不整合）
  f_c comp別不整合: [x=2.9e-05/89%, y=1.1e-05/35%, z=1.0e-05/31%, θx=0.0e+00/0%, θy=0.0e+00/0%, θz=0.0e+00/0%]
  f_c不整合DOF上位5件:
    dof=810 (node=135, comp=0): FD=-6.9931e-06, K_c=5.9216e-06, diff=-1.2915e-05
    dof=396 (node=66, comp=0): FD=-6.3451e-06, K_c=3.7884e-06, diff=-1.0134e-05
    dof=1932 (node=322, comp=0): FD=4.7936e-06, K_c=-5.0524e-06, diff=9.8461e-06
    dof=90 (node=15, comp=0): FD=6.1680e-06, K_c=-3.6657e-06, diff=9.8337e-06
    dof=390 (node=65, comp=0): FD=-5.7300e-06, K_c=3.3884e-06, diff=-9.1184e-06
============================================================
[K_c成分FD]
============================================================
K_c 成分分解 FD 診断（status-342）  [incr=175 att=18]
============================================================
  ||du|| = 1.2295e-04, eps = 1.00e-07
  ||dfc (FD)|| = 1.7758e-05
  ||K_mat@du|| = 1.0692e-05, ||K_geo@du|| = 1.6471e-08, ||K_st@du||  = 5.2417e-06
  ||K_c@du||   = 1.2380e-05
  寄与率: mat= 0.86, geo= 0.00, st= 0.42
------------------------------------------------------------
  組み合わせ別 FD 相対誤差（K_c = K_mat - K_geo + K_st 合意）:
    full     = 7.8335e-01
    mat_only = 7.3252e-01  (geo/st 除外)
    mat_geo  = 7.3328e-01  (st 除外)
    mat_st   = 7.8265e-01   (geo 除外)
  最良組み合わせ: mat_only (rel_err=7.3252e-01)
------------------------------------------------------------
  [    full] comp 別不整合: [x= 88.8%, y= 37.5%, z= 26.7%, tx=  0.0%, ty=  0.0%, tz=  0.0%]
  [mat_only] comp 別不整合: [x= 94.8%, y= 12.2%, z= 29.5%, tx=  0.0%, ty=  0.0%, tz=  0.0%]
  [ mat_geo] comp 別不整合: [x= 94.8%, y= 12.2%, z= 29.5%, tx=  0.0%, ty=  0.0%, tz=  0.0%]
  [  mat_st] comp 別不整合: [x= 88.7%, y= 37.6%, z= 26.7%, tx=  0.0%, ty=  0.0%, tz=  0.0%]
  ⚠ K_st 足し込みで rel_err が +5.0069e-02 悪化 — K_st が primary driver の可能性
  ⚠ K_geo 足し込みで rel_err が +5.0126e-02 悪化 — K_geo が primary driver の可能性
============================================================
============================================================
接線剛性FD方向診断（status-256）
============================================================
  ||du|| = 1.1673e-04
  ||R_u|| = 1.7351e-05
  ⚠ R_u vs compute_residual(u) 乖離: 5.7207e-05 (リラクゼーション/動的項の差異)
  ||R_base|| = 5.5674e-05
  ||R(u+eps*du)|| = 5.5674e-05
  方向有効性: ||R(u+eps*du)||/||R(u)|| = 0.999996
  ✓ du方向で残差が減少 — Newton方向は有効
  FD方向微分 = 5.7198e-04
  解析方向微分 = 7.3385e-06
  全体系 K@du: FD vs 解析 相対誤差 = 1.0003e+00
  ⚠ 全体系で接線剛性不整合 — K_c自体が不正確
  全体系不整合DOF上位5件:
    dof=590 (node=98, comp=2): FD=-4.3261e-03, analytical=2.6884e-11, diff=-4.3261e-03
    dof=986 (node=164, comp=2): FD=3.9410e-03, analytical=1.2655e-10, diff=3.9410e-03
    dof=1712 (node=285, comp=2): FD=3.1597e-03, analytical=-2.2613e-10, diff=3.1597e-03
    dof=1718 (node=286, comp=2): FD=-2.9113e-03, analytical=-2.7240e-09, diff=-2.9113e-03
    dof=980 (node=163, comp=2): FD=-2.8440e-03, analytical=-4.4323e-10, diff=-2.8440e-03
  comp別不整合: [x:8.00e-03(44%), y:1.34e-03(7%), z:1.62e-02(89%), θx:5.66e-05(0%), θy:5.49e-04(3%), θz:2.17e-05(0%)]
  接触DOF不整合: 8.26e-03 (402 DOFs), 構造DOF不整合: 1.61e-02 (1536 DOFs)
  活性DOF K@du: FD vs 解析 相対誤差 = 1.0014e+00 (402 DOFs)
  ⚠ 活性DOFで接線剛性不整合
  方向微分整合度: |FD-解析|/max = 9.8717e-01
------------------------------------------------------------
  f_c 単独FD検証（K_c精度）
  ||∂f_c/∂u·du (FD)|| = 2.0719e-05
  ||K_c @ du|| = 1.2965e-05
  f_c FD相対誤差 = 1.5665e+00
  ⚠ K_c自体が不正確（f_c単独で10%超の不整合）
  f_c comp別不整合: [x=2.9e-05/89%, y=1.1e-05/33%, z=1.0e-05/32%, θx=0.0e+00/0%, θy=0.0e+00/0%, θz=0.0e+00/0%]
  f_c不整合DOF上位5件:
    dof=810 (node=135, comp=0): FD=-6.6476e-06, K_c=5.6336e-06, diff=-1.2281e-05
    dof=396 (node=66, comp=0): FD=-6.7253e-06, K_c=3.9134e-06, diff=-1.0639e-05
    dof=90 (node=15, comp=0): FD=6.5512e-06, K_c=-3.7928e-06, diff=1.0344e-05
    dof=390 (node=65, comp=0): FD=-6.0703e-06, K_c=3.4963e-06, diff=-9.5666e-06
    dof=84 (node=14, comp=0): FD=6.0289e-06, K_c=-3.4792e-06, diff=9.5081e-06
============================================================
[K_c成分FD]
============================================================
K_c 成分分解 FD 診断（status-342）  [incr=175 att=19]
============================================================
  ||du|| = 1.1673e-04, eps = 1.00e-07
  ||dfc (FD)|| = 1.7158e-05
  ||K_mat@du|| = 1.0164e-05, ||K_geo@du|| = 1.5667e-08, ||K_st@du||  = 5.0876e-06
  ||K_c@du||   = 1.1796e-05
  寄与率: mat= 0.86, geo= 0.00, st= 0.43
------------------------------------------------------------
  組み合わせ別 FD 相対誤差（K_c = K_mat - K_geo + K_st 合意）:
    full     = 7.9304e-01
    mat_only = 7.4229e-01  (geo/st 除外)
    mat_geo  = 7.4304e-01  (st 除外)
    mat_st   = 7.9235e-01   (geo 除外)
  最良組み合わせ: mat_only (rel_err=7.4229e-01)
------------------------------------------------------------
  [    full] comp 別不整合: [x= 88.5%, y= 37.4%, z= 27.6%, tx=  0.0%, ty=  0.0%, tz=  0.0%]
  [mat_only] comp 別不整合: [x= 94.5%, y= 11.9%, z= 30.5%, tx=  0.0%, ty=  0.0%, tz=  0.0%]
  [ mat_geo] comp 別不整合: [x= 94.5%, y= 11.9%, z= 30.5%, tx=  0.0%, ty=  0.0%, tz=  0.0%]
  [  mat_st] comp 別不整合: [x= 88.5%, y= 37.5%, z= 27.6%, tx=  0.0%, ty=  0.0%, tz=  0.0%]
  ⚠ K_st 足し込みで rel_err が +5.0004e-02 悪化 — K_st が primary driver の可能性
  ⚠ K_geo 足し込みで rel_err が +5.0059e-02 悪化 — K_geo が primary driver の可能性
============================================================
  Incr 175 (frac=0.3752), attempt 20 [D.stall+E], ||R_t||/||f|| = 6.365e-05, ||R_r|| = 6.424e-06, ||R_w||/||f||=6.379e-05, rate=0.958, active=32, R(x=1.2e-05/73%,y=1.6e-06/9%,z=9.3e-06/56%)
============================================================
接線剛性FD方向診断（status-256）
============================================================
  ||du|| = 1.1079e-04
  ||R_u|| = 1.6619e-05
  ⚠ R_u vs compute_residual(u) 乖離: 5.7342e-05 (リラクゼーション/動的項の差異)
  ||R_base|| = 5.5645e-05
  ||R(u+eps*du)|| = 5.5645e-05
  方向有効性: ||R(u+eps*du)||/||R(u)|| = 0.999997
  ✓ du方向で残差が減少 — Newton方向は有効
  FD方向微分 = 6.2168e-04
  解析方向微分 = 6.8398e-06
  全体系 K@du: FD vs 解析 相対誤差 = 1.0003e+00
  ⚠ 全体系で接線剛性不整合 — K_c自体が不正確
  全体系不整合DOF上位5件:
    dof=476 (node=79, comp=2): FD=3.8459e-03, analytical=2.4800e-10, diff=3.8459e-03
    dof=692 (node=115, comp=2): FD=3.6682e-03, analytical=-3.9157e-08, diff=3.6683e-03
    dof=396 (node=66, comp=0): FD=-3.6612e-03, analytical=3.5811e-06, diff=-3.6648e-03
    dof=1724 (node=287, comp=2): FD=-3.5684e-03, analytical=7.1569e-07, diff=-3.5691e-03
    dof=1718 (node=286, comp=2): FD=3.4373e-03, analytical=-2.2678e-09, diff=3.4373e-03
  comp別不整合: [x:8.76e-03(45%), y:1.25e-03(6%), z:1.73e-02(89%), θx:5.60e-05(0%), θy:5.35e-04(3%), θz:2.21e-05(0%)]
  接触DOF不整合: 1.04e-02 (402 DOFs), 構造DOF不整合: 1.64e-02 (1536 DOFs)
  活性DOF K@du: FD vs 解析 相対誤差 = 1.0009e+00 (402 DOFs)
  ⚠ 活性DOFで接線剛性不整合
  方向微分整合度: |FD-解析|/max = 9.8900e-01
------------------------------------------------------------
  f_c 単独FD検証（K_c精度）
  ||∂f_c/∂u·du (FD)|| = 2.0488e-05
  ||K_c @ du|| = 1.2754e-05
  f_c FD相対誤差 = 1.5679e+00
  ⚠ K_c自体が不正確（f_c単独で10%超の不整合）
  f_c comp別不整合: [x=2.9e-05/89%, y=1.0e-05/32%, z=1.1e-05/33%, θx=0.0e+00/0%, θy=0.0e+00/0%, θz=0.0e+00/0%]
  f_c不整合DOF上位5件:
    dof=810 (node=135, comp=0): FD=-6.3170e-06, K_c=5.3537e-06, diff=-1.1671e-05
    dof=396 (node=66, comp=0): FD=-6.9388e-06, K_c=4.0441e-06, diff=-1.0983e-05
    dof=90 (node=15, comp=0): FD=6.7660e-06, K_c=-3.9254e-06, diff=1.0691e-05
    dof=390 (node=65, comp=0): FD=-6.2587e-06, K_c=3.6091e-06, diff=-9.8678e-06
    dof=84 (node=14, comp=0): FD=6.2202e-06, K_c=-3.5950e-06, diff=9.8152e-06
============================================================
[K_c成分FD]
============================================================
K_c 成分分解 FD 診断（status-342）  [incr=175 att=20]
============================================================
  ||du|| = 1.1079e-04, eps = 1.00e-07
  ||dfc (FD)|| = 1.6593e-05
  ||K_mat@du|| = 9.6533e-06, ||K_geo@du|| = 1.4906e-08, ||K_st@du||  = 4.9539e-06
  ||K_c@du||   = 1.1237e-05
  寄与率: mat= 0.86, geo= 0.00, st= 0.44
------------------------------------------------------------
  組み合わせ別 FD 相対誤差（K_c = K_mat - K_geo + K_st 合意）:
    full     = 8.0427e-01
    mat_only = 7.5326e-01  (geo/st 除外)
    mat_geo  = 7.5398e-01  (st 除外)
    mat_st   = 8.0360e-01   (geo 除外)
  最良組み合わせ: mat_only (rel_err=7.5326e-01)
------------------------------------------------------------
  [    full] comp 別不整合: [x= 88.2%, y= 37.4%, z= 28.6%, tx=  0.0%, ty=  0.0%, tz=  0.0%]
  [mat_only] comp 別不整合: [x= 94.2%, y= 11.4%, z= 31.5%, tx=  0.0%, ty=  0.0%, tz=  0.0%]
  [ mat_geo] comp 別不整合: [x= 94.2%, y= 11.4%, z= 31.5%, tx=  0.0%, ty=  0.0%, tz=  0.0%]
  [  mat_st] comp 別不整合: [x= 88.2%, y= 37.4%, z= 28.6%, tx=  0.0%, ty=  0.0%, tz=  0.0%]
  ⚠ K_st 足し込みで rel_err が +5.0288e-02 悪化 — K_st が primary driver の可能性
  ⚠ K_geo 足し込みで rel_err が +5.0342e-02 悪化 — K_geo が primary driver の可能性
============================================================
============================================================
接線剛性FD方向診断（status-256）
============================================================
  ||du|| = 1.0515e-04
  ||R_u|| = 1.5931e-05
  ⚠ R_u vs compute_residual(u) 乖離: 5.7458e-05 (リラクゼーション/動的項の差異)
  ||R_base|| = 5.5616e-05
  ||R(u+eps*du)|| = 5.5616e-05
  方向有効性: ||R(u+eps*du)||/||R(u)|| = 0.999996
  ✓ du方向で残差が減少 — Newton方向は有効
  FD方向微分 = 6.7923e-04
  解析方向微分 = 6.3542e-06
  全体系 K@du: FD vs 解析 相対誤差 = 1.0003e+00
  ⚠ 全体系で接線剛性不整合 — K_c自体が不正確
  全体系不整合DOF上位5件:
    dof=482 (node=80, comp=2): FD=4.0711e-03, analytical=6.5923e-10, diff=4.0711e-03
    dof=794 (node=132, comp=2): FD=3.6409e-03, analytical=8.9761e-09, diff=3.6409e-03
    dof=1724 (node=287, comp=2): FD=-3.4341e-03, analytical=6.9459e-07, diff=-3.4348e-03
    dof=1826 (node=304, comp=2): FD=-3.3585e-03, analytical=-2.9610e-07, diff=-3.3582e-03
    dof=1718 (node=286, comp=2): FD=3.3017e-03, analytical=-2.0916e-09, diff=3.3017e-03
  comp別不整合: [x:8.19e-03(45%), y:1.27e-03(7%), z:1.61e-02(89%), θx:5.93e-05(0%), θy:5.17e-04(3%), θz:2.23e-05(0%)]
  接触DOF不整合: 9.10e-03 (402 DOFs), 構造DOF不整合: 1.57e-02 (1536 DOFs)
  活性DOF K@du: FD vs 解析 相対誤差 = 1.0010e+00 (402 DOFs)
  ⚠ 活性DOFで接線剛性不整合
  方向微分整合度: |FD-解析|/max = 9.9064e-01
------------------------------------------------------------
  f_c 単独FD検証（K_c精度）
  ||∂f_c/∂u·du (FD)|| = 2.0349e-05
  ||K_c @ du|| = 1.2589e-05
  f_c FD相対誤差 = 1.5688e+00
  ⚠ K_c自体が不正確（f_c単独で10%超の不整合）
  f_c comp別不整合: [x=2.8e-05/89%, y=9.7e-06/30%, z=1.1e-05/35%, θx=0.0e+00/0%, θy=0.0e+00/0%, θz=0.0e+00/0%]
  f_c不整合DOF上位5件:
    dof=396 (node=66, comp=0): FD=-7.1642e-06, K_c=4.1810e-06, diff=-1.1345e-05
    dof=810 (node=135, comp=0): FD=-5.9986e-06, K_c=5.0826e-06, diff=-1.1081e-05
    dof=90 (node=15, comp=0): FD=6.9930e-06, K_c=-4.0640e-06, diff=1.1057e-05
    dof=390 (node=65, comp=0): FD=-6.4566e-06, K_c=3.7273e-06, diff=-1.0184e-05
    dof=84 (node=14, comp=0): FD=6.4216e-06, K_c=-3.7163e-06, diff=1.0138e-05
============================================================
[K_c成分FD]
============================================================
K_c 成分分解 FD 診断（status-342）  [incr=175 att=21]
============================================================
  ||du|| = 1.0515e-04, eps = 1.00e-07
  ||dfc (FD)|| = 1.6099e-05
  ||K_mat@du|| = 9.1615e-06, ||K_geo@du|| = 1.4189e-08, ||K_st@du||  = 4.8417e-06
  ||K_c@du||   = 1.0706e-05
  寄与率: mat= 0.86, geo= 0.00, st= 0.45
------------------------------------------------------------
  組み合わせ別 FD 相対誤差（K_c = K_mat - K_geo + K_st 合意）:
    full     = 8.1637e-01
    mat_only = 7.6510e-01  (geo/st 除外)
    mat_geo  = 7.6581e-01  (st 除外)
    mat_st   = 8.1571e-01   (geo 除外)
  最良組み合わせ: mat_only (rel_err=7.6510e-01)
------------------------------------------------------------
  [    full] comp 別不整合: [x= 87.9%, y= 37.4%, z= 29.7%, tx=  0.0%, ty=  0.0%, tz=  0.0%]
  [mat_only] comp 別不整合: [x= 93.9%, y= 11.0%, z= 32.7%, tx=  0.0%, ty=  0.0%, tz=  0.0%]
  [ mat_geo] comp 別不整合: [x= 93.9%, y= 11.0%, z= 32.7%, tx=  0.0%, ty=  0.0%, tz=  0.0%]
  [  mat_st] comp 別不整合: [x= 87.9%, y= 37.4%, z= 29.7%, tx=  0.0%, ty=  0.0%, tz=  0.0%]
  ⚠ K_st 足し込みで rel_err が +5.0557e-02 悪化 — K_st が primary driver の可能性
  ⚠ K_geo 足し込みで rel_err が +5.0609e-02 悪化 — K_geo が primary driver の可能性
============================================================
============================================================
接線剛性FD方向診断（status-256）
============================================================
  ||du|| = 9.9812e-05
  ||R_u|| = 1.5285e-05
  ⚠ R_u vs compute_residual(u) 乖離: 5.7557e-05 (リラクゼーション/動的項の差異)
  ||R_base|| = 5.5584e-05
  ||R(u+eps*du)|| = 5.5583e-05
  方向有効性: ||R(u+eps*du)||/||R(u)|| = 0.999996
  ✓ du方向で残差が減少 — Newton方向は有効
  FD方向微分 = 7.4592e-04
  解析方向微分 = 5.8790e-06
  全体系 K@du: FD vs 解析 相対誤差 = 1.0003e+00
  ⚠ 全体系で接線剛性不整合 — K_c自体が不正確
  全体系不整合DOF上位5件:
    dof=374 (node=62, comp=2): FD=-3.7687e-03, analytical=-2.2440e-08, diff=-3.7687e-03
    dof=992 (node=165, comp=2): FD=3.4334e-03, analytical=1.6155e-10, diff=3.4334e-03
    dof=90 (node=15, comp=0): FD=3.3705e-03, analytical=-3.4278e-06, diff=3.3740e-03
    dof=494 (node=82, comp=2): FD=3.1008e-03, analytical=5.5977e-08, diff=3.1007e-03
    dof=1010 (node=168, comp=2): FD=2.9988e-03, analytical=4.6762e-10, diff=2.9988e-03
  comp別不整合: [x:8.72e-03(46%), y:1.30e-03(7%), z:1.68e-02(88%), θx:6.02e-05(0%), θy:5.08e-04(3%), θz:2.14e-05(0%)]
  接触DOF不整合: 9.53e-03 (402 DOFs), 構造DOF不整合: 1.64e-02 (1536 DOFs)
  活性DOF K@du: FD vs 解析 相対誤差 = 1.0009e+00 (402 DOFs)
  ⚠ 活性DOFで接線剛性不整合
  方向微分整合度: |FD-解析|/max = 9.9212e-01
------------------------------------------------------------
  f_c 単独FD検証（K_c精度）
  ||∂f_c/∂u·du (FD)|| = 2.0293e-05
  ||K_c @ du|| = 1.2474e-05
  f_c FD相対誤差 = 1.5695e+00
  ⚠ K_c自体が不正確（f_c単独で10%超の不整合）
  f_c comp別不整合: [x=2.8e-05/89%, y=9.2e-06/29%, z=1.1e-05/36%, θx=0.0e+00/0%, θy=0.0e+00/0%, θz=0.0e+00/0%]
  f_c不整合DOF上位5件:
    dof=396 (node=66, comp=0): FD=-7.3974e-06, K_c=4.3247e-06, diff=-1.1722e-05
    dof=90 (node=15, comp=0): FD=7.2276e-06, K_c=-4.2091e-06, diff=1.1437e-05
    dof=390 (node=65, comp=0): FD=-6.6625e-06, K_c=3.8514e-06, diff=-1.0514e-05
    dof=810 (node=135, comp=0): FD=-5.6870e-06, K_c=4.8207e-06, diff=-1.0508e-05
    dof=84 (node=14, comp=0): FD=6.6307e-06, K_c=-3.8435e-06, diff=1.0474e-05
============================================================
[K_c成分FD]
============================================================
K_c 成分分解 FD 診断（status-342）  [incr=175 att=22]
============================================================
  ||du|| = 9.9812e-05, eps = 1.00e-07
  ||dfc (FD)|| = 1.5669e-05
  ||K_mat@du|| = 8.6894e-06, ||K_geo@du|| = 1.3516e-08, ||K_st@du||  = 4.7525e-06
  ||K_c@du||   = 1.0205e-05
  寄与率: mat= 0.85, geo= 0.00, st= 0.47
------------------------------------------------------------
  組み合わせ別 FD 相対誤差（K_c = K_mat - K_geo + K_st 合意）:
    full     = 8.2829e-01
    mat_only = 7.7737e-01  (geo/st 除外)
    mat_geo  = 7.7806e-01  (st 除外)
    mat_st   = 8.2765e-01   (geo 除外)
  最良組み合わせ: mat_only (rel_err=7.7737e-01)
------------------------------------------------------------
  [    full] comp 別不整合: [x= 87.5%, y= 37.2%, z= 31.0%, tx=  0.0%, ty=  0.0%, tz=  0.0%]
  [mat_only] comp 別不整合: [x= 93.4%, y= 10.7%, z= 34.1%, tx=  0.0%, ty=  0.0%, tz=  0.0%]
  [ mat_geo] comp 別不整合: [x= 93.4%, y= 10.7%, z= 34.1%, tx=  0.0%, ty=  0.0%, tz=  0.0%]
  [  mat_st] comp 別不整合: [x= 87.5%, y= 37.3%, z= 31.0%, tx=  0.0%, ty=  0.0%, tz=  0.0%]
  ⚠ K_st 足し込みで rel_err が +5.0230e-02 悪化 — K_st が primary driver の可能性
  ⚠ K_geo 足し込みで rel_err が +5.0279e-02 悪化 — K_geo が primary driver の可能性
============================================================
  [Type D対策] FD診断: Newton方向精度不良 (dir_ratio=1.000), NR上限拡張→37
============================================================
接線剛性FD方向診断（status-256）
============================================================
  ||du|| = 9.4792e-05
  ||R_u|| = 1.4679e-05
  ⚠ R_u vs compute_residual(u) 乖離: 5.7637e-05 (リラクゼーション/動的項の差異)
  ||R_base|| = 5.5545e-05
  ||R(u+eps*du)|| = 5.5545e-05
  方向有効性: ||R(u+eps*du)||/||R(u)|| = 0.999996
  ✓ du方向で残差が減少 — Newton方向は有効
  FD方向微分 = 8.2315e-04
  解析方向微分 = 5.4113e-06
  全体系 K@du: FD vs 解析 相対誤差 = 1.0003e+00
  ⚠ 全体系で接線剛性不整合 — K_c自体が不正確
  全体系不整合DOF上位5件:
    dof=1706 (node=284, comp=2): FD=5.8787e-03, analytical=1.1813e-09, diff=5.8787e-03
    dof=1712 (node=285, comp=2): FD=-4.5915e-03, analytical=-5.0070e-10, diff=-4.5915e-03
    dof=1700 (node=283, comp=2): FD=-3.9026e-03, analytical=1.6102e-09, diff=-3.9026e-03
    dof=1910 (node=318, comp=2): FD=3.6032e-03, analytical=-8.3302e-09, diff=3.6032e-03
    dof=986 (node=164, comp=2): FD=-2.7562e-03, analytical=-3.8951e-10, diff=-2.7562e-03
  comp別不整合: [x:8.49e-03(45%), y:1.66e-03(9%), z:1.69e-02(89%), θx:6.84e-05(0%), θy:5.02e-04(3%), θz:2.24e-05(0%)]
  接触DOF不整合: 8.32e-03 (402 DOFs), 構造DOF不整合: 1.71e-02 (1536 DOFs)
  活性DOF K@du: FD vs 解析 相対誤差 = 1.0012e+00 (402 DOFs)
  ⚠ 活性DOFで接線剛性不整合
  方向微分整合度: |FD-解析|/max = 9.9343e-01
------------------------------------------------------------
  f_c 単独FD検証（K_c精度）
  ||∂f_c/∂u·du (FD)|| = 2.0291e-05
  ||K_c @ du|| = 1.2414e-05
  f_c FD相対誤差 = 1.5713e+00
  ⚠ K_c自体が不正確（f_c単独で10%超の不整合）
  f_c comp別不整合: [x=2.8e-05/89%, y=8.7e-06/27%, z=1.2e-05/37%, θx=0.0e+00/0%, θy=0.0e+00/0%, θz=0.0e+00/0%]
  f_c不整合DOF上位5件:
    dof=396 (node=66, comp=0): FD=-7.6352e-06, K_c=4.4759e-06, diff=-1.2111e-05
    dof=90 (node=15, comp=0): FD=7.4666e-06, K_c=-4.3615e-06, diff=1.1828e-05
    dof=390 (node=65, comp=0): FD=-6.8714e-06, K_c=3.9819e-06, diff=-1.0853e-05
    dof=84 (node=14, comp=0): FD=6.8431e-06, K_c=-3.9772e-06, diff=1.0820e-05
    dof=810 (node=135, comp=0): FD=-5.3892e-06, K_c=4.5685e-06, diff=-9.9576e-06
============================================================
[K_c成分FD]
============================================================
K_c 成分分解 FD 診断（status-342）  [incr=175 att=23]
============================================================
  ||du|| = 9.4792e-05, eps = 1.00e-07
  ||dfc (FD)|| = 1.5274e-05
  ||K_mat@du|| = 8.2381e-06, ||K_geo@du|| = 1.2889e-08, ||K_st@du||  = 4.6873e-06
  ||K_c@du||   = 9.7350e-06
  寄与率: mat= 0.85, geo= 0.00, st= 0.48
------------------------------------------------------------
  組み合わせ別 FD 相対誤差（K_c = K_mat - K_geo + K_st 合意）:
    full     = 8.4304e-01
    mat_only = 7.9149e-01  (geo/st 除外)
    mat_geo  = 7.9216e-01  (st 除外)
    mat_st   = 8.4241e-01   (geo 除外)
  最良組み合わせ: mat_only (rel_err=7.9149e-01)
------------------------------------------------------------
  [    full] comp 別不整合: [x= 87.0%, y= 37.3%, z= 32.3%, tx=  0.0%, ty=  0.0%, tz=  0.0%]
  [mat_only] comp 別不整合: [x= 92.9%, y= 10.0%, z= 35.5%, tx=  0.0%, ty=  0.0%, tz=  0.0%]
  [ mat_geo] comp 別不整合: [x= 92.9%, y= 10.0%, z= 35.5%, tx=  0.0%, ty=  0.0%, tz=  0.0%]
  [  mat_st] comp 別不整合: [x= 87.0%, y= 37.3%, z= 32.3%, tx=  0.0%, ty=  0.0%, tz=  0.0%]
  ⚠ K_st 足し込みで rel_err が +5.0873e-02 悪化 — K_st が primary driver の可能性
  ⚠ K_geo 足し込みで rel_err が +5.0921e-02 悪化 — K_geo が primary driver の可能性
============================================================
============================================================
接線剛性FD方向診断（status-256）
============================================================
  ||du|| = 9.0100e-05
  ||R_u|| = 1.4113e-05
  ⚠ R_u vs compute_residual(u) 乖離: 5.7699e-05 (リラクゼーション/動的項の差異)
  ||R_base|| = 5.5498e-05
  ||R(u+eps*du)|| = 5.5498e-05
  方向有効性: ||R(u+eps*du)||/||R(u)|| = 0.999997
  ✓ du方向で残差が減少 — Newton方向は有効
  FD方向微分 = 9.1252e-04
  解析方向微分 = 4.9481e-06
  全体系 K@du: FD vs 解析 相対誤差 = 1.0002e+00
  ⚠ 全体系で接線剛性不整合 — K_c自体が不正確
  全体系不整合DOF上位5件:
    dof=1196 (node=199, comp=2): FD=4.0242e-03, analytical=1.7891e-09, diff=4.0242e-03
    dof=1100 (node=183, comp=2): FD=3.6284e-03, analytical=-3.9746e-09, diff=3.6284e-03
    dof=590 (node=98, comp=2): FD=3.4303e-03, analytical=4.1881e-10, diff=3.4303e-03
    dof=1106 (node=184, comp=2): FD=-3.3892e-03, analytical=-6.1606e-09, diff=-3.3892e-03
    dof=584 (node=97, comp=2): FD=-3.3296e-03, analytical=2.8381e-10, diff=-3.3296e-03
  comp別不整合: [x:8.96e-03(48%), y:1.43e-03(8%), z:1.64e-02(87%), θx:5.83e-05(0%), θy:4.69e-04(3%), θz:2.00e-05(0%)]
  接触DOF不整合: 9.48e-03 (402 DOFs), 構造DOF不整合: 1.62e-02 (1536 DOFs)
  活性DOF K@du: FD vs 解析 相対誤差 = 1.0009e+00 (402 DOFs)
  ⚠ 活性DOFで接線剛性不整合
  方向微分整合度: |FD-解析|/max = 9.9458e-01
------------------------------------------------------------
  f_c 単独FD検証（K_c精度）
  ||∂f_c/∂u·du (FD)|| = 2.0408e-05
  ||K_c @ du|| = 1.2412e-05
  f_c FD相対誤差 = 1.5721e+00
  ⚠ K_c自体が不正確（f_c単独で10%超の不整合）
  f_c comp別不整合: [x=2.8e-05/88%, y=8.3e-06/26%, z=1.3e-05/39%, θx=0.0e+00/0%, θy=0.0e+00/0%, θz=0.0e+00/0%]
  f_c不整合DOF上位5件:
    dof=396 (node=66, comp=0): FD=-7.8910e-06, K_c=4.6353e-06, diff=-1.2526e-05
    dof=90 (node=15, comp=0): FD=7.7233e-06, K_c=-4.5218e-06, diff=1.2245e-05
    dof=390 (node=65, comp=0): FD=-7.0968e-06, K_c=4.1195e-06, diff=-1.1216e-05
    dof=84 (node=14, comp=0): FD=7.0718e-06, K_c=-4.1180e-06, diff=1.1190e-05
    dof=810 (node=135, comp=0): FD=-5.1045e-06, K_c=4.3262e-06, diff=-9.4307e-06
============================================================
[K_c成分FD]
============================================================
K_c 成分分解 FD 診断（status-342）  [incr=175 att=24]
============================================================
  ||du|| = 9.0100e-05, eps = 1.00e-07
  ||dfc (FD)|| = 1.4984e-05
  ||K_mat@du|| = 7.8082e-06, ||K_geo@du|| = 1.2311e-08, ||K_st@du||  = 4.6474e-06
  ||K_c@du||   = 9.2992e-06
  寄与率: mat= 0.84, geo= 0.00, st= 0.50
------------------------------------------------------------
  組み合わせ別 FD 相対誤差（K_c = K_mat - K_geo + K_st 合意）:
    full     = 8.5718e-01
    mat_only = 8.0556e-01  (geo/st 除外)
    mat_geo  = 8.0621e-01  (st 除外)
    mat_st   = 8.5657e-01   (geo 除外)
  最良組み合わせ: mat_only (rel_err=8.0556e-01)
------------------------------------------------------------
  [    full] comp 別不整合: [x= 86.4%, y= 37.2%, z= 33.8%, tx=  0.0%, ty=  0.0%, tz=  0.0%]
  [mat_only] comp 別不整合: [x= 92.4%, y=  9.8%, z= 37.1%, tx=  0.0%, ty=  0.0%, tz=  0.0%]
  [ mat_geo] comp 別不整合: [x= 92.4%, y=  9.8%, z= 37.1%, tx=  0.0%, ty=  0.0%, tz=  0.0%]
  [  mat_st] comp 別不整合: [x= 86.4%, y= 37.3%, z= 33.8%, tx=  0.0%, ty=  0.0%, tz=  0.0%]
  ⚠ K_st 足し込みで rel_err が +5.0968e-02 悪化 — K_st が primary driver の可能性
  ⚠ K_geo 足し込みで rel_err が +5.1013e-02 悪化 — K_geo が primary driver の可能性
============================================================
  Incr 175 (frac=0.3752), attempt 25 [D.stall+E], ||R_t||/||f|| = 5.224e-05, ||R_r|| = 5.129e-06, ||R_w||/||f||=5.235e-05, rate=0.964, active=32, R(x=1.0e-05/74%,y=1.2e-06/9%,z=7.4e-06/54%)
============================================================
接線剛性FD方向診断（status-256）
============================================================
  ||du|| = 8.5747e-05
  ||R_u|| = 1.3586e-05
  ⚠ R_u vs compute_residual(u) 乖離: 5.7743e-05 (リラクゼーション/動的項の差異)
  ||R_base|| = 5.5441e-05
  ||R(u+eps*du)|| = 5.5441e-05
  方向有効性: ||R(u+eps*du)||/||R(u)|| = 0.999995
  ✓ du方向で残差が減少 — Newton方向は有効
  FD方向微分 = 1.0157e-03
  解析方向微分 = 4.4860e-06
  全体系 K@du: FD vs 解析 相対誤差 = 1.0002e+00
  ⚠ 全体系で接線剛性不整合 — K_c自体が不正確
  全体系不整合DOF上位5件:
    dof=86 (node=14, comp=2): FD=-4.6515e-03, analytical=-2.4760e-06, diff=-4.6491e-03
    dof=398 (node=66, comp=2): FD=4.5553e-03, analytical=2.8236e-06, diff=4.5524e-03
    dof=1406 (node=234, comp=2): FD=4.2081e-03, analytical=5.3121e-11, diff=4.2081e-03
    dof=90 (node=15, comp=0): FD=3.6364e-03, analytical=-3.5132e-06, diff=3.6399e-03
    dof=390 (node=65, comp=0): FD=-3.4715e-03, analytical=2.8530e-06, diff=-3.4743e-03
  comp別不整合: [x:7.98e-03(44%), y:1.16e-03(6%), z:1.61e-02(89%), θx:6.18e-05(0%), θy:4.55e-04(3%), θz:1.93e-05(0%)]
  接触DOF不整合: 1.11e-02 (402 DOFs), 構造DOF不整合: 1.42e-02 (1536 DOFs)
  活性DOF K@du: FD vs 解析 相対誤差 = 1.0004e+00 (402 DOFs)
  ⚠ 活性DOFで接線剛性不整合
  方向微分整合度: |FD-解析|/max = 9.9558e-01
------------------------------------------------------------
  f_c 単独FD検証（K_c精度）
  ||∂f_c/∂u·du (FD)|| = 2.0600e-05
  ||K_c @ du|| = 1.2471e-05
  f_c FD相対誤差 = 1.5736e+00
  ⚠ K_c自体が不正確（f_c単独で10%超の不整合）
  f_c comp別不整合: [x=2.9e-05/88%, y=7.9e-06/24%, z=1.3e-05/40%, θx=0.0e+00/0%, θy=0.0e+00/0%, θz=0.0e+00/0%]
  f_c不整合DOF上位5件:
    dof=396 (node=66, comp=0): FD=-8.1558e-06, K_c=4.8040e-06, diff=-1.2960e-05
    dof=90 (node=15, comp=0): FD=7.9879e-06, K_c=-4.6911e-06, diff=1.2679e-05
    dof=390 (node=65, comp=0): FD=-7.3295e-06, K_c=4.2650e-06, diff=-1.1595e-05
    dof=84 (node=14, comp=0): FD=7.3079e-06, K_c=-4.2668e-06, diff=1.1575e-05
    dof=810 (node=135, comp=0): FD=-4.8320e-06, K_c=4.0939e-06, diff=-8.9259e-06
============================================================
[K_c成分FD]
============================================================
K_c 成分分解 FD 診断（status-342）  [incr=175 att=25]
============================================================
  ||du|| = 8.5747e-05, eps = 1.00e-07
  ||dfc (FD)|| = 1.4755e-05
  ||K_mat@du|| = 7.4002e-06, ||K_geo@du|| = 1.1782e-08, ||K_st@du||  = 4.6342e-06
  ||K_c@du||   = 8.8991e-06
  寄与率: mat= 0.83, geo= 0.00, st= 0.52
------------------------------------------------------------
  組み合わせ別 FD 相対誤差（K_c = K_mat - K_geo + K_st 合意）:
    full     = 8.7296e-01
    mat_only = 8.2072e-01  (geo/st 除外)
    mat_geo  = 8.2136e-01  (st 除外)
    mat_st   = 8.7237e-01   (geo 除外)
  最良組み合わせ: mat_only (rel_err=8.2072e-01)
------------------------------------------------------------
  [    full] comp 別不整合: [x= 85.8%, y= 37.3%, z= 35.3%, tx=  0.0%, ty=  0.0%, tz=  0.0%]
  [mat_only] comp 別不整合: [x= 91.8%, y=  9.2%, z= 38.7%, tx=  0.0%, ty=  0.0%, tz=  0.0%]
  [ mat_geo] comp 別不整合: [x= 91.8%, y=  9.2%, z= 38.7%, tx=  0.0%, ty=  0.0%, tz=  0.0%]
  [  mat_st] comp 別不整合: [x= 85.8%, y= 37.3%, z= 35.3%, tx=  0.0%, ty=  0.0%, tz=  0.0%]
  ⚠ K_st 足し込みで rel_err が +5.1603e-02 悪化 — K_st が primary driver の可能性
  ⚠ K_geo 足し込みで rel_err が +5.1647e-02 悪化 — K_geo が primary driver の可能性
============================================================
============================================================
接線剛性FD方向診断（status-256）
============================================================
  ||du|| = 8.1744e-05
  ||R_u|| = 1.3096e-05
  ⚠ R_u vs compute_residual(u) 乖離: 5.7768e-05 (リラクゼーション/動的項の差異)
  ||R_base|| = 5.5372e-05
  ||R(u+eps*du)|| = 5.5372e-05
  方向有効性: ||R(u+eps*du)||/||R(u)|| = 0.999996
  ✓ du方向で残差が減少 — Newton方向は有効
  FD方向微分 = 1.1345e-03
  解析方向微分 = 4.0217e-06
  全体系 K@du: FD vs 解析 相対誤差 = 1.0001e+00
  ⚠ 全体系で接線剛性不整合 — K_c自体が不正確
  全体系不整合DOF上位5件:
    dof=398 (node=66, comp=2): FD=4.8762e-03, analytical=2.6617e-06, diff=4.8735e-03
    dof=590 (node=98, comp=2): FD=-3.9306e-03, analytical=4.6210e-12, diff=-3.9306e-03
    dof=390 (node=65, comp=0): FD=-3.6587e-03, analytical=2.8972e-06, diff=-3.6615e-03
    dof=92 (node=15, comp=2): FD=-3.6328e-03, analytical=-2.9534e-06, diff=-3.6298e-03
    dof=998 (node=166, comp=2): FD=3.5406e-03, analytical=3.2698e-08, diff=3.5406e-03
  comp別不整合: [x:9.12e-03(44%), y:1.39e-03(7%), z:1.85e-02(89%), θx:5.79e-05(0%), θy:4.43e-04(2%), θz:1.91e-05(0%)]
  接触DOF不整合: 1.18e-02 (402 DOFs), 構造DOF不整合: 1.70e-02 (1536 DOFs)
  活性DOF K@du: FD vs 解析 相対誤差 = 1.0004e+00 (402 DOFs)
  ⚠ 活性DOFで接線剛性不整合
  方向微分整合度: |FD-解析|/max = 9.9646e-01
------------------------------------------------------------
  f_c 単独FD検証（K_c精度）
  ||∂f_c/∂u·du (FD)|| = 2.0865e-05
  ||K_c @ du|| = 1.2594e-05
  f_c FD相対誤差 = 1.5758e+00
  ⚠ K_c自体が不正確（f_c単独で10%超の不整合）
  f_c comp別不整合: [x=2.9e-05/88%, y=7.5e-06/23%, z=1.4e-05/42%, θx=0.0e+00/0%, θy=0.0e+00/0%, θz=0.0e+00/0%]
  f_c不整合DOF上位5件:
    dof=396 (node=66, comp=0): FD=-8.4261e-06, K_c=4.9830e-06, diff=-1.3409e-05
    dof=90 (node=15, comp=0): FD=8.2593e-06, K_c=-4.8704e-06, diff=1.3130e-05
    dof=390 (node=65, comp=0): FD=-7.5678e-06, K_c=4.4194e-06, diff=-1.1987e-05
    dof=84 (node=14, comp=0): FD=7.5497e-06, K_c=-4.4246e-06, diff=1.1974e-05
    dof=810 (node=135, comp=0): FD=-4.5743e-06, K_c=3.8717e-06, diff=-8.4460e-06
============================================================
[K_c成分FD]
============================================================
K_c 成分分解 FD 診断（status-342）  [incr=175 att=26]
============================================================
  ||du|| = 8.1744e-05, eps = 1.00e-07
  ||dfc (FD)|| = 1.4587e-05
  ||K_mat@du|| = 7.0146e-06, ||K_geo@du|| = 1.1306e-08, ||K_st@du||  = 4.6487e-06
  ||K_c@du||   = 8.5369e-06
  寄与率: mat= 0.82, geo= 0.00, st= 0.54
------------------------------------------------------------
  組み合わせ別 FD 相対誤差（K_c = K_mat - K_geo + K_st 合意）:
    full     = 8.8907e-01
    mat_only = 8.3620e-01  (geo/st 除外)
    mat_geo  = 8.3682e-01  (st 除外)
    mat_st   = 8.8850e-01   (geo 除外)
  最良組み合わせ: mat_only (rel_err=8.3620e-01)
------------------------------------------------------------
  [    full] comp 別不整合: [x= 85.1%, y= 37.4%, z= 36.8%, tx=  0.0%, ty=  0.0%, tz=  0.0%]
  [mat_only] comp 別不整合: [x= 91.1%, y=  8.7%, z= 40.3%, tx=  0.0%, ty=  0.0%, tz=  0.0%]
  [ mat_geo] comp 別不整合: [x= 91.1%, y=  8.7%, z= 40.3%, tx=  0.0%, ty=  0.0%, tz=  0.0%]
  [  mat_st] comp 別不整合: [x= 85.1%, y= 37.4%, z= 36.8%, tx=  0.0%, ty=  0.0%, tz=  0.0%]
  ⚠ K_st 足し込みで rel_err が +5.2253e-02 悪化 — K_st が primary driver の可能性
  ⚠ K_geo 足し込みで rel_err が +5.2296e-02 悪化 — K_geo が primary driver の可能性
============================================================
============================================================
接線剛性FD方向診断（status-256）
============================================================
  ||du|| = 7.8102e-05
  ||R_u|| = 1.2644e-05
  ⚠ R_u vs compute_residual(u) 乖離: 5.7775e-05 (リラクゼーション/動的項の差異)
  ||R_base|| = 5.5288e-05
  ||R(u+eps*du)|| = 5.5288e-05
  方向有効性: ||R(u+eps*du)||/||R(u)|| = 0.999994
  ✓ du方向で残差が減少 — Newton方向は有効
  FD方向微分 = 1.2710e-03
  解析方向微分 = 3.5517e-06
  全体系 K@du: FD vs 解析 相対誤差 = 1.0002e+00
  ⚠ 全体系で接線剛性不整合 — K_c自体が不正確
  全体系不整合DOF上位5件:
    dof=392 (node=65, comp=2): FD=5.6834e-03, analytical=1.9010e-06, diff=5.6815e-03
    dof=386 (node=64, comp=2): FD=-4.9293e-03, analytical=-3.7518e-09, diff=-4.9293e-03
    dof=380 (node=63, comp=2): FD=3.7527e-03, analytical=-1.2110e-10, diff=3.7527e-03
    dof=396 (node=66, comp=0): FD=-3.5671e-03, analytical=3.7669e-06, diff=-3.5708e-03
    dof=86 (node=14, comp=2): FD=-2.9965e-03, analytical=-2.1830e-06, diff=-2.9943e-03
  comp別不整合: [x:8.18e-03(45%), y:1.21e-03(7%), z:1.62e-02(89%), θx:5.61e-05(0%), θy:4.03e-04(2%), θz:1.89e-05(0%)]
  接触DOF不整合: 1.20e-02 (402 DOFs), 構造DOF不整合: 1.37e-02 (1536 DOFs)
  活性DOF K@du: FD vs 解析 相対誤差 = 1.0003e+00 (402 DOFs)
  ⚠ 活性DOFで接線剛性不整合
  方向微分整合度: |FD-解析|/max = 9.9721e-01
------------------------------------------------------------
  f_c 単独FD検証（K_c精度）
  ||∂f_c/∂u·du (FD)|| = 2.1230e-05
  ||K_c @ du|| = 1.2785e-05
  f_c FD相対誤差 = 1.5781e+00
  ⚠ K_c自体が不正確（f_c単独で10%超の不整合）
  f_c comp別不整合: [x=2.9e-05/87%, y=7.2e-06/21%, z=1.5e-05/44%, θx=0.0e+00/0%, θy=0.0e+00/0%, θz=0.0e+00/0%]
  f_c不整合DOF上位5件:
    dof=396 (node=66, comp=0): FD=-8.7149e-06, K_c=5.1736e-06, diff=-1.3889e-05
    dof=90 (node=15, comp=0): FD=8.5466e-06, K_c=-5.0611e-06, diff=1.3608e-05
    dof=390 (node=65, comp=0): FD=-7.8207e-06, K_c=4.5837e-06, diff=-1.2404e-05
    dof=84 (node=14, comp=0): FD=7.8062e-06, K_c=-4.5925e-06, diff=1.2399e-05
    dof=810 (node=135, comp=0): FD=-4.3207e-06, K_c=3.6595e-06, diff=-7.9802e-06
============================================================
[K_c成分FD]
============================================================
K_c 成分分解 FD 診断（status-342）  [incr=175 att=27]
============================================================
  ||du|| = 7.8102e-05, eps = 1.00e-07
  ||dfc (FD)|| = 1.4512e-05
  ||K_mat@du|| = 6.6516e-06, ||K_geo@du|| = 1.0885e-08, ||K_st@du||  = 4.6923e-06
  ||K_c@du||   = 8.2149e-06
  寄与率: mat= 0.81, geo= 0.00, st= 0.57
------------------------------------------------------------
  組み合わせ別 FD 相対誤差（K_c = K_mat - K_geo + K_st 合意）:
    full     = 9.0461e-01
    mat_only = 8.5159e-01  (geo/st 除外)
    mat_geo  = 8.5218e-01  (st 除外)
    mat_st   = 9.0405e-01   (geo 除外)
  最良組み合わせ: mat_only (rel_err=8.5159e-01)
------------------------------------------------------------
  [    full] comp 別不整合: [x= 84.4%, y= 37.3%, z= 38.4%, tx=  0.0%, ty=  0.0%, tz=  0.0%]
  [mat_only] comp 別不整合: [x= 90.4%, y=  8.1%, z= 42.0%, tx=  0.0%, ty=  0.0%, tz=  0.0%]
  [ mat_geo] comp 別不整合: [x= 90.4%, y=  8.2%, z= 42.0%, tx=  0.0%, ty=  0.0%, tz=  0.0%]
  [  mat_st] comp 別不整合: [x= 84.4%, y= 37.3%, z= 38.4%, tx=  0.0%, ty=  0.0%, tz=  0.0%]
  ⚠ K_st 足し込みで rel_err が +5.2424e-02 悪化 — K_st が primary driver の可能性
  ⚠ K_geo 足し込みで rel_err が +5.2465e-02 悪化 — K_geo が primary driver の可能性
============================================================
============================================================
接線剛性FD方向診断（status-256）
============================================================
  ||du|| = 7.4836e-05
  ||R_u|| = 1.2229e-05
  ⚠ R_u vs compute_residual(u) 乖離: 5.7763e-05 (リラクゼーション/動的項の差異)
  ||R_base|| = 5.5189e-05
  ||R(u+eps*du)|| = 5.5189e-05
  方向有効性: ||R(u+eps*du)||/||R(u)|| = 0.999994
  ✓ du方向で残差が減少 — Newton方向は有効
  FD方向微分 = 1.4270e-03
  解析方向微分 = 3.0726e-06
  全体系 K@du: FD vs 解析 相対誤差 = 1.0002e+00
  ⚠ 全体系で接線剛性不整合 — K_c自体が不正確
  全体系不整合DOF上位5件:
    dof=398 (node=66, comp=2): FD=4.3899e-03, analytical=2.3382e-06, diff=4.3875e-03
    dof=390 (node=65, comp=0): FD=-3.7180e-03, analytical=2.9960e-06, diff=-3.7210e-03
    dof=476 (node=79, comp=2): FD=-3.2913e-03, analytical=3.5805e-11, diff=-3.2913e-03
    dof=386 (node=64, comp=2): FD=2.9337e-03, analytical=-3.2240e-09, diff=2.9337e-03
    dof=90 (node=15, comp=0): FD=2.8667e-03, analytical=-3.6373e-06, diff=2.8704e-03
  comp別不整合: [x:8.44e-03(45%), y:1.04e-03(6%), z:1.65e-02(89%), θx:5.17e-05(0%), θy:4.06e-04(2%), θz:1.80e-05(0%)]
  接触DOF不整合: 1.10e-02 (402 DOFs), 構造DOF不整合: 1.50e-02 (1536 DOFs)
  活性DOF K@du: FD vs 解析 相対誤差 = 1.0004e+00 (402 DOFs)
  ⚠ 活性DOFで接線剛性不整合
  方向微分整合度: |FD-解析|/max = 9.9785e-01
------------------------------------------------------------
  f_c 単独FD検証（K_c精度）
  ||∂f_c/∂u·du (FD)|| = 2.1686e-05
  ||K_c @ du|| = 1.3045e-05
  f_c FD相対誤差 = 1.5810e+00
  ⚠ K_c自体が不正確（f_c単独で10%超の不整合）
  f_c comp別不整合: [x=3.0e-05/87%, y=6.8e-06/20%, z=1.5e-05/45%, θx=0.0e+00/0%, θy=0.0e+00/0%, θz=0.0e+00/0%]
  f_c不整合DOF上位5件:
    dof=396 (node=66, comp=0): FD=-9.0277e-06, K_c=5.3776e-06, diff=-1.4405e-05
    dof=90 (node=15, comp=0): FD=8.8571e-06, K_c=-5.2647e-06, diff=1.4122e-05
    dof=84 (node=14, comp=0): FD=8.0835e-06, K_c=-4.7718e-06, diff=1.2855e-05
    dof=390 (node=65, comp=0): FD=-8.0944e-06, K_c=4.7592e-06, diff=-1.2854e-05
    dof=92 (node=15, comp=2): FD=-4.9349e-06, K_c=2.8933e-06, diff=-7.8282e-06
============================================================
[K_c成分FD]
============================================================
K_c 成分分解 FD 診断（status-342）  [incr=175 att=28]
============================================================
  ||du|| = 7.4836e-05, eps = 1.00e-07
  ||dfc (FD)|| = 1.4508e-05
  ||K_mat@du|| = 6.3115e-06, ||K_geo@du|| = 1.0522e-08, ||K_st@du||  = 4.7667e-06
  ||K_c@du||   = 7.9357e-06
  寄与率: mat= 0.80, geo= 0.00, st= 0.60
------------------------------------------------------------
  組み合わせ別 FD 相対誤差（K_c = K_mat - K_geo + K_st 合意）:
    full     = 9.2190e-01
    mat_only = 8.6829e-01  (geo/st 除外)
    mat_geo  = 8.6887e-01  (st 除外)
    mat_st   = 9.2137e-01   (geo 除外)
  最良組み合わせ: mat_only (rel_err=8.6829e-01)
------------------------------------------------------------
  [    full] comp 別不整合: [x= 83.7%, y= 37.3%, z= 40.0%, tx=  0.0%, ty=  0.0%, tz=  0.0%]
  [mat_only] comp 別不整合: [x= 89.6%, y=  7.5%, z= 43.7%, tx=  0.0%, ty=  0.0%, tz=  0.0%]
  [ mat_geo] comp 別不整合: [x= 89.6%, y=  7.5%, z= 43.7%, tx=  0.0%, ty=  0.0%, tz=  0.0%]
  [  mat_st] comp 別不整合: [x= 83.7%, y= 37.4%, z= 40.0%, tx=  0.0%, ty=  0.0%, tz=  0.0%]
  ⚠ K_st 足し込みで rel_err が +5.3035e-02 悪化 — K_st が primary driver の可能性
  ⚠ K_geo 足し込みで rel_err が +5.3074e-02 悪化 — K_geo が primary driver の可能性
============================================================
  Incr 175 (frac=0.3752), attempt 28, 凍結解除(disp)→再凍結 ||R_t||/||f||=2.280e-04 (cycle=2)
============================================================
接線剛性FD方向診断（status-256）
============================================================
  ||du|| = 3.3483e-04
  ||R_u|| = 5.5080e-05
  ⚠ R_u vs compute_residual(u) 乖離: 1.4809e-08 (リラクゼーション/動的項の差異)
  ||R_base|| = 5.5073e-05
  ||R(u+eps*du)|| = 5.5073e-05
  方向有効性: ||R(u+eps*du)||/||R(u)|| = 1.000000
  ✓ du方向で残差が減少 — Newton方向は有効
  FD方向微分 = 1.2348e-05
  解析方向微分 = 9.3449e-06
  全体系 K@du: FD vs 解析 相対誤差 = 1.0006e+00
  ⚠ 全体系で接線剛性不整合 — K_c自体が不正確
  全体系不整合DOF上位5件:
    dof=272 (node=45, comp=2): FD=-4.2142e-03, analytical=-8.3372e-07, diff=-4.2134e-03
    dof=74 (node=12, comp=2): FD=4.1126e-03, analytical=-1.5139e-08, diff=4.1126e-03
    dof=1712 (node=285, comp=2): FD=-4.0819e-03, analytical=-4.3952e-10, diff=-4.0819e-03
    dof=1202 (node=200, comp=2): FD=-3.9026e-03, analytical=7.6462e-10, diff=-3.9026e-03
    dof=1196 (node=199, comp=2): FD=3.8778e-03, analytical=1.5785e-09, diff=3.8778e-03
  comp別不整合: [x:9.76e-03(40%), y:1.80e-03(7%), z:2.25e-02(91%), θx:1.80e-04(1%), θy:9.04e-04(4%), θz:1.01e-04(0%)]
  接触DOF不整合: 1.17e-02 (402 DOFs), 構造DOF不整合: 2.16e-02 (1536 DOFs)
  活性DOF K@du: FD vs 解析 相対誤差 = 1.0016e+00 (402 DOFs)
  ⚠ 活性DOFで接線剛性不整合
  方向微分整合度: |FD-解析|/max = 2.4318e-01
------------------------------------------------------------
  f_c 単独FD検証（K_c精度）
  ||∂f_c/∂u·du (FD)|| = 1.3835e-04
  ||K_c @ du|| = 6.8701e-05
  f_c FD相対誤差 = 1.3200e+00
  ⚠ K_c自体が不正確（f_c単独で10%超の不整合）
  f_c comp別不整合: [x=1.2e-04/66%, y=1.2e-04/66%, z=6.7e-05/36%, θx=0.0e+00/0%, θy=0.0e+00/0%, θz=0.0e+00/0%]
  f_c不整合DOF上位5件:
    dof=811 (node=135, comp=1): FD=-8.6413e-05, K_c=1.2823e-06, diff=-8.7695e-05
    dof=90 (node=15, comp=0): FD=-2.9335e-05, K_c=3.0153e-05, diff=-5.9488e-05
    dof=396 (node=66, comp=0): FD=2.8969e-05, K_c=-3.0114e-05, diff=5.9083e-05
    dof=84 (node=14, comp=0): FD=-2.6341e-05, K_c=2.7061e-05, diff=-5.3402e-05
    dof=390 (node=65, comp=0): FD=2.6089e-05, K_c=-2.6817e-05, diff=5.2907e-05
============================================================
[K_c成分FD]
============================================================
K_c 成分分解 FD 診断（status-342）  [incr=175 att=29]
============================================================
  ||du|| = 3.3483e-04, eps = 1.00e-07
  ||dfc (FD)|| = 1.3850e-04
  ||K_mat@du|| = 1.1786e-04, ||K_geo@du|| = 4.1518e-08, ||K_st@du||  = 2.3089e-05
  ||K_c@du||   = 1.2232e-04
  寄与率: mat= 0.96, geo= 0.00, st= 0.19
------------------------------------------------------------
  組み合わせ別 FD 相対誤差（K_c = K_mat - K_geo + K_st 合意）:
    full     = 5.1213e-01
    mat_only = 4.8825e-01  (geo/st 除外)
    mat_geo  = 4.8850e-01  (st 除外)
    mat_st   = 5.1189e-01   (geo 除外)
  最良組み合わせ: mat_only (rel_err=4.8825e-01)
------------------------------------------------------------
  [    full] comp 別不整合: [x= 81.8%, y= 35.5%, z= 45.3%, tx=  0.0%, ty=  0.0%, tz=  0.0%]
  [mat_only] comp 別不整合: [x= 87.0%, y=  8.0%, z= 48.7%, tx=  0.0%, ty=  0.0%, tz=  0.0%]
  [ mat_geo] comp 別不整合: [x= 87.0%, y=  8.0%, z= 48.7%, tx=  0.0%, ty=  0.0%, tz=  0.0%]
  [  mat_st] comp 別不整合: [x= 81.8%, y= 35.5%, z= 45.3%, tx=  0.0%, ty=  0.0%, tz=  0.0%]
============================================================
  Incr 175 (frac=0.3752), attempt 30 [D.div+E], ||R_t||/||f|| = 2.854e-04, ||R_r|| = 8.329e-06, ||R_w||/||f||=2.855e-04, rate=1.252, active=32, R(x=6.1e-05/87%,y=3.5e-06/5%,z=3.2e-05/47%)
============================================================
接線剛性FD方向診断（status-256）
============================================================
  ||du|| = 4.2433e-04
  ||R_u|| = 6.9244e-05
  ⚠ R_u vs compute_residual(u) 乖離: 1.2347e-04 (リラクゼーション/動的項の差異)
  ||R_base|| = 1.5743e-04
  ||R(u+eps*du)|| = 1.5743e-04
  方向有効性: ||R(u+eps*du)||/||R(u)|| = 1.000015
  ⚠ du方向で残差が増加 — Newton方向が無効
  FD方向微分 = -1.7886e-02
  解析方向微分 = 4.0494e-05
  全体系 K@du: FD vs 解析 相対誤差 = 1.0004e+00
  ⚠ 全体系で接線剛性不整合 — K_c自体が不正確
  全体系不整合DOF上位5件:
    dof=92 (node=15, comp=2): FD=-2.9177e-02, analytical=-1.6326e-05, diff=-2.9161e-02
    dof=398 (node=66, comp=2): FD=2.7585e-02, analytical=1.6758e-05, diff=2.7568e-02
    dof=90 (node=15, comp=0): FD=-2.6308e-02, analytical=3.0147e-05, diff=-2.6339e-02
    dof=392 (node=65, comp=2): FD=2.5517e-02, analytical=1.5679e-05, diff=2.5501e-02
    dof=396 (node=66, comp=0): FD=2.5362e-02, analytical=-3.0128e-05, diff=2.5392e-02
  comp別不整合: [x:5.08e-02(68%), y:4.44e-03(6%), z:5.45e-02(73%), θx:7.29e-05(0%), θy:1.21e-03(2%), θz:5.20e-05(0%)]
  接触DOF不整合: 7.32e-02 (390 DOFs), 構造DOF不整合: 1.47e-02 (1548 DOFs)
  活性DOF K@du: FD vs 解析 相対誤差 = 1.0003e+00 (390 DOFs)
  ⚠ 活性DOFで接線剛性不整合
  方向微分整合度: |FD-解析|/max = 1.0023e+00
------------------------------------------------------------
  f_c 単独FD検証（K_c精度）
  ||∂f_c/∂u·du (FD)|| = 3.0570e-05
  ||K_c @ du|| = 3.0197e-05
  f_c FD相対誤差 = 1.6800e+00
  ⚠ K_c自体が不正確（f_c単独で10%超の不整合）
  f_c comp別不整合: [x=3.7e-05/73%, y=2.1e-05/41%, z=2.8e-05/54%, θx=0.0e+00/0%, θy=0.0e+00/0%, θz=0.0e+00/0%]
  f_c不整合DOF上位5件:
    dof=396 (node=66, comp=0): FD=-4.4986e-06, K_c=1.1088e-05, diff=-1.5587e-05
    dof=92 (node=15, comp=2): FD=3.6234e-06, K_c=-1.0722e-05, diff=1.4345e-05
    dof=398 (node=66, comp=2): FD=-3.0692e-06, K_c=1.0639e-05, diff=-1.3708e-05
    dof=90 (node=15, comp=0): FD=3.0299e-06, K_c=-1.0040e-05, diff=1.3070e-05
    dof=810 (node=135, comp=0): FD=-6.5127e-06, K_c=6.3241e-06, diff=-1.2837e-05
============================================================
[K_c成分FD]
============================================================
K_c 成分分解 FD 診断（status-342）  [incr=175 att=30]
============================================================
  ||du|| = 4.2433e-04, eps = 1.00e-07
  ||dfc (FD)|| = 3.9602e-05
  ||K_mat@du|| = 2.5602e-05, ||K_geo@du|| = 7.0876e-08, ||K_st@du||  = 4.9211e-05
  ||K_c@du||   = 5.3273e-05
  寄与率: mat= 0.48, geo= 0.00, st= 0.92
------------------------------------------------------------
  組み合わせ別 FD 相対誤差（K_c = K_mat - K_geo + K_st 合意）:
    full     = 1.0762e+00
    mat_only = 7.3683e-01  (geo/st 除外)
    mat_geo  = 7.3767e-01  (st 除外)
    mat_st   = 1.0758e+00   (geo 除外)
  最良組み合わせ: mat_only (rel_err=7.3683e-01)
------------------------------------------------------------
  [    full] comp 別不整合: [x= 34.8%, y= 85.4%, z= 38.7%, tx=  0.0%, ty=  0.0%, tz=  0.0%]
  [mat_only] comp 別不整合: [x= 73.1%, y=  8.6%, z= 67.7%, tx=  0.0%, ty=  0.0%, tz=  0.0%]
  [ mat_geo] comp 別不整合: [x= 73.2%, y=  8.6%, z= 67.5%, tx=  0.0%, ty=  0.0%, tz=  0.0%]
  [  mat_st] comp 別不整合: [x= 34.7%, y= 85.4%, z= 38.7%, tx=  0.0%, ty=  0.0%, tz=  0.0%]
  ⚠ K_st 足し込みで rel_err が +3.3850e-01 悪化 — K_st が primary driver の可能性
  ⚠ K_geo 足し込みで rel_err が +3.3898e-01 悪化 — K_geo が primary driver の可能性
============================================================
============================================================
接線剛性FD方向診断（status-256）
============================================================
  ||du|| = 1.5328e-04
  ||R_u|| = 3.1113e-05
  ⚠ R_u vs compute_residual(u) 乖離: 1.1372e-04 (リラクゼーション/動的項の差異)
  ||R_base|| = 1.1640e-04
  ||R(u+eps*du)|| = 1.1640e-04
  方向有効性: ||R(u+eps*du)||/||R(u)|| = 1.000001
  ⚠ du方向で残差が増加 — Newton方向が無効
  FD方向微分 = -1.0265e-02
  解析方向微分 = 9.8222e-06
  全体系 K@du: FD vs 解析 相対誤差 = 9.9990e-01
  ⚠ 全体系で接線剛性不整合 — K_c自体が不正確
  全体系不整合DOF上位5件:
    dof=392 (node=65, comp=2): FD=1.4561e-02, analytical=8.3802e-06, diff=1.4553e-02
    dof=398 (node=66, comp=2): FD=1.2052e-02, analytical=1.0599e-05, diff=1.2041e-02
    dof=86 (node=14, comp=2): FD=-1.1447e-02, analytical=-9.0221e-06, diff=-1.1438e-02
    dof=92 (node=15, comp=2): FD=-1.1326e-02, analytical=-1.0765e-05, diff=-1.1315e-02
    dof=810 (node=135, comp=0): FD=-8.3742e-03, analytical=6.3453e-06, diff=-8.3806e-03
  comp別不整合: [x:1.75e-02(51%), y:3.45e-03(10%), z:2.96e-02(86%), θx:6.49e-05(0%), θy:5.57e-04(2%), θz:2.27e-05(0%)]
  接触DOF不整合: 3.08e-02 (390 DOFs), 構造DOF不整合: 1.57e-02 (1548 DOFs)
  活性DOF K@du: FD vs 解析 相対誤差 = 9.9985e-01 (390 DOFs)
  ⚠ 活性DOFで接線剛性不整合
  方向微分整合度: |FD-解析|/max = 1.0010e+00
------------------------------------------------------------
  f_c 単独FD検証（K_c精度）
  ||∂f_c/∂u·du (FD)|| = 1.7233e-05
  ||K_c @ du|| = 1.4015e-05
  f_c FD相対誤差 = 1.6856e+00
  ⚠ K_c自体が不正確（f_c単独で10%超の不整合）
  f_c comp別不整合: [x=2.6e-05/90%, y=1.1e-05/39%, z=4.7e-06/16%, θx=0.0e+00/0%, θy=0.0e+00/0%, θz=0.0e+00/0%]
  f_c不整合DOF上位5件:
    dof=810 (node=135, comp=0): FD=7.4158e-06, K_c=-7.8171e-06, diff=1.5233e-05
    dof=1932 (node=322, comp=0): FD=-5.9298e-06, K_c=7.2159e-06, diff=-1.3146e-05
    dof=1926 (node=321, comp=0): FD=-4.1362e-06, K_c=4.9676e-06, diff=-9.1038e-06
    dof=811 (node=135, comp=1): FD=-6.4371e-06, K_c=9.8494e-07, diff=-7.4220e-06
    dof=804 (node=134, comp=0): FD=3.1594e-06, K_c=-3.9098e-06, diff=7.0692e-06
============================================================
[K_c成分FD]
============================================================
K_c 成分分解 FD 診断（status-342）  [incr=175 att=31]
============================================================
  ||du|| = 1.5328e-04, eps = 1.00e-07
  ||dfc (FD)|| = 1.8547e-05
  ||K_mat@du|| = 1.1059e-05, ||K_geo@du|| = 2.4809e-08, ||K_st@du||  = 1.1421e-05
  ||K_c@du||   = 1.7030e-05
  寄与率: mat= 0.65, geo= 0.00, st= 0.67
------------------------------------------------------------
  組み合わせ別 FD 相対誤差（K_c = K_mat - K_geo + K_st 合意）:
    full     = 9.6397e-01
    mat_only = 7.5187e-01  (geo/st 除外)
    mat_geo  = 7.5302e-01  (st 除外)
    mat_st   = 9.6310e-01   (geo 除外)
  最良組み合わせ: mat_only (rel_err=7.5187e-01)
------------------------------------------------------------
  [    full] comp 別不整合: [x= 75.6%, y= 63.5%, z= 15.6%, tx=  0.0%, ty=  0.0%, tz=  0.0%]
  [mat_only] comp 別不整合: [x= 97.0%, y= 14.6%, z= 19.3%, tx=  0.0%, ty=  0.0%, tz=  0.0%]
  [ mat_geo] comp 別不整合: [x= 97.0%, y= 14.6%, z= 19.3%, tx=  0.0%, ty=  0.0%, tz=  0.0%]
  [  mat_st] comp 別不整合: [x= 75.6%, y= 63.6%, z= 15.6%, tx=  0.0%, ty=  0.0%, tz=  0.0%]
  ⚠ K_st 足し込みで rel_err が +2.1096e-01 悪化 — K_st が primary driver の可能性
  ⚠ K_geo 足し込みで rel_err が +2.1124e-01 悪化 — K_geo が primary driver の可能性
============================================================
============================================================
接線剛性FD方向診断（status-256）
============================================================
  ||du|| = 1.4323e-04
  ||R_u|| = 2.9958e-05
  ⚠ R_u vs compute_residual(u) 乖離: 1.1391e-04 (リラクゼーション/動的項の差異)
  ||R_base|| = 1.1629e-04
  ||R(u+eps*du)|| = 1.1629e-04
  方向有効性: ||R(u+eps*du)||/||R(u)|| = 1.000000
  ✓ du方向で残差が減少 — Newton方向は有効
  FD方向微分 = 2.3230e-04
  解析方向微分 = 9.3099e-06
  全体系 K@du: FD vs 解析 相対誤差 = 1.0002e+00
  ⚠ 全体系で接線剛性不整合 — K_c自体が不正確
  全体系不整合DOF上位5件:
    dof=1802 (node=300, comp=2): FD=4.3366e-03, analytical=-1.6656e-09, diff=4.3366e-03
    dof=1718 (node=286, comp=2): FD=3.9635e-03, analytical=2.4844e-10, diff=3.9635e-03
    dof=1712 (node=285, comp=2): FD=-3.6861e-03, analytical=-2.4871e-10, diff=-3.6861e-03
    dof=374 (node=62, comp=2): FD=-3.6338e-03, analytical=-1.0079e-07, diff=-3.6337e-03
    dof=290 (node=48, comp=2): FD=3.6149e-03, analytical=1.3636e-10, diff=3.6149e-03
  comp別不整合: [x:8.57e-03(42%), y:1.48e-03(7%), z:1.86e-02(91%), θx:6.41e-05(0%), θy:5.70e-04(3%), θz:2.04e-05(0%)]
  接触DOF不整合: 8.21e-03 (390 DOFs), 構造DOF不整合: 1.89e-02 (1548 DOFs)
  活性DOF K@du: FD vs 解析 相対誤差 = 1.0007e+00 (390 DOFs)
  ⚠ 活性DOFで接線剛性不整合
  方向微分整合度: |FD-解析|/max = 9.5992e-01
------------------------------------------------------------
  f_c 単独FD検証（K_c精度）
  ||∂f_c/∂u·du (FD)|| = 1.7248e-05
  ||K_c @ du|| = 1.2902e-05
  f_c FD相対誤差 = 1.6565e+00
  ⚠ K_c自体が不正確（f_c単独で10%超の不整合）
  f_c comp別不整合: [x=2.6e-05/90%, y=1.1e-05/38%, z=6.1e-06/21%, θx=0.0e+00/0%, θy=0.0e+00/0%, θz=0.0e+00/0%]
  f_c不整合DOF上位5件:
    dof=810 (node=135, comp=0): FD=7.7022e-06, K_c=-7.1650e-06, diff=1.4867e-05
    dof=1932 (node=322, comp=0): FD=-6.3127e-06, K_c=6.6146e-06, diff=-1.2927e-05
    dof=1926 (node=321, comp=0): FD=-4.3108e-06, K_c=4.5671e-06, diff=-8.8780e-06
    dof=804 (node=134, comp=0): FD=3.3713e-06, K_c=-3.5840e-06, diff=6.9553e-06
    dof=811 (node=135, comp=1): FD=-6.0402e-06, K_c=9.0149e-07, diff=-6.9417e-06
============================================================
[K_c成分FD]
============================================================
K_c 成分分解 FD 診断（status-342）  [incr=175 att=32]
============================================================
  ||du|| = 1.4323e-04, eps = 1.00e-07
  ||dfc (FD)|| = 1.7209e-05
  ||K_mat@du|| = 1.0337e-05, ||K_geo@du|| = 2.3156e-08, ||K_st@du||  = 1.0872e-05
  ||K_c@du||   = 1.6056e-05
  寄与率: mat= 0.64, geo= 0.00, st= 0.68
------------------------------------------------------------
  組み合わせ別 FD 相対誤差（K_c = K_mat - K_geo + K_st 合意）:
    full     = 9.7044e-01
    mat_only = 7.4732e-01  (geo/st 除外)
    mat_geo  = 7.4847e-01  (st 除外)
    mat_st   = 9.6958e-01   (geo 除外)
  最良組み合わせ: mat_only (rel_err=7.4732e-01)
------------------------------------------------------------
  [    full] comp 別不整合: [x= 74.6%, y= 64.8%, z= 15.7%, tx=  0.0%, ty=  0.0%, tz=  0.0%]
  [mat_only] comp 別不整合: [x= 96.9%, y= 14.6%, z= 19.8%, tx=  0.0%, ty=  0.0%, tz=  0.0%]
  [ mat_geo] comp 別不整合: [x= 96.9%, y= 14.6%, z= 19.8%, tx=  0.0%, ty=  0.0%, tz=  0.0%]
  [  mat_st] comp 別不整合: [x= 74.5%, y= 64.8%, z= 15.7%, tx=  0.0%, ty=  0.0%, tz=  0.0%]
  ⚠ K_st 足し込みで rel_err が +2.2197e-01 悪化 — K_st が primary driver の可能性
  ⚠ K_geo 足し込みで rel_err が +2.2226e-01 悪化 — K_geo が primary driver の可能性
============================================================
============================================================
接線剛性FD方向診断（status-256）
============================================================
  ||du|| = 1.3408e-04
  ||R_u|| = 2.8857e-05
  ⚠ R_u vs compute_residual(u) 乖離: 1.1408e-04 (リラクゼーション/動的項の差異)
  ||R_base|| = 1.1620e-04
  ||R(u+eps*du)|| = 1.1620e-04
  方向有効性: ||R(u+eps*du)||/||R(u)|| = 1.000000
  ⚠ du方向で残差が増加 — Newton方向が無効
  FD方向微分 = 2.1070e-04
  解析方向微分 = 8.8378e-06
  全体系 K@du: FD vs 解析 相対誤差 = 1.0004e+00
  ⚠ 全体系で接線剛性不整合 — K_c自体が不正確
  全体系不整合DOF上位5件:
    dof=1724 (node=287, comp=2): FD=3.9633e-03, analytical=-4.0573e-09, diff=3.9633e-03
    dof=380 (node=63, comp=2): FD=-3.4867e-03, analytical=-2.7001e-08, diff=-3.4867e-03
    dof=1190 (node=198, comp=2): FD=3.2950e-03, analytical=1.1935e-10, diff=3.2950e-03
    dof=1904 (node=317, comp=2): FD=3.2658e-03, analytical=7.8504e-09, diff=3.2658e-03
    dof=386 (node=64, comp=2): FD=3.2100e-03, analytical=-5.6745e-08, diff=3.2101e-03
  comp別不整合: [x:6.25e-03(38%), y:1.08e-03(7%), z:1.52e-02(92%), θx:6.42e-05(0%), θy:5.17e-04(3%), θz:2.05e-05(0%)]
  接触DOF不整合: 5.94e-03 (390 DOFs), 構造DOF不整合: 1.53e-02 (1548 DOFs)
  活性DOF K@du: FD vs 解析 相対誤差 = 1.0025e+00 (390 DOFs)
  ⚠ 活性DOFで接線剛性不整合
  方向微分整合度: |FD-解析|/max = 9.5805e-01
------------------------------------------------------------
  f_c 単独FD検証（K_c精度）
  ||∂f_c/∂u·du (FD)|| = 1.5983e-05
  ||K_c @ du|| = 1.1898e-05
  f_c FD相対誤差 = 1.6513e+00
  ⚠ K_c自体が不正確（f_c単独で10%超の不整合）
  f_c comp別不整合: [x=2.4e-05/90%, y=1.0e-05/38%, z=5.8e-06/22%, θx=0.0e+00/0%, θy=0.0e+00/0%, θz=0.0e+00/0%]
  f_c不整合DOF上位5件:
    dof=810 (node=135, comp=0): FD=7.0545e-06, K_c=-6.5603e-06, diff=1.3615e-05
    dof=1932 (node=322, comp=0): FD=-5.7854e-06, K_c=6.0567e-06, diff=-1.1842e-05
    dof=1926 (node=321, comp=0): FD=-3.9639e-06, K_c=4.1953e-06, diff=-8.1592e-06
    dof=804 (node=134, comp=0): FD=3.0902e-06, K_c=-3.2817e-06, diff=6.3720e-06
    dof=811 (node=135, comp=1): FD=-5.5035e-06, K_c=8.2345e-07, diff=-6.3269e-06
============================================================
[K_c成分FD]
============================================================
K_c 成分分解 FD 診断（status-342）  [incr=175 att=33]
============================================================
  ||du|| = 1.3408e-04, eps = 1.00e-07
  ||dfc (FD)|| = 1.5947e-05
  ||K_mat@du|| = 9.6736e-06, ||K_geo@du|| = 2.1654e-08, ||K_st@du||  = 1.0393e-05
  ||K_c@du||   = 1.5174e-05
  寄与率: mat= 0.64, geo= 0.00, st= 0.68
------------------------------------------------------------
  組み合わせ別 FD 相対誤差（K_c = K_mat - K_geo + K_st 合意）:
    full     = 9.8041e-01
    mat_only = 7.4376e-01  (geo/st 除外)
    mat_geo  = 7.4491e-01  (st 除外)
    mat_st   = 9.7956e-01   (geo 除外)
  最良組み合わせ: mat_only (rel_err=7.4376e-01)
------------------------------------------------------------
  [    full] comp 別不整合: [x= 73.4%, y= 66.0%, z= 16.0%, tx=  0.0%, ty=  0.0%, tz=  0.0%]
  [mat_only] comp 別不整合: [x= 96.8%, y= 14.3%, z= 20.4%, tx=  0.0%, ty=  0.0%, tz=  0.0%]
  [ mat_geo] comp 別不整合: [x= 96.8%, y= 14.3%, z= 20.4%, tx=  0.0%, ty=  0.0%, tz=  0.0%]
  [  mat_st] comp 別不整合: [x= 73.3%, y= 66.1%, z= 16.0%, tx=  0.0%, ty=  0.0%, tz=  0.0%]
  ⚠ K_st 足し込みで rel_err が +2.3550e-01 悪化 — K_st が primary driver の可能性
  ⚠ K_geo 足し込みで rel_err が +2.3581e-01 悪化 — K_geo が primary driver の可能性
============================================================
============================================================
接線剛性FD方向診断（status-256）
============================================================
  ||du|| = 1.2570e-04
  ||R_u|| = 2.7809e-05
  ⚠ R_u vs compute_residual(u) 乖離: 1.1424e-04 (リラクゼーション/動的項の差異)
  ||R_base|| = 1.1612e-04
  ||R(u+eps*du)|| = 1.1612e-04
  方向有効性: ||R(u+eps*du)||/||R(u)|| = 1.000000
  ⚠ du方向で残差が増加 — Newton方向が無効
  FD方向微分 = 1.9143e-04
  解析方向微分 = 8.3961e-06
  全体系 K@du: FD vs 解析 相対誤差 = 1.0002e+00
  ⚠ 全体系で接線剛性不整合 — K_c自体が不正確
  全体系不整合DOF上位5件:
    dof=986 (node=164, comp=2): FD=-3.8082e-03, analytical=-1.9282e-10, diff=-3.8082e-03
    dof=992 (node=165, comp=2): FD=3.6979e-03, analytical=2.3206e-10, diff=3.6979e-03
    dof=1712 (node=285, comp=2): FD=3.6912e-03, analytical=2.4443e-10, diff=3.6912e-03
    dof=1826 (node=304, comp=2): FD=-3.6236e-03, analytical=-2.0490e-07, diff=-3.6234e-03
    dof=1820 (node=303, comp=2): FD=3.3528e-03, analytical=-6.0507e-07, diff=3.3534e-03
  comp別不整合: [x:8.64e-03(42%), y:1.62e-03(8%), z:1.85e-02(90%), θx:7.18e-05(0%), θy:5.18e-04(3%), θz:1.89e-05(0%)]
  接触DOF不整合: 9.11e-03 (390 DOFs), 構造DOF不整合: 1.84e-02 (1548 DOFs)
  活性DOF K@du: FD vs 解析 相対誤差 = 1.0008e+00 (390 DOFs)
  ⚠ 活性DOFで接線剛性不整合
  方向微分整合度: |FD-解析|/max = 9.5614e-01
------------------------------------------------------------
  f_c 単独FD検証（K_c精度）
  ||∂f_c/∂u·du (FD)|| = 1.4847e-05
  ||K_c @ du|| = 1.0993e-05
  f_c FD相対誤差 = 1.6454e+00
  ⚠ K_c自体が不正確（f_c単独で10%超の不整合）
  f_c comp別不整合: [x=2.2e-05/90%, y=9.3e-06/38%, z=5.5e-06/23%, θx=0.0e+00/0%, θy=0.0e+00/0%, θz=0.0e+00/0%]
  f_c不整合DOF上位5件:
    dof=810 (node=135, comp=0): FD=6.4638e-06, K_c=-6.0163e-06, diff=1.2480e-05
    dof=1932 (node=322, comp=0): FD=-5.3044e-06, K_c=5.5548e-06, diff=-1.0859e-05
    dof=1926 (node=321, comp=0): FD=-3.6449e-06, K_c=3.8595e-06, diff=-7.5045e-06
    dof=804 (node=134, comp=0): FD=2.8328e-06, K_c=-3.0098e-06, diff=5.8426e-06
    dof=811 (node=135, comp=1): FD=-5.0528e-06, K_c=7.5353e-07, diff=-5.8063e-06
============================================================
[K_c成分FD]
============================================================
K_c 成分分解 FD 診断（status-342）  [incr=175 att=34]
============================================================
  ||du|| = 1.2570e-04, eps = 1.00e-07
  ||dfc (FD)|| = 1.4815e-05
  ||K_mat@du|| = 9.0710e-06, ||K_geo@du|| = 2.0280e-08, ||K_st@du||  = 9.9397e-06
  ||K_c@du||   = 1.4360e-05
  寄与率: mat= 0.63, geo= 0.00, st= 0.69
------------------------------------------------------------
  組み合わせ別 FD 相対誤差（K_c = K_mat - K_geo + K_st 合意）:
    full     = 9.8959e-01
    mat_only = 7.3952e-01  (geo/st 除外)
    mat_geo  = 7.4067e-01  (st 除外)
    mat_st   = 9.8876e-01   (geo 除外)
  最良組み合わせ: mat_only (rel_err=7.3952e-01)
------------------------------------------------------------
  [    full] comp 別不整合: [x= 72.1%, y= 67.3%, z= 16.3%, tx=  0.0%, ty=  0.0%, tz=  0.0%]
  [mat_only] comp 別不整合: [x= 96.6%, y= 14.7%, z= 21.1%, tx=  0.0%, ty=  0.0%, tz=  0.0%]
  [ mat_geo] comp 別不整合: [x= 96.6%, y= 14.6%, z= 21.1%, tx=  0.0%, ty=  0.0%, tz=  0.0%]
  [  mat_st] comp 別不整合: [x= 72.1%, y= 67.4%, z= 16.3%, tx=  0.0%, ty=  0.0%, tz=  0.0%]
  ⚠ K_st 足し込みで rel_err が +2.4892e-01 悪化 — K_st が primary driver の可能性
  ⚠ K_geo 足し込みで rel_err が +2.4924e-01 悪化 — K_geo が primary driver の可能性
============================================================
  Incr 175 (frac=0.3752), attempt 35 [D.stall+E], ||R_t||/||f|| = 1.083e-04, ||R_r|| = 6.192e-06, ||R_w||/||f||=1.084e-04, rate=0.965, active=32, R(x=1.9e-05/71%,y=1.3e-06/5%,z=1.8e-05/67%)
============================================================
接線剛性FD方向診断（status-256）
============================================================
  ||du|| = 1.1801e-04
  ||R_u|| = 2.6810e-05
  ⚠ R_u vs compute_residual(u) 乖離: 1.1438e-04 (リラクゼーション/動的項の差異)
  ||R_base|| = 1.1605e-04
  ||R(u+eps*du)|| = 1.1605e-04
  方向有効性: ||R(u+eps*du)||/||R(u)|| = 1.000000
  ✓ du方向で残差が減少 — Newton方向は有効
  FD方向微分 = 1.7444e-04
  解析方向微分 = 7.9822e-06
  全体系 K@du: FD vs 解析 相対誤差 = 1.0001e+00
  ⚠ 全体系で接線剛性不整合 — K_c自体が不正確
  全体系不整合DOF上位5件:
    dof=890 (node=148, comp=2): FD=5.2408e-03, analytical=5.1543e-10, diff=5.2408e-03
    dof=884 (node=147, comp=2): FD=-4.6006e-03, analytical=-8.7421e-11, diff=-4.6006e-03
    dof=698 (node=116, comp=2): FD=-4.4677e-03, analytical=4.1009e-07, diff=-4.4681e-03
    dof=578 (node=96, comp=2): FD=-4.2354e-03, analytical=-1.0237e-08, diff=-4.2354e-03
    dof=584 (node=97, comp=2): FD=3.6403e-03, analytical=-5.0547e-10, diff=3.6403e-03
  comp別不整合: [x:9.59e-03(44%), y:1.43e-03(7%), z:1.95e-02(90%), θx:6.65e-05(0%), θy:4.73e-04(2%), θz:1.85e-05(0%)]
  接触DOF不整合: 1.11e-02 (390 DOFs), 構造DOF不整合: 1.88e-02 (1548 DOFs)
  活性DOF K@du: FD vs 解析 相対誤差 = 1.0001e+00 (390 DOFs)
  ⚠ 活性DOFで接線剛性不整合
  方向微分整合度: |FD-解析|/max = 9.5424e-01
------------------------------------------------------------
  f_c 単独FD検証（K_c精度）
  ||∂f_c/∂u·du (FD)|| = 1.3808e-05
  ||K_c @ du|| = 1.0175e-05
  f_c FD相対誤差 = 1.6404e+00
  ⚠ K_c自体が不正確（f_c単独で10%超の不整合）
  f_c comp別不整合: [x=2.0e-05/90%, y=8.6e-06/38%, z=5.3e-06/23%, θx=0.0e+00/0%, θy=0.0e+00/0%, θz=0.0e+00/0%]
  f_c不整合DOF上位5件:
    dof=810 (node=135, comp=0): FD=5.9422e-06, K_c=-5.5258e-06, diff=1.1468e-05
    dof=1932 (node=322, comp=0): FD=-4.8782e-06, K_c=5.1022e-06, diff=-9.9804e-06
    dof=1926 (node=321, comp=0): FD=-3.3629e-06, K_c=3.5557e-06, diff=-6.9186e-06
    dof=804 (node=134, comp=0): FD=2.6057e-06, K_c=-2.7646e-06, diff=5.3703e-06
    dof=811 (node=135, comp=1): FD=-4.6216e-06, K_c=6.9073e-07, diff=-5.3124e-06
============================================================
[K_c成分FD]
============================================================
K_c 成分分解 FD 診断（status-342）  [incr=175 att=35]
============================================================
  ||du|| = 1.1801e-04, eps = 1.00e-07
  ||dfc (FD)|| = 1.3778e-05
  ||K_mat@du|| = 8.5217e-06, ||K_geo@du|| = 1.9021e-08, ||K_st@du||  = 9.5104e-06
  ||K_c@du||   = 1.3605e-05
  寄与率: mat= 0.63, geo= 0.00, st= 0.70
------------------------------------------------------------
  組み合わせ別 FD 相対誤差（K_c = K_mat - K_geo + K_st 合意）:
    full     = 1.0005e+00
    mat_only = 7.3624e-01  (geo/st 除外)
    mat_geo  = 7.3740e-01  (st 除外)
    mat_st   = 9.9968e-01   (geo 除外)
  最良組み合わせ: mat_only (rel_err=7.3624e-01)
------------------------------------------------------------
  [    full] comp 別不整合: [x= 70.9%, y= 68.5%, z= 16.7%, tx=  0.0%, ty=  0.0%, tz=  0.0%]
  [mat_only] comp 別不整合: [x= 96.5%, y= 14.4%, z= 21.9%, tx=  0.0%, ty=  0.0%, tz=  0.0%]
  [ mat_geo] comp 別不整合: [x= 96.5%, y= 14.4%, z= 21.9%, tx=  0.0%, ty=  0.0%, tz=  0.0%]
  [  mat_st] comp 別不整合: [x= 70.9%, y= 68.6%, z= 16.7%, tx=  0.0%, ty=  0.0%, tz=  0.0%]
  ⚠ K_st 足し込みで rel_err が +2.6310e-01 悪化 — K_st が primary driver の可能性
  ⚠ K_geo 足し込みで rel_err が +2.6343e-01 悪化 — K_geo が primary driver の可能性
============================================================
============================================================
接線剛性FD方向診断（status-256）
============================================================
  ||du|| = 1.1094e-04
  ||R_u|| = 2.5856e-05
  ⚠ R_u vs compute_residual(u) 乖離: 1.1451e-04 (リラクゼーション/動的項の差異)
  ||R_base|| = 1.1599e-04
  ||R(u+eps*du)|| = 1.1599e-04
  方向有効性: ||R(u+eps*du)||/||R(u)|| = 1.000000
  ⚠ du方向で残差が増加 — Newton方向が無効
  FD方向微分 = 1.5939e-04
  解析方向微分 = 7.5938e-06
  全体系 K@du: FD vs 解析 相対誤差 = 1.0002e+00
  ⚠ 全体系で接線剛性不整合 — K_c自体が不正確
  全体系不整合DOF上位5件:
    dof=584 (node=97, comp=2): FD=-4.0134e-03, analytical=-8.6900e-10, diff=-4.0134e-03
    dof=1088 (node=181, comp=2): FD=3.7593e-03, analytical=1.2861e-09, diff=3.7593e-03
    dof=992 (node=165, comp=2): FD=-3.5555e-03, analytical=-9.2762e-11, diff=-3.5555e-03
    dof=590 (node=98, comp=2): FD=3.5482e-03, analytical=-1.0873e-09, diff=3.5482e-03
    dof=1094 (node=182, comp=2): FD=-3.4215e-03, analytical=5.5000e-10, diff=-3.4215e-03
  comp別不整合: [x:7.58e-03(40%), y:1.46e-03(8%), z:1.73e-02(91%), θx:6.79e-05(0%), θy:4.61e-04(2%), θz:1.62e-05(0%)]
  接触DOF不整合: 8.46e-03 (390 DOFs), 構造DOF不整合: 1.69e-02 (1548 DOFs)
  活性DOF K@du: FD vs 解析 相対誤差 = 1.0009e+00 (390 DOFs)
  ⚠ 活性DOFで接線剛性不整合
  方向微分整合度: |FD-解析|/max = 9.5236e-01
------------------------------------------------------------
  f_c 単独FD検証（K_c精度）
  ||∂f_c/∂u·du (FD)|| = 1.2890e-05
  ||K_c @ du|| = 9.4342e-06
  f_c FD相対誤差 = 1.6332e+00
  ⚠ K_c自体が不正確（f_c単独で10%超の不整合）
  f_c comp別不整合: [x=1.9e-05/89%, y=8.0e-06/38%, z=5.1e-06/24%, θx=0.0e+00/0%, θy=0.0e+00/0%, θz=0.0e+00/0%]
  f_c不整合DOF上位5件:
    dof=810 (node=135, comp=0): FD=5.4643e-06, K_c=-5.0825e-06, diff=1.0547e-05
    dof=1932 (node=322, comp=0): FD=-4.4878e-06, K_c=4.6932e-06, diff=-9.1810e-06
    dof=1926 (node=321, comp=0): FD=-3.1027e-06, K_c=3.2802e-06, diff=-6.3829e-06
    dof=804 (node=134, comp=0): FD=2.3973e-06, K_c=-2.5429e-06, diff=4.9402e-06
    dof=811 (node=135, comp=1): FD=-4.2446e-06, K_c=6.3417e-07, diff=-4.8788e-06
============================================================
[K_c成分FD]
============================================================
K_c 成分分解 FD 診断（status-342）  [incr=175 att=36]
============================================================
  ||du|| = 1.1094e-04, eps = 1.00e-07
  ||dfc (FD)|| = 1.2863e-05
  ||K_mat@du|| = 8.0195e-06, ||K_geo@du|| = 1.7864e-08, ||K_st@du||  = 9.1033e-06
  ||K_c@du||   = 1.2904e-05
  寄与率: mat= 0.62, geo= 0.00, st= 0.71
------------------------------------------------------------
  組み合わせ別 FD 相対誤差（K_c = K_mat - K_geo + K_st 合意）:
    full     = 1.0050e+00
    mat_only = 7.3113e-01  (geo/st 除外)
    mat_geo  = 7.3228e-01  (st 除外)
    mat_st   = 1.0041e+00   (geo 除外)
  最良組み合わせ: mat_only (rel_err=7.3113e-01)
------------------------------------------------------------
  [    full] comp 別不整合: [x= 69.7%, y= 69.6%, z= 17.1%, tx=  0.0%, ty=  0.0%, tz=  0.0%]
  [mat_only] comp 別不整合: [x= 96.3%, y= 14.3%, z= 22.7%, tx=  0.0%, ty=  0.0%, tz=  0.0%]
  [ mat_geo] comp 別不整合: [x= 96.3%, y= 14.3%, z= 22.7%, tx=  0.0%, ty=  0.0%, tz=  0.0%]
  [  mat_st] comp 別不整合: [x= 69.7%, y= 69.7%, z= 17.1%, tx=  0.0%, ty=  0.0%, tz=  0.0%]
  ⚠ K_st 足し込みで rel_err が +2.7269e-01 悪化 — K_st が primary driver の可能性
  ⚠ K_geo 足し込みで rel_err が +2.7294e-01 悪化 — K_geo が primary driver の可能性
============================================================
  [NR診断] Incr 175 (frac=0.3752), 不収束 att=37, Type分布[-:1(3%), C:1(3%), D.div+E:8(22%), D.stall+E:16(43%), E:11(30%)], 直近10[D.div+E:2, D.stall+E:7, E:1], R_c=2.56e-05, R_s=3.65e-06, active=32, sliding=385, activated=0, deactivated=0, stick→slide=0, slide→stick=0, comp(x=1.8e-05/70%,y=1.3e-06/5%,z=1.7e-05/67%,θx=5.3e-06/21%,θy=1.4e-07/1%,θz=2.6e-06/10%)
  [CUTBACK:nr_limit] frac 0.3752, dt=9.3856e-04 → sub-steps (cutback #20)
  [f_ref] Incr 175: f_ref=6.032e-02 (dynamic_ref), atol=9.00e-09
  Incr 175 (frac=0.3748), attempt 0 [C], ||R_t||/||f|| = 1.000e+00, ||R_r|| = 1.135e-03, ||R_w||/||f||=1.000e+00, active=32, R(x=3.2e-02/53%,y=5.4e-03/9%,z=5.1e-02/85%)
  Incr 175 (frac=0.3748), attempt 5 [E], ||R_t||/||f|| = 1.797e-03, ||R_r|| = 1.083e-05, ||R_w||/||f||=1.797e-03, rate=0.767, active=32, R(x=9.4e-05/86%,y=9.2e-06/8%,z=5.4e-05/49%)
  Incr 175 (frac=0.3748), attempt 10 [D.div+E], ||R_t||/||f|| = 2.655e-03, ||R_r|| = 9.503e-06, ||R_w||/||f||=2.655e-03, rate=1.244, active=32, R(x=1.6e-04/98%,y=1.2e-05/7%,z=2.5e-05/15%)
  Incr 175 (frac=0.3748), 低残差チャタリング検知[E] → 接触凍結モード (att=15, ||R||/||f||=2.088e-03, R_c=1.26e-04, R_s=7.29e-06, cycle=1/5, active=32)
  Incr 175 (frac=0.3748), attempt 15 [E], ||R_t||/||f|| = 2.088e-03, ||R_r|| = 1.081e-05, ||R_w||/||f||=2.089e-03, rate=0.766, active=32, R(x=1.1e-04/90%,y=8.2e-06/7%,z=5.4e-05/43%)
============================================================
接線剛性FD方向診断（status-256）
============================================================
  ||du|| = 3.2247e-04
  ||R_u|| = 1.2643e-04
  ⚠ R_u vs compute_residual(u) 乖離: 2.0383e-06 (リラクゼーション/動的項の差異)
  ||R_base|| = 1.2747e-04
  ||R(u+eps*du)|| = 1.2751e-04
  方向有効性: ||R(u+eps*du)||/||R(u)|| = 1.000349
  ⚠ du方向で残差が増加 — Newton方向が無効
  FD方向微分 = -4.1203e-01
  解析方向微分 = 8.0947e-05
  全体系 K@du: FD vs 解析 相対誤差 = 1.0001e+00
  ⚠ 全体系で接線剛性不整合 — K_c自体が不正確
  全体系不整合DOF上位5件:
    dof=396 (node=66, comp=0): FD=4.4571e-01, analytical=-4.0420e-05, diff=4.4575e-01
    dof=90 (node=15, comp=0): FD=-4.4265e-01, analytical=5.9322e-05, diff=-4.4270e-01
    dof=84 (node=14, comp=0): FD=-4.0633e-01, analytical=3.7277e-05, diff=-4.0636e-01
    dof=390 (node=65, comp=0): FD=4.0434e-01, analytical=-2.6682e-05, diff=4.0437e-01
    dof=398 (node=66, comp=2): FD=2.6442e-01, analytical=2.6776e-05, diff=2.6439e-01
  comp別不整合: [x:8.73e-01(86%), y:3.28e-02(3%), z:5.17e-01(51%), θx:1.19e-04(0%), θy:1.92e-03(0%), θz:1.29e-04(0%)]
  接触DOF不整合: 1.01e+00 (402 DOFs), 構造DOF不整合: 1.94e-02 (1536 DOFs)
  活性DOF K@du: FD vs 解析 相対誤差 = 1.0001e+00 (402 DOFs)
  ⚠ 活性DOFで接線剛性不整合
  方向微分整合度: |FD-解析|/max = 1.0002e+00
------------------------------------------------------------
  f_c 単独FD検証（K_c精度）
  ||∂f_c/∂u·du (FD)|| = 2.8835e-03
  ||K_c @ du|| = 1.2123e-04
  f_c FD相対誤差 = 9.6345e-01
  ⚠ K_c自体が不正確（f_c単独で10%超の不整合）
  f_c comp別不整合: [x=2.4e-03/86%, y=1.3e-05/0%, z=1.4e-03/51%, θx=0.0e+00/0%, θy=0.0e+00/0%, θz=0.0e+00/0%]
  f_c不整合DOF上位5件:
    dof=90 (node=15, comp=0): FD=-1.2970e-03, K_c=-4.8077e-05, diff=-1.2489e-03
    dof=396 (node=66, comp=0): FD=1.2943e-03, K_c=4.8641e-05, diff=1.2457e-03
    dof=390 (node=65, comp=0): FD=1.1855e-03, K_c=4.2663e-05, diff=1.1429e-03
    dof=84 (node=14, comp=0): FD=-1.1835e-03, K_c=-4.3091e-05, diff=-1.1404e-03
    dof=92 (node=15, comp=2): FD=-7.6348e-04, K_c=-2.6464e-05, diff=-7.3701e-04
============================================================
[K_c成分FD]
============================================================
K_c 成分分解 FD 診断（status-342）  [incr=175 att=15]
============================================================
  ||du|| = 3.2247e-04, eps = 1.00e-07
  ||dfc (FD)|| = 9.9391e-05
  ||K_mat@du|| = 1.1521e-05, ||K_geo@du|| = 7.5889e-08, ||K_st@du||  = 4.3245e-05
  ||K_c@du||   = 4.6031e-05
  寄与率: mat= 0.25, geo= 0.00, st= 0.94
------------------------------------------------------------
  組み合わせ別 FD 相対誤差（K_c = K_mat - K_geo + K_st 合意）:
    full     = 1.0705e+00
    mat_only = 9.8081e-01  (geo/st 除外)
    mat_geo  = 9.8136e-01  (st 除外)
    mat_st   = 1.0700e+00   (geo 除外)
  最良組み合わせ: mat_only (rel_err=9.8081e-01)
------------------------------------------------------------
  [    full] comp 別不整合: [x= 77.1%, y= 41.2%, z= 48.6%, tx=  0.0%, ty=  0.0%, tz=  0.0%]
  [mat_only] comp 別不整合: [x= 85.3%, y=  8.2%, z= 51.6%, tx=  0.0%, ty=  0.0%, tz=  0.0%]
  [ mat_geo] comp 別不整合: [x= 85.3%, y=  8.2%, z= 51.5%, tx=  0.0%, ty=  0.0%, tz=  0.0%]
  [  mat_st] comp 別不整合: [x= 77.0%, y= 41.2%, z= 48.6%, tx=  0.0%, ty=  0.0%, tz=  0.0%]
  ⚠ K_st 足し込みで rel_err が +8.9132e-02 悪化 — K_st が primary driver の可能性
  ⚠ K_geo 足し込みで rel_err が +8.9187e-02 悪化 — K_geo が primary driver の可能性
============================================================
============================================================
接線剛性FD方向診断（status-256）
============================================================
  ||du|| = 1.7042e-04
  ||R_u|| = 1.2172e-04
  ⚠ R_u vs compute_residual(u) 乖離: 9.1740e-05 (リラクゼーション/動的項の差異)
  ||R_base|| = 1.9023e-04
  ||R(u+eps*du)|| = 1.9023e-04
  方向有効性: ||R(u+eps*du)||/||R(u)|| = 1.000015
  ⚠ du方向で残差が増加 — Newton方向が無効
  FD方向微分 = -4.7168e-02
  解析方向微分 = 6.2871e-05
  全体系 K@du: FD vs 解析 相対誤差 = 9.9990e-01
  ⚠ 全体系で接線剛性不整合 — K_c自体が不正確
  全体系不整合DOF上位5件:
    dof=92 (node=15, comp=2): FD=-6.9827e-02, analytical=-2.6531e-05, diff=-6.9801e-02
    dof=86 (node=14, comp=2): FD=-5.7677e-02, analytical=-2.3195e-05, diff=-5.7654e-02
    dof=398 (node=66, comp=2): FD=5.4054e-02, analytical=2.6467e-05, diff=5.4028e-02
    dof=392 (node=65, comp=2): FD=5.0211e-02, analytical=2.2403e-05, diff=5.0188e-02
    dof=810 (node=135, comp=0): FD=3.9027e-02, analytical=-3.3295e-05, diff=3.9061e-02
  comp別不整合: [x:7.60e-02(52%), y:8.59e-03(6%), z:1.25e-01(85%), θx:8.65e-05(0%), θy:1.15e-03(1%), θz:8.05e-05(0%)]
  接触DOF不整合: 1.45e-01 (384 DOFs), 構造DOF不整合: 1.92e-02 (1554 DOFs)
  活性DOF K@du: FD vs 解析 相対誤差 = 9.9989e-01 (384 DOFs)
  ⚠ 活性DOFで接線剛性不整合
  方向微分整合度: |FD-解析|/max = 1.0013e+00
------------------------------------------------------------
  f_c 単独FD検証（K_c精度）
  ||∂f_c/∂u·du (FD)|| = 3.5286e-05
  ||K_c @ du|| = 2.6199e-05
  f_c FD相対誤差 = 1.0596e+00
  ⚠ K_c自体が不正確（f_c単独で10%超の不整合）
  f_c comp別不整合: [x=2.7e-05/73%, y=4.7e-06/13%, z=2.5e-05/67%, θx=0.0e+00/0%, θy=0.0e+00/0%, θz=0.0e+00/0%]
  f_c不整合DOF上位5件:
    dof=392 (node=65, comp=2): FD=1.5331e-05, K_c=2.1754e-06, diff=1.3155e-05
    dof=398 (node=66, comp=2): FD=1.5666e-05, K_c=3.6307e-06, diff=1.2036e-05
    dof=86 (node=14, comp=2): FD=-1.5839e-05, K_c=-4.4148e-06, diff=-1.1425e-05
    dof=90 (node=15, comp=0): FD=-6.4603e-07, K_c=9.9412e-06, diff=-1.0587e-05
    dof=1818 (node=303, comp=0): FD=-4.1501e-06, K_c=5.8393e-06, diff=-9.9894e-06
============================================================
[K_c成分FD]
============================================================
K_c 成分分解 FD 診断（status-342）  [incr=175 att=16]
============================================================
  ||du|| = 1.7042e-04, eps = 1.00e-07
  ||dfc (FD)|| = 2.5788e-05
  ||K_mat@du|| = 4.5571e-06, ||K_geo@du|| = 3.9545e-08, ||K_st@du||  = 2.0836e-05
  ||K_c@du||   = 2.2618e-05
  寄与率: mat= 0.20, geo= 0.00, st= 0.92
------------------------------------------------------------
  組み合わせ別 FD 相対誤差（K_c = K_mat - K_geo + K_st 合意）:
    full     = 1.2408e+00
    mat_only = 9.7840e-01  (geo/st 除外)
    mat_geo  = 9.7939e-01  (st 除外)
    mat_st   = 1.2400e+00   (geo 除外)
  最良組み合わせ: mat_only (rel_err=9.7840e-01)
------------------------------------------------------------
  [    full] comp 別不整合: [x= 65.0%, y= 63.4%, z= 41.8%, tx=  0.0%, ty=  0.0%, tz=  0.0%]
  [mat_only] comp 別不整合: [x= 83.0%, y=  8.1%, z= 55.1%, tx=  0.0%, ty=  0.0%, tz=  0.0%]
  [ mat_geo] comp 別不整合: [x= 83.1%, y=  8.1%, z= 55.1%, tx=  0.0%, ty=  0.0%, tz=  0.0%]
  [  mat_st] comp 別不整合: [x= 65.0%, y= 63.4%, z= 41.9%, tx=  0.0%, ty=  0.0%, tz=  0.0%]
  ⚠ K_st 足し込みで rel_err が +2.6138e-01 悪化 — K_st が primary driver の可能性
  ⚠ K_geo 足し込みで rel_err が +2.6162e-01 悪化 — K_geo が primary driver の可能性
============================================================
============================================================
接線剛性FD方向診断（status-256）
============================================================
  ||du|| = 4.5691e-05
  ||R_u|| = 2.7079e-05
  ⚠ R_u vs compute_residual(u) 乖離: 7.1418e-05 (リラクゼーション/動的項の差異)
  ||R_base|| = 6.0781e-05
  ||R(u+eps*du)|| = 6.0772e-05
  方向有効性: ||R(u+eps*du)||/||R(u)|| = 0.999856
  ✓ du方向で残差が減少 — Newton方向は有効
  FD方向微分 = -7.3145e-02
  解析方向微分 = 1.5395e-05
  全体系 K@du: FD vs 解析 相対誤差 = 1.0001e+00
  ⚠ 全体系で接線剛性不整合 — K_c自体が不正確
  全体系不整合DOF上位5件:
    dof=398 (node=66, comp=2): FD=-8.8018e-02, analytical=3.6157e-06, diff=-8.8022e-02
    dof=92 (node=15, comp=2): FD=8.0640e-02, analytical=-8.7267e-06, diff=8.0649e-02
    dof=392 (node=65, comp=2): FD=-7.2108e-02, analytical=2.1555e-06, diff=-7.2110e-02
    dof=86 (node=14, comp=2): FD=7.1906e-02, analytical=-4.4331e-06, diff=7.1911e-02
    dof=810 (node=135, comp=0): FD=-6.5078e-02, analytical=7.2046e-06, diff=-6.5086e-02
  comp別不整合: [x:1.06e-01(55%), y:1.53e-02(8%), z:1.58e-01(83%), θx:6.56e-05(0%), θy:4.30e-04(0%), θz:2.23e-05(0%)]
  接触DOF不整合: 1.90e-01 (402 DOFs), 構造DOF不整合: 1.51e-02 (1536 DOFs)
  活性DOF K@du: FD vs 解析 相対誤差 = 1.0001e+00 (402 DOFs)
  ⚠ 活性DOFで接線剛性不整合
  方向微分整合度: |FD-解析|/max = 1.0002e+00
------------------------------------------------------------
  f_c 単独FD検証（K_c精度）
  ||∂f_c/∂u·du (FD)|| = 2.8170e-04
  ||K_c @ du|| = 9.3844e-06
  f_c FD相対誤差 = 9.8018e-01
  ⚠ K_c自体が不正確（f_c単独で10%超の不整合）
  f_c comp別不整合: [x=5.0e-05/18%, y=1.1e-05/4%, z=2.7e-04/98%, θx=0.0e+00/0%, θy=0.0e+00/0%, θz=0.0e+00/0%]
  f_c不整合DOF上位5件:
    dof=92 (node=15, comp=2): FD=1.4376e-04, K_c=1.7350e-06, diff=1.4203e-04
    dof=398 (node=66, comp=2): FD=-1.4380e-04, K_c=-2.3911e-06, diff=-1.4141e-04
    dof=86 (node=14, comp=2): FD=1.3135e-04, K_c=2.0505e-06, diff=1.2930e-04
    dof=392 (node=65, comp=2): FD=-1.3157e-04, K_c=-2.3510e-06, diff=-1.2922e-04
    dof=1932 (node=322, comp=0): FD=3.2606e-05, K_c=4.2261e-06, diff=2.8380e-05
============================================================
[K_c成分FD]
============================================================
K_c 成分分解 FD 診断（status-342）  [incr=175 att=17]
============================================================
  ||du|| = 4.5691e-05, eps = 1.00e-07
  ||dfc (FD)|| = 9.4743e-06
  ||K_mat@du|| = 2.3362e-06, ||K_geo@du|| = 9.4006e-09, ||K_st@du||  = 4.1913e-06
  ||K_c@du||   = 5.8678e-06
  寄与率: mat= 0.40, geo= 0.00, st= 0.71
------------------------------------------------------------
  組み合わせ別 FD 相対誤差（K_c = K_mat - K_geo + K_st 合意）:
    full     = 1.0390e+00
    mat_only = 9.4858e-01  (geo/st 除外)
    mat_geo  = 9.4936e-01  (st 除外)
    mat_st   = 1.0383e+00   (geo 除外)
  最良組み合わせ: mat_only (rel_err=9.4858e-01)
------------------------------------------------------------
  [    full] comp 別不整合: [x= 82.0%, y= 43.3%, z= 37.5%, tx=  0.0%, ty=  0.0%, tz=  0.0%]
  [mat_only] comp 別不整合: [x= 89.6%, y= 11.9%, z= 42.7%, tx=  0.0%, ty=  0.0%, tz=  0.0%]
  [ mat_geo] comp 別不整合: [x= 89.6%, y= 11.9%, z= 42.7%, tx=  0.0%, ty=  0.0%, tz=  0.0%]
  [  mat_st] comp 別不整合: [x= 81.9%, y= 43.3%, z= 37.5%, tx=  0.0%, ty=  0.0%, tz=  0.0%]
  ⚠ K_st 足し込みで rel_err が +8.9669e-02 悪化 — K_st が primary driver の可能性
  ⚠ K_geo 足し込みで rel_err が +8.9752e-02 悪化 — K_geo が primary driver の可能性
============================================================
  Incr 175 (frac=0.3748), attempt 17, 凍結解除(disp)→再凍結 ||R_t||/||f||=1.006e-03 (cycle=2)
============================================================
接線剛性FD方向診断（status-256）
============================================================
  ||du|| = 1.0597e-04
  ||R_u|| = 6.1205e-05
  ⚠ R_u vs compute_residual(u) 乖離: 8.6414e-09 (リラクゼーション/動的項の差異)
  ||R_base|| = 6.1209e-05
  ||R(u+eps*du)|| = 6.1209e-05
  方向有効性: ||R(u+eps*du)||/||R(u)|| = 1.000000
  ⚠ du方向で残差が増加 — Newton方向が無効
  FD方向微分 = -1.7118e-05
  解析方向微分 = 3.8951e-05
  全体系 K@du: FD vs 解析 相対誤差 = 1.0005e+00
  ⚠ 全体系で接線剛性不整合 — K_c自体が不正確
  全体系不整合DOF上位5件:
    dof=596 (node=99, comp=2): FD=3.8031e-03, analytical=-1.9797e-08, diff=3.8031e-03
    dof=590 (node=98, comp=2): FD=-3.7867e-03, analytical=-2.0393e-10, diff=-3.7867e-03
    dof=602 (node=100, comp=2): FD=-3.5651e-03, analytical=-2.4286e-08, diff=-3.5651e-03
    dof=1928 (node=321, comp=2): FD=3.2621e-03, analytical=-2.7490e-06, diff=3.2648e-03
    dof=476 (node=79, comp=2): FD=-3.0160e-03, analytical=2.2344e-11, diff=-3.0160e-03
  comp別不整合: [x:8.04e-03(42%), y:1.28e-03(7%), z:1.73e-02(90%), θx:6.10e-05(0%), θy:6.55e-04(3%), θz:3.94e-05(0%)]
  接触DOF不整合: 1.12e-02 (402 DOFs), 構造DOF不整合: 1.55e-02 (1536 DOFs)
  活性DOF K@du: FD vs 解析 相対誤差 = 1.0010e+00 (402 DOFs)
  ⚠ 活性DOFで接線剛性不整合
  方向微分整合度: |FD-解析|/max = 1.4395e+00
------------------------------------------------------------
  f_c 単独FD検証（K_c精度）
  ||∂f_c/∂u·du (FD)|| = 2.6271e-05
  ||K_c @ du|| = 2.0786e-05
  f_c FD相対誤差 = 1.6920e+00
  ⚠ K_c自体が不正確（f_c単独で10%超の不整合）
  f_c comp別不整合: [x=2.2e-05/50%, y=1.8e-05/40%, z=3.4e-05/77%, θx=0.0e+00/0%, θy=0.0e+00/0%, θz=0.0e+00/0%]
  f_c不整合DOF上位5件:
    dof=398 (node=66, comp=2): FD=-8.6743e-06, K_c=9.0625e-06, diff=-1.7737e-05
    dof=392 (node=65, comp=2): FD=-8.3276e-06, K_c=8.7964e-06, diff=-1.7124e-05
    dof=92 (node=15, comp=2): FD=8.0093e-06, K_c=-8.6016e-06, diff=1.6611e-05
    dof=86 (node=14, comp=2): FD=7.9271e-06, K_c=-8.4231e-06, diff=1.6350e-05
    dof=810 (node=135, comp=0): FD=-7.1050e-06, K_c=6.2669e-06, diff=-1.3372e-05
============================================================
[K_c成分FD]
============================================================
K_c 成分分解 FD 診断（status-342）  [incr=175 att=18]
============================================================
  ||du|| = 1.0597e-04, eps = 1.00e-07
  ||dfc (FD)|| = 2.6400e-05
  ||K_mat@du|| = 1.6062e-05, ||K_geo@du|| = 2.4772e-08, ||K_st@du||  = 1.8056e-05
  ||K_c@du||   = 2.0489e-05
  寄与率: mat= 0.78, geo= 0.00, st= 0.88
------------------------------------------------------------
  組み合わせ別 FD 相対誤差（K_c = K_mat - K_geo + K_st 合意）:
    full     = 1.0094e+00
    mat_only = 7.5110e-01  (geo/st 除外)
    mat_geo  = 7.5164e-01  (st 除外)
    mat_st   = 1.0091e+00   (geo 除外)
  最良組み合わせ: mat_only (rel_err=7.5110e-01)
------------------------------------------------------------
  [    full] comp 別不整合: [x= 39.6%, y= 69.5%, z= 60.0%, tx=  0.0%, ty=  0.0%, tz=  0.0%]
  [mat_only] comp 別不整合: [x= 53.9%, y=  8.2%, z= 83.9%, tx=  0.0%, ty=  0.0%, tz=  0.0%]
  [ mat_geo] comp 別不整合: [x= 53.9%, y=  8.2%, z= 83.8%, tx=  0.0%, ty=  0.0%, tz=  0.0%]
  [  mat_st] comp 別不整合: [x= 39.6%, y= 69.5%, z= 60.0%, tx=  0.0%, ty=  0.0%, tz=  0.0%]
  ⚠ K_st 足し込みで rel_err が +2.5780e-01 悪化 — K_st が primary driver の可能性
  ⚠ K_geo 足し込みで rel_err が +2.5796e-01 悪化 — K_geo が primary driver の可能性
============================================================
============================================================
接線剛性FD方向診断（status-256）
============================================================
  ||du|| = 1.0307e-04
  ||R_u|| = 5.8971e-05
  ⚠ R_u vs compute_residual(u) 乖離: 8.6881e-07 (リラクゼーション/動的項の差異)
  ||R_base|| = 5.8549e-05
  ||R(u+eps*du)|| = 5.8548e-05
  方向有効性: ||R(u+eps*du)||/||R(u)|| = 0.999992
  ✓ du方向で残差が減少 — Newton方向は有効
  FD方向微分 = 3.4884e-03
  解析方向微分 = 3.7493e-05
  全体系 K@du: FD vs 解析 相対誤差 = 9.9974e-01
  ⚠ 全体系で接線剛性不整合 — K_c自体が不正確
  全体系不整合DOF上位5件:
    dof=398 (node=66, comp=2): FD=-6.5186e-03, analytical=-1.1614e-05, diff=-6.5070e-03
    dof=86 (node=14, comp=2): FD=6.4133e-03, analytical=9.6473e-06, diff=6.4037e-03
    dof=392 (node=65, comp=2): FD=-6.0929e-03, analytical=-1.2363e-05, diff=-6.0806e-03
    dof=92 (node=15, comp=2): FD=4.9404e-03, analytical=5.9870e-06, diff=4.9345e-03
    dof=578 (node=96, comp=2): FD=-4.2420e-03, analytical=-1.9640e-07, diff=-4.2418e-03
  comp別不整合: [x:8.12e-03(37%), y:1.35e-03(6%), z:2.01e-02(93%), θx:5.76e-05(0%), θy:6.50e-04(3%), θz:3.87e-05(0%)]
  接触DOF不整合: 1.44e-02 (402 DOFs), 構造DOF不整合: 1.64e-02 (1536 DOFs)
  活性DOF K@du: FD vs 解析 相対誤差 = 9.9915e-01 (402 DOFs)
  ⚠ 活性DOFで接線剛性不整合
  方向微分整合度: |FD-解析|/max = 9.8925e-01
------------------------------------------------------------
  f_c 単独FD検証（K_c精度）
  ||∂f_c/∂u·du (FD)|| = 4.2458e-05
  ||K_c @ du|| = 2.1176e-05
  f_c FD相対誤差 = 1.4681e+00
  ⚠ K_c自体が不正確（f_c単独で10%超の不整合）
  f_c comp別不整合: [x=2.3e-05/37%, y=1.8e-05/29%, z=5.5e-05/88%, θx=0.0e+00/0%, θy=0.0e+00/0%, θz=0.0e+00/0%]
  f_c不整合DOF上位5件:
    dof=398 (node=66, comp=2): FD=-1.9321e-05, K_c=9.3928e-06, diff=-2.8714e-05
    dof=92 (node=15, comp=2): FD=1.8699e-05, K_c=-8.9636e-06, diff=2.7662e-05
    dof=392 (node=65, comp=2): FD=-1.8074e-05, K_c=9.0954e-06, diff=-2.7170e-05
    dof=86 (node=14, comp=2): FD=1.7672e-05, K_c=-8.7342e-06, diff=2.6406e-05
    dof=810 (node=135, comp=0): FD=-7.5113e-06, K_c=6.0411e-06, diff=-1.3552e-05
============================================================
[K_c成分FD]
============================================================
K_c 成分分解 FD 診断（status-342）  [incr=175 att=19]
============================================================
  ||du|| = 1.0307e-04, eps = 1.00e-07
  ||dfc (FD)|| = 2.6371e-05
  ||K_mat@du|| = 1.5550e-05, ||K_geo@du|| = 2.4110e-08, ||K_st@du||  = 1.7607e-05
  ||K_c@du||   = 1.9898e-05
  寄与率: mat= 0.78, geo= 0.00, st= 0.88
------------------------------------------------------------
  組み合わせ別 FD 相対誤差（K_c = K_mat - K_geo + K_st 合意）:
    full     = 1.0105e+00
    mat_only = 7.6702e-01  (geo/st 除外)
    mat_geo  = 7.6756e-01  (st 除外)
    mat_st   = 1.0101e+00   (geo 除外)
  最良組み合わせ: mat_only (rel_err=7.6702e-01)
------------------------------------------------------------
  [    full] comp 別不整合: [x= 38.4%, y= 67.9%, z= 62.6%, tx=  0.0%, ty=  0.0%, tz=  0.0%]
  [mat_only] comp 別不整合: [x= 51.3%, y=  7.9%, z= 85.5%, tx=  0.0%, ty=  0.0%, tz=  0.0%]
  [ mat_geo] comp 別不整合: [x= 51.3%, y=  7.9%, z= 85.4%, tx=  0.0%, ty=  0.0%, tz=  0.0%]
  [  mat_st] comp 別不整合: [x= 38.4%, y= 67.9%, z= 62.6%, tx=  0.0%, ty=  0.0%, tz=  0.0%]
  ⚠ K_st 足し込みで rel_err が +2.4291e-01 悪化 — K_st が primary driver の可能性
  ⚠ K_geo 足し込みで rel_err が +2.4306e-01 悪化 — K_geo が primary driver の可能性
============================================================
  Incr 175 (frac=0.3748), attempt 20 [D.stall+E], ||R_t||/||f|| = 9.359e-04, ||R_r|| = 6.252e-06, ||R_w||/||f||=9.361e-04, rate=0.963, active=32, R(x=5.0e-05/89%,y=9.3e-06/16%,z=2.4e-05/42%)
============================================================
接線剛性FD方向診断（status-256）
============================================================
  ||du|| = 1.0037e-04
  ||R_u|| = 5.6800e-05
  ⚠ R_u vs compute_residual(u) 乖離: 1.7469e-06 (リラクゼーション/動的項の差異)
  ||R_base|| = 5.5962e-05
  ||R(u+eps*du)|| = 5.5961e-05
  方向有効性: ||R(u+eps*du)||/||R(u)|| = 0.999991
  ✓ du方向で残差が減少 — Newton方向は有効
  FD方向微分 = 3.8911e-03
  解析方向微分 = 3.6074e-05
  全体系 K@du: FD vs 解析 相対誤差 = 9.9972e-01
  ⚠ 全体系で接線剛性不整合 — K_c自体が不正確
  全体系不整合DOF上位5件:
    dof=86 (node=14, comp=2): FD=8.9904e-03, analytical=9.0730e-06, diff=8.9813e-03
    dof=398 (node=66, comp=2): FD=-7.5940e-03, analytical=-1.0958e-05, diff=-7.5830e-03
    dof=92 (node=15, comp=2): FD=5.7521e-03, analytical=5.5197e-06, diff=5.7466e-03
    dof=392 (node=65, comp=2): FD=-5.0053e-03, analytical=-1.1692e-05, diff=-4.9936e-03
    dof=1724 (node=287, comp=2): FD=4.0982e-03, analytical=-1.9507e-09, diff=4.0982e-03
  comp別不整合: [x:7.71e-03(33%), y:1.29e-03(6%), z:2.20e-02(94%), θx:5.48e-05(0%), θy:5.97e-04(3%), θz:3.80e-05(0%)]
  接触DOF不整合: 1.63e-02 (402 DOFs), 構造DOF不整合: 1.67e-02 (1536 DOFs)
  活性DOF K@du: FD vs 解析 相対誤差 = 9.9925e-01 (402 DOFs)
  ⚠ 活性DOFで接線剛性不整合
  方向微分整合度: |FD-解析|/max = 9.9073e-01
------------------------------------------------------------
  f_c 単独FD検証（K_c精度）
  ||∂f_c/∂u·du (FD)|| = 4.5747e-05
  ||K_c @ du|| = 2.1661e-05
  f_c FD相対誤差 = 1.4482e+00
  ⚠ K_c自体が不正確（f_c単独で10%超の不整合）
  f_c comp別不整合: [x=2.3e-05/35%, y=1.7e-05/26%, z=6.0e-05/90%, θx=0.0e+00/0%, θy=0.0e+00/0%, θz=0.0e+00/0%]
  f_c不整合DOF上位5件:
    dof=398 (node=66, comp=2): FD=-2.1352e-05, K_c=9.7573e-06, diff=-3.1109e-05
    dof=92 (node=15, comp=2): FD=2.0765e-05, K_c=-9.3562e-06, diff=3.0122e-05
    dof=392 (node=65, comp=2): FD=-1.9932e-05, K_c=9.4253e-06, diff=-2.9357e-05
    dof=86 (node=14, comp=2): FD=1.9539e-05, K_c=-9.0750e-06, diff=2.8614e-05
    dof=810 (node=135, comp=0): FD=-7.2428e-06, K_c=5.8187e-06, diff=-1.3061e-05
============================================================
[K_c成分FD]
============================================================
K_c 成分分解 FD 診断（status-342）  [incr=175 att=20]
============================================================
  ||du|| = 1.0037e-04, eps = 1.00e-07
  ||dfc (FD)|| = 2.6389e-05
  ||K_mat@du|| = 1.5055e-05, ||K_geo@du|| = 2.3499e-08, ||K_st@du||  = 1.7193e-05
  ||K_c@du||   = 1.9340e-05
  寄与率: mat= 0.78, geo= 0.00, st= 0.89
------------------------------------------------------------
  組み合わせ別 FD 相対誤差（K_c = K_mat - K_geo + K_st 合意）:
    full     = 1.0123e+00
    mat_only = 7.8323e-01  (geo/st 除外)
    mat_geo  = 7.8376e-01  (st 除外)
    mat_st   = 1.0119e+00   (geo 除外)
  最良組み合わせ: mat_only (rel_err=7.8323e-01)
------------------------------------------------------------
  [    full] comp 別不整合: [x= 37.3%, y= 66.3%, z= 65.0%, tx=  0.0%, ty=  0.0%, tz=  0.0%]
  [mat_only] comp 別不整合: [x= 48.9%, y=  7.5%, z= 86.9%, tx=  0.0%, ty=  0.0%, tz=  0.0%]
  [ mat_geo] comp 別不整合: [x= 49.0%, y=  7.5%, z= 86.9%, tx=  0.0%, ty=  0.0%, tz=  0.0%]
  [  mat_st] comp 別不整合: [x= 37.2%, y= 66.3%, z= 65.0%, tx=  0.0%, ty=  0.0%, tz=  0.0%]
  ⚠ K_st 足し込みで rel_err が +2.2857e-01 悪化 — K_st が primary driver の可能性
  ⚠ K_geo 足し込みで rel_err が +2.2871e-01 悪化 — K_geo が primary driver の可能性
============================================================
============================================================
接線剛性FD方向診断（status-256）
============================================================
  ||du|| = 9.7856e-05
  ||R_u|| = 5.4689e-05
  ⚠ R_u vs compute_residual(u) 乖離: 2.6293e-06 (リラクゼーション/動的項の差異)
  ||R_base|| = 5.3447e-05
  ||R(u+eps*du)|| = 5.3446e-05
  方向有効性: ||R(u+eps*du)||/||R(u)|| = 0.999989
  ✓ du方向で残差が減少 — Newton方向は有効
  FD方向微分 = 4.3568e-03
  解析方向微分 = 3.4690e-05
  全体系 K@du: FD vs 解析 相対誤差 = 9.9964e-01
  ⚠ 全体系で接線剛性不整合 — K_c自体が不正確
  全体系不整合DOF上位5件:
    dof=86 (node=14, comp=2): FD=7.9978e-03, analytical=8.5057e-06, diff=7.9893e-03
    dof=398 (node=66, comp=2): FD=-6.7940e-03, analytical=-1.0311e-05, diff=-6.7837e-03
    dof=92 (node=15, comp=2): FD=4.6255e-03, analytical=5.0550e-06, diff=4.6205e-03
    dof=1820 (node=303, comp=2): FD=4.3742e-03, analytical=-2.5308e-06, diff=4.3767e-03
    dof=1190 (node=198, comp=2): FD=4.2716e-03, analytical=1.0532e-12, diff=4.2716e-03
  comp別不整合: [x:8.70e-03(38%), y:1.58e-03(7%), z:2.13e-02(92%), θx:6.23e-05(0%), θy:6.02e-04(3%), θz:3.75e-05(0%)]
  接触DOF不整合: 1.59e-02 (402 DOFs), 構造DOF不整合: 1.66e-02 (1536 DOFs)
  活性DOF K@du: FD vs 解析 相対誤差 = 9.9906e-01 (402 DOFs)
  ⚠ 活性DOFで接線剛性不整合
  方向微分整合度: |FD-解析|/max = 9.9204e-01
------------------------------------------------------------
  f_c 単独FD検証（K_c精度）
  ||∂f_c/∂u·du (FD)|| = 4.9730e-05
  ||K_c @ du|| = 2.2217e-05
  f_c FD相対誤差 = 1.4261e+00
  ⚠ K_c自体が不正確（f_c単独で10%超の不整合）
  f_c comp別不整合: [x=2.3e-05/32%, y=1.7e-05/24%, z=6.5e-05/92%, θx=0.0e+00/0%, θy=0.0e+00/0%, θz=0.0e+00/0%]
  f_c不整合DOF上位5件:
    dof=398 (node=66, comp=2): FD=-2.3691e-05, K_c=1.0143e-05, diff=-3.3834e-05
    dof=92 (node=15, comp=2): FD=2.3136e-05, K_c=-9.7669e-06, diff=3.2903e-05
    dof=392 (node=65, comp=2): FD=-2.2070e-05, K_c=9.7742e-06, diff=-3.1845e-05
    dof=86 (node=14, comp=2): FD=2.1685e-05, K_c=-9.4338e-06, diff=3.1119e-05
    dof=810 (node=135, comp=0): FD=-6.9699e-06, K_c=5.5987e-06, diff=-1.2569e-05
============================================================
[K_c成分FD]
============================================================
K_c 成分分解 FD 診断（status-342）  [incr=175 att=21]
============================================================
  ||du|| = 9.7856e-05, eps = 1.00e-07
  ||dfc (FD)|| = 2.6480e-05
  ||K_mat@du|| = 1.4575e-05, ||K_geo@du|| = 2.2932e-08, ||K_st@du||  = 1.6809e-05
  ||K_c@du||   = 1.8812e-05
  寄与率: mat= 0.77, geo= 0.00, st= 0.89
------------------------------------------------------------
  組み合わせ別 FD 相対誤差（K_c = K_mat - K_geo + K_st 合意）:
    full     = 1.0145e+00
    mat_only = 7.9958e-01  (geo/st 除外)
    mat_geo  = 8.0009e-01  (st 除外)
    mat_st   = 1.0141e+00   (geo 除外)
  最良組み合わせ: mat_only (rel_err=7.9958e-01)
------------------------------------------------------------
  [    full] comp 別不整合: [x= 36.1%, y= 64.6%, z= 67.3%, tx=  0.0%, ty=  0.0%, tz=  0.0%]
  [mat_only] comp 別不整合: [x= 46.7%, y=  7.1%, z= 88.2%, tx=  0.0%, ty=  0.0%, tz=  0.0%]
  [ mat_geo] comp 別不整合: [x= 46.7%, y=  7.1%, z= 88.1%, tx=  0.0%, ty=  0.0%, tz=  0.0%]
  [  mat_st] comp 別不整合: [x= 36.0%, y= 64.6%, z= 67.3%, tx=  0.0%, ty=  0.0%, tz=  0.0%]
  ⚠ K_st 足し込みで rel_err が +2.1440e-01 悪化 — K_st が primary driver の可能性
  ⚠ K_geo 足し込みで rel_err が +2.1452e-01 悪化 — K_geo が primary driver の可能性
============================================================
============================================================
接線剛性FD方向診断（status-256）
============================================================
  ||du|| = 9.5520e-05
  ||R_u|| = 5.2635e-05
  ⚠ R_u vs compute_residual(u) 乖離: 3.5187e-06 (リラクゼーション/動的項の差異)
  ||R_base|| = 5.1002e-05
  ||R(u+eps*du)|| = 5.1002e-05
  方向有効性: ||R(u+eps*du)||/||R(u)|| = 0.999989
  ✓ du方向で残差が減少 — Newton方向は有効
  FD方向微分 = 4.8948e-03
  解析方向微分 = 3.3338e-05
  全体系 K@du: FD vs 解析 相対誤差 = 9.9968e-01
  ⚠ 全体系で接線剛性不整合 — K_c自体が不正確
  全体系不整合DOF上位5件:
    dof=86 (node=14, comp=2): FD=8.8764e-03, analytical=7.9449e-06, diff=8.8685e-03
    dof=392 (node=65, comp=2): FD=-8.6866e-03, analytical=-1.0383e-05, diff=-8.6762e-03
    dof=92 (node=15, comp=2): FD=7.3083e-03, analytical=4.5920e-06, diff=7.3037e-03
    dof=398 (node=66, comp=2): FD=-7.0605e-03, analytical=-9.6714e-06, diff=-7.0508e-03
    dof=590 (node=98, comp=2): FD=3.9190e-03, analytical=1.3767e-10, diff=3.9190e-03
  comp別不整合: [x:8.26e-03(33%), y:1.37e-03(5%), z:2.40e-02(94%), θx:6.71e-05(0%), θy:5.88e-04(2%), θz:3.55e-05(0%)]
  接触DOF不整合: 1.86e-02 (402 DOFs), 構造DOF不整合: 1.73e-02 (1536 DOFs)
  活性DOF K@du: FD vs 解析 相対誤差 = 9.9927e-01 (402 DOFs)
  ⚠ 活性DOFで接線剛性不整合
  方向微分整合度: |FD-解析|/max = 9.9319e-01
------------------------------------------------------------
  f_c 単独FD検証（K_c精度）
  ||∂f_c/∂u·du (FD)|| = 5.4528e-05
  ||K_c @ du|| = 2.2852e-05
  f_c FD相対誤差 = 1.4023e+00
  ⚠ K_c自体が不正確（f_c単独で10%超の不整合）
  f_c comp別不整合: [x=2.3e-05/31%, y=1.6e-05/21%, z=7.1e-05/93%, θx=0.0e+00/0%, θy=0.0e+00/0%, θz=0.0e+00/0%]
  f_c不整合DOF上位5件:
    dof=398 (node=66, comp=2): FD=-2.6385e-05, K_c=1.0553e-05, diff=-3.6937e-05
    dof=92 (node=15, comp=2): FD=2.5858e-05, K_c=-1.0199e-05, diff=3.6057e-05
    dof=392 (node=65, comp=2): FD=-2.4533e-05, K_c=1.0145e-05, diff=-3.4678e-05
    dof=86 (node=14, comp=2): FD=2.4155e-05, K_c=-9.8132e-06, diff=3.3968e-05
    dof=810 (node=135, comp=0): FD=-6.7187e-06, K_c=5.3814e-06, diff=-1.2100e-05
============================================================
[K_c成分FD]
============================================================
K_c 成分分解 FD 診断（status-342）  [incr=175 att=22]
============================================================
  ||du|| = 9.5520e-05, eps = 1.00e-07
  ||dfc (FD)|| = 2.6688e-05
  ||K_mat@du|| = 1.4111e-05, ||K_geo@du|| = 2.2409e-08, ||K_st@du||  = 1.6455e-05
  ||K_c@du||   = 1.8313e-05
  寄与率: mat= 0.77, geo= 0.00, st= 0.90
------------------------------------------------------------
  組み合わせ別 FD 相対誤差（K_c = K_mat - K_geo + K_st 合意）:
    full     = 1.0156e+00
    mat_only = 8.1553e-01  (geo/st 除外)
    mat_geo  = 8.1603e-01  (st 除外)
    mat_st   = 1.0152e+00   (geo 除外)
  最良組み合わせ: mat_only (rel_err=8.1553e-01)
------------------------------------------------------------
  [    full] comp 別不整合: [x= 35.1%, y= 62.8%, z= 69.5%, tx=  0.0%, ty=  0.0%, tz=  0.0%]
  [mat_only] comp 別不整合: [x= 44.7%, y=  6.8%, z= 89.2%, tx=  0.0%, ty=  0.0%, tz=  0.0%]
  [ mat_geo] comp 別不整合: [x= 44.7%, y=  6.8%, z= 89.2%, tx=  0.0%, ty=  0.0%, tz=  0.0%]
  [  mat_st] comp 別不整合: [x= 35.0%, y= 62.8%, z= 69.5%, tx=  0.0%, ty=  0.0%, tz=  0.0%]
  ⚠ K_st 足し込みで rel_err が +1.9959e-01 悪化 — K_st が primary driver の可能性
  ⚠ K_geo 足し込みで rel_err が +1.9970e-01 悪化 — K_geo が primary driver の可能性
============================================================
  [Type D対策] FD診断: Newton方向精度不良 (dir_ratio=1.000), NR上限拡張→37
============================================================
接線剛性FD方向診断（status-256）
============================================================
  ||du|| = 9.3374e-05
  ||R_u|| = 5.0634e-05
  ⚠ R_u vs compute_residual(u) 乖離: 4.4178e-06 (リラクゼーション/動的項の差異)
  ||R_base|| = 4.8629e-05
  ||R(u+eps*du)|| = 4.8628e-05
  方向有効性: ||R(u+eps*du)||/||R(u)|| = 0.999986
  ✓ du方向で残差が減少 — Newton方向は有効
  FD方向微分 = 5.5175e-03
  解析方向微分 = 3.2017e-05
  全体系 K@du: FD vs 解析 相対誤差 = 9.9962e-01
  ⚠ 全体系で接線剛性不整合 — K_c自体が不正確
  全体系不整合DOF上位5件:
    dof=86 (node=14, comp=2): FD=9.2881e-03, analytical=7.3900e-06, diff=9.2807e-03
    dof=398 (node=66, comp=2): FD=-8.2009e-03, analytical=-9.0396e-06, diff=-8.1919e-03
    dof=392 (node=65, comp=2): FD=-7.3880e-03, analytical=-9.7411e-06, diff=-7.3783e-03
    dof=92 (node=15, comp=2): FD=5.1518e-03, analytical=4.1294e-06, diff=5.1477e-03
    dof=374 (node=62, comp=2): FD=-4.7077e-03, analytical=-1.9523e-07, diff=-4.7075e-03
  comp別不整合: [x:9.16e-03(35%), y:1.64e-03(6%), z:2.46e-02(94%), θx:5.52e-05(0%), θy:5.71e-04(2%), θz:3.45e-05(0%)]
  接触DOF不整合: 1.82e-02 (402 DOFs), 構造DOF不整合: 1.90e-02 (1536 DOFs)
  活性DOF K@du: FD vs 解析 相対誤差 = 9.9907e-01 (402 DOFs)
  ⚠ 活性DOFで接線剛性不整合
  方向微分整合度: |FD-解析|/max = 9.9420e-01
------------------------------------------------------------
  f_c 単独FD検証（K_c精度）
  ||∂f_c/∂u·du (FD)|| = 6.0261e-05
  ||K_c @ du|| = 2.3572e-05
  f_c FD相対誤差 = 1.3775e+00
  ⚠ K_c自体が不正確（f_c単独で10%超の不整合）
  f_c comp別不整合: [x=2.4e-05/29%, y=1.6e-05/19%, z=7.8e-05/94%, θx=0.0e+00/0%, θy=0.0e+00/0%, θz=0.0e+00/0%]
  f_c不整合DOF上位5件:
    dof=398 (node=66, comp=2): FD=-2.9499e-05, K_c=1.0989e-05, diff=-4.0488e-05
    dof=92 (node=15, comp=2): FD=2.9001e-05, K_c=-1.0655e-05, diff=3.9656e-05
    dof=392 (node=65, comp=2): FD=-2.7381e-05, K_c=1.0540e-05, diff=-3.7921e-05
    dof=86 (node=14, comp=2): FD=2.7008e-05, K_c=-1.0217e-05, diff=3.7225e-05
    dof=810 (node=135, comp=0): FD=-6.4537e-06, K_c=5.1676e-06, diff=-1.1621e-05
============================================================
[K_c成分FD]
============================================================
K_c 成分分解 FD 診断（status-342）  [incr=175 att=23]
============================================================
  ||du|| = 9.3374e-05, eps = 1.00e-07
  ||dfc (FD)|| = 2.6991e-05
  ||K_mat@du|| = 1.3661e-05, ||K_geo@du|| = 2.1933e-08, ||K_st@du||  = 1.6133e-05
  ||K_c@du||   = 1.7845e-05
  寄与率: mat= 0.77, geo= 0.00, st= 0.90
------------------------------------------------------------
  組み合わせ別 FD 相対誤差（K_c = K_mat - K_geo + K_st 合意）:
    full     = 1.0172e+00
    mat_only = 8.3123e-01  (geo/st 除外)
    mat_geo  = 8.3172e-01  (st 除外)
    mat_st   = 1.0169e+00   (geo 除外)
  最良組み合わせ: mat_only (rel_err=8.3123e-01)
------------------------------------------------------------
  [    full] comp 別不整合: [x= 34.1%, y= 61.0%, z= 71.6%, tx=  0.0%, ty=  0.0%, tz=  0.0%]
  [mat_only] comp 別不整合: [x= 42.8%, y=  6.5%, z= 90.1%, tx=  0.0%, ty=  0.0%, tz=  0.0%]
  [ mat_geo] comp 別不整合: [x= 42.9%, y=  6.5%, z= 90.1%, tx=  0.0%, ty=  0.0%, tz=  0.0%]
  [  mat_st] comp 別不整合: [x= 34.1%, y= 61.0%, z= 71.6%, tx=  0.0%, ty=  0.0%, tz=  0.0%]
  ⚠ K_st 足し込みで rel_err が +1.8552e-01 悪化 — K_st が primary driver の可能性
  ⚠ K_geo 足し込みで rel_err が +1.8563e-01 悪化 — K_geo が primary driver の可能性
============================================================
============================================================
接線剛性FD方向診断（status-256）
============================================================
  ||du|| = 9.1426e-05
  ||R_u|| = 4.8684e-05
  ⚠ R_u vs compute_residual(u) 乖離: 5.3298e-06 (リラクゼーション/動的項の差異)
  ||R_base|| = 4.6326e-05
  ||R(u+eps*du)|| = 4.6326e-05
  方向有効性: ||R(u+eps*du)||/||R(u)|| = 0.999984
  ✓ du方向で残差が減少 — Newton方向は有効
  FD方向微分 = 6.2404e-03
  解析方向微分 = 3.0722e-05
  全体系 K@du: FD vs 解析 相対誤差 = 9.9958e-01
  ⚠ 全体系で接線剛性不整合 — K_c自体が不正確
  全体系不整合DOF上位5件:
    dof=392 (node=65, comp=2): FD=-1.0252e-02, analytical=-9.1075e-06, diff=-1.0243e-02
    dof=92 (node=15, comp=2): FD=8.0180e-03, analytical=3.6675e-06, diff=8.0144e-03
    dof=86 (node=14, comp=2): FD=6.4529e-03, analytical=6.8398e-06, diff=6.4461e-03
    dof=398 (node=66, comp=2): FD=-5.3985e-03, analytical=-8.4136e-06, diff=-5.3901e-03
    dof=380 (node=63, comp=2): FD=4.1691e-03, analytical=2.3621e-09, diff=4.1691e-03
  comp別不整合: [x:9.87e-03(37%), y:1.61e-03(6%), z:2.44e-02(93%), θx:6.42e-05(0%), θy:5.80e-04(2%), θz:3.41e-05(0%)]
  接触DOF不整合: 1.87e-02 (402 DOFs), 構造DOF不整合: 1.86e-02 (1536 DOFs)
  活性DOF K@du: FD vs 解析 相対誤差 = 9.9904e-01 (402 DOFs)
  ⚠ 活性DOFで接線剛性不整合
  方向微分整合度: |FD-解析|/max = 9.9508e-01
------------------------------------------------------------
  f_c 単独FD検証（K_c精度）
  ||∂f_c/∂u·du (FD)|| = 6.7091e-05
  ||K_c @ du|| = 2.4389e-05
  f_c FD相対誤差 = 1.3525e+00
  ⚠ K_c自体が不正確（f_c単独で10%超の不整合）
  f_c comp別不整合: [x=2.6e-05/28%, y=1.6e-05/17%, z=8.6e-05/94%, θx=0.0e+00/0%, θy=0.0e+00/0%, θz=0.0e+00/0%]
  f_c不整合DOF上位5件:
    dof=398 (node=66, comp=2): FD=-3.3108e-05, K_c=1.1458e-05, diff=-4.4566e-05
    dof=92 (node=15, comp=2): FD=3.2635e-05, K_c=-1.1140e-05, diff=4.3775e-05
    dof=392 (node=65, comp=2): FD=-3.0681e-05, K_c=1.0964e-05, diff=-4.1645e-05
    dof=86 (node=14, comp=2): FD=3.0312e-05, K_c=-1.0648e-05, diff=4.0960e-05
    dof=396 (node=66, comp=0): FD=7.7103e-06, K_c=-3.7871e-06, diff=1.1497e-05
============================================================
[K_c成分FD]
============================================================
K_c 成分分解 FD 診断（status-342）  [incr=175 att=24]
============================================================
  ||du|| = 9.1426e-05, eps = 1.00e-07
  ||dfc (FD)|| = 2.7398e-05
  ||K_mat@du|| = 1.3227e-05, ||K_geo@du|| = 2.1505e-08, ||K_st@du||  = 1.5844e-05
  ||K_c@du||   = 1.7410e-05
  寄与率: mat= 0.76, geo= 0.00, st= 0.91
------------------------------------------------------------
  組み合わせ別 FD 相対誤差（K_c = K_mat - K_geo + K_st 合意）:
    full     = 1.0188e+00
    mat_only = 8.4678e-01  (geo/st 除外)
    mat_geo  = 8.4727e-01  (st 除外)
    mat_st   = 1.0184e+00   (geo 除外)
  最良組み合わせ: mat_only (rel_err=8.4678e-01)
------------------------------------------------------------
  [    full] comp 別不整合: [x= 33.4%, y= 59.1%, z= 73.5%, tx=  0.0%, ty=  0.0%, tz=  0.0%]
  [mat_only] comp 別不整合: [x= 41.3%, y=  6.2%, z= 90.9%, tx=  0.0%, ty=  0.0%, tz=  0.0%]
  [ mat_geo] comp 別不整合: [x= 41.4%, y=  6.2%, z= 90.8%, tx=  0.0%, ty=  0.0%, tz=  0.0%]
  [  mat_st] comp 別不整合: [x= 33.3%, y= 59.1%, z= 73.5%, tx=  0.0%, ty=  0.0%, tz=  0.0%]
  ⚠ K_st 足し込みで rel_err が +1.7155e-01 悪化 — K_st が primary driver の可能性
  ⚠ K_geo 足し込みで rel_err が +1.7164e-01 悪化 — K_geo が primary driver の可能性
============================================================
  Incr 175 (frac=0.3748), attempt 25 [D.stall+E], ||R_t||/||f|| = 7.700e-04, ||R_r|| = 5.599e-06, ||R_w||/||f||=7.701e-04, rate=0.961, active=32, R(x=4.2e-05/90%,y=7.9e-06/17%,z=1.8e-05/38%)
============================================================
接線剛性FD方向診断（status-256）
============================================================
  ||du|| = 8.9691e-05
  ||R_u|| = 4.6783e-05
  ⚠ R_u vs compute_residual(u) 乖離: 6.2582e-06 (リラクゼーション/動的項の差異)
  ||R_base|| = 4.4097e-05
  ||R(u+eps*du)|| = 4.4096e-05
  方向有効性: ||R(u+eps*du)||/||R(u)|| = 0.999983
  ✓ du方向で残差が減少 — Newton方向は有効
  FD方向微分 = 7.0826e-03
  解析方向微分 = 2.9450e-05
  全体系 K@du: FD vs 解析 相対誤差 = 9.9959e-01
  ⚠ 全体系で接線剛性不整合 — K_c自体が不正確
  全体系不整合DOF上位5件:
    dof=392 (node=65, comp=2): FD=-1.1110e-02, analytical=-8.4802e-06, diff=-1.1101e-02
    dof=86 (node=14, comp=2): FD=1.1028e-02, analytical=6.2935e-06, diff=1.1022e-02
    dof=398 (node=66, comp=2): FD=-8.8998e-03, analytical=-7.7929e-06, diff=-8.8920e-03
    dof=92 (node=15, comp=2): FD=6.8011e-03, analytical=3.2046e-06, diff=6.7979e-03
    dof=686 (node=114, comp=2): FD=-4.8063e-03, analytical=-2.1395e-10, diff=-4.8063e-03
  comp別不整合: [x:9.14e-03(33%), y:1.57e-03(6%), z:2.61e-02(94%), θx:5.96e-05(0%), θy:5.62e-04(2%), θz:3.32e-05(0%)]
  接触DOF不整合: 2.09e-02 (402 DOFs), 構造DOF不整合: 1.82e-02 (1536 DOFs)
  活性DOF K@du: FD vs 解析 相対誤差 = 9.9918e-01 (402 DOFs)
  ⚠ 活性DOFで接線剛性不整合
  方向微分整合度: |FD-解析|/max = 9.9584e-01
------------------------------------------------------------
  f_c 単独FD検証（K_c精度）
  ||∂f_c/∂u·du (FD)|| = 7.5223e-05
  ||K_c @ du|| = 2.5316e-05
  f_c FD相対誤差 = 1.3277e+00
  ⚠ K_c自体が不正確（f_c単独で10%超の不整合）
  f_c comp別不整合: [x=2.8e-05/28%, y=1.5e-05/15%, z=9.5e-05/95%, θx=0.0e+00/0%, θy=0.0e+00/0%, θz=0.0e+00/0%]
  f_c不整合DOF上位5件:
    dof=398 (node=66, comp=2): FD=-3.7309e-05, K_c=1.1962e-05, diff=-4.9271e-05
    dof=92 (node=15, comp=2): FD=3.6860e-05, K_c=-1.1660e-05, diff=4.8520e-05
    dof=392 (node=65, comp=2): FD=-3.4523e-05, K_c=1.1423e-05, diff=-4.5946e-05
    dof=86 (node=14, comp=2): FD=3.4157e-05, K_c=-1.1112e-05, diff=4.5269e-05
    dof=396 (node=66, comp=0): FD=9.2189e-06, K_c=-4.0829e-06, diff=1.3302e-05
============================================================
[K_c成分FD]
============================================================
K_c 成分分解 FD 診断（status-342）  [incr=175 att=25]
============================================================
  ||du|| = 8.9691e-05, eps = 1.00e-07
  ||dfc (FD)|| = 2.7911e-05
  ||K_mat@du|| = 1.2808e-05, ||K_geo@du|| = 2.1129e-08, ||K_st@du||  = 1.5591e-05
  ||K_c@du||   = 1.7008e-05
  寄与率: mat= 0.75, geo= 0.00, st= 0.92
------------------------------------------------------------
  組み合わせ別 FD 相対誤差（K_c = K_mat - K_geo + K_st 合意）:
    full     = 1.0208e+00
    mat_only = 8.6239e-01  (geo/st 除外)
    mat_geo  = 8.6286e-01  (st 除外)
    mat_st   = 1.0204e+00   (geo 除外)
  最良組み合わせ: mat_only (rel_err=8.6239e-01)
------------------------------------------------------------
  [    full] comp 別不整合: [x= 32.8%, y= 57.1%, z= 75.3%, tx=  0.0%, ty=  0.0%, tz=  0.0%]
  [mat_only] comp 別不整合: [x= 40.1%, y=  5.8%, z= 91.4%, tx=  0.0%, ty=  0.0%, tz=  0.0%]
  [ mat_geo] comp 別不整合: [x= 40.1%, y=  5.8%, z= 91.4%, tx=  0.0%, ty=  0.0%, tz=  0.0%]
  [  mat_st] comp 別不整合: [x= 32.8%, y= 57.1%, z= 75.3%, tx=  0.0%, ty=  0.0%, tz=  0.0%]
  ⚠ K_st 足し込みで rel_err が +1.5790e-01 悪化 — K_st が primary driver の可能性
  ⚠ K_geo 足し込みで rel_err が +1.5798e-01 悪化 — K_geo が primary driver の可能性
============================================================
============================================================
接線剛性FD方向診断（status-256）
============================================================
  ||du|| = 8.8189e-05
  ||R_u|| = 4.4926e-05
  ⚠ R_u vs compute_residual(u) 乖離: 7.2070e-06 (リラクゼーション/動的項の差異)
  ||R_base|| = 4.1944e-05
  ||R(u+eps*du)|| = 4.1944e-05
  方向有効性: ||R(u+eps*du)||/||R(u)|| = 0.999980
  ✓ du方向で残差が減少 — Newton方向は有効
  FD方向微分 = 8.0679e-03
  解析方向微分 = 2.8199e-05
  全体系 K@du: FD vs 解析 相対誤差 = 9.9948e-01
  ⚠ 全体系で接線剛性不整合 — K_c自体が不正確
  全体系不整合DOF上位5件:
    dof=92 (node=15, comp=2): FD=1.1255e-02, analytical=2.7403e-06, diff=1.1252e-02
    dof=398 (node=66, comp=2): FD=-9.8491e-03, analytical=-7.1756e-06, diff=-9.8419e-03
    dof=86 (node=14, comp=2): FD=8.8854e-03, analytical=5.7491e-06, diff=8.8796e-03
    dof=392 (node=65, comp=2): FD=-8.2281e-03, analytical=-7.8583e-06, diff=-8.2202e-03
    dof=296 (node=49, comp=2): FD=3.7231e-03, analytical=-5.6500e-11, diff=3.7231e-03
  comp別不整合: [x:8.85e-03(34%), y:1.26e-03(5%), z:2.44e-02(94%), θx:5.24e-05(0%), θy:5.52e-04(2%), θz:3.38e-05(0%)]
  接触DOF不整合: 2.19e-02 (402 DOFs), 構造DOF不整合: 1.39e-02 (1536 DOFs)
  活性DOF K@du: FD vs 解析 相対誤差 = 9.9918e-01 (402 DOFs)
  ⚠ 活性DOFで接線剛性不整合
  方向微分整合度: |FD-解析|/max = 9.9650e-01
------------------------------------------------------------
  f_c 単独FD検証（K_c精度）
  ||∂f_c/∂u·du (FD)|| = 8.4938e-05
  ||K_c @ du|| = 2.6370e-05
  f_c FD相対誤差 = 1.3034e+00
  ⚠ K_c自体が不正確（f_c単独で10%超の不整合）
  f_c comp別不整合: [x=3.1e-05/28%, y=1.5e-05/14%, z=1.1e-04/95%, θx=0.0e+00/0%, θy=0.0e+00/0%, θz=0.0e+00/0%]
  f_c不整合DOF上位5件:
    dof=398 (node=66, comp=2): FD=-4.2221e-05, K_c=1.2511e-05, diff=-5.4732e-05
    dof=92 (node=15, comp=2): FD=4.1791e-05, K_c=-1.2221e-05, diff=5.4012e-05
    dof=392 (node=65, comp=2): FD=-3.9017e-05, K_c=1.1922e-05, diff=-5.0939e-05
    dof=86 (node=14, comp=2): FD=3.8649e-05, K_c=-1.1616e-05, diff=5.0265e-05
    dof=396 (node=66, comp=0): FD=1.1121e-05, K_c=-4.4310e-06, diff=1.5552e-05
============================================================
[K_c成分FD]
============================================================
K_c 成分分解 FD 診断（status-342）  [incr=175 att=26]
============================================================
  ||du|| = 8.8189e-05, eps = 1.00e-07
  ||dfc (FD)|| = 2.8597e-05
  ||K_mat@du|| = 1.2404e-05, ||K_geo@du|| = 2.0811e-08, ||K_st@du||  = 1.5377e-05
  ||K_c@du||   = 1.6644e-05
  寄与率: mat= 0.75, geo= 0.00, st= 0.92
------------------------------------------------------------
  組み合わせ別 FD 相対誤差（K_c = K_mat - K_geo + K_st 合意）:
    full     = 1.0217e+00
    mat_only = 8.7665e-01  (geo/st 除外)
    mat_geo  = 8.7711e-01  (st 除外)
    mat_st   = 1.0213e+00   (geo 除外)
  最良組み合わせ: mat_only (rel_err=8.7665e-01)
------------------------------------------------------------
  [    full] comp 別不整合: [x= 32.6%, y= 55.1%, z= 76.9%, tx=  0.0%, ty=  0.0%, tz=  0.0%]
  [mat_only] comp 別不整合: [x= 39.3%, y=  5.6%, z= 91.8%, tx=  0.0%, ty=  0.0%, tz=  0.0%]
  [ mat_geo] comp 別不整合: [x= 39.3%, y=  5.6%, z= 91.8%, tx=  0.0%, ty=  0.0%, tz=  0.0%]
  [  mat_st] comp 別不整合: [x= 32.5%, y= 55.1%, z= 76.9%, tx=  0.0%, ty=  0.0%, tz=  0.0%]
  ⚠ K_st 足し込みで rel_err が +1.4461e-01 悪化 — K_st が primary driver の可能性
  ⚠ K_geo 足し込みで rel_err が +1.4468e-01 悪化 — K_geo が primary driver の可能性
============================================================
============================================================
接線剛性FD方向診断（status-256）
============================================================
  ||du|| = 8.6946e-05
  ||R_u|| = 4.3112e-05
  ⚠ R_u vs compute_residual(u) 乖離: 8.1808e-06 (リラクゼーション/動的項の差異)
  ||R_base|| = 3.9873e-05
  ||R(u+eps*du)|| = 3.9872e-05
  方向有効性: ||R(u+eps*du)||/||R(u)|| = 0.999982
  ✓ du方向で残差が減少 — Newton方向は有効
  FD方向微分 = 9.2272e-03
  解析方向微分 = 2.6963e-05
  全体系 K@du: FD vs 解析 相対誤差 = 9.9962e-01
  ⚠ 全体系で接線剛性不整合 — K_c自体が不正確
  全体系不整合DOF上位5件:
    dof=398 (node=66, comp=2): FD=-1.4750e-02, analytical=-6.5605e-06, diff=-1.4744e-02
    dof=92 (node=15, comp=2): FD=1.2915e-02, analytical=2.2729e-06, diff=1.2913e-02
    dof=86 (node=14, comp=2): FD=1.1518e-02, analytical=5.2067e-06, diff=1.1513e-02
    dof=392 (node=65, comp=2): FD=-1.1422e-02, analytical=-7.2403e-06, diff=-1.1415e-02
    dof=1196 (node=199, comp=2): FD=4.1603e-03, analytical=5.5714e-11, diff=4.1603e-03
  comp別不整合: [x:8.38e-03(27%), y:1.45e-03(5%), z:2.93e-02(96%), θx:5.04e-05(0%), θy:5.34e-04(2%), θz:3.18e-05(0%)]
  接触DOF不整合: 2.70e-02 (402 DOFs), 構造DOF不整合: 1.43e-02 (1536 DOFs)
  活性DOF K@du: FD vs 解析 相対誤差 = 9.9946e-01 (402 DOFs)
  ⚠ 活性DOFで接線剛性不整合
  方向微分整合度: |FD-解析|/max = 9.9708e-01
------------------------------------------------------------
  f_c 単独FD検証（K_c精度）
  ||∂f_c/∂u·du (FD)|| = 9.6558e-05
  ||K_c @ du|| = 2.7577e-05
  f_c FD相対誤差 = 1.2800e+00
  ⚠ K_c自体が不正確（f_c単独で10%超の不整合）
  f_c comp別不整合: [x=3.6e-05/29%, y=1.5e-05/12%, z=1.2e-04/95%, θx=0.0e+00/0%, θy=0.0e+00/0%, θz=0.0e+00/0%]
  f_c不整合DOF上位5件:
    dof=398 (node=66, comp=2): FD=-4.7994e-05, K_c=1.3113e-05, diff=-6.1107e-05
    dof=92 (node=15, comp=2): FD=4.7586e-05, K_c=-1.2833e-05, diff=6.0418e-05
    dof=392 (node=65, comp=2): FD=-4.4300e-05, K_c=1.2470e-05, diff=-5.6770e-05
    dof=86 (node=14, comp=2): FD=4.3930e-05, K_c=-1.2168e-05, diff=5.6098e-05
    dof=396 (node=66, comp=0): FD=1.3527e-05, K_c=-4.8408e-06, diff=1.8367e-05
============================================================
[K_c成分FD]
============================================================
K_c 成分分解 FD 診断（status-342）  [incr=175 att=27]
============================================================
  ||du|| = 8.6946e-05, eps = 1.00e-07
  ||dfc (FD)|| = 2.9421e-05
  ||K_mat@du|| = 1.2017e-05, ||K_geo@du|| = 2.0558e-08, ||K_st@du||  = 1.5209e-05
  ||K_c@du||   = 1.6321e-05
  寄与率: mat= 0.74, geo= 0.00, st= 0.93
------------------------------------------------------------
  組み合わせ別 FD 相対誤差（K_c = K_mat - K_geo + K_st 合意）:
    full     = 1.0232e+00
    mat_only = 8.9103e-01  (geo/st 除外)
    mat_geo  = 8.9148e-01  (st 除外)
    mat_st   = 1.0228e+00   (geo 除外)
  最良組み合わせ: mat_only (rel_err=8.9103e-01)
------------------------------------------------------------
  [    full] comp 別不整合: [x= 32.6%, y= 53.0%, z= 78.3%, tx=  0.0%, ty=  0.0%, tz=  0.0%]
  [mat_only] comp 別不整合: [x= 38.8%, y=  5.3%, z= 92.0%, tx=  0.0%, ty=  0.0%, tz=  0.0%]
  [ mat_geo] comp 別不整合: [x= 38.9%, y=  5.3%, z= 92.0%, tx=  0.0%, ty=  0.0%, tz=  0.0%]
  [  mat_st] comp 別不整合: [x= 32.6%, y= 53.0%, z= 78.3%, tx=  0.0%, ty=  0.0%, tz=  0.0%]
  ⚠ K_st 足し込みで rel_err が +1.3169e-01 悪化 — K_st が primary driver の可能性
  ⚠ K_geo 足し込みで rel_err が +1.3176e-01 悪化 — K_geo が primary driver の可能性
============================================================
============================================================
接線剛性FD方向診断（status-256）
============================================================
  ||du|| = 8.6002e-05
  ||R_u|| = 4.1336e-05
  ⚠ R_u vs compute_residual(u) 乖離: 9.1848e-06 (リラクゼーション/動的項の差異)
  ||R_base|| = 3.7890e-05
  ||R(u+eps*du)|| = 3.7889e-05
  方向有効性: ||R(u+eps*du)||/||R(u)|| = 0.999978
  ✓ du方向で残差が減少 — Newton方向は有効
  FD方向微分 = 1.0600e-02
  解析方向微分 = 2.5740e-05
  全体系 K@du: FD vs 解析 相対誤差 = 9.9962e-01
  ⚠ 全体系で接線剛性不整合 — K_c自体が不正確
  全体系不整合DOF上位5件:
    dof=392 (node=65, comp=2): FD=-1.4861e-02, analytical=-6.6246e-06, diff=-1.4854e-02
    dof=92 (node=15, comp=2): FD=1.4234e-02, analytical=1.8009e-06, diff=1.4232e-02
    dof=398 (node=66, comp=2): FD=-1.2297e-02, analytical=-5.9457e-06, diff=-1.2291e-02
    dof=86 (node=14, comp=2): FD=1.0655e-02, analytical=4.6634e-06, diff=1.0651e-02
    dof=84 (node=14, comp=0): FD=-4.3176e-03, analytical=-1.7412e-05, diff=-4.3001e-03
  comp別不整合: [x:1.07e-02(33%), y:1.49e-03(5%), z:3.09e-02(94%), θx:5.94e-05(0%), θy:5.66e-04(2%), θz:3.25e-05(0%)]
  接触DOF不整合: 2.86e-02 (402 DOFs), 構造DOF不整合: 1.59e-02 (1536 DOFs)
  活性DOF K@du: FD vs 解析 相対誤差 = 9.9945e-01 (402 DOFs)
  ⚠ 活性DOFで接線剛性不整合
  方向微分整合度: |FD-解析|/max = 9.9757e-01
------------------------------------------------------------
  f_c 単独FD検証（K_c精度）
  ||∂f_c/∂u·du (FD)|| = 1.1054e-04
  ||K_c @ du|| = 2.8968e-05
  f_c FD相対誤差 = 1.2576e+00
  ⚠ K_c自体が不正確（f_c単独で10%超の不整合）
  f_c comp別不整合: [x=4.2e-05/30%, y=1.5e-05/11%, z=1.3e-04/95%, θx=0.0e+00/0%, θy=0.0e+00/0%, θz=0.0e+00/0%]
  f_c不整合DOF上位5件:
    dof=398 (node=66, comp=2): FD=-5.4825e-05, K_c=1.3780e-05, diff=-6.8605e-05
    dof=92 (node=15, comp=2): FD=5.4435e-05, K_c=-1.3508e-05, diff=6.7943e-05
    dof=392 (node=65, comp=2): FD=-5.0551e-05, K_c=1.3080e-05, diff=-6.3631e-05
    dof=86 (node=14, comp=2): FD=5.0177e-05, K_c=-1.2780e-05, diff=6.2956e-05
    dof=396 (node=66, comp=0): FD=1.6585e-05, K_c=-5.3251e-06, diff=2.1911e-05
============================================================
[K_c成分FD]
============================================================
K_c 成分分解 FD 診断（status-342）  [incr=175 att=28]
============================================================
  ||du|| = 8.6002e-05, eps = 1.00e-07
  ||dfc (FD)|| = 3.0455e-05
  ||K_mat@du|| = 1.1645e-05, ||K_geo@du|| = 2.0378e-08, ||K_st@du||  = 1.5091e-05
  ||K_c@du||   = 1.6046e-05
  寄与率: mat= 0.73, geo= 0.00, st= 0.94
------------------------------------------------------------
  組み合わせ別 FD 相対誤差（K_c = K_mat - K_geo + K_st 合意）:
    full     = 1.0243e+00
    mat_only = 9.0421e-01  (geo/st 除外)
    mat_geo  = 9.0466e-01  (st 除外)
    mat_st   = 1.0239e+00   (geo 除外)
  最良組み合わせ: mat_only (rel_err=9.0421e-01)
------------------------------------------------------------
  [    full] comp 別不整合: [x= 32.9%, y= 51.0%, z= 79.5%, tx=  0.0%, ty=  0.0%, tz=  0.0%]
  [mat_only] comp 別不整合: [x= 38.8%, y=  5.1%, z= 92.0%, tx=  0.0%, ty=  0.0%, tz=  0.0%]
  [ mat_geo] comp 別不整合: [x= 38.8%, y=  5.1%, z= 92.0%, tx=  0.0%, ty=  0.0%, tz=  0.0%]
  [  mat_st] comp 別不整合: [x= 32.9%, y= 51.0%, z= 79.5%, tx=  0.0%, ty=  0.0%, tz=  0.0%]
  ⚠ K_st 足し込みで rel_err が +1.1963e-01 悪化 — K_st が primary driver の可能性
  ⚠ K_geo 足し込みで rel_err が +1.1969e-01 悪化 — K_geo が primary driver の可能性
============================================================
============================================================
接線剛性FD方向診断（status-256）
============================================================
  ||du|| = 8.5410e-05
  ||R_u|| = 3.9596e-05
  ⚠ R_u vs compute_residual(u) 乖離: 1.0226e-05 (リラクゼーション/動的項の差異)
  ||R_base|| = 3.6006e-05
  ||R(u+eps*du)|| = 3.6006e-05
  方向有効性: ||R(u+eps*du)||/||R(u)|| = 0.999980
  ✓ du方向で残差が減少 — Newton方向は有効
  FD方向微分 = 1.2241e-02
  解析方向微分 = 2.4522e-05
  全体系 K@du: FD vs 解析 相対誤差 = 9.9966e-01
  ⚠ 全体系で接線剛性不整合 — K_c自体が不正確
  全体系不整合DOF上位5件:
    dof=398 (node=66, comp=2): FD=-1.7450e-02, analytical=-5.3296e-06, diff=-1.7444e-02
    dof=92 (node=15, comp=2): FD=1.7118e-02, analytical=1.3224e-06, diff=1.7116e-02
    dof=86 (node=14, comp=2): FD=1.4226e-02, analytical=4.1187e-06, diff=1.4222e-02
    dof=392 (node=65, comp=2): FD=-1.2275e-02, analytical=-6.0085e-06, diff=-1.2269e-02
    dof=390 (node=65, comp=0): FD=4.8287e-03, analytical=1.8951e-05, diff=4.8097e-03
  comp別不整合: [x:1.02e-02(29%), y:1.38e-03(4%), z:3.41e-02(96%), θx:5.17e-05(0%), θy:5.53e-04(2%), θz:3.23e-05(0%)]
  接触DOF不整合: 3.26e-02 (402 DOFs), 構造DOF不整合: 1.43e-02 (1536 DOFs)
  活性DOF K@du: FD vs 解析 相対誤差 = 9.9956e-01 (402 DOFs)
  ⚠ 活性DOFで接線剛性不整合
  方向微分整合度: |FD-解析|/max = 9.9800e-01
------------------------------------------------------------
  f_c 単独FD検証（K_c精度）
  ||∂f_c/∂u·du (FD)|| = 1.2752e-04
  ||K_c @ du|| = 3.0589e-05
  f_c FD相対誤差 = 1.2364e+00
  ⚠ K_c自体が不正確（f_c単独で10%超の不整合）
  f_c comp別不整合: [x=5.0e-05/32%, y=1.5e-05/9%, z=1.5e-04/94%, θx=0.0e+00/0%, θy=0.0e+00/0%, θz=0.0e+00/0%]
  f_c不整合DOF上位5件:
    dof=398 (node=66, comp=2): FD=-6.2980e-05, K_c=1.4531e-05, diff=-7.7511e-05
    dof=92 (node=15, comp=2): FD=6.2606e-05, K_c=-1.4265e-05, diff=7.6871e-05
    dof=392 (node=65, comp=2): FD=-5.8015e-05, K_c=1.3768e-05, diff=-7.1783e-05
    dof=86 (node=14, comp=2): FD=5.7632e-05, K_c=-1.3468e-05, diff=7.1100e-05
    dof=396 (node=66, comp=0): FD=2.0506e-05, K_c=-5.9016e-06, diff=2.6408e-05
============================================================
[K_c成分FD]
============================================================
K_c 成分分解 FD 診断（status-342）  [incr=175 att=29]
============================================================
  ||du|| = 8.5410e-05, eps = 1.00e-07
  ||dfc (FD)|| = 3.1756e-05
  ||K_mat@du|| = 1.1290e-05, ||K_geo@du|| = 2.0286e-08, ||K_st@du||  = 1.5035e-05
  ||K_c@du||   = 1.5826e-05
  寄与率: mat= 0.71, geo= 0.00, st= 0.95
------------------------------------------------------------
  組み合わせ別 FD 相対誤差（K_c = K_mat - K_geo + K_st 合意）:
    full     = 1.0249e+00
    mat_only = 9.1664e-01  (geo/st 除外)
    mat_geo  = 9.1707e-01  (st 除外)
    mat_st   = 1.0246e+00   (geo 除外)
  最良組み合わせ: mat_only (rel_err=9.1664e-01)
------------------------------------------------------------
  [    full] comp 別不整合: [x= 33.7%, y= 48.8%, z= 80.5%, tx=  0.0%, ty=  0.0%, tz=  0.0%]
  [mat_only] comp 別不整合: [x= 39.1%, y=  4.8%, z= 91.9%, tx=  0.0%, ty=  0.0%, tz=  0.0%]
  [ mat_geo] comp 別不整合: [x= 39.2%, y=  4.8%, z= 91.9%, tx=  0.0%, ty=  0.0%, tz=  0.0%]
  [  mat_st] comp 別不整合: [x= 33.6%, y= 48.9%, z= 80.5%, tx=  0.0%, ty=  0.0%, tz=  0.0%]
  ⚠ K_st 足し込みで rel_err が +1.0786e-01 悪化 — K_st が primary driver の可能性
  ⚠ K_geo 足し込みで rel_err が +1.0791e-01 悪化 — K_geo が primary driver の可能性
============================================================
  Incr 175 (frac=0.3748), attempt 30 [D.stall+E], ||R_t||/||f|| = 6.226e-04, ||R_r|| = 4.995e-06, ||R_w||/||f||=6.228e-04, rate=0.957, active=32, R(x=3.5e-05/92%,y=6.6e-06/17%,z=1.3e-05/34%)
============================================================
接線剛性FD方向診断（status-256）
============================================================
  ||du|| = 8.5251e-05
  ||R_u|| = 3.7888e-05
  ⚠ R_u vs compute_residual(u) 乖離: 1.1311e-05 (リラクゼーション/動的項の差異)
  ||R_base|| = 3.4236e-05
  ||R(u+eps*du)|| = 3.4235e-05
  方向有効性: ||R(u+eps*du)||/||R(u)|| = 0.999974
  ✓ du方向で残差が減少 — Newton方向は有効
  FD方向微分 = 1.4221e-02
  解析方向微分 = 2.3306e-05
  全体系 K@du: FD vs 解析 相対誤差 = 9.9960e-01
  ⚠ 全体系で接線剛性不整合 — K_c自体が不正確
  全体系不整合DOF上位5件:
    dof=92 (node=15, comp=2): FD=1.7355e-02, analytical=8.3519e-07, diff=1.7354e-02
    dof=392 (node=65, comp=2): FD=-1.5962e-02, analytical=-5.3909e-06, diff=-1.5956e-02
    dof=86 (node=14, comp=2): FD=1.3732e-02, analytical=3.5691e-06, diff=1.3729e-02
    dof=398 (node=66, comp=2): FD=-1.3609e-02, analytical=-4.7087e-06, diff=-1.3604e-02
    dof=396 (node=66, comp=0): FD=7.1447e-03, analytical=1.8103e-05, diff=7.1266e-03
  comp別不整合: [x:1.30e-02(36%), y:1.47e-03(4%), z:3.31e-02(93%), θx:4.43e-05(0%), θy:5.20e-04(1%), θz:3.15e-05(0%)]
  接触DOF不整合: 3.33e-02 (402 DOFs), 構造DOF不整合: 1.27e-02 (1536 DOFs)
  活性DOF K@du: FD vs 解析 相対誤差 = 9.9951e-01 (402 DOFs)
  ⚠ 活性DOFで接線剛性不整合
  方向微分整合度: |FD-解析|/max = 9.9836e-01
------------------------------------------------------------
  f_c 単独FD検証（K_c精度）
  ||∂f_c/∂u·du (FD)|| = 1.4829e-04
  ||K_c @ du|| = 3.2506e-05
  f_c FD相対誤差 = 1.2165e+00
  ⚠ K_c自体が不正確（f_c単独で10%超の不整合）
  f_c comp別不整合: [x=6.1e-05/34%, y=1.5e-05/8%, z=1.7e-04/94%, θx=0.0e+00/0%, θy=0.0e+00/0%, θz=0.0e+00/0%]
  f_c不整合DOF上位5件:
    dof=398 (node=66, comp=2): FD=-7.2794e-05, K_c=1.5390e-05, diff=-8.8184e-05
    dof=92 (node=15, comp=2): FD=7.2437e-05, K_c=-1.5127e-05, diff=8.7564e-05
    dof=392 (node=65, comp=2): FD=-6.7000e-05, K_c=1.4557e-05, diff=-8.1557e-05
    dof=86 (node=14, comp=2): FD=6.6605e-05, K_c=-1.4256e-05, diff=8.0861e-05
    dof=396 (node=66, comp=0): FD=2.5573e-05, K_c=-6.5953e-06, diff=3.2168e-05
============================================================
[K_c成分FD]
============================================================
K_c 成分分解 FD 診断（status-342）  [incr=175 att=30]
============================================================
  ||du|| = 8.5251e-05, eps = 1.00e-07
  ||dfc (FD)|| = 3.3343e-05
  ||K_mat@du|| = 1.0954e-05, ||K_geo@du|| = 2.0302e-08, ||K_st@du||  = 1.5055e-05
  ||K_c@du||   = 1.5674e-05
  寄与率: mat= 0.70, geo= 0.00, st= 0.96
------------------------------------------------------------
  組み合わせ別 FD 相対誤差（K_c = K_mat - K_geo + K_st 合意）:
    full     = 1.0255e+00
    mat_only = 9.2845e-01  (geo/st 除外)
    mat_geo  = 9.2887e-01  (st 除外)
    mat_st   = 1.0251e+00   (geo 除外)
  最良組み合わせ: mat_only (rel_err=9.2845e-01)
------------------------------------------------------------
  [    full] comp 別不整合: [x= 34.8%, y= 46.7%, z= 81.3%, tx=  0.0%, ty=  0.0%, tz=  0.0%]
  [mat_only] comp 別不整合: [x= 39.9%, y=  4.6%, z= 91.6%, tx=  0.0%, ty=  0.0%, tz=  0.0%]
  [ mat_geo] comp 別不整合: [x= 40.0%, y=  4.6%, z= 91.5%, tx=  0.0%, ty=  0.0%, tz=  0.0%]
  [  mat_st] comp 別不整合: [x= 34.8%, y= 46.7%, z= 81.3%, tx=  0.0%, ty=  0.0%, tz=  0.0%]
  ⚠ K_st 足し込みで rel_err が +9.6624e-02 悪化 — K_st が primary driver の可能性
  ⚠ K_geo 足し込みで rel_err が +9.6672e-02 悪化 — K_geo が primary driver の可能性
============================================================
============================================================
接線剛性FD方向診断（status-256）
============================================================
  ||du|| = 8.5646e-05
  ||R_u|| = 3.6207e-05
  ⚠ R_u vs compute_residual(u) 乖離: 1.2451e-05 (リラクゼーション/動的項の差異)
  ||R_base|| = 3.2601e-05
  ||R(u+eps*du)|| = 3.2600e-05
  方向有効性: ||R(u+eps*du)||/||R(u)|| = 0.999974
  ✓ du方向で残差が減少 — Newton方向は有効
  FD方向微分 = 1.6647e-02
  解析方向微分 = 2.2082e-05
  全体系 K@du: FD vs 解析 相対誤差 = 9.9966e-01
  ⚠ 全体系で接線剛性不整合 — K_c自体が不正確
  全体系不整合DOF上位5件:
    dof=86 (node=14, comp=2): FD=1.9053e-02, analytical=3.0120e-06, diff=1.9050e-02
    dof=398 (node=66, comp=2): FD=-1.7853e-02, analytical=-4.0808e-06, diff=-1.7849e-02
    dof=92 (node=15, comp=2): FD=1.5963e-02, analytical=3.3620e-07, diff=1.5963e-02
    dof=392 (node=65, comp=2): FD=-1.5320e-02, analytical=-4.7675e-06, diff=-1.5316e-02
    dof=90 (node=15, comp=0): FD=-8.4341e-03, analytical=-1.3270e-05, diff=-8.4208e-03
  comp別不整合: [x:1.58e-02(39%), y:1.72e-03(4%), z:3.74e-02(92%), θx:5.43e-05(0%), θy:5.37e-04(1%), θz:3.15e-05(0%)]
  接触DOF不整合: 3.79e-02 (402 DOFs), 構造DOF不整合: 1.46e-02 (1536 DOFs)
  活性DOF K@du: FD vs 解析 相対誤差 = 9.9958e-01 (402 DOFs)
  ⚠ 活性DOFで接線剛性不整合
  方向微分整合度: |FD-解析|/max = 9.9867e-01
------------------------------------------------------------
  f_c 単独FD検証（K_c精度）
  ||∂f_c/∂u·du (FD)|| = 1.7408e-04
  ||K_c @ du|| = 3.4816e-05
  f_c FD相対誤差 = 1.1979e+00
  ⚠ K_c自体が不正確（f_c単独で10%超の不整合）
  f_c comp別不整合: [x=7.5e-05/36%, y=1.5e-05/7%, z=1.9e-04/93%, θx=0.0e+00/0%, θy=0.0e+00/0%, θz=0.0e+00/0%]
  f_c不整合DOF上位5件:
    dof=398 (node=66, comp=2): FD=-8.4763e-05, K_c=1.6395e-05, diff=-1.0116e-04
    dof=92 (node=15, comp=2): FD=8.4423e-05, K_c=-1.6132e-05, diff=1.0056e-04
    dof=392 (node=65, comp=2): FD=-7.7959e-05, K_c=1.5482e-05, diff=-9.3442e-05
    dof=86 (node=14, comp=2): FD=7.7547e-05, K_c=-1.5178e-05, diff=9.2725e-05
    dof=396 (node=66, comp=0): FD=3.2208e-05, K_c=-7.4437e-06, diff=3.9652e-05
============================================================
[K_c成分FD]
============================================================
K_c 成分分解 FD 診断（status-342）  [incr=175 att=31]
============================================================
  ||du|| = 8.5646e-05, eps = 1.00e-07
  ||dfc (FD)|| = 3.5329e-05
  ||K_mat@du|| = 1.0638e-05, ||K_geo@du|| = 2.0457e-08, ||K_st@du||  = 1.5172e-05
  ||K_c@du||   = 1.5610e-05
  寄与率: mat= 0.68, geo= 0.00, st= 0.97
------------------------------------------------------------
  組み合わせ別 FD 相対誤差（K_c = K_mat - K_geo + K_st 合意）:
    full     = 1.0262e+00
    mat_only = 9.3944e-01  (geo/st 除外)
    mat_geo  = 9.3985e-01  (st 除外)
    mat_st   = 1.0258e+00   (geo 除外)
  最良組み合わせ: mat_only (rel_err=9.3944e-01)
------------------------------------------------------------
  [    full] comp 別不整合: [x= 36.3%, y= 44.6%, z= 81.8%, tx=  0.0%, ty=  0.0%, tz=  0.0%]
  [mat_only] comp 別不整合: [x= 41.1%, y=  4.3%, z= 91.0%, tx=  0.0%, ty=  0.0%, tz=  0.0%]
  [ mat_geo] comp 別不整合: [x= 41.2%, y=  4.3%, z= 91.0%, tx=  0.0%, ty=  0.0%, tz=  0.0%]
  [  mat_st] comp 別不整合: [x= 36.3%, y= 44.6%, z= 81.8%, tx=  0.0%, ty=  0.0%, tz=  0.0%]
  ⚠ K_st 足し込みで rel_err が +8.6350e-02 悪化 — K_st が primary driver の可能性
  ⚠ K_geo 足し込みで rel_err が +8.6392e-02 悪化 — K_geo が primary driver の可能性
============================================================
============================================================
接線剛性FD方向診断（status-256）
============================================================
  ||du|| = 8.6787e-05
  ||R_u|| = 3.4548e-05
  ⚠ R_u vs compute_residual(u) 乖離: 1.3659e-05 (リラクゼーション/動的項の差異)
  ||R_base|| = 3.1127e-05
  ||R(u+eps*du)|| = 3.1127e-05
  方向有効性: ||R(u+eps*du)||/||R(u)|| = 0.999979
  ✓ du方向で残差が減少 — Newton方向は有効
  FD方向微分 = 1.9672e-02
  解析方向微分 = 2.0840e-05
  全体系 K@du: FD vs 解析 相対誤差 = 9.9972e-01
  ⚠ 全体系で接線剛性不整合 — K_c自体が不正確
  全体系不整合DOF上位5件:
    dof=398 (node=66, comp=2): FD=-2.1800e-02, analytical=-3.4413e-06, diff=-2.1796e-02
    dof=92 (node=15, comp=2): FD=1.9650e-02, analytical=-1.7824e-07, diff=1.9650e-02
    dof=392 (node=65, comp=2): FD=-1.9246e-02, analytical=-4.1346e-06, diff=-1.9241e-02
    dof=86 (node=14, comp=2): FD=1.9198e-02, analytical=2.4434e-06, diff=1.9196e-02
    dof=90 (node=15, comp=0): FD=-9.3523e-03, analytical=-1.2632e-05, diff=-9.3396e-03
  comp別不整合: [x:1.81e-02(39%), y:2.02e-03(4%), z:4.32e-02(92%), θx:5.82e-05(0%), θy:5.34e-04(1%), θz:3.25e-05(0%)]
  接触DOF不整合: 4.40e-02 (402 DOFs), 構造DOF不整合: 1.63e-02 (1536 DOFs)
  活性DOF K@du: FD vs 解析 相対誤差 = 9.9966e-01 (402 DOFs)
  ⚠ 活性DOFで接線剛性不整合
  方向微分整合度: |FD-解析|/max = 9.9894e-01
------------------------------------------------------------
  f_c 単独FD検証（K_c精度）
  ||∂f_c/∂u·du (FD)|| = 2.0668e-04
  ||K_c @ du|| = 3.7675e-05
  f_c FD相対誤差 = 1.1807e+00
  ⚠ K_c自体が不正確（f_c単独で10%超の不整合）
  f_c comp別不整合: [x=9.3e-05/38%, y=1.6e-05/6%, z=2.2e-04/92%, θx=0.0e+00/0%, θy=0.0e+00/0%, θz=0.0e+00/0%]
  f_c不整合DOF上位5件:
    dof=398 (node=66, comp=2): FD=-9.9615e-05, K_c=1.7604e-05, diff=-1.1722e-04
    dof=92 (node=15, comp=2): FD=9.9287e-05, K_c=-1.7338e-05, diff=1.1663e-04
    dof=392 (node=65, comp=2): FD=-9.1559e-05, K_c=1.6599e-05, diff=-1.0816e-04
    dof=86 (node=14, comp=2): FD=9.1123e-05, K_c=-1.6287e-05, diff=1.0741e-04
    dof=396 (node=66, comp=0): FD=4.1060e-05, K_c=-8.5047e-06, diff=4.9565e-05
============================================================
[K_c成分FD]
============================================================
K_c 成分分解 FD 診断（status-342）  [incr=175 att=32]
============================================================
  ||du|| = 8.6787e-05, eps = 1.00e-07
  ||dfc (FD)|| = 3.7894e-05
  ||K_mat@du|| = 1.0345e-05, ||K_geo@du|| = 2.0799e-08, ||K_st@du||  = 1.5423e-05
  ||K_c@du||   = 1.5663e-05
  寄与率: mat= 0.66, geo= 0.00, st= 0.98
------------------------------------------------------------
  組み合わせ別 FD 相対誤差（K_c = K_mat - K_geo + K_st 合意）:
    full     = 1.0263e+00
    mat_only = 9.4945e-01  (geo/st 除外)
    mat_geo  = 9.4985e-01  (st 除外)
    mat_st   = 1.0259e+00   (geo 除外)
  最良組み合わせ: mat_only (rel_err=9.4945e-01)
------------------------------------------------------------
  [    full] comp 別不整合: [x= 38.2%, y= 42.5%, z= 82.1%, tx=  0.0%, ty=  0.0%, tz=  0.0%]
  [mat_only] comp 別不整合: [x= 42.8%, y=  4.2%, z= 90.3%, tx=  0.0%, ty=  0.0%, tz=  0.0%]
  [ mat_geo] comp 別不整合: [x= 42.8%, y=  4.2%, z= 90.3%, tx=  0.0%, ty=  0.0%, tz=  0.0%]
  [  mat_st] comp 別不整合: [x= 38.2%, y= 42.5%, z= 82.1%, tx=  0.0%, ty=  0.0%, tz=  0.0%]
  ⚠ K_st 足し込みで rel_err が +7.6446e-02 悪化 — K_st が primary driver の可能性
  ⚠ K_geo 足し込みで rel_err が +7.6482e-02 悪化 — K_geo が primary driver の可能性
============================================================
============================================================
接線剛性FD方向診断（status-256）
============================================================
  ||du|| = 8.9004e-05
  ||R_u|| = 3.2904e-05
  ⚠ R_u vs compute_residual(u) 乖離: 1.4953e-05 (リラクゼーション/動的項の差異)
  ||R_base|| = 2.9855e-05
  ||R(u+eps*du)|| = 2.9855e-05
  方向有効性: ||R(u+eps*du)||/||R(u)|| = 0.999990
  ✓ du方向で残差が減少 — Newton方向は有効
  FD方向微分 = 2.3537e-02
  解析方向微分 = 1.9567e-05
  全体系 K@du: FD vs 解析 相対誤差 = 9.9977e-01
  ⚠ 全体系で接線剛性不整合 — K_c自体が不正確
  全体系不整合DOF上位5件:
    dof=398 (node=66, comp=2): FD=-2.8095e-02, analytical=-2.7837e-06, diff=-2.8092e-02
    dof=92 (node=15, comp=2): FD=2.3687e-02, analytical=-7.1435e-07, diff=2.3687e-02
    dof=86 (node=14, comp=2): FD=2.2106e-02, analytical=1.8580e-06, diff=2.2104e-02
    dof=392 (node=65, comp=2): FD=-2.0201e-02, analytical=-3.4869e-06, diff=-2.0197e-02
    dof=90 (node=15, comp=0): FD=-1.0756e-02, analytical=-1.1980e-05, diff=-1.0744e-02
  comp別不整合: [x:2.06e-02(39%), y:1.96e-03(4%), z:4.93e-02(92%), θx:4.71e-05(0%), θy:5.56e-04(1%), θz:3.19e-05(0%)]
  接触DOF不整合: 5.19e-02 (402 DOFs), 構造DOF不整合: 1.28e-02 (1536 DOFs)
  活性DOF K@du: FD vs 解析 相対誤差 = 9.9974e-01 (402 DOFs)
  ⚠ 活性DOFで接線剛性不整合
  方向微分整合度: |FD-解析|/max = 9.9917e-01
------------------------------------------------------------
  f_c 単独FD検証（K_c精度）
  ||∂f_c/∂u·du (FD)|| = 2.4891e-04
  ||K_c @ du|| = 4.1341e-05
  f_c FD相対誤差 = 1.1649e+00
  ⚠ K_c自体が不正確（f_c単独で10%超の不整合）
  f_c comp別不整合: [x=1.2e-04/41%, y=1.7e-05/6%, z=2.6e-04/91%, θx=0.0e+00/0%, θy=0.0e+00/0%, θz=0.0e+00/0%]
  f_c不整合DOF上位5件:
    dof=398 (node=66, comp=2): FD=-1.1845e-04, K_c=1.9116e-05, diff=-1.3756e-04
    dof=92 (node=15, comp=2): FD=1.1813e-04, K_c=-1.8841e-05, diff=1.3697e-04
    dof=392 (node=65, comp=2): FD=-1.0881e-04, K_c=1.7999e-05, diff=-1.2680e-04
    dof=86 (node=14, comp=2): FD=1.0834e-04, K_c=-1.7675e-05, diff=1.2601e-04
    dof=396 (node=66, comp=0): FD=5.3148e-05, K_c=-9.8750e-06, diff=6.3023e-05
============================================================
[K_c成分FD]
============================================================
K_c 成分分解 FD 診断（status-342）  [incr=175 att=33]
============================================================
  ||du|| = 8.9004e-05, eps = 1.00e-07
  ||dfc (FD)|| = 4.1264e-05
  ||K_mat@du|| = 1.0083e-05, ||K_geo@du|| = 2.1412e-08, ||K_st@du||  = 1.5864e-05
  ||K_c@du||   = 1.5886e-05
  寄与率: mat= 0.63, geo= 0.00, st= 1.00
------------------------------------------------------------
  組み合わせ別 FD 相対誤差（K_c = K_mat - K_geo + K_st 合意）:
    full     = 1.0263e+00
    mat_only = 9.5865e-01  (geo/st 除外)
    mat_geo  = 9.5904e-01  (st 除外)
    mat_st   = 1.0260e+00   (geo 除外)
  最良組み合わせ: mat_only (rel_err=9.5865e-01)
------------------------------------------------------------
  [    full] comp 別不整合: [x= 40.6%, y= 40.3%, z= 82.0%, tx=  0.0%, ty=  0.0%, tz=  0.0%]
  [mat_only] comp 別不整合: [x= 44.8%, y=  4.0%, z= 89.3%, tx=  0.0%, ty=  0.0%, tz=  0.0%]
  [ mat_geo] comp 別不整合: [x= 44.8%, y=  4.0%, z= 89.3%, tx=  0.0%, ty=  0.0%, tz=  0.0%]
  [  mat_st] comp 別不整合: [x= 40.5%, y= 40.3%, z= 82.0%, tx=  0.0%, ty=  0.0%, tz=  0.0%]
  ⚠ K_st 足し込みで rel_err が +6.7305e-02 悪化 — K_st が primary driver の可能性
  ⚠ K_geo 足し込みで rel_err が +6.7336e-02 悪化 — K_geo が primary driver の可能性
============================================================
============================================================
接線剛性FD方向診断（status-256）
============================================================
  ||du|| = 9.2900e-05
  ||R_u|| = 3.1267e-05
  ⚠ R_u vs compute_residual(u) 乖離: 1.6360e-05 (リラクゼーション/動的項の差異)
  ||R_base|| = 2.8841e-05
  ||R(u+eps*du)|| = 2.8841e-05
  方向有効性: ||R(u+eps*du)||/||R(u)|| = 1.000001
  ⚠ du方向で残差が増加 — Newton方向が無効
  FD方向微分 = 2.8645e-02
  解析方向微分 = 1.8242e-05
  全体系 K@du: FD vs 解析 相対誤差 = 9.9981e-01
  ⚠ 全体系で接線剛性不整合 — K_c自体が不正確
  全体系不整合DOF上位5件:
    dof=92 (node=15, comp=2): FD=3.0534e-02, analytical=-1.2810e-06, diff=3.0535e-02
    dof=392 (node=65, comp=2): FD=-2.7107e-02, analytical=-2.8155e-06, diff=-2.7104e-02
    dof=398 (node=66, comp=2): FD=-2.5532e-02, analytical=-2.0994e-06, diff=-2.5530e-02
    dof=86 (node=14, comp=2): FD=2.2796e-02, analytical=1.2477e-06, diff=2.2794e-02
    dof=396 (node=66, comp=0): FD=1.4452e-02, analytical=1.4972e-05, diff=1.4437e-02
  comp別不整合: [x:2.66e-02(43%), y:2.21e-03(4%), z:5.51e-02(90%), θx:5.60e-05(0%), θy:5.55e-04(1%), θz:3.29e-05(0%)]
  接触DOF不整合: 5.96e-02 (402 DOFs), 構造DOF不整合: 1.42e-02 (1536 DOFs)
  活性DOF K@du: FD vs 解析 相対誤差 = 9.9978e-01 (402 DOFs)
  ⚠ 活性DOFで接線剛性不整合
  方向微分整合度: |FD-解析|/max = 9.9936e-01
------------------------------------------------------------
  f_c 単独FD検証（K_c精度）
  ||∂f_c/∂u·du (FD)|| = 3.0554e-04
  ||K_c @ du|| = 4.6285e-05
  f_c FD相対誤差 = 1.1507e+00
  ⚠ K_c自体が不正確（f_c単独で10%超の不整合）
  f_c comp別不整合: [x=1.6e-04/44%, y=1.8e-05/5%, z=3.2e-04/90%, θx=0.0e+00/0%, θy=0.0e+00/0%, θz=0.0e+00/0%]
  f_c不整合DOF上位5件:
    dof=398 (node=66, comp=2): FD=-1.4311e-04, K_c=2.1108e-05, diff=-1.6422e-04
    dof=92 (node=15, comp=2): FD=1.4280e-04, K_c=-2.0818e-05, diff=1.6362e-04
    dof=392 (node=65, comp=2): FD=-1.3140e-04, K_c=1.9849e-05, diff=-1.5124e-04
    dof=86 (node=14, comp=2): FD=1.3088e-04, K_c=-1.9506e-05, diff=1.5038e-04
    dof=396 (node=66, comp=0): FD=7.0235e-05, K_c=-1.1730e-05, diff=8.1965e-05
============================================================
[K_c成分FD]
============================================================
K_c 成分分解 FD 診断（status-342）  [incr=175 att=34]
============================================================
  ||du|| = 9.2900e-05, eps = 1.00e-07
  ||dfc (FD)|| = 4.5922e-05
  ||K_mat@du|| = 9.8614e-06, ||K_geo@du|| = 2.2448e-08, ||K_st@du||  = 1.6606e-05
  ||K_c@du||   = 1.6378e-05
  寄与率: mat= 0.60, geo= 0.00, st= 1.01
------------------------------------------------------------
  組み合わせ別 FD 相対誤差（K_c = K_mat - K_geo + K_st 合意）:
    full     = 1.0262e+00
    mat_only = 9.6728e-01  (geo/st 除外)
    mat_geo  = 9.6766e-01  (st 除外)
    mat_st   = 1.0259e+00   (geo 除外)
  最良組み合わせ: mat_only (rel_err=9.6728e-01)
------------------------------------------------------------
  [    full] comp 別不整合: [x= 43.3%, y= 38.1%, z= 81.6%, tx=  0.0%, ty=  0.0%, tz=  0.0%]
  [mat_only] comp 別不整合: [x= 47.3%, y=  3.8%, z= 88.0%, tx=  0.0%, ty=  0.0%, tz=  0.0%]
  [ mat_geo] comp 別不整合: [x= 47.3%, y=  3.8%, z= 88.0%, tx=  0.0%, ty=  0.0%, tz=  0.0%]
  [  mat_st] comp 別不整合: [x= 43.3%, y= 38.2%, z= 81.7%, tx=  0.0%, ty=  0.0%, tz=  0.0%]
  ⚠ K_st 足し込みで rel_err が +5.8585e-02 悪化 — K_st が primary driver の可能性
  ⚠ K_geo 足し込みで rel_err が +5.8612e-02 悪化 — K_geo が primary driver の可能性
============================================================
  Incr 175 (frac=0.3748), attempt 35 [D.slow+E], ||R_t||/||f|| = 4.856e-04, ||R_r|| = 4.444e-06, ||R_w||/||f||=4.857e-04, rate=0.947, active=32, R(x=2.7e-05/92%,y=5.6e-06/19%,z=9.0e-06/30%)
============================================================
接線剛性FD方向診断（status-256）
============================================================
  ||du|| = 9.9744e-05
  ||R_u|| = 2.9625e-05
  ⚠ R_u vs compute_residual(u) 乖離: 1.7922e-05 (リラクゼーション/動的項の差異)
  ||R_base|| = 2.8165e-05
  ||R(u+eps*du)|| = 2.8165e-05
  方向有効性: ||R(u+eps*du)||/||R(u)|| = 1.000023
  ⚠ du方向で残差が増加 — Newton方向が無効
  FD方向微分 = 3.5734e-02
  解析方向微分 = 1.6832e-05
  全体系 K@du: FD vs 解析 相対誤差 = 9.9985e-01
  ⚠ 全体系で接線剛性不整合 — K_c自体が不正確
  全体系不整合DOF上位5件:
    dof=92 (node=15, comp=2): FD=3.2461e-02, analytical=-1.8916e-06, diff=3.2462e-02
    dof=398 (node=66, comp=2): FD=-3.1394e-02, analytical=-1.3742e-06, diff=-3.1393e-02
    dof=392 (node=65, comp=2): FD=-3.0734e-02, analytical=-2.1074e-06, diff=-3.0732e-02
    dof=86 (node=14, comp=2): FD=3.0026e-02, analytical=5.9936e-07, diff=3.0025e-02
    dof=396 (node=66, comp=0): FD=1.7915e-02, analytical=1.4138e-05, diff=1.7901e-02
  comp別不整合: [x:3.43e-02(47%), y:2.71e-03(4%), z:6.48e-02(88%), θx:5.49e-05(0%), θy:5.99e-04(1%), θz:3.41e-05(0%)]
  接触DOF不整合: 7.14e-02 (402 DOFs), 構造DOF不整合: 1.69e-02 (1536 DOFs)
  活性DOF K@du: FD vs 解析 相対誤差 = 9.9983e-01 (402 DOFs)
  ⚠ 活性DOFで接線剛性不整合
  方向微分整合度: |FD-解析|/max = 9.9953e-01
------------------------------------------------------------
  f_c 単独FD検証（K_c精度）
  ||∂f_c/∂u·du (FD)|| = 3.8539e-04
  ||K_c @ du|| = 5.3485e-05
  f_c FD相対誤差 = 1.1382e+00
  ⚠ K_c自体が不正確（f_c単独で10%超の不整合）
  f_c comp別不整合: [x=2.1e-04/48%, y=2.0e-05/5%, z=3.9e-04/88%, θx=0.0e+00/0%, θy=0.0e+00/0%, θz=0.0e+00/0%]
  f_c不整合DOF上位5件:
    dof=398 (node=66, comp=2): FD=-1.7692e-04, K_c=2.3953e-05, diff=-2.0088e-04
    dof=92 (node=15, comp=2): FD=1.7662e-04, K_c=-2.3634e-05, diff=2.0025e-04
    dof=392 (node=65, comp=2): FD=-1.6238e-04, K_c=2.2496e-05, diff=-1.8487e-04
    dof=86 (node=14, comp=2): FD=1.6179e-04, K_c=-2.2121e-05, diff=1.8391e-04
    dof=396 (node=66, comp=0): FD=9.5625e-05, K_c=-1.4430e-05, diff=1.1006e-04
============================================================
[K_c成分FD]
============================================================
K_c 成分分解 FD 診断（status-342）  [incr=175 att=35]
============================================================
  ||du|| = 9.9744e-05, eps = 1.00e-07
  ||dfc (FD)|| = 5.2827e-05
  ||K_mat@du|| = 9.7073e-06, ||K_geo@du|| = 2.4225e-08, ||K_st@du||  = 1.7874e-05
  ||K_c@du||   = 1.7345e-05
  寄与率: mat= 0.56, geo= 0.00, st= 1.03
------------------------------------------------------------
  組み合わせ別 FD 相対誤差（K_c = K_mat - K_geo + K_st 合意）:
    full     = 1.0257e+00
    mat_only = 9.7487e-01  (geo/st 除外)
    mat_geo  = 9.7523e-01  (st 除外)
    mat_st   = 1.0253e+00   (geo 除外)
  最良組み合わせ: mat_only (rel_err=9.7487e-01)
------------------------------------------------------------
  [    full] comp 別不整合: [x= 46.6%, y= 36.0%, z= 80.8%, tx=  0.0%, ty=  0.0%, tz=  0.0%]
  [mat_only] comp 別不整合: [x= 50.3%, y=  3.8%, z= 86.4%, tx=  0.0%, ty=  0.0%, tz=  0.0%]
  [ mat_geo] comp 別不整合: [x= 50.3%, y=  3.8%, z= 86.3%, tx=  0.0%, ty=  0.0%, tz=  0.0%]
  [  mat_st] comp 別不整合: [x= 46.6%, y= 36.0%, z= 80.8%, tx=  0.0%, ty=  0.0%, tz=  0.0%]
  ⚠ K_st 足し込みで rel_err が +5.0426e-02 悪化 — K_st が primary driver の可能性
  ⚠ K_geo 足し込みで rel_err が +5.0448e-02 悪化 — K_geo が primary driver の可能性
============================================================
============================================================
接線剛性FD方向診断（status-256）
============================================================
  ||du|| = 1.1276e-04
  ||R_u|| = 2.7956e-05
  ⚠ R_u vs compute_residual(u) 乖離: 1.9713e-05 (リラクゼーション/動的項の差異)
  ||R_base|| = 2.7955e-05
  ||R(u+eps*du)|| = 2.7957e-05
  方向有効性: ||R(u+eps*du)||/||R(u)|| = 1.000056
  ⚠ du方向で残差が増加 — Newton方向が無効
  FD方向微分 = 4.6344e-02
  解析方向微分 = 1.5278e-05
  全体系 K@du: FD vs 解析 相対誤差 = 9.9989e-01
  ⚠ 全体系で接線剛性不整合 — K_c自体が不正確
  全体系不整合DOF上位5件:
    dof=398 (node=66, comp=2): FD=-4.0162e-02, analytical=-5.8284e-07, diff=-4.0162e-02
    dof=92 (node=15, comp=2): FD=3.8805e-02, analytical=-2.5711e-06, diff=3.8807e-02
    dof=86 (node=14, comp=2): FD=3.5102e-02, analytical=-1.1089e-07, diff=3.5102e-02
    dof=392 (node=65, comp=2): FD=-3.4194e-02, analytical=-1.3386e-06, diff=-3.4193e-02
    dof=90 (node=15, comp=0): FD=-2.3846e-02, analytical=-9.8219e-06, diff=-2.3837e-02
  comp別不整合: [x:4.60e-02(52%), y:3.07e-03(3%), z:7.62e-02(86%), θx:5.39e-05(0%), θy:6.46e-04(1%), θz:3.82e-05(0%)]
  接触DOF不整合: 8.75e-02 (402 DOFs), 構造DOF不整合: 1.64e-02 (1536 DOFs)
  活性DOF K@du: FD vs 解析 相対誤差 = 9.9987e-01 (402 DOFs)
  ⚠ 活性DOFで接線剛性不整合
  方向微分整合度: |FD-解析|/max = 9.9967e-01
------------------------------------------------------------
  f_c 単独FD検証（K_c精度）
  ||∂f_c/∂u·du (FD)|| = 5.0737e-04
  ||K_c @ du|| = 6.5400e-05
  f_c FD相対誤差 = 1.1285e+00
  ⚠ K_c自体が不正確（f_c単独で10%超の不整合）
  f_c comp別不整合: [x=3.0e-04/52%, y=2.5e-05/4%, z=4.9e-04/86%, θx=0.0e+00/0%, θy=0.0e+00/0%, θz=0.0e+00/0%]
  f_c不整合DOF上位5件:
    dof=398 (node=66, comp=2): FD=-2.2689e-04, K_c=2.8582e-05, diff=-2.5548e-04
    dof=92 (node=15, comp=2): FD=2.2658e-04, K_c=-2.8209e-05, diff=2.5479e-04
    dof=392 (node=65, comp=2): FD=-2.0817e-04, K_c=2.6813e-05, diff=-2.3499e-04
    dof=86 (node=14, comp=2): FD=2.0747e-04, K_c=-2.6380e-05, diff=2.3385e-04
    dof=396 (node=66, comp=0): FD=1.3651e-04, K_c=-1.8879e-05, diff=1.5539e-04
============================================================
[K_c成分FD]
============================================================
K_c 成分分解 FD 診断（status-342）  [incr=175 att=36]
============================================================
  ||du|| = 1.1276e-04, eps = 1.00e-07
  ||dfc (FD)|| = 6.4369e-05
  ||K_mat@du|| = 9.6890e-06, ||K_geo@du|| = 2.7554e-08, ||K_st@du||  = 2.0245e-05
  ||K_c@du||   = 1.9319e-05
  寄与率: mat= 0.50, geo= 0.00, st= 1.05
------------------------------------------------------------
  組み合わせ別 FD 相対誤差（K_c = K_mat - K_geo + K_st 合意）:
    full     = 1.0251e+00
    mat_only = 9.8202e-01  (geo/st 除外)
    mat_geo  = 9.8237e-01  (st 除外)
    mat_st   = 1.0248e+00   (geo 除外)
  最良組み合わせ: mat_only (rel_err=9.8202e-01)
------------------------------------------------------------
  [    full] comp 別不整合: [x= 50.5%, y= 33.7%, z= 79.5%, tx=  0.0%, ty=  0.0%, tz=  0.0%]
  [mat_only] comp 別不整合: [x= 53.9%, y=  3.6%, z= 84.2%, tx=  0.0%, ty=  0.0%, tz=  0.0%]
  [ mat_geo] comp 別不整合: [x= 53.9%, y=  3.6%, z= 84.2%, tx=  0.0%, ty=  0.0%, tz=  0.0%]
  [  mat_st] comp 別不整合: [x= 50.5%, y= 33.7%, z= 79.5%, tx=  0.0%, ty=  0.0%, tz=  0.0%]
============================================================
  [NR診断] Incr 175 (frac=0.3748), 不収束 att=37, Type分布[-:1(3%), C:1(3%), D.div+E:6(16%), D.slow+E:3(8%), D.stall+E:16(43%), E:10(27%)], 直近10[D.slow+E:3, D.stall+E:7], R_c=2.78e-05, R_s=2.90e-06, active=32, sliding=385, activated=0, deactivated=0, stick→slide=0, slide→stick=0, comp(x=2.6e-05/92%,y=5.4e-06/19%,z=8.6e-06/31%,θx=3.8e-06/14%,θy=9.2e-08/0%,θz=2.1e-06/8%)
  WARNING: Incr 175 (frac=0.3748) did not converge.
============================================================
  NCP Solver Convergence Diagnostics
============================================================
  Step: 175, Load fraction: 0.374758
  Attempts: 37 / 50
  Final residual: 4.578463e-04
  Min residual:   4.346121e-04
  Active pairs: 32
  Contact pairs (active=392):
    pair 0: elem(224,240) gap=4.9319e-02 p_n=0.0000e+00 [sliding]
    pair 1: elem(240,256) gap=4.9966e-02 p_n=0.0000e+00 [sliding]
    pair 3: elem(80,240) gap=2.9305e-02 p_n=0.0000e+00 [sliding]
    pair 4: elem(192,208) gap=4.6720e-02 p_n=0.0000e+00 [sliding]
    pair 5: elem(48,192) gap=2.3112e-02 p_n=0.0000e+00 [sliding]
    pair 6: elem(176,192) gap=4.5145e-02 p_n=0.0000e+00 [sliding]
    pair 7: elem(208,224) gap=4.8150e-02 p_n=0.0000e+00 [sliding]
    pair 8: elem(64,208) gap=2.8454e-02 p_n=0.0000e+00 [sliding]
    pair 12: elem(64,224) gap=2.4312e-02 p_n=0.0000e+00 [sliding]
    pair 13: elem(80,256) gap=2.5888e-02 p_n=0.0000e+00 [sliding]
    ... and 382 more
  NR Type distribution (37 iterations): [-:1(3%), C:1(3%), D+E:25(68%), E:10(27%)]
  Last 10 iterations: [D+E:10]
  Last snapshot: R_c=2.78e-05, R_s=2.90e-06, rate=0.943, active=32, sliding=385
============================================================
  曲げフェーズ完了: frac=0.3743, incr=175, cutback=20
/home/user/xkep-cae/xkep_cae/mesh/process.py:67: UserWarning: 指定ギャップ 0.000000 < 最小安全ギャップ 0.031769（弦近似誤差）。自動的に 0.031769 に引き上げます。
  mesh = _make_twisted_wire_mesh(

======================================================================
ソルバー結果
======================================================================
  frac_completed: 0.3743
  converged:      False
  n_increments:   175
  n_cutbacks:     20
  elapsed:        611.78 s

======================================================================
K_c 成分分解 FD 診断レポート抽出: 183 件
======================================================================

  [組み合わせ別 FD 相対誤差]
    full_rel_err        : n=183, mean=6.069e-01, min=1.972e-01, max=1.256e+00, median=5.127e-01
    mat_only_rel_err    : n=183, mean=4.433e-01, min=1.140e-01, max=9.820e-01, median=3.106e-01
    mat_geo_rel_err     : n=183, mean=4.439e-01, min=1.141e-01, max=9.824e-01, median=3.111e-01
    mat_st_rel_err      : n=183, mean=6.065e-01, min=1.971e-01, max=1.255e+00, median=5.123e-01

  [K_i 寄与率（||K_i@du||/||K_c@du||）]
    share_mat : mean=0.814, max=1.370
    share_geo : mean=0.000, max=0.000
    share_st  : mean=0.473, max=1.050

  [最良組み合わせ（rel_err 最小）分布]
    full      :   0 回 (  0.0%)
    mat_only  : 183 回 (100.0%)
    mat_geo   :   0 回 (  0.0%)
    mat_st    :   0 回 (  0.0%)

  [comp 別不整合シェア平均（% 単位、0–100）]
    [    full] x= 44.2%  y= 73.0%  z= 36.2%  tx=  0.0%  ty=  0.0%  tz=  0.0%
    [mat_only] x= 71.8%  y= 23.1%  z= 59.2%  tx=  0.0%  ty=  0.0%  tz=  0.0%
    [ mat_geo] x= 71.9%  y= 23.1%  z= 59.1%  tx=  0.0%  ty=  0.0%  tz=  0.0%
    [  mat_st] x= 44.2%  y= 73.0%  z= 36.2%  tx=  0.0%  ty=  0.0%  tz=  0.0%

  → CSV 書き出し: /tmp/kc_component_fd_19strand_1776289269.csv

======================================================================
完了
======================================================================
[ProcessDiagnostics] レポート出力: /home/user/xkep-cae/docs/generated/process_usage_report.md
