======================================================================
19本撚線 K_c FD 診断（status-341 推奨アクション 1 — 最優先）
======================================================================
cfg: n_strands=19, κ_max=0.015, mu=0.15, n_incr_per_cycle=20, tangent_fd_diagnostic=True

  [f_ref] Incr 1: f_ref=4.231e+02 (dynamic_ref)
  Incr 1 (frac=0.0500), attempt 0 [C], ||R_t||/||f|| = 1.000e+00, ||R_r|| = 6.146e+02, ||R_w||/||f||=1.026e+00, active=0, R(x=4.2e+02/57%,y=2.2e-14/0%,z=3.2e+01/4%)
  Incr 1 (frac=0.0500), attempt 5 [C+D.div], ||R_t||/||f|| = 2.329e-04, ||R_r|| = 1.192e+00, ||R_w||/||f||=5.050e-04, rate=1.135, active=0, R(x=8.8e-04/0%,y=9.8e-02/8%,z=1.1e-02/1%)
  Incr 1 (frac=0.0500), attempt 10 [C], ||R_t||/||f|| = 1.463e-05, ||R_r|| = 7.494e-02, ||R_w||/||f||=3.175e-05, rate=0.366, active=0, R(x=6.9e-05/0%,y=6.2e-03/8%,z=5.4e-04/1%)
  Incr 1 (frac=0.0500), attempt 15 [C+D.div], ||R_t||/||f|| = 2.839e-06, ||R_r|| = 1.456e-02, ||R_w||/||f||=6.165e-06, rate=1.130, active=0, R(x=6.3e-06/0%,y=1.2e-03/8%,z=1.1e-04/1%)
  Incr 1 (frac=0.0500), attempt 15, energy = 2.597e-08 (energy converged)
  [NR診断] Incr 1 (frac=0.0500), 収束 att=16, Type分布[C:9(56%), C+D.div:7(44%)], 直近10[C:5, C+D.div:5], R_c=0.00e+00, R_s=1.46e-02, active=0, sliding=0, activated=0, deactivated=0, stick→slide=0, slide→stick=0, comp(x=6.3e-06/0%,y=1.2e-03/8%,z=1.1e-04/1%,θx=1.4e-02/99%,θy=7.4e-05/1%,θz=1.4e-03/9%)
  [f_ref] Incr 2: f_ref=3.218e+03 (dynamic_ref), atol=4.23e-06
  Incr 2 (frac=0.0750), attempt 0 [C], ||R_t||/||f|| = 1.000e+00, ||R_r|| = 4.077e+02, ||R_w||/||f||=1.000e+00, active=0, R(x=8.1e+02/25%,y=2.8e+02/9%,z=3.1e+03/96%)
  Incr 2 (frac=0.0750), attempt 5 [A+B+D.div], ||R_t||/||f|| = 5.111e-01, ||R_r|| = 3.218e+02, ||R_w||/||f||=5.113e-01, rate=1.210, active=336, R(x=3.2e+02/19%,y=3.1e+02/18%,z=1.6e+03/94%)
  Incr 2 (frac=0.0750), 発散検知 (残差 5 回連続増加) → early abort
  [NR診断] Incr 2 (frac=0.0750), 不収束 att=7, Type分布[A+B+D.div:2(29%), A+B+D.stall:1(14%), A+D.div:1(14%), C:2(29%), C+D.div:1(14%)], 直近10[A+B+D.div:2, A+B+D.stall:1, A+D.div:1, C:2, C+D.div:1], R_c=1.71e+03, R_s=3.72e+02, active=306, sliding=665, activated=35, deactivated=0, stick→slide=4, slide→stick=3, comp(x=3.2e+02/19%,y=3.6e+02/20%,z=1.7e+03/95%,θx=2.2e+02/12%,θy=2.1e+02/12%,θz=2.5e+01/1%)
  [CUTBACK:diverged] frac 0.0750, dt=2.5000e-02 → sub-steps (cutback #1)
  [f_ref] Incr 2: f_ref=4.073e+02 (dynamic_ref), atol=4.23e-06
  Incr 2 (frac=0.0563), attempt 0 [C], ||R_t||/||f|| = 1.000e+00, ||R_r|| = 8.293e+01, ||R_w||/||f||=1.001e+00, active=0, R(x=9.7e+01/23%,y=3.6e+01/9%,z=3.9e+02/95%)
  Incr 2 (frac=0.0563), attempt 5 [C], ||R_t||/||f|| = 2.538e-08, ||R_r|| = 1.437e-04, ||R_w||/||f||=6.161e-08, rate=0.003, active=0, R(x=7.6e-07/1%,y=1.0e-05/7%,z=1.2e-06/1%)
  Incr 2 (frac=0.0563), attempt 5, ||du||/||u|| = 1.039e-08 (disp converged, 0 active)
  [f_ref] Incr 3: f_ref=6.403e+02 (dynamic_ref), atol=4.18e-06
  Incr 3 (frac=0.0625), attempt 0 [C], ||R_t||/||f|| = 1.000e+00, ||R_r|| = 1.426e+02, ||R_w||/||f||=1.001e+00, active=0, R(x=1.5e+02/23%,y=5.6e+01/9%,z=6.2e+02/95%)
  Incr 3 (frac=0.0625), attempt 5 [C], ||R_t||/||f|| = 8.084e+00, ||R_r|| = 5.028e+03, ||R_w||/||f||=8.180e+00, rate=0.677, active=186, R(x=9.6e+02/13%,y=1.2e+03/16%,z=4.9e+03/69%)
  Incr 3 (frac=0.0625), 発散検知 (残差 5 回連続増加) → early abort
  [NR診断] Incr 3 (frac=0.0625), 不収束 att=11, Type分布[A+B:1(9%), A+B+D.div:3(27%), C:2(18%), C+D.div:5(45%)], 直近10[A+B:1, A+B+D.div:3, C:1, C+D.div:5], R_c=5.64e+04, R_s=1.18e+05, active=58, sliding=887, activated=16, deactivated=0, stick→slide=0, slide→stick=0, comp(x=3.9e+04/30%,y=8.0e+04/61%,z=8.3e+04/63%,θx=3.2e+04/24%,θy=2.3e+04/18%,θz=2.8e+04/22%)
  [CUTBACK:diverged] frac 0.0625, dt=6.2500e-03 → sub-steps (cutback #2)
  [f_ref] Incr 3: f_ref=1.053e+02 (dynamic_ref), atol=4.18e-06
  Incr 3 (frac=0.0578), attempt 0 [C], ||R_t||/||f|| = 1.000e+00, ||R_r|| = 2.298e+01, ||R_w||/||f||=1.001e+00, active=0, R(x=2.5e+01/23%,y=9.2e+00/9%,z=1.0e+02/95%)
  Incr 3 (frac=0.0578), attempt 4, ||R_t||/||f|| = 2.918e-08, ||R_r|| = 3.109e-05 (force converged, 0 active)
  [f_ref] Incr 4: f_ref=3.546e+02 (dynamic_ref), atol=3.24e-06
  Incr 4 (frac=0.0602), attempt 0 [C], ||R_t||/||f|| = 1.000e+00, ||R_r|| = 6.919e+01, ||R_w||/||f||=1.000e+00, active=0, R(x=8.4e+01/23%,y=3.1e+01/9%,z=3.4e+02/95%)
  Incr 4 (frac=0.0602), attempt 4, ||du||/||u|| = 9.299e-10 (disp converged, 0 active)
  [f_ref] Incr 5: f_ref=7.722e+02 (dynamic_ref), atol=3.33e-06
  Incr 5 (frac=0.0637), attempt 0 [C], ||R_t||/||f|| = 1.000e+00, ||R_r|| = 1.676e+02, ||R_w||/||f||=1.001e+00, active=0, R(x=1.8e+02/22%,y=6.8e+01/9%,z=7.5e+02/95%)
  Incr 5 (frac=0.0637), attempt 5 [C+D.div], ||R_t||/||f|| = 1.051e+01, ||R_r|| = 1.613e+03, ||R_w||/||f||=1.052e+01, rate=1.409, active=293, R(x=1.3e+03/16%,y=1.7e+03/21%,z=7.8e+03/95%)
  Incr 5 (frac=0.0637), 発散検知 (残差 5 回連続増加) → early abort
  [NR診断] Incr 5 (frac=0.0637), 不収束 att=7, Type分布[A+B:1(14%), A+B+D.div:3(43%), C:1(14%), C+D.div:2(29%)], 直近10[A+B:1, A+B+D.div:3, C:1, C+D.div:2], R_c=8.00e+03, R_s=7.90e+03, active=211, sliding=965, activated=36, deactivated=0, stick→slide=2, slide→stick=1, comp(x=2.2e+03/20%,y=2.4e+03/21%,z=9.6e+03/86%,θx=2.3e+03/21%,θy=4.1e+03/37%,θz=7.2e+02/6%)
  [CUTBACK:diverged] frac 0.0637, dt=3.5156e-03 → sub-steps (cutback #3)
  [f_ref] Incr 5: f_ref=8.835e+01 (dynamic_ref), atol=3.33e-06
  Incr 5 (frac=0.0610), attempt 0 [C], ||R_t||/||f|| = 1.000e+00, ||R_r|| = 1.810e+01, ||R_w||/||f||=1.001e+00, active=0, R(x=2.1e+01/23%,y=7.7e+00/9%,z=8.6e+01/95%)
  Incr 5 (frac=0.0610), attempt 3, ||du||/||u|| = 2.206e-09 (disp converged, 0 active)
  [f_ref] Incr 6: f_ref=2.487e+02 (dynamic_ref), atol=2.60e-06
  Incr 6 (frac=0.0624), attempt 0 [C], ||R_t||/||f|| = 1.000e+00, ||R_r|| = 4.777e+01, ||R_w||/||f||=1.000e+00, active=0, R(x=5.8e+01/23%,y=2.2e+01/8%,z=2.4e+02/95%)
  Incr 6 (frac=0.0624), attempt 3, energy = 6.142e-11 (energy converged)
  [f_ref] Incr 7: f_ref=5.313e+02 (dynamic_ref), atol=2.57e-06
  Incr 7 (frac=0.0643), attempt 0 [C], ||R_t||/||f|| = 1.000e+00, ||R_r|| = 1.091e+02, ||R_w||/||f||=1.001e+00, active=0, R(x=1.2e+02/22%,y=4.6e+01/9%,z=5.2e+02/95%)
  Incr 7 (frac=0.0643), 発散検知 (残差 5 回連続増加) → early abort
  [NR診断] Incr 7 (frac=0.0643), 不収束 att=6, Type分布[A+B:1(17%), A+B+D.div:4(67%), C:1(17%)], 直近10[A+B:1, A+B+D.div:4, C:1], R_c=2.62e+04, R_s=1.11e+04, active=238, sliding=976, activated=34, deactivated=0, stick→slide=0, slide→stick=4, comp(x=1.1e+04/38%,y=7.6e+03/27%,z=2.3e+04/79%,θx=6.1e+03/21%,θy=5.6e+03/20%,θz=7.4e+03/26%)
  [CUTBACK:diverged] frac 0.0643, dt=1.9775e-03 → sub-steps (cutback #4)
  [f_ref] Incr 7: f_ref=5.517e+01 (dynamic_ref), atol=2.57e-06
  Incr 7 (frac=0.0628), attempt 0 [C], ||R_t||/||f|| = 1.000e+00, ||R_r|| = 1.093e+01, ||R_w||/||f||=1.000e+00, active=0, R(x=1.3e+01/23%,y=4.8e+00/9%,z=5.3e+01/95%)
  Incr 7 (frac=0.0628), attempt 3, ||R_t||/||f|| = 3.371e-09, ||R_r|| = 2.230e-06 (force converged, 0 active)
  [f_ref] Incr 8: f_ref=1.594e+02 (dynamic_ref), atol=1.96e-06
  Incr 8 (frac=0.0636), attempt 0 [C], ||R_t||/||f|| = 1.000e+00, ||R_r|| = 3.049e+01, ||R_w||/||f||=1.000e+00, active=0, R(x=3.7e+01/23%,y=1.4e+01/8%,z=1.5e+02/95%)
  Incr 8 (frac=0.0636), attempt 3, ||du||/||u|| = 1.758e-09 (disp converged, 0 active)
  [f_ref] Incr 9: f_ref=3.418e+02 (dynamic_ref), atol=1.85e-06
  Incr 9 (frac=0.0648), attempt 0 [C], ||R_t||/||f|| = 1.000e+00, ||R_r|| = 6.783e+01, ||R_w||/||f||=1.000e+00, active=0, R(x=7.8e+01/22%,y=3.0e+01/9%,z=3.3e+02/95%)
  Incr 9 (frac=0.0648), attempt 5 [C+D.div], ||R_t||/||f|| = 4.514e+00, ||R_r|| = 1.470e+02, ||R_w||/||f||=4.514e+00, rate=2.868, active=281, R(x=2.7e+02/17%,y=3.9e+02/25%,z=1.5e+03/95%)
  Incr 9 (frac=0.0648), 発散検知 (残差 5 回連続増加) → early abort
  [NR診断] Incr 9 (frac=0.0648), 不収束 att=8, Type分布[A+B:2(25%), A+B+D.div:4(50%), C:1(12%), C+D.div:1(12%)], 直近10[A+B:2, A+B+D.div:4, C:1, C+D.div:1], R_c=8.36e+03, R_s=4.02e+03, active=185, sliding=953, activated=26, deactivated=0, stick→slide=3, slide→stick=5, comp(x=1.6e+03/17%,y=2.4e+03/25%,z=8.8e+03/95%,θx=8.4e+02/9%,θy=5.4e+02/6%,θz=1.9e+02/2%)
  [CUTBACK:diverged] frac 0.0648, dt=1.1719e-03 → sub-steps (cutback #5)
  [f_ref] Incr 9: f_ref=3.370e+01 (dynamic_ref), atol=1.85e-06
  Incr 9 (frac=0.0639), attempt 0 [C], ||R_t||/||f|| = 1.000e+00, ||R_r|| = 6.560e+00, ||R_w||/||f||=1.000e+00, active=0, R(x=7.8e+00/23%,y=2.9e+00/8%,z=3.3e+01/95%)
  Incr 9 (frac=0.0639), attempt 2, ||du||/||u|| = 1.498e-10 (disp converged, 0 active)
  [f_ref] Incr 10: f_ref=2.427e+02 (dynamic_ref), atol=1.40e-06
  Incr 10 (frac=0.0647), attempt 0 [C], ||R_t||/||f|| = 1.000e+00, ||R_r|| = 4.562e+01, ||R_w||/||f||=1.000e+00, active=0, R(x=5.7e+01/23%,y=2.1e+01/8%,z=2.4e+02/95%)
  Incr 10 (frac=0.0647), attempt 3, ||du||/||u|| = 3.412e-09 (disp converged, 0 active)
  [f_ref] Incr 11: f_ref=4.782e+02 (dynamic_ref), atol=1.71e-06
  Incr 11 (frac=0.0659), attempt 0 [C], ||R_t||/||f|| = 1.000e+00, ||R_r|| = 9.448e+01, ||R_w||/||f||=1.000e+00, active=0, R(x=1.1e+02/22%,y=4.1e+01/8%,z=4.6e+02/95%)
  Incr 11 (frac=0.0659), attempt 5 [A+B+D.div], ||R_t||/||f|| = 2.843e+00, ||R_r|| = 1.813e+02, ||R_w||/||f||=2.843e+00, rate=1.451, active=354, R(x=2.5e+02/19%,y=2.8e+02/20%,z=1.3e+03/95%)
  Incr 11 (frac=0.0659), 発散検知 (残差 5 回連続増加) → early abort
  [NR診断] Incr 11 (frac=0.0659), 不収束 att=7, Type分布[A+B:1(14%), A+B+D.div:5(71%), C:1(14%)], 直近10[A+B:1, A+B+D.div:5, C:1], R_c=3.57e+03, R_s=1.03e+03, active=260, sliding=1038, activated=36, deactivated=0, stick→slide=1, slide→stick=4, comp(x=7.6e+02/20%,y=6.6e+02/18%,z=3.6e+03/96%,θx=2.0e+02/5%,θy=2.6e+02/7%,θz=5.7e+01/2%)
  [CUTBACK:diverged] frac 0.0659, dt=1.1719e-03 → sub-steps (cutback #6)
  [f_ref] Incr 11: f_ref=4.187e+01 (dynamic_ref), atol=1.71e-06
  Incr 11 (frac=0.0650), attempt 0 [C], ||R_t||/||f|| = 1.000e+00, ||R_r|| = 8.050e+00, ||R_w||/||f||=1.000e+00, active=0, R(x=9.7e+00/23%,y=3.6e+00/8%,z=4.1e+01/95%)
  Incr 11 (frac=0.0650), attempt 2, ||du||/||u|| = 1.820e-10 (disp converged, 0 active)
  [f_ref] Incr 12: f_ref=2.882e+02 (dynamic_ref), atol=1.32e-06
  Incr 12 (frac=0.0658), attempt 0 [C], ||R_t||/||f|| = 1.000e+00, ||R_r|| = 5.348e+01, ||R_w||/||f||=1.000e+00, active=0, R(x=6.7e+01/23%,y=2.5e+01/8%,z=2.8e+02/95%)
  Incr 12 (frac=0.0658), attempt 3, ||du||/||u|| = 3.901e-09 (disp converged, 0 active)
  [f_ref] Incr 13: f_ref=5.505e+02 (dynamic_ref), atol=1.79e-06
  Incr 13 (frac=0.0669), attempt 0 [C], ||R_t||/||f|| = 1.000e+00, ||R_r|| = 1.077e+02, ||R_w||/||f||=1.000e+00, active=0, R(x=1.2e+02/22%,y=4.7e+01/8%,z=5.3e+02/95%)
  Incr 13 (frac=0.0669), 発散検知 (残差 5 回連続増加) → early abort
  [NR診断] Incr 13 (frac=0.0669), 不収束 att=6, Type分布[A+B:1(17%), A+B+D.div:3(50%), C:1(17%), C+D.div:1(17%)], 直近10[A+B:1, A+B+D.div:3, C:1, C+D.div:1], R_c=2.43e+03, R_s=9.20e+02, active=310, sliding=981, activated=15, deactivated=0, stick→slide=6, slide→stick=2, comp(x=4.6e+02/18%,y=4.9e+02/19%,z=2.5e+03/95%,θx=3.3e+02/13%,θy=1.8e+02/7%,θz=5.9e+01/2%)
  [CUTBACK:diverged] frac 0.0669, dt=1.1719e-03 → sub-steps (cutback #7)
  [f_ref] Incr 13: f_ref=4.560e+01 (dynamic_ref), atol=1.79e-06
  Incr 13 (frac=0.0661), attempt 0 [C], ||R_t||/||f|| = 1.000e+00, ||R_r|| = 8.664e+00, ||R_w||/||f||=1.000e+00, active=0, R(x=1.1e+01/23%,y=3.9e+00/8%,z=4.4e+01/95%)
  Incr 13 (frac=0.0661), attempt 2, ||du||/||u|| = 1.494e-10 (disp converged, 0 active)
  [f_ref] Incr 14: f_ref=3.061e+02 (dynamic_ref), atol=1.39e-06
  Incr 14 (frac=0.0669), attempt 0 [C], ||R_t||/||f|| = 1.000e+00, ||R_r|| = 5.623e+01, ||R_w||/||f||=1.000e+00, active=0, R(x=7.2e+01/23%,y=2.6e+01/8%,z=3.0e+02/95%)
  Incr 14 (frac=0.0669), attempt 3, ||du||/||u|| = 3.552e-09 (disp converged, 0 active)
  [f_ref] Incr 15: f_ref=5.771e+02 (dynamic_ref), atol=1.89e-06
  Incr 15 (frac=0.0680), attempt 0 [C], ||R_t||/||f|| = 1.000e+00, ||R_r|| = 1.114e+02, ||R_w||/||f||=1.000e+00, active=0, R(x=1.3e+02/22%,y=5.0e+01/8%,z=5.6e+02/95%)
  Incr 15 (frac=0.0680), 発散検知 (残差 5 回連続増加) → early abort
  [NR診断] Incr 15 (frac=0.0680), 不収束 att=6, Type分布[A+B:1(17%), A+B+D.div:3(50%), C:1(17%), C+D.div:1(17%)], 直近10[A+B:1, A+B+D.div:3, C:1, C+D.div:1], R_c=1.32e+04, R_s=1.52e+04, active=169, sliding=1047, activated=25, deactivated=0, stick→slide=1, slide→stick=1, comp(x=4.0e+03/20%,y=4.4e+03/22%,z=1.0e+04/49%,θx=1.2e+04/58%,θy=9.2e+03/46%,θz=6.9e+03/34%)
  [CUTBACK:diverged] frac 0.0680, dt=1.1719e-03 → sub-steps (cutback #8)
  [f_ref] Incr 15: f_ref=4.616e+01 (dynamic_ref), atol=1.89e-06
  Incr 15 (frac=0.0671), attempt 0 [C], ||R_t||/||f|| = 1.000e+00, ||R_r|| = 8.674e+00, ||R_w||/||f||=1.000e+00, active=0, R(x=1.1e+01/23%,y=3.9e+00/8%,z=4.5e+01/95%)
  Incr 15 (frac=0.0671), attempt 2, ||du||/||u|| = 1.123e-10 (disp converged, 0 active)
  [f_ref] Incr 16: f_ref=3.047e+02 (dynamic_ref), atol=1.46e-06
  Incr 16 (frac=0.0679), attempt 0 [C], ||R_t||/||f|| = 1.000e+00, ||R_r|| = 5.548e+01, ||R_w||/||f||=1.000e+00, active=0, R(x=7.1e+01/23%,y=2.6e+01/8%,z=3.0e+02/95%)
  Incr 16 (frac=0.0679), attempt 3, ||du||/||u|| = 2.883e-09 (disp converged, 0 active)
  [f_ref] Incr 17: f_ref=5.716e+02 (dynamic_ref), atol=1.94e-06
  Incr 17 (frac=0.0691), attempt 0 [C], ||R_t||/||f|| = 1.000e+00, ||R_r|| = 1.088e+02, ||R_w||/||f||=1.000e+00, active=0, R(x=1.3e+02/22%,y=4.9e+01/8%,z=5.5e+02/95%)
  Incr 17 (frac=0.0691), 発散検知 (残差 5 回連続増加) → early abort
  [NR診断] Incr 17 (frac=0.0691), 不収束 att=6, Type分布[A+B:1(17%), A+B+D.div:4(67%), C:1(17%)], 直近10[A+B:1, A+B+D.div:4, C:1], R_c=3.33e+03, R_s=3.29e+03, active=340, sliding=1004, activated=41, deactivated=0, stick→slide=6, slide→stick=12, comp(x=1.2e+03/26%,y=1.1e+03/24%,z=4.4e+03/93%,θx=3.9e+02/8%,θy=2.4e+02/5%,θz=1.1e+02/2%)
  [CUTBACK:diverged] frac 0.0691, dt=1.1719e-03 → sub-steps (cutback #9)
  [f_ref] Incr 17: f_ref=4.458e+01 (dynamic_ref), atol=1.94e-06
  Incr 17 (frac=0.0682), attempt 0 [C], ||R_t||/||f|| = 1.000e+00, ||R_r|| = 8.286e+00, ||R_w||/||f||=1.000e+00, active=0, R(x=1.0e+01/23%,y=3.8e+00/8%,z=4.3e+01/95%)
  Incr 17 (frac=0.0682), attempt 2, ||du||/||u|| = 8.669e-11 (disp converged, 0 active)
  [f_ref] Incr 18: f_ref=2.905e+02 (dynamic_ref), atol=1.49e-06
  Incr 18 (frac=0.0690), attempt 0 [C], ||R_t||/||f|| = 1.000e+00, ||R_r|| = 5.247e+01, ||R_w||/||f||=1.000e+00, active=0, R(x=6.8e+01/23%,y=2.4e+01/8%,z=2.8e+02/95%)
  Incr 18 (frac=0.0690), attempt 3, ||du||/||u|| = 2.204e-09 (disp converged, 0 active)
  [f_ref] Incr 19: f_ref=5.443e+02 (dynamic_ref), atol=1.91e-06
  Incr 19 (frac=0.0702), attempt 0 [C], ||R_t||/||f|| = 1.000e+00, ||R_r|| = 1.022e+02, ||R_w||/||f||=1.000e+00, active=0, R(x=1.2e+02/22%,y=4.6e+01/8%,z=5.3e+02/95%)
  Incr 19 (frac=0.0702), attempt 5 [A+B+D.div], ||R_t||/||f|| = 5.116e+00, ||R_r|| = 1.625e+03, ||R_w||/||f||=5.138e+00, rate=1.758, active=263, R(x=5.0e+02/15%,y=5.9e+02/18%,z=2.7e+03/83%)
  Incr 19 (frac=0.0702), 発散検知 (残差 5 回連続増加) → early abort
  [NR診断] Incr 19 (frac=0.0702), 不収束 att=8, Type分布[A+B+D.div:4(50%), C:3(38%), C+D.div:1(12%)], 直近10[A+B+D.div:4, C:3, C+D.div:1], R_c=3.24e+03, R_s=1.03e+04, active=248, sliding=1070, activated=23, deactivated=0, stick→slide=1, slide→stick=1, comp(x=3.2e+03/29%,y=7.0e+02/6%,z=8.9e+03/83%,θx=4.5e+03/42%,θy=2.3e+03/21%,θz=1.1e+03/10%)
  [CUTBACK:diverged] frac 0.0702, dt=1.1719e-03 → sub-steps (cutback #10)
  [f_ref] Incr 19: f_ref=4.161e+01 (dynamic_ref), atol=1.91e-06
  Incr 19 (frac=0.0693), attempt 0 [C], ||R_t||/||f|| = 1.000e+00, ||R_r|| = 7.655e+00, ||R_w||/||f||=1.000e+00, active=0, R(x=9.6e+00/23%,y=3.5e+00/8%,z=4.0e+01/95%)
  Incr 19 (frac=0.0693), attempt 2, ||du||/||u|| = 6.365e-11 (disp converged, 0 active)
  [f_ref] Incr 20: f_ref=2.683e+02 (dynamic_ref), atol=1.46e-06
  Incr 20 (frac=0.0701), attempt 0 [C], ||R_t||/||f|| = 1.000e+00, ||R_r|| = 4.811e+01, ||R_w||/||f||=1.000e+00, active=0, R(x=6.3e+01/23%,y=2.2e+01/8%,z=2.6e+02/95%)
  Incr 20 (frac=0.0701), attempt 3, ||du||/||u|| = 1.619e-09 (disp converged, 0 active)
  [f_ref] Incr 21: f_ref=5.032e+02 (dynamic_ref), atol=1.83e-06
  Incr 21 (frac=0.0712), attempt 0 [C], ||R_t||/||f|| = 1.000e+00, ||R_r|| = 9.313e+01, ||R_w||/||f||=1.000e+00, active=0, R(x=1.1e+02/22%,y=4.2e+01/8%,z=4.9e+02/95%)
  Incr 21 (frac=0.0712), attempt 5 [A+B+D.div], ||R_t||/||f|| = 1.836e+00, ||R_r|| = 8.725e+01, ||R_w||/||f||=1.836e+00, rate=2.817, active=385, R(x=1.9e+02/21%,y=2.3e+02/25%,z=8.7e+02/94%)
  Incr 21 (frac=0.0712), 発散検知 (残差 5 回連続増加) → early abort
  [NR診断] Incr 21 (frac=0.0712), 不収束 att=7, Type分布[A:1(14%), A+B+D.div:5(71%), C:1(14%)], 直近10[A:1, A+B+D.div:5, C:1], R_c=1.54e+03, R_s=2.04e+02, active=373, sliding=1028, activated=36, deactivated=0, stick→slide=3, slide→stick=3, comp(x=2.2e+02/14%,y=2.6e+02/17%,z=1.5e+03/94%,θx=3.8e+02/24%,θy=1.2e+02/8%,θz=3.6e+01/2%)
  [CUTBACK:diverged] frac 0.0712, dt=1.1719e-03 → sub-steps (cutback #11)
  [f_ref] Incr 21: f_ref=3.783e+01 (dynamic_ref), atol=1.83e-06
  Incr 21 (frac=0.0704), attempt 0 [C], ||R_t||/||f|| = 1.000e+00, ||R_r|| = 6.892e+00, ||R_w||/||f||=1.000e+00, active=0, R(x=8.7e+00/23%,y=3.2e+00/8%,z=3.7e+01/95%)
  Incr 21 (frac=0.0704), attempt 2, ||du||/||u|| = 4.308e-11 (disp converged, 0 active)
  [f_ref] Incr 22: f_ref=2.419e+02 (dynamic_ref), atol=1.39e-06
  Incr 22 (frac=0.0711), attempt 0 [C], ||R_t||/||f|| = 1.000e+00, ||R_r|| = 4.306e+01, ||R_w||/||f||=1.000e+00, active=0, R(x=5.6e+01/23%,y=2.0e+01/8%,z=2.3e+02/95%)
  Incr 22 (frac=0.0711), attempt 3, ||du||/||u|| = 1.152e-09 (disp converged, 0 active)
  [f_ref] Incr 23: f_ref=4.543e+02 (dynamic_ref), atol=1.70e-06
  Incr 23 (frac=0.0723), attempt 0 [C], ||R_t||/||f|| = 1.000e+00, ||R_r|| = 8.296e+01, ||R_w||/||f||=1.000e+00, active=0, R(x=1.0e+02/22%,y=3.8e+01/8%,z=4.4e+02/95%)
  Incr 23 (frac=0.0723), attempt 5 [A+B+D.div], ||R_t||/||f|| = 6.236e+00, ||R_r|| = 5.578e+02, ||R_w||/||f||=6.239e+00, rate=1.256, active=326, R(x=5.2e+02/18%,y=5.7e+02/20%,z=2.7e+03/94%)
  Incr 23 (frac=0.0723), 発散検知 (残差 5 回連続増加) → early abort
  [NR診断] Incr 23 (frac=0.0723), 不収束 att=7, Type分布[A+B:1(14%), A+B+D.div:5(71%), C:1(14%)], 直近10[A+B:1, A+B+D.div:5, C:1], R_c=3.87e+03, R_s=2.05e+03, active=272, sliding=1085, activated=32, deactivated=0, stick→slide=1, slide→stick=4, comp(x=9.1e+02/21%,y=9.0e+02/21%,z=4.1e+03/95%,θx=4.7e+02/11%,θy=3.7e+02/8%,θz=1.2e+02/3%)
  [CUTBACK:diverged] frac 0.0723, dt=1.1719e-03 → sub-steps (cutback #12)
  [f_ref] Incr 23: f_ref=3.368e+01 (dynamic_ref), atol=1.70e-06
  Incr 23 (frac=0.0714), attempt 0 [C], ||R_t||/||f|| = 1.000e+00, ||R_r|| = 6.078e+00, ||R_w||/||f||=1.000e+00, active=0, R(x=7.7e+00/23%,y=2.8e+00/8%,z=3.3e+01/95%)
  Incr 23 (frac=0.0714), attempt 2, ||du||/||u|| = 2.791e-11 (disp converged, 0 active)
  [f_ref] Incr 24: f_ref=2.137e+02 (dynamic_ref), atol=1.29e-06
  Incr 24 (frac=0.0722), attempt 0 [C], ||R_t||/||f|| = 1.000e+00, ||R_r|| = 3.779e+01, ||R_w||/||f||=1.000e+00, active=0, R(x=5.0e+01/23%,y=1.8e+01/8%,z=2.1e+02/95%)
  Incr 24 (frac=0.0722), attempt 3, ||du||/||u|| = 7.985e-10 (disp converged, 0 active)
  [f_ref] Incr 25: f_ref=4.021e+02 (dynamic_ref), atol=1.55e-06
  Incr 25 (frac=0.0734), attempt 0 [C], ||R_t||/||f|| = 1.000e+00, ||R_r|| = 7.251e+01, ||R_w||/||f||=1.000e+00, active=0, R(x=9.1e+01/22%,y=3.4e+01/8%,z=3.9e+02/96%)
  Incr 25 (frac=0.0734), attempt 5 [A+B+D.div], ||R_t||/||f|| = 2.042e+01, ||R_r|| = 1.974e+03, ||R_w||/||f||=2.043e+01, rate=2.886, active=250, R(x=1.9e+03/22%,y=2.2e+03/26%,z=7.7e+03/91%)
  Incr 25 (frac=0.0734), 発散検知 (残差 5 回連続増加) → early abort
  [NR診断] Incr 25 (frac=0.0734), 不収束 att=7, Type分布[A:1(14%), A+B+D.div:4(57%), C:1(14%), C+D.div:1(14%)], 直近10[A:1, A+B+D.div:4, C:1, C+D.div:1], R_c=1.33e+04, R_s=9.89e+03, active=144, sliding=1067, activated=31, deactivated=0, stick→slide=3, slide→stick=2, comp(x=5.0e+03/30%,y=3.9e+03/24%,z=1.4e+04/85%,θx=5.0e+03/30%,θy=2.9e+03/18%,θz=9.7e+02/6%)
  [CUTBACK:diverged] frac 0.0734, dt=1.1719e-03 → sub-steps (cutback #13)
  [f_ref] Incr 25: f_ref=2.945e+01 (dynamic_ref), atol=1.55e-06
  Incr 25 (frac=0.0725), attempt 0 [C], ||R_t||/||f|| = 1.000e+00, ||R_r|| = 5.267e+00, ||R_w||/||f||=1.000e+00, active=0, R(x=6.8e+00/23%,y=2.5e+00/8%,z=2.9e+01/95%)
  Incr 25 (frac=0.0725), attempt 2, ||du||/||u|| = 1.819e-11 (disp converged, 0 active)
  [f_ref] Incr 26: f_ref=1.857e+02 (dynamic_ref), atol=1.17e-06
  Incr 26 (frac=0.0733), attempt 0 [C], ||R_t||/||f|| = 1.000e+00, ||R_r|| = 3.261e+01, ||R_w||/||f||=1.000e+00, active=0, R(x=4.3e+01/23%,y=1.5e+01/8%,z=1.8e+02/95%)
  Incr 26 (frac=0.0733), attempt 3, ||R_t||/||f|| = 7.807e-09, ||R_r|| = 1.794e-05 (force converged, 0 active)
  [f_ref] Incr 27: f_ref=3.499e+02 (dynamic_ref), atol=1.38e-06
  Incr 27 (frac=0.0745), attempt 0 [C], ||R_t||/||f|| = 1.000e+00, ||R_r|| = 6.234e+01, ||R_w||/||f||=1.000e+00, active=0, R(x=7.9e+01/22%,y=2.9e+01/8%,z=3.4e+02/96%)
  Incr 27 (frac=0.0745), attempt 4, ||du||/||u|| = 7.461e-10 (disp converged, 0 active)
  [f_ref] Incr 28: f_ref=4.181e+02 (dynamic_ref), atol=2.01e-06
  Incr 28 (frac=0.0758), attempt 0 [C], ||R_t||/||f|| = 1.000e+00, ||R_r|| = 7.105e+01, ||R_w||/||f||=1.000e+00, active=0, R(x=9.8e+01/23%,y=3.4e+01/8%,z=4.0e+02/95%)
  Incr 28 (frac=0.0758), attempt 3, energy = 4.828e-10 (energy converged)
  [f_ref] Incr 29: f_ref=4.308e+02 (dynamic_ref), atol=2.66e-06
  Incr 29 (frac=0.0774), attempt 0 [C], ||R_t||/||f|| = 1.000e+00, ||R_r|| = 7.497e+01, ||R_w||/||f||=1.000e+00, active=0, R(x=9.8e+01/22%,y=3.6e+01/8%,z=4.2e+02/96%)
  Incr 29 (frac=0.0774), attempt 5 [A+B+D.div], ||R_t||/||f|| = 7.459e+00, ||R_r|| = 2.535e+02, ||R_w||/||f||=7.460e+00, rate=3.018, active=304, R(x=4.8e+02/15%,y=6.9e+02/21%,z=3.1e+03/96%)
  Incr 29 (frac=0.0774), 発散検知 (残差 5 回連続増加) → early abort
  [NR診断] Incr 29 (frac=0.0774), 不収束 att=7, Type分布[A+B:1(14%), A+B+D.div:4(57%), C:1(14%), C+D.div:1(14%)], 直近10[A+B:1, A+B+D.div:4, C:1, C+D.div:1], R_c=7.03e+03, R_s=6.35e+03, active=215, sliding=1063, activated=27, deactivated=0, stick→slide=3, slide→stick=1, comp(x=1.7e+03/18%,y=2.8e+03/29%,z=8.7e+03/92%,θx=8.4e+02/9%,θy=1.4e+03/14%,θz=5.8e+02/6%)
  [CUTBACK:diverged] frac 0.0774, dt=1.5381e-03 → sub-steps (cutback #14)
  [f_ref] Incr 29: f_ref=2.967e+01 (dynamic_ref), atol=2.66e-06
  Incr 29 (frac=0.0762), attempt 0 [C], ||R_t||/||f|| = 1.000e+00, ||R_r|| = 5.139e+00, ||R_w||/||f||=1.000e+00, active=0, R(x=6.8e+00/23%,y=2.4e+00/8%,z=2.9e+01/96%)
  Incr 29 (frac=0.0762), attempt 2, ||du||/||u|| = 2.887e-11 (disp converged, 0 active)
  [f_ref] Incr 30: f_ref=1.065e+02 (dynamic_ref), atol=1.95e-06
  Incr 30 (frac=0.0770), attempt 0 [C], ||R_t||/||f|| = 1.000e+00, ||R_r|| = 1.819e+01, ||R_w||/||f||=1.000e+00, active=0, R(x=2.5e+01/23%,y=8.7e+00/8%,z=1.0e+02/96%)
  Incr 30 (frac=0.0770), attempt 3, ||R_t||/||f|| = 2.072e-09, ||R_r|| = 2.896e-06 (force converged, 0 active)
  [f_ref] Incr 31: f_ref=2.002e+02 (dynamic_ref), atol=1.69e-06
  Incr 31 (frac=0.0782), attempt 0 [C], ||R_t||/||f|| = 1.000e+00, ||R_r|| = 3.436e+01, ||R_w||/||f||=1.000e+00, active=0, R(x=4.6e+01/23%,y=1.6e+01/8%,z=1.9e+02/96%)
  Incr 31 (frac=0.0782), attempt 3, energy = 2.420e-10 (energy converged)
  [f_ref] Incr 32: f_ref=2.331e+02 (dynamic_ref), atol=1.78e-06
  Incr 32 (frac=0.0795), attempt 0 [C], ||R_t||/||f|| = 1.000e+00, ||R_r|| = 3.876e+01, ||R_w||/||f||=1.000e+00, active=0, R(x=5.5e+01/23%,y=1.9e+01/8%,z=2.3e+02/96%)
  Incr 32 (frac=0.0795), attempt 3, ||du||/||u|| = 2.211e-09 (disp converged, 0 active)
  [f_ref] Incr 33: f_ref=2.406e+02 (dynamic_ref), atol=1.95e-06
  Incr 33 (frac=0.0811), attempt 0 [C], ||R_t||/||f|| = 1.000e+00, ||R_r|| = 4.037e+01, ||R_w||/||f||=1.000e+00, active=0, R(x=5.5e+01/23%,y=2.0e+01/8%,z=2.3e+02/96%)
  Incr 33 (frac=0.0811), 発散検知 (残差 5 回連続増加) → early abort
  [NR診断] Incr 33 (frac=0.0811), 不収束 att=6, Type分布[A+B+D.div:1(17%), C:2(33%), C+D.div:3(50%)], 直近10[A+B+D.div:1, C:2, C+D.div:3], R_c=2.26e+04, R_s=5.90e+04, active=133, sliding=1048, activated=20, deactivated=0, stick→slide=2, slide→stick=0, comp(x=3.7e+04/59%,y=2.1e+04/33%,z=4.1e+04/65%,θx=1.2e+04/19%,θy=1.2e+04/19%,θz=1.3e+04/20%)
  [CUTBACK:diverged] frac 0.0811, dt=1.5381e-03 → sub-steps (cutback #15)
  [f_ref] Incr 33: f_ref=1.591e+01 (dynamic_ref), atol=1.95e-06
  Incr 33 (frac=0.0799), attempt 0 [C], ||R_t||/||f|| = 1.000e+00, ||R_r|| = 2.683e+00, ||R_w||/||f||=1.000e+00, active=0, R(x=3.7e+00/23%,y=1.3e+00/8%,z=1.5e+01/96%)
  Incr 33 (frac=0.0799), attempt 2, ||du||/||u|| = 7.291e-12 (disp converged, 0 active)
  [f_ref] Incr 34: f_ref=5.576e+01 (dynamic_ref), atol=1.41e-06
  Incr 34 (frac=0.0807), attempt 0 [C], ||R_t||/||f|| = 1.000e+00, ||R_r|| = 9.285e+00, ||R_w||/||f||=1.000e+00, active=0, R(x=1.3e+01/23%,y=4.5e+00/8%,z=5.4e+01/96%)
  Incr 34 (frac=0.0807), attempt 2, ||du||/||u|| = 9.884e-09 (disp converged, 0 active)
  [f_ref] Incr 35: f_ref=1.031e+02 (dynamic_ref), atol=1.15e-06
  Incr 35 (frac=0.0819), attempt 0 [C], ||R_t||/||f|| = 1.000e+00, ||R_r|| = 1.722e+01, ||R_w||/||f||=1.000e+00, active=0, R(x=2.4e+01/23%,y=8.4e+00/8%,z=1.0e+02/96%)
  Incr 35 (frac=0.0819), attempt 3, ||R_t||/||f|| = 4.365e-09, ||R_r|| = 6.307e-06 (force converged, 0 active)
  [f_ref] Incr 36: f_ref=1.172e+02 (dynamic_ref), atol=1.12e-06
  Incr 36 (frac=0.0832), attempt 0 [C], ||R_t||/||f|| = 1.000e+00, ||R_r|| = 1.910e+01, ||R_w||/||f||=1.000e+00, active=0, R(x=2.7e+01/23%,y=9.5e+00/8%,z=1.1e+02/96%)
  Incr 36 (frac=0.0832), attempt 3, ||R_t||/||f|| = 4.273e-09, ||R_r|| = 6.857e-06 (force converged, 0 active)
  [f_ref] Incr 37: f_ref=1.190e+02 (dynamic_ref), atol=1.13e-06
  Incr 37 (frac=0.0848), attempt 0 [C], ||R_t||/||f|| = 1.000e+00, ||R_r|| = 1.950e+01, ||R_w||/||f||=1.000e+00, active=0, R(x=2.8e+01/23%,y=9.6e+00/8%,z=1.2e+02/96%)
  Incr 37 (frac=0.0848), attempt 3, ||R_t||/||f|| = 7.215e-09, ||R_r|| = 1.268e-05 (force converged, 0 active)
  [f_ref] Incr 38: f_ref=1.180e+02 (dynamic_ref), atol=1.15e-06
  Incr 38 (frac=0.0865), attempt 0 [C], ||R_t||/||f|| = 1.000e+00, ||R_r|| = 1.878e+01, ||R_w||/||f||=1.000e+00, active=0, R(x=2.8e+01/23%,y=9.5e+00/8%,z=1.1e+02/96%)
  Incr 38 (frac=0.0865), attempt 3, ||R_t||/||f|| = 5.389e-09, ||R_r|| = 8.873e-06 (force converged, 0 active)
  [f_ref] Incr 39: f_ref=1.077e+02 (dynamic_ref), atol=1.16e-06
  Incr 39 (frac=0.0883), attempt 0 [C], ||R_t||/||f|| = 1.000e+00, ||R_r|| = 1.730e+01, ||R_w||/||f||=1.000e+00, active=0, R(x=2.5e+01/23%,y=8.7e+00/8%,z=1.0e+02/96%)
  Incr 39 (frac=0.0883), attempt 3, ||R_t||/||f|| = 7.151e-09, ||R_r|| = 1.167e-05 (force converged, 0 active)
  [f_ref] Incr 40: f_ref=9.853e+01 (dynamic_ref), atol=1.13e-06
  Incr 40 (frac=0.0903), attempt 0 [C], ||R_t||/||f|| = 1.000e+00, ||R_r|| = 1.529e+01, ||R_w||/||f||=1.000e+00, active=0, R(x=2.3e+01/23%,y=7.9e+00/8%,z=9.5e+01/96%)
  Incr 40 (frac=0.0903), attempt 3, ||R_t||/||f|| = 4.314e-09, ||R_r|| = 6.347e-06 (force converged, 0 active)
  [f_ref] Incr 41: f_ref=8.217e+01 (dynamic_ref), atol=1.09e-06
  Incr 41 (frac=0.0924), attempt 0 [C], ||R_t||/||f|| = 1.000e+00, ||R_r|| = 1.298e+01, ||R_w||/||f||=1.000e+00, active=0, R(x=2.0e+01/24%,y=6.6e+00/8%,z=8.0e+01/96%)
  Incr 41 (frac=0.0924), attempt 3, ||R_t||/||f|| = 8.488e-09, ||R_r|| = 9.617e-06 (force converged, 0 active)
  [f_ref] Incr 42: f_ref=6.944e+01 (dynamic_ref), atol=1.01e-06
  Incr 42 (frac=0.0946), attempt 0 [C], ||R_t||/||f|| = 1.000e+00, ||R_r|| = 1.053e+01, ||R_w||/||f||=1.000e+00, active=0, R(x=1.7e+01/24%,y=5.6e+00/8%,z=6.7e+01/96%)
  Incr 42 (frac=0.0946), attempt 3, ||R_t||/||f|| = 7.682e-09, ||R_r|| = 7.085e-06 (force converged, 0 active)
  [f_ref] Incr 43: f_ref=5.069e+01 (dynamic_ref), atol=9.15e-07
  Incr 43 (frac=0.0969), attempt 0 [C], ||R_t||/||f|| = 1.000e+00, ||R_r|| = 8.066e+00, ||R_w||/||f||=1.000e+00, active=0, R(x=1.2e+01/24%,y=4.0e+00/8%,z=4.9e+01/95%)
  Incr 43 (frac=0.0969), attempt 3, ||du||/||u|| = 1.971e-10 (disp converged, 0 active)
  [f_ref] Incr 44: f_ref=3.790e+01 (dynamic_ref), atol=7.92e-07
  Incr 44 (frac=0.0993), attempt 0 [C], ||R_t||/||f|| = 1.000e+00, ||R_r|| = 5.750e+00, ||R_w||/||f||=1.000e+00, active=0, R(x=9.1e+00/24%,y=3.0e+00/8%,z=3.7e+01/96%)
  Incr 44 (frac=0.0993), attempt 3, ||du||/||u|| = 3.356e-11 (disp converged, 0 active)
  [f_ref] Incr 45: f_ref=1.966e+01 (dynamic_ref), atol=6.68e-07
  Incr 45 (frac=0.1019), attempt 0 [C], ||R_t||/||f|| = 1.000e+00, ||R_r|| = 3.642e+00, ||R_w||/||f||=1.000e+00, active=0, R(x=4.9e+00/25%,y=1.6e+00/8%,z=1.9e+01/95%)
  Incr 45 (frac=0.1019), attempt 3, ||du||/||u|| = 7.160e-11 (disp converged, 0 active)
  [f_ref] Incr 46: f_ref=9.279e+00 (dynamic_ref), atol=5.27e-07
  Incr 46 (frac=0.1045), attempt 0 [C], ||R_t||/||f|| = 1.000e+00, ||R_r|| = 2.004e+00, ||R_w||/||f||=1.001e+00, active=0, R(x=2.0e+00/21%,y=7.9e-01/8%,z=9.0e+00/95%)
  Incr 46 (frac=0.1045), attempt 3, ||du||/||u|| = 3.780e-09 (disp converged, 0 active)
  [f_ref] Incr 47: f_ref=1.407e+01 (dynamic_ref), atol=3.97e-07
  Incr 47 (frac=0.1073), attempt 0 [C], ||R_t||/||f|| = 1.000e+00, ||R_r|| = 1.968e+00, ||R_w||/||f||=1.000e+00, active=0, R(x=3.2e+00/22%,y=1.1e+00/8%,z=1.4e+01/96%)
  Incr 47 (frac=0.1073), attempt 3, ||du||/||u|| = 8.667e-09 (disp converged, 0 active)
  [f_ref] Incr 48: f_ref=2.346e+01 (dynamic_ref), atol=3.20e-07
  Incr 48 (frac=0.1103), attempt 0 [C], ||R_t||/||f|| = 1.000e+00, ||R_r|| = 3.299e+00, ||R_w||/||f||=1.000e+00, active=0, R(x=5.9e+00/25%,y=1.7e+00/7%,z=2.3e+01/96%)
  Incr 48 (frac=0.1103), attempt 3, ||du||/||u|| = 1.616e-09 (disp converged, 0 active)
  [f_ref] Incr 49: f_ref=4.225e+01 (dynamic_ref), atol=2.94e-07
  Incr 49 (frac=0.1134), attempt 0 [C], ||R_t||/||f|| = 1.000e+00, ||R_r|| = 4.912e+00, ||R_w||/||f||=1.000e+00, active=0, R(x=1.0e+01/25%,y=3.2e+00/8%,z=4.1e+01/96%)
  Incr 49 (frac=0.1134), attempt 3, energy = 5.501e-12 (energy converged)
  [f_ref] Incr 50: f_ref=5.053e+01 (dynamic_ref), atol=3.33e-07
  Incr 50 (frac=0.1166), attempt 0 [C], ||R_t||/||f|| = 1.000e+00, ||R_r|| = 6.430e+00, ||R_w||/||f||=1.000e+00, active=1, R(x=1.3e+01/26%,y=3.8e+00/7%,z=4.9e+01/96%)
  Incr 50 (frac=0.1166), attempt 4, ||R_t||/||f|| = 9.852e-09, ||R_r|| = 4.987e-06 (force converged, 1 active)
  [f_ref] Incr 51: f_ref=6.982e+01 (dynamic_ref), atol=3.85e-07
  Incr 51 (frac=0.1201), attempt 0 [C], ||R_t||/||f|| = 1.000e+00, ||R_r|| = 7.894e+00, ||R_w||/||f||=1.000e+00, active=1, R(x=1.8e+01/25%,y=5.3e+00/8%,z=6.7e+01/96%)
  Incr 51 (frac=0.1201), attempt 3, energy = 2.612e-11 (energy converged)
  [f_ref] Incr 52: f_ref=2.161e+01 (dynamic_ref), atol=4.79e-07
  Incr 52 (frac=0.1218), attempt 0 [C], ||R_t||/||f|| = 1.000e+00, ||R_r|| = 2.624e+00, ||R_w||/||f||=1.000e+00, active=0, R(x=5.7e+00/26%,y=1.6e+00/7%,z=2.1e+01/95%)
  Incr 52 (frac=0.1218), attempt 2, energy = 4.158e-12 (energy converged)
  [f_ref] Incr 53: f_ref=9.050e+00 (dynamic_ref), atol=4.00e-07
  Incr 53 (frac=0.1226), attempt 0 [C], ||R_t||/||f|| = 1.000e+00, ||R_r|| = 1.039e+00, ||R_w||/||f||=1.000e+00, active=0, R(x=2.4e+00/26%,y=6.9e-01/8%,z=8.7e+00/96%)
  Incr 53 (frac=0.1226), attempt 2, ||du||/||u|| = 6.658e-10 (disp converged, 0 active)
  [f_ref] Incr 54: f_ref=2.221e+01 (dynamic_ref), atol=3.07e-07
  Incr 54 (frac=0.1239), attempt 0 [C], ||R_t||/||f|| = 1.000e+00, ||R_r|| = 2.633e+00, ||R_w||/||f||=1.000e+00, active=0, R(x=5.9e+00/26%,y=1.7e+00/7%,z=2.1e+01/95%)
  Incr 54 (frac=0.1239), attempt 2, ||du||/||u|| = 4.599e-09 (disp converged, 0 active)
  [f_ref] Incr 55: f_ref=5.203e+01 (dynamic_ref), atol=2.82e-07
  Incr 55 (frac=0.1258), attempt 0 [C], ||R_t||/||f|| = 1.000e+00, ||R_r|| = 5.868e+00, ||R_w||/||f||=1.000e+00, active=0, R(x=1.4e+01/26%,y=3.9e+00/8%,z=5.0e+01/96%)
  Incr 55 (frac=0.1258), attempt 3, ||R_t||/||f|| = 9.772e-09, ||R_r|| = 6.267e-06 (force converged, 0 active)
  [f_ref] Incr 56: f_ref=6.601e+01 (dynamic_ref), atol=3.53e-07
  Incr 56 (frac=0.1281), attempt 0 [C], ||R_t||/||f|| = 1.000e+00, ||R_r|| = 7.634e+00, ||R_w||/||f||=1.000e+00, active=2, R(x=1.8e+01/27%,y=5.0e+00/7%,z=6.3e+01/95%)
  Incr 56 (frac=0.1281), attempt 3, ||R_t||/||f|| = 4.154e-09, ||R_r|| = 4.491e-06 (force converged, 1 active)
  [f_ref] Incr 57: f_ref=8.294e+01 (dynamic_ref), atol=4.45e-07
  Incr 57 (frac=0.1306), attempt 0 [C], ||R_t||/||f|| = 1.000e+00, ||R_r|| = 9.061e+00, ||R_w||/||f||=1.000e+00, active=3, R(x=2.2e+01/27%,y=6.3e+00/8%,z=8.0e+01/95%)
  Incr 57 (frac=0.1306), attempt 3, ||du||/||u|| = 3.538e-09 (disp converged, 3 active)
  [f_ref] Incr 58: f_ref=2.136e+01 (dynamic_ref), atol=5.61e-07
  Incr 58 (frac=0.1319), attempt 0 [C], ||R_t||/||f|| = 1.000e+00, ||R_r|| = 2.412e+00, ||R_w||/||f||=1.000e+00, active=2, R(x=5.8e+00/27%,y=1.6e+00/7%,z=2.0e+01/95%)
  Incr 58 (frac=0.1319), attempt 2, energy = 2.033e-12 (energy converged)
  [f_ref] Incr 59: f_ref=1.009e+01 (dynamic_ref), atol=4.56e-07
  Incr 59 (frac=0.1326), attempt 0 [C], ||R_t||/||f|| = 1.000e+00, ||R_r|| = 1.096e+00, ||R_w||/||f||=1.000e+00, active=2, R(x=2.7e+00/27%,y=7.6e-01/7%,z=9.7e+00/95%)
  Incr 59 (frac=0.1326), attempt 2, ||du||/||u|| = 4.809e-10 (disp converged, 2 active)
  [f_ref] Incr 60: f_ref=1.097e+01 (dynamic_ref), atol=3.50e-07
  Incr 60 (frac=0.1334), attempt 0 [C], ||R_t||/||f|| = 1.000e+00, ||R_r|| = 1.222e+00, ||R_w||/||f||=1.000e+00, active=1, R(x=3.0e+00/27%,y=8.2e-01/7%,z=1.1e+01/95%)
  Incr 60 (frac=0.1334), attempt 2, ||du||/||u|| = 1.341e-11 (disp converged, 1 active)
  [f_ref] Incr 61: f_ref=1.216e+01 (dynamic_ref), atol=2.78e-07
  Incr 61 (frac=0.1342), attempt 0 [C], ||R_t||/||f|| = 1.000e+00, ||R_r|| = 1.313e+00, ||R_w||/||f||=1.000e+00, active=2, R(x=3.3e+00/27%,y=9.1e-01/7%,z=1.2e+01/95%)
  Incr 61 (frac=0.1342), attempt 2, ||du||/||u|| = 4.918e-10 (disp converged, 2 active)
  [f_ref] Incr 62: f_ref=1.245e+01 (dynamic_ref), atol=2.31e-07
  Incr 62 (frac=0.1350), attempt 0 [C], ||R_t||/||f|| = 1.000e+00, ||R_r|| = 1.372e+00, ||R_w||/||f||=1.000e+00, active=1, R(x=3.4e+00/27%,y=9.3e-01/7%,z=1.2e+01/95%)
  Incr 62 (frac=0.1350), attempt 2, ||du||/||u|| = 1.469e-11 (disp converged, 1 active)
  [f_ref] Incr 63: f_ref=1.315e+01 (dynamic_ref), atol=1.99e-07
  Incr 63 (frac=0.1358), attempt 0 [C], ||R_t||/||f|| = 1.000e+00, ||R_r|| = 1.408e+00, ||R_w||/||f||=1.000e+00, active=1, R(x=3.6e+00/27%,y=9.9e-01/7%,z=1.3e+01/95%)
  Incr 63 (frac=0.1358), attempt 2, ||du||/||u|| = 5.410e-10 (disp converged, 1 active)
  [f_ref] Incr 64: f_ref=1.303e+01 (dynamic_ref), atol=1.79e-07
  Incr 64 (frac=0.1365), attempt 0 [C], ||R_t||/||f|| = 1.000e+00, ||R_r|| = 1.421e+00, ||R_w||/||f||=1.000e+00, active=2, R(x=3.6e+00/27%,y=9.7e-01/7%,z=1.2e+01/95%)
  Incr 64 (frac=0.1365), attempt 2, ||du||/||u|| = 1.481e-11 (disp converged, 2 active)
  [f_ref] Incr 65: f_ref=1.338e+01 (dynamic_ref), atol=1.64e-07
  Incr 65 (frac=0.1373), attempt 0 [C], ||R_t||/||f|| = 1.000e+00, ||R_r|| = 1.420e+00, ||R_w||/||f||=1.000e+00, active=2, R(x=3.7e+00/27%,y=1.0e+00/7%,z=1.3e+01/95%)
  Incr 65 (frac=0.1373), attempt 2, ||du||/||u|| = 5.073e-10 (disp converged, 2 active)
  [f_ref] Incr 66: f_ref=2.743e+01 (dynamic_ref), atol=1.55e-07
  Incr 66 (frac=0.1385), attempt 0 [C], ||R_t||/||f|| = 1.000e+00, ||R_r|| = 2.960e+00, ||R_w||/||f||=1.000e+00, active=2, R(x=7.6e+00/28%,y=2.0e+00/7%,z=2.6e+01/95%)
  Incr 66 (frac=0.1385), attempt 2, ||du||/||u|| = 3.505e-09 (disp converged, 2 active)
  [f_ref] Incr 67: f_ref=5.683e+01 (dynamic_ref), atol=1.91e-07
  Incr 67 (frac=0.1403), attempt 0 [C], ||R_t||/||f|| = 1.000e+00, ||R_r|| = 5.905e+00, ||R_w||/||f||=1.000e+00, active=2, R(x=1.6e+01/28%,y=4.3e+00/7%,z=5.4e+01/95%)
  Incr 67 (frac=0.1403), attempt 3, ||R_t||/||f|| = 5.428e-09, ||R_r|| = 3.893e-06 (force converged, 2 active)
  [f_ref] Incr 68: f_ref=1.341e+01 (dynamic_ref), atol=3.04e-07
  Incr 68 (frac=0.1411), attempt 0 [C], ||R_t||/||f|| = 1.000e+00, ||R_r|| = 1.426e+00, ||R_w||/||f||=1.000e+00, active=4, R(x=3.8e+00/28%,y=1.0e+00/7%,z=1.3e+01/95%)
  Incr 68 (frac=0.1411), attempt 2, ||du||/||u|| = 1.555e-09 (disp converged, 4 active)
  [f_ref] Incr 69: f_ref=1.076e+01 (dynamic_ref), atol=2.53e-07
  Incr 69 (frac=0.1419), attempt 0 [C], ||R_t||/||f|| = 1.000e+00, ||R_r|| = 1.107e+00, ||R_w||/||f||=1.000e+00, active=4, R(x=3.0e+00/28%,y=8.0e-01/7%,z=1.0e+01/95%)
  Incr 69 (frac=0.1419), attempt 2, ||du||/||u|| = 2.137e-09 (disp converged, 4 active)
  [f_ref] Incr 70: f_ref=2.170e+01 (dynamic_ref), atol=2.09e-07
  Incr 70 (frac=0.1431), attempt 0 [C], ||R_t||/||f|| = 1.000e+00, ||R_r|| = 2.285e+00, ||R_w||/||f||=1.000e+00, active=4, R(x=6.1e+00/28%,y=1.6e+00/7%,z=2.1e+01/95%)
  Incr 70 (frac=0.1431), attempt 2, ||du||/||u|| = 7.792e-09 (disp converged, 4 active)
  [f_ref] Incr 71: f_ref=4.495e+01 (dynamic_ref), atol=2.12e-07
  Incr 71 (frac=0.1448), attempt 0 [C], ||R_t||/||f|| = 1.000e+00, ||R_r|| = 4.531e+00, ||R_w||/||f||=1.000e+00, active=4, R(x=1.3e+01/28%,y=3.4e+00/7%,z=4.3e+01/95%)
  Incr 71 (frac=0.1448), attempt 3, ||R_t||/||f|| = 5.378e-09, ||R_r|| = 2.600e-06 (force converged, 4 active)
  [f_ref] Incr 72: f_ref=5.176e+01 (dynamic_ref), atol=2.83e-07
  Incr 72 (frac=0.1469), attempt 0 [C], ||R_t||/||f|| = 1.000e+00, ||R_r|| = 5.354e+00, ||R_w||/||f||=1.000e+00, active=5, R(x=1.5e+01/28%,y=3.8e+00/7%,z=4.9e+01/95%)
  Incr 72 (frac=0.1469), attempt 3, ||du||/||u|| = 2.860e-09 (disp converged, 5 active)
  [f_ref] Incr 73: f_ref=5.976e+01 (dynamic_ref), atol=3.53e-07
  Incr 73 (frac=0.1492), attempt 0 [C], ||R_t||/||f|| = 1.000e+00, ||R_r|| = 5.844e+00, ||R_w||/||f||=1.000e+00, active=5, R(x=1.7e+01/28%,y=4.5e+00/7%,z=5.7e+01/95%)
  Incr 73 (frac=0.1492), attempt 3, ||du||/||u|| = 7.407e-10 (disp converged, 5 active)
  [f_ref] Incr 74: f_ref=1.308e+01 (dynamic_ref), atol=4.27e-07
  Incr 74 (frac=0.1504), attempt 0 [C], ||R_t||/||f|| = 1.000e+00, ||R_r|| = 1.333e+00, ||R_w||/||f||=1.000e+00, active=5, R(x=3.8e+00/29%,y=9.7e-01/7%,z=1.2e+01/95%)
  Incr 74 (frac=0.1504), attempt 2, ||du||/||u|| = 2.383e-09 (disp converged, 5 active)
  [f_ref] Incr 75: f_ref=2.751e+01 (dynamic_ref), atol=3.38e-07
  Incr 75 (frac=0.1521), attempt 0 [C], ||R_t||/||f|| = 1.000e+00, ||R_r|| = 2.636e+00, ||R_w||/||f||=1.000e+00, active=5, R(x=7.9e+00/29%,y=2.0e+00/7%,z=2.6e+01/95%)
  Incr 75 (frac=0.1521), attempt 3, ||R_t||/||f|| = 4.627e-09, ||R_r|| = 1.267e-06 (force converged, 5 active)
  [f_ref] Incr 76: f_ref=6.182e+00 (dynamic_ref), atol=3.19e-07
  Incr 76 (frac=0.1529), attempt 0 [C], ||R_t||/||f|| = 1.000e+00, ||R_r|| = 6.236e-01, ||R_w||/||f||=1.000e+00, active=5, R(x=1.8e+00/29%,y=4.6e-01/7%,z=5.9e+00/95%)
  Incr 76 (frac=0.1529), attempt 2, ||du||/||u|| = 1.093e-11 (disp converged, 5 active)
  [f_ref] Incr 77: f_ref=1.340e+01 (dynamic_ref), atol=2.42e-07
  Incr 77 (frac=0.1542), attempt 0 [C], ||R_t||/||f|| = 1.000e+00, ||R_r|| = 1.264e+00, ||R_w||/||f||=1.000e+00, active=5, R(x=3.9e+00/29%,y=1.0e+00/7%,z=1.3e+01/95%)
  Incr 77 (frac=0.1542), attempt 3, ||R_t||/||f|| = 1.510e-09, ||R_r|| = 2.182e-07 (force converged, 5 active)
  [f_ref] Incr 78: f_ref=2.465e+01 (dynamic_ref), atol=2.10e-07
  Incr 78 (frac=0.1562), attempt 0 [C], ||R_t||/||f|| = 1.000e+00, ||R_r|| = 2.460e+00, ||R_w||/||f||=1.000e+00, active=5, R(x=7.3e+00/29%,y=1.8e+00/7%,z=2.3e+01/95%)
  Incr 78 (frac=0.1562), attempt 3, ||du||/||u|| = 9.918e-11 (disp converged, 5 active)
  [f_ref] Incr 79: f_ref=3.156e+01 (dynamic_ref), atol=2.21e-07
  Incr 79 (frac=0.1585), attempt 0 [C], ||R_t||/||f|| = 1.000e+00, ||R_r|| = 2.881e+00, ||R_w||/||f||=1.000e+00, active=5, R(x=9.3e+00/29%,y=2.3e+00/7%,z=3.0e+01/95%)
  Incr 79 (frac=0.1585), attempt 3, ||du||/||u|| = 3.995e-10 (disp converged, 5 active)
  [f_ref] Incr 80: f_ref=6.573e+00 (dynamic_ref), atol=2.49e-07
  Incr 80 (frac=0.1596), attempt 0 [C], ||R_t||/||f|| = 1.000e+00, ||R_r|| = 6.502e-01, ||R_w||/||f||=1.000e+00, active=5, R(x=2.0e+00/30%,y=4.8e-01/7%,z=6.3e+00/95%)
  Incr 80 (frac=0.1596), attempt 2, ||du||/||u|| = 2.170e-09 (disp converged, 5 active)
  [f_ref] Incr 81: f_ref=1.438e+01 (dynamic_ref), atol=1.94e-07
  Incr 81 (frac=0.1613), attempt 0 [C], ||R_t||/||f|| = 1.000e+00, ||R_r|| = 1.282e+00, ||R_w||/||f||=1.000e+00, active=5, R(x=4.3e+00/30%,y=1.1e+00/7%,z=1.4e+01/95%)
  Incr 81 (frac=0.1613), attempt 3, ||du||/||u|| = 4.672e-11 (disp converged, 5 active)
  [f_ref] Incr 82: f_ref=2.483e+01 (dynamic_ref), atol=1.79e-07
  Incr 82 (frac=0.1639), attempt 0 [C], ||R_t||/||f|| = 1.000e+00, ||R_r|| = 2.435e+00, ||R_w||/||f||=1.000e+00, active=5, R(x=7.6e+00/30%,y=1.8e+00/7%,z=2.4e+01/95%)
  Incr 82 (frac=0.1639), attempt 3, ||du||/||u|| = 2.041e-09 (disp converged, 5 active)
  [f_ref] Incr 83: f_ref=3.295e+01 (dynamic_ref), atol=2.00e-07
  Incr 83 (frac=0.1668), attempt 0 [C], ||R_t||/||f|| = 1.000e+00, ||R_r|| = 2.804e+00, ||R_w||/||f||=1.000e+00, active=5, R(x=9.9e+00/30%,y=2.4e+00/7%,z=3.1e+01/95%)
  Incr 83 (frac=0.1668), attempt 4, ||du||/||u|| = 9.390e-10 (disp converged, 6 active)
  [f_ref] Incr 84: f_ref=6.164e+00 (dynamic_ref), atol=2.39e-07
  Incr 84 (frac=0.1683), attempt 0 [C], ||R_t||/||f|| = 1.000e+00, ||R_r|| = 6.033e-01, ||R_w||/||f||=1.000e+00, active=6, R(x=1.9e+00/31%,y=4.5e-01/7%,z=5.8e+00/94%)
  Incr 84 (frac=0.1683), attempt 3, ||R_t||/||f|| = 3.526e-08, ||R_r|| = 2.208e-07 (force converged, 6 active)
  [f_ref] Incr 85: f_ref=1.416e+01 (dynamic_ref), atol=1.86e-07
  Incr 85 (frac=0.1706), attempt 0 [C], ||R_t||/||f|| = 1.000e+00, ||R_r|| = 1.158e+00, ||R_w||/||f||=1.000e+00, active=1, R(x=4.3e+00/30%,y=1.1e+00/7%,z=1.3e+01/95%)
  Incr 85 (frac=0.1706), attempt 3, ||du||/||u|| = 5.732e-10 (disp converged, 6 active)
  [f_ref] Incr 86: f_ref=2.177e+01 (dynamic_ref), atol=1.72e-07
  Incr 86 (frac=0.1739), attempt 0 [C], ||R_t||/||f|| = 1.000e+00, ||R_r|| = 2.137e+00, ||R_w||/||f||=1.000e+00, active=7, R(x=6.9e+00/32%,y=1.6e+00/7%,z=2.1e+01/94%)
  Incr 86 (frac=0.1739), attempt 4, energy = 1.757e-12 (energy converged)
  [f_ref] Incr 87: f_ref=5.904e+00 (dynamic_ref), atol=1.86e-07
  Incr 87 (frac=0.1756), attempt 0 [C], ||R_t||/||f|| = 1.000e+00, ||R_r|| = 4.565e-01, ||R_w||/||f||=1.000e+00, active=6, R(x=1.8e+00/31%,y=4.4e-01/7%,z=5.6e+00/95%)
  Incr 87 (frac=0.1756), attempt 3, ||du||/||u|| = 8.254e-11 (disp converged, 6 active)
  [f_ref] Incr 88: f_ref=8.279e+00 (dynamic_ref), atol=1.48e-07
  Incr 88 (frac=0.1781), attempt 0 [C], ||R_t||/||f|| = 1.000e+00, ||R_r|| = 8.357e-01, ||R_w||/||f||=1.000e+00, active=5, R(x=2.7e+00/32%,y=5.9e-01/7%,z=7.8e+00/94%)
  Incr 88 (frac=0.1781), attempt 3, ||du||/||u|| = 6.521e-10 (disp converged, 6 active)
  [f_ref] Incr 89: f_ref=2.187e+01 (dynamic_ref), atol=1.28e-07
  Incr 89 (frac=0.1819), attempt 0 [C], ||R_t||/||f|| = 1.000e+00, ||R_r|| = 1.564e+00, ||R_w||/||f||=1.000e+00, active=5, R(x=6.8e+00/31%,y=1.6e+00/7%,z=2.1e+01/94%)
  Incr 89 (frac=0.1819), attempt 4, ||du||/||u|| = 6.129e-10 (disp converged, 6 active)
  [f_ref] Incr 90: f_ref=1.595e+01 (dynamic_ref), atol=1.55e-07
  Incr 90 (frac=0.1863), attempt 0 [C], ||R_t||/||f|| = 1.000e+00, ||R_r|| = 1.675e+00, ||R_w||/||f||=1.000e+00, active=7, R(x=5.4e+00/34%,y=1.1e+00/7%,z=1.5e+01/93%)
  Incr 90 (frac=0.1863), attempt 5 [C], ||R_t||/||f|| = 1.201e-08, ||R_r|| = 1.176e-06, ||R_w||/||f||=1.679e-08, rate=0.082, active=6, R(x=6.6e-08/6%,y=5.7e-08/5%,z=1.7e-07/14%)
  Incr 90 (frac=0.1863), attempt 5, ||du||/||u|| = 1.874e-10 (disp converged, 6 active)
  [f_ref] Incr 91: f_ref=5.287e+00 (dynamic_ref), atol=1.57e-07
  Incr 91 (frac=0.1885), attempt 0 [C], ||R_t||/||f|| = 1.000e+00, ||R_r|| = 3.404e-01, ||R_w||/||f||=1.000e+00, active=7, R(x=1.7e+00/32%,y=4.0e-01/8%,z=5.0e+00/94%)
  Incr 91 (frac=0.1885), attempt 3, ||R_t||/||f|| = 2.583e-08, ||R_r|| = 2.523e-07 (force converged, 7 active)
  [f_ref] Incr 92: f_ref=4.796e+00 (dynamic_ref), atol=1.26e-07
  Incr 92 (frac=0.1918), attempt 0 [C], ||R_t||/||f|| = 1.000e+00, ||R_r|| = 5.751e-01, ||R_w||/||f||=1.000e+00, active=7, R(x=1.7e+00/35%,y=3.3e-01/7%,z=4.5e+00/93%)
  Incr 92 (frac=0.1918), attempt 3, ||du||/||u|| = 4.706e-09 (disp converged, 8 active)
  [f_ref] Incr 93: f_ref=1.917e+01 (dynamic_ref), atol=1.02e-07
  Incr 93 (frac=0.1967), attempt 0 [C], ||R_t||/||f|| = 1.000e+00, ||R_r|| = 1.060e+00, ||R_w||/||f||=1.000e+00, active=9, R(x=6.2e+00/32%,y=1.5e+00/8%,z=1.8e+01/94%)
  Incr 93 (frac=0.1967), attempt 4, energy = 2.534e-12 (energy converged)
  [f_ref] Incr 94: f_ref=1.129e+00 (dynamic_ref), atol=1.29e-07
  Incr 94 (frac=0.1992), attempt 0 [C], ||R_t||/||f|| = 1.000e+00, ||R_r|| = 1.757e-01, ||R_w||/||f||=1.000e+00, active=10, R(x=4.2e-01/37%,y=8.7e-02/8%,z=1.0e+00/91%)
  Incr 94 (frac=0.1992), attempt 5 [C], ||R_t||/||f|| = 4.280e-06, ||R_r|| = 1.015e-05, ||R_w||/||f||=4.513e-06, rate=0.474, active=10, R(x=4.5e-06/40%,y=1.6e-06/14%,z=6.5e-07/6%)
  Incr 94 (frac=0.1992), attempt 10 [C+D.stall], ||R_t||/||f|| = 1.731e-06, ||R_r|| = 4.286e-06, ||R_w||/||f||=1.833e-06, rate=0.953, active=10, R(x=1.8e-06/39%,y=6.6e-07/14%,z=1.9e-07/4%)
============================================================
接線剛性FD方向診断（status-256）
============================================================
  ||du|| = 4.6320e-05
  ||R_u|| = 4.4915e-06
  ⚠ R_u vs compute_residual(u) 乖離: 1.5826e-11 (リラクゼーション/動的項の差異)
  ||R_base|| = 4.4915e-06
  ||R(u+eps*du)|| = 4.4915e-06
  方向有効性: ||R(u+eps*du)||/||R(u)|| = 1.000001
  ⚠ du方向で残差が増加 — Newton方向が無効
  FD方向微分 = 1.0029e-06
  解析方向微分 = 1.0291e-06
  全体系 K@du: FD vs 解析 相対誤差 = 1.0000e+00
  ⚠ 全体系で接線剛性不整合 — K_c自体が不正確
  全体系不整合DOF上位5件:
    dof=1196 (node=199, comp=2): FD=-4.3787e-03, analytical=-6.8026e-11, diff=-4.3787e-03
    dof=1100 (node=183, comp=2): FD=4.2580e-03, analytical=-3.6781e-09, diff=4.2580e-03
    dof=1094 (node=182, comp=2): FD=-3.8909e-03, analytical=1.5695e-09, diff=-3.8909e-03
    dof=1106 (node=184, comp=2): FD=-2.9697e-03, analytical=-9.4039e-09, diff=-2.9696e-03
    dof=1070 (node=178, comp=2): FD=2.7324e-03, analytical=5.2885e-09, diff=2.7324e-03
  comp別不整合: [x:2.83e-03(22%), y:1.11e-03(9%), z:1.25e-02(97%), θx:5.11e-05(0%), θy:1.42e-04(1%), θz:5.59e-06(0%)]
  接触DOF不整合: 4.68e-03 (96 DOFs), 構造DOF不整合: 1.20e-02 (1842 DOFs)
  活性DOF K@du: FD vs 解析 相対誤差 = 1.0002e+00 (96 DOFs)
  ⚠ 活性DOFで接線剛性不整合
  方向微分整合度: |FD-解析|/max = 2.5418e-02
------------------------------------------------------------
  f_c 単独FD検証（K_c精度）
  ||∂f_c/∂u·du (FD)|| = 1.1945e-06
  ||K_c @ du|| = 1.2436e-06
  f_c FD相対誤差 = 7.4005e-01
  ⚠ K_c自体が不正確（f_c単独で10%超の不整合）
  f_c comp別不整合: [x=8.7e-07/94%, y=3.0e-07/32%, z=8.9e-08/10%, θx=0.0e+00/0%, θy=0.0e+00/0%, θz=0.0e+00/0%]
  f_c不整合DOF上位5件:
    dof=396 (node=66, comp=0): FD=2.0367e-07, K_c=-2.7145e-07, diff=4.7512e-07
    dof=1110 (node=185, comp=0): FD=-2.0158e-07, K_c=2.6865e-07, diff=-4.7023e-07
    dof=1116 (node=186, comp=0): FD=-1.6901e-07, K_c=2.0621e-07, diff=-3.7522e-07
    dof=402 (node=67, comp=0): FD=1.6689e-07, K_c=-2.0344e-07, diff=3.7033e-07
    dof=445 (node=74, comp=1): FD=-3.3057e-07, K_c=-4.9710e-07, diff=1.6653e-07
============================================================
  [Type D対策] FD診断: Newton方向精度不良 (dir_ratio=1.000), NR上限拡張→200
  Incr 94 (frac=0.1992), attempt 14, ||du||/||u|| = 9.998e-09 (disp converged, 10 active)
  [f_ref] Incr 95: f_ref=6.955e-01 (dynamic_ref), atol=9.38e-08
  Incr 95 (frac=0.2005), attempt 0 [C], ||R_t||/||f|| = 1.000e+00, ||R_r|| = 2.566e-02, ||R_w||/||f||=1.000e+00, active=11, R(x=2.2e-01/32%,y=5.7e-02/8%,z=6.6e-01/94%)
  Incr 95 (frac=0.2005), attempt 2, ||du||/||u|| = 2.369e-09 (disp converged, 11 active)
  [f_ref] Incr 96: f_ref=1.798e-01 (dynamic_ref), atol=6.77e-08
  Incr 96 (frac=0.2012), attempt 0 [C], ||R_t||/||f|| = 1.000e+00, ||R_r|| = 4.522e-03, ||R_w||/||f||=1.000e+00, active=9, R(x=5.5e-02/31%,y=1.6e-02/9%,z=1.7e-01/95%)
  Incr 96 (frac=0.2012), attempt 1, ||du||/||u|| = 4.447e-10 (disp converged, 8 active)
  [f_ref] Incr 97: f_ref=2.113e-01 (dynamic_ref), atol=4.79e-08
  Incr 97 (frac=0.2024), attempt 0 [C], ||R_t||/||f|| = 1.000e+00, ||R_r|| = 1.570e-02, ||R_w||/||f||=1.000e+00, active=8, R(x=6.0e-02/28%,y=2.2e-02/10%,z=2.0e-01/95%)
  Incr 97 (frac=0.2024), attempt 2, ||du||/||u|| = 8.627e-11 (disp converged, 8 active)
  [f_ref] Incr 98: f_ref=1.415e+00 (dynamic_ref), atol=3.42e-08
  Incr 98 (frac=0.2042), attempt 0 [C], ||R_t||/||f|| = 1.000e+00, ||R_r|| = 5.693e-02, ||R_w||/||f||=1.000e+00, active=9, R(x=4.6e-01/32%,y=1.1e-01/8%,z=1.3e+00/94%)
  Incr 98 (frac=0.2042), attempt 3, ||R_t||/||f|| = 7.327e-09, ||R_r|| = 9.031e-08 (force converged, 9 active)
  [f_ref] Incr 99: f_ref=5.008e-01 (dynamic_ref), atol=2.82e-08
  Incr 99 (frac=0.2062), attempt 0 [C], ||R_t||/||f|| = 1.000e+00, ||R_r|| = 7.348e-02, ||R_w||/||f||=1.000e+00, active=9, R(x=1.6e-01/31%,y=5.5e-02/11%,z=4.7e-01/93%)
  Incr 99 (frac=0.2062), attempt 3, ||du||/||u|| = 2.488e-11 (disp converged, 10 active)
  [f_ref] Incr 100: f_ref=2.692e+00 (dynamic_ref), atol=2.12e-08
  Incr 100 (frac=0.2085), attempt 0 [C], ||R_t||/||f|| = 1.000e+00, ||R_r|| = 1.152e-01, ||R_w||/||f||=1.000e+00, active=12, R(x=8.9e-01/33%,y=2.1e-01/8%,z=2.5e+00/94%)
  Incr 100 (frac=0.2085), attempt 3, ||du||/||u|| = 7.945e-11 (disp converged, 12 active)
  [f_ref] Incr 101: f_ref=7.787e-01 (dynamic_ref), atol=2.29e-08
  Incr 101 (frac=0.2111), attempt 0 [C], ||R_t||/||f|| = 1.000e+00, ||R_r|| = 1.212e-01, ||R_w||/||f||=1.000e+00, active=12, R(x=2.6e-01/33%,y=8.2e-02/10%,z=7.3e-01/93%)
  Incr 101 (frac=0.2111), attempt 5 [C], ||R_t||/||f|| = 1.036e-05, ||R_r|| = 1.375e-05, ||R_w||/||f||=1.074e-05, rate=0.583, active=12, R(x=7.8e-06/49%,y=1.5e-06/9%,z=1.3e-06/8%)
  Incr 101 (frac=0.2111), attempt 10 [C+D.stall], ||R_t||/||f|| = 4.426e-06, ||R_r|| = 7.170e-06, ||R_w||/||f||=4.662e-06, rate=0.951, active=12, R(x=3.1e-06/39%,y=7.7e-07/10%,z=1.2e-06/16%)
============================================================
接線剛性FD方向診断（status-256）
============================================================
  ||du|| = 7.9407e-05
  ||R_u|| = 7.5792e-06
  ⚠ R_u vs compute_residual(u) 乖離: 4.4554e-11 (リラクゼーション/動的項の差異)
  ||R_base|| = 7.5792e-06
  ||R(u+eps*du)|| = 7.5792e-06
  方向有効性: ||R(u+eps*du)||/||R(u)|| = 1.000003
  ⚠ du方向で残差が増加 — Newton方向が無効
  FD方向微分 = 1.9471e-06
  解析方向微分 = 1.6352e-06
  全体系 K@du: FD vs 解析 相対誤差 = 1.0001e+00
  ⚠ 全体系で接線剛性不整合 — K_c自体が不正確
  全体系不整合DOF上位5件:
    dof=1010 (node=168, comp=2): FD=3.8234e-03, analytical=8.1975e-10, diff=3.8234e-03
    dof=1190 (node=198, comp=2): FD=3.4133e-03, analytical=4.0449e-10, diff=3.4133e-03
    dof=1064 (node=177, comp=2): FD=2.5871e-03, analytical=7.2159e-09, diff=2.5871e-03
    dof=398 (node=66, comp=2): FD=-2.5406e-03, analytical=6.0195e-07, diff=-2.5412e-03
    dof=1070 (node=178, comp=2): FD=-2.4447e-03, analytical=9.4271e-09, diff=-2.4447e-03
  comp別不整合: [x:3.27e-03(26%), y:8.91e-04(7%), z:1.21e-02(96%), θx:6.99e-05(1%), θy:2.19e-04(2%), θz:7.17e-06(0%)]
  接触DOF不整合: 4.80e-03 (132 DOFs), 構造DOF不整合: 1.17e-02 (1806 DOFs)
  活性DOF K@du: FD vs 解析 相対誤差 = 1.0005e+00 (132 DOFs)
  ⚠ 活性DOFで接線剛性不整合
  方向微分整合度: |FD-解析|/max = 1.6020e-01
------------------------------------------------------------
  f_c 単独FD検証（K_c精度）
  ||∂f_c/∂u·du (FD)|| = 2.2265e-06
  ||K_c @ du|| = 2.1868e-06
  f_c FD相対誤差 = 8.5344e-01
  ⚠ K_c自体が不正確（f_c単独で10%超の不整合）
  f_c comp別不整合: [x=1.8e-06/96%, y=3.6e-07/19%, z=4.3e-07/22%, θx=0.0e+00/0%, θy=0.0e+00/0%, θz=0.0e+00/0%]
  f_c不整合DOF上位5件:
    dof=396 (node=66, comp=0): FD=4.6355e-07, K_c=-5.3417e-07, diff=9.9772e-07
    dof=1110 (node=185, comp=0): FD=-4.5849e-07, K_c=5.2830e-07, diff=-9.8679e-07
    dof=1116 (node=186, comp=0): FD=-3.8067e-07, K_c=4.1877e-07, diff=-7.9944e-07
    dof=402 (node=67, comp=0): FD=3.7557e-07, K_c=-4.1293e-07, diff=7.8850e-07
    dof=398 (node=66, comp=2): FD=1.1720e-07, K_c=-8.9407e-08, diff=2.0661e-07
============================================================
  [Type D対策] FD診断: Newton方向精度不良 (dir_ratio=1.000), NR上限拡張→200
  Incr 101 (frac=0.2111), 低残差停滞[C+D] → Type D対策: NR上限拡張→200 (att=15, ||R||/||f||=3.440e-06, rate=0.951, R_c=4.16e-06, R_s=4.66e-06, active=12)
  Incr 101 (frac=0.2111), attempt 15 [C+D.stall], ||R_t||/||f|| = 3.440e-06, ||R_r|| = 5.646e-06, ||R_w||/||f||=3.628e-06, rate=0.951, active=12, R(x=2.4e-06/39%,y=6.0e-07/10%,z=9.9e-07/16%)
============================================================
接線剛性FD方向診断（status-256）
============================================================
  ||du|| = 6.4256e-05
  ||R_u|| = 6.2494e-06
  ⚠ R_u vs compute_residual(u) 乖離: 3.5572e-11 (リラクゼーション/動的項の差異)
  ||R_base|| = 6.2494e-06
  ||R(u+eps*du)|| = 6.2494e-06
  方向有効性: ||R(u+eps*du)||/||R(u)|| = 1.000001
  ⚠ du方向で残差が増加 — Newton方向が無効
  FD方向微分 = 1.5656e-06
  解析方向微分 = 1.3277e-06
  全体系 K@du: FD vs 解析 相対誤差 = 1.0000e+00
  ⚠ 全体系で接線剛性不整合 — K_c自体が不正確
  全体系不整合DOF上位5件:
    dof=1106 (node=184, comp=2): FD=4.8414e-03, analytical=-1.5425e-08, diff=4.8414e-03
    dof=1304 (node=217, comp=2): FD=4.6464e-03, analytical=4.2763e-10, diff=4.6464e-03
    dof=1208 (node=201, comp=2): FD=-4.4975e-03, analytical=-3.1696e-10, diff=-4.4975e-03
    dof=476 (node=79, comp=2): FD=4.4323e-03, analytical=3.0428e-10, diff=4.4323e-03
    dof=1100 (node=183, comp=2): FD=-4.2155e-03, analytical=-8.2872e-09, diff=-4.2155e-03
  comp別不整合: [x:4.49e-03(25%), y:1.44e-03(8%), z:1.77e-02(97%), θx:6.84e-05(0%), θy:2.03e-04(1%), θz:7.75e-06(0%)]
  接触DOF不整合: 4.70e-03 (132 DOFs), 構造DOF不整合: 1.77e-02 (1806 DOFs)
  活性DOF K@du: FD vs 解析 相対誤差 = 1.0003e+00 (132 DOFs)
  ⚠ 活性DOFで接線剛性不整合
  方向微分整合度: |FD-解析|/max = 1.5198e-01
------------------------------------------------------------
  f_c 単独FD検証（K_c精度）
  ||∂f_c/∂u·du (FD)|| = 1.7994e-06
  ||K_c @ du|| = 1.7635e-06
  f_c FD相対誤差 = 8.4750e-01
  ⚠ K_c自体が不正確（f_c単独で10%超の不整合）
  f_c comp別不整合: [x=1.5e-06/95%, y=2.8e-07/19%, z=3.6e-07/23%, θx=0.0e+00/0%, θy=0.0e+00/0%, θz=0.0e+00/0%]
  f_c不整合DOF上位5件:
    dof=396 (node=66, comp=0): FD=3.7202e-07, K_c=-4.2723e-07, diff=7.9924e-07
    dof=1110 (node=185, comp=0): FD=-3.6795e-07, K_c=4.2253e-07, diff=-7.9048e-07
    dof=1116 (node=186, comp=0): FD=-3.0521e-07, K_c=3.3497e-07, diff=-6.4018e-07
    dof=402 (node=67, comp=0): FD=3.0112e-07, K_c=-3.3030e-07, diff=6.3142e-07
    dof=398 (node=66, comp=2): FD=9.8531e-08, K_c=-7.6350e-08, diff=1.7488e-07
============================================================
  Incr 101 (frac=0.2111), attempt 20 [C+D.stall], ||R_t||/||f|| = 2.722e-06, ||R_r|| = 4.476e-06, ||R_w||/||f||=2.871e-06, rate=0.953, active=12, R(x=1.9e-06/38%,y=5.0e-07/10%,z=8.0e-07/16%)
  Incr 101 (frac=0.2111), attempt 25 [C+D.stall], ||R_t||/||f|| = 2.166e-06, ||R_r|| = 3.567e-06, ||R_w||/||f||=2.286e-06, rate=0.957, active=12, R(x=1.5e-06/38%,y=4.6e-07/12%,z=6.5e-07/16%)
  Incr 101 (frac=0.2111), attempt 25, ||du||/||u|| = 9.867e-09 (disp converged, 12 active)
  [NR診断] Incr 101 (frac=0.2111), 収束 att=26, Type分布[-:1(4%), C:5(19%), C+D.stall:19(73%), E:1(4%)], 直近10[C+D.stall:10], R_c=2.62e-06, R_s=2.95e-06, active=12, sliding=571, activated=0, deactivated=0, stick→slide=0, slide→stick=0, comp(x=1.5e-06/38%,y=4.6e-07/12%,z=6.5e-07/16%,θx=3.4e-06/86%,θy=1.3e-07/3%,θz=1.1e-06/27%)
  [f_ref] Incr 102: f_ref=9.093e-01 (dynamic_ref), atol=1.84e-08
  Incr 102 (frac=0.2123), attempt 0 [C], ||R_t||/||f|| = 1.000e+00, ||R_r|| = 4.166e-02, ||R_w||/||f||=1.000e+00, active=10, R(x=3.1e-01/34%,y=7.2e-02/8%,z=8.5e-01/94%)
  Incr 102 (frac=0.2123), attempt 2, ||du||/||u|| = 3.427e-10 (disp converged, 10 active)
  [f_ref] Incr 103: f_ref=5.197e-01 (dynamic_ref), atol=1.56e-08
  Incr 103 (frac=0.2142), attempt 0 [C], ||R_t||/||f|| = 1.000e+00, ||R_r|| = 8.404e-02, ||R_w||/||f||=1.000e+00, active=12, R(x=1.9e-01/37%,y=4.7e-02/9%,z=4.8e-01/91%)
  Incr 103 (frac=0.2142), attempt 3, ||du||/||u|| = 8.338e-10 (disp converged, 13 active)
  [f_ref] Incr 104: f_ref=4.544e+00 (dynamic_ref), atol=1.25e-08
  Incr 104 (frac=0.2171), attempt 0 [C], ||R_t||/||f|| = 1.000e+00, ||R_r|| = 2.025e-01, ||R_w||/||f||=1.000e+00, active=13, R(x=1.6e+00/34%,y=3.6e-01/8%,z=4.3e+00/94%)
  Incr 104 (frac=0.2171), attempt 4, ||du||/||u|| = 6.653e-10 (disp converged, 14 active)
  [f_ref] Incr 105: f_ref=3.030e-01 (dynamic_ref), atol=2.24e-08
  Incr 105 (frac=0.2185), attempt 0 [C], ||R_t||/||f|| = 1.000e+00, ||R_r|| = 4.728e-02, ||R_w||/||f||=1.000e+00, active=16, R(x=1.1e-01/37%,y=2.7e-02/9%,z=2.8e-01/91%)
  Incr 105 (frac=0.2185), attempt 5 [E], ||R_t||/||f|| = 7.735e-05, ||R_r|| = 9.989e-06, ||R_w||/||f||=7.753e-05, rate=0.819, active=16, R(x=2.2e-05/87%,y=5.6e-06/22%,z=5.3e-06/21%)
  Incr 105 (frac=0.2185), attempt 10 [D.slow+E], ||R_t||/||f|| = 4.994e-05, ||R_r|| = 6.640e-06, ||R_w||/||f||=5.006e-05, rate=0.942, active=16, R(x=1.5e-05/89%,y=3.2e-06/19%,z=1.4e-06/9%)
============================================================
接線剛性FD方向診断（status-256）
============================================================
  ||du|| = 1.7618e-04
  ||R_u|| = 1.5568e-05
  ⚠ R_u vs compute_residual(u) 乖離: 9.3143e-10 (リラクゼーション/動的項の差異)
  ||R_base|| = 1.5568e-05
  ||R(u+eps*du)|| = 1.5568e-05
  方向有効性: ||R(u+eps*du)||/||R(u)|| = 1.000001
  ⚠ du方向で残差が増加 — Newton方向が無効
  FD方向微分 = 2.4896e-05
  解析方向微分 = 6.6469e-06
  全体系 K@du: FD vs 解析 相対誤差 = 1.0002e+00
  ⚠ 全体系で接線剛性不整合 — K_c自体が不正確
  全体系不整合DOF上位5件:
    dof=386 (node=64, comp=2): FD=4.6661e-03, analytical=8.0512e-11, diff=4.6661e-03
    dof=476 (node=79, comp=2): FD=-4.4277e-03, analytical=-1.6889e-08, diff=-4.4277e-03
    dof=1010 (node=168, comp=2): FD=-3.9303e-03, analytical=2.3771e-10, diff=-3.9303e-03
    dof=1004 (node=167, comp=2): FD=3.7078e-03, analytical=5.0046e-10, diff=3.7078e-03
    dof=500 (node=83, comp=2): FD=-2.9236e-03, analytical=-5.8649e-09, diff=-2.9236e-03
  comp別不整合: [x:3.66e-03(27%), y:6.34e-04(5%), z:1.32e-02(96%), θx:9.42e-05(1%), θy:2.91e-04(2%), θz:1.86e-05(0%)]
  接触DOF不整合: 5.18e-03 (174 DOFs), 構造DOF不整合: 1.27e-02 (1764 DOFs)
  活性DOF K@du: FD vs 解析 相対誤差 = 1.0001e+00 (174 DOFs)
  ⚠ 活性DOFで接線剛性不整合
  方向微分整合度: |FD-解析|/max = 7.3301e-01
------------------------------------------------------------
  f_c 単独FD検証（K_c精度）
  ||∂f_c/∂u·du (FD)|| = 7.8411e-06
  ||K_c @ du|| = 7.6332e-06
  f_c FD相対誤差 = 1.6212e+00
  ⚠ K_c自体が不正確（f_c単独で10%超の不整合）
  f_c comp別不整合: [x=1.2e-05/95%, y=2.9e-06/23%, z=2.8e-06/22%, θx=0.0e+00/0%, θy=0.0e+00/0%, θz=0.0e+00/0%]
  f_c不整合DOF上位5件:
    dof=894 (node=149, comp=0): FD=3.8211e-06, K_c=-3.9535e-06, diff=7.7746e-06
    dof=486 (node=81, comp=0): FD=-3.6516e-06, K_c=3.7783e-06, diff=-7.4298e-06
    dof=480 (node=80, comp=0): FD=-1.9441e-06, K_c=1.9958e-06, diff=-3.9398e-06
    dof=888 (node=148, comp=0): FD=1.7750e-06, K_c=-1.8201e-06, diff=3.5951e-06
    dof=895 (node=149, comp=1): FD=1.2242e-06, K_c=-6.3551e-07, diff=1.8597e-06
============================================================
  [Type D対策] FD診断: Newton方向精度不良 (dir_ratio=1.000), NR上限拡張→200
  Incr 105 (frac=0.2185), 低残差停滞[D+E] → Type D対策: NR上限拡張→200 (att=15, ||R||/||f||=3.706e-05, rate=0.942, R_c=1.15e-05, R_s=4.19e-06, active=16)
  Incr 105 (frac=0.2185), attempt 15 [D.slow+E], ||R_t||/||f|| = 3.706e-05, ||R_r|| = 4.951e-06, ||R_w||/||f||=3.715e-05, rate=0.942, active=16, R(x=1.1e-05/89%,y=2.3e-06/19%,z=1.5e-06/13%)
============================================================
接線剛性FD方向診断（status-256）
============================================================
  ||du|| = 1.3787e-04
  ||R_u|| = 1.2272e-05
  ⚠ R_u vs compute_residual(u) 乖離: 7.3365e-10 (リラクゼーション/動的項の差異)
  ||R_base|| = 1.2271e-05
  ||R(u+eps*du)|| = 1.2271e-05
  方向有効性: ||R(u+eps*du)||/||R(u)|| = 0.999993
  ✓ du方向で残差が減少 — Newton方向は有効
  FD方向微分 = 1.9645e-05
  解析方向微分 = 5.1861e-06
  全体系 K@du: FD vs 解析 相対誤差 = 1.0001e+00
  ⚠ 全体系で接線剛性不整合 — K_c自体が不正確
  全体系不整合DOF上位5件:
    dof=908 (node=151, comp=2): FD=3.8333e-03, analytical=9.5466e-09, diff=3.8333e-03
    dof=902 (node=150, comp=2): FD=-3.4391e-03, analytical=5.3675e-09, diff=-3.4391e-03
    dof=1088 (node=181, comp=2): FD=-3.2305e-03, analytical=-1.0427e-09, diff=-3.2305e-03
    dof=986 (node=164, comp=2): FD=3.1844e-03, analytical=-4.7548e-11, diff=3.1844e-03
    dof=494 (node=82, comp=2): FD=2.3904e-03, analytical=-1.0150e-08, diff=2.3905e-03
  comp別不整合: [x:3.28e-03(27%), y:9.90e-04(8%), z:1.18e-02(96%), θx:8.16e-05(1%), θy:2.32e-04(2%), θz:1.50e-05(0%)]
  接触DOF不整合: 5.31e-03 (174 DOFs), 構造DOF不整合: 1.11e-02 (1764 DOFs)
  活性DOF K@du: FD vs 解析 相対誤差 = 9.9965e-01 (174 DOFs)
  ⚠ 活性DOFで接線剛性不整合
  方向微分整合度: |FD-解析|/max = 7.3601e-01
------------------------------------------------------------
  f_c 単独FD検証（K_c精度）
  ||∂f_c/∂u·du (FD)|| = 6.1331e-06
  ||K_c @ du|| = 5.9862e-06
  f_c FD相対誤差 = 1.6274e+00
  ⚠ K_c自体が不正確（f_c単独で10%超の不整合）
  f_c comp別不整合: [x=9.5e-06/95%, y=2.3e-06/23%, z=1.9e-06/19%, θx=0.0e+00/0%, θy=0.0e+00/0%, θz=0.0e+00/0%]
  f_c不整合DOF上位5件:
    dof=894 (node=149, comp=0): FD=3.0302e-06, K_c=-3.1196e-06, diff=6.1498e-06
    dof=486 (node=81, comp=0): FD=-2.8958e-06, K_c=2.9813e-06, diff=-5.8771e-06
    dof=480 (node=80, comp=0): FD=-1.5411e-06, K_c=1.5754e-06, diff=-3.1164e-06
    dof=888 (node=148, comp=0): FD=1.4070e-06, K_c=-1.4368e-06, diff=2.8437e-06
    dof=895 (node=149, comp=1): FD=9.1208e-07, K_c=-5.2917e-07, diff=1.4413e-06
============================================================
  Incr 105 (frac=0.2185), attempt 20 [D.slow+E], ||R_t||/||f|| = 2.826e-05, ||R_r|| = 3.696e-06, ||R_w||/||f||=2.833e-05, rate=0.946, active=16, R(x=8.3e-06/89%,y=1.7e-06/18%,z=1.5e-06/16%)
  Incr 105 (frac=0.2185), attempt 25 [D.slow+E], ||R_t||/||f|| = 2.163e-05, ||R_r|| = 2.760e-06, ||R_w||/||f||=2.168e-05, rate=0.949, active=16, R(x=6.3e-06/88%,y=1.3e-06/18%,z=1.4e-06/19%)
  Incr 105 (frac=0.2185), attempt 30 [D.slow+E], ||R_t||/||f|| = 1.670e-05, ||R_r|| = 2.058e-06, ||R_w||/||f||=1.674e-05, rate=0.950, active=16, R(x=4.8e-06/88%,y=1.0e-06/19%,z=1.2e-06/22%)
  Incr 105 (frac=0.2185), attempt 35 [D.slow+E], ||R_t||/||f|| = 1.283e-05, ||R_r|| = 1.533e-06, ||R_w||/||f||=1.285e-05, rate=0.948, active=16, R(x=3.6e-06/87%,y=8.6e-07/21%,z=1.1e-06/26%)
  Incr 105 (frac=0.2185), attempt 36, ||du||/||u|| = 9.698e-09 (disp converged, 16 active)
  [NR診断] Incr 105 (frac=0.2185), 収束 att=37, Type分布[-:1(3%), C:1(3%), D.slow+E:28(76%), D.stall+E:2(5%), E:5(14%)], 直近10[D.slow+E:8, D.stall+E:2], R_c=3.76e-06, R_s=1.22e-06, active=16, sliding=558, activated=0, deactivated=0, stick→slide=0, slide→stick=0, comp(x=3.4e-06/86%,y=8.4e-07/21%,z=1.1e-06/27%,θx=1.4e-06/34%,θy=5.2e-08/1%,θz=4.8e-07/12%)
  [f_ref] Incr 106: f_ref=4.009e-01 (dynamic_ref), atol=1.66e-08
  Incr 106 (frac=0.2193), attempt 0 [C], ||R_t||/||f|| = 1.000e+00, ||R_r|| = 1.961e-02, ||R_w||/||f||=1.000e+00, active=14, R(x=1.4e-01/35%,y=3.1e-02/8%,z=3.7e-01/93%)
  Incr 106 (frac=0.2193), attempt 2, ||du||/||u|| = 3.866e-10 (disp converged, 15 active)
  [f_ref] Incr 107: f_ref=2.980e-01 (dynamic_ref), atol=1.28e-08
  Incr 107 (frac=0.2205), attempt 0 [C], ||R_t||/||f|| = 1.000e+00, ||R_r|| = 4.105e-02, ||R_w||/||f||=1.000e+00, active=14, R(x=1.1e-01/38%,y=2.2e-02/7%,z=2.7e-01/91%)
  Incr 107 (frac=0.2205), attempt 2, ||du||/||u|| = 8.331e-10 (disp converged, 14 active)
  [f_ref] Incr 108: f_ref=2.014e+00 (dynamic_ref), atol=9.85e-09
  Incr 108 (frac=0.2222), attempt 0 [C], ||R_t||/||f|| = 1.000e+00, ||R_r|| = 9.710e-02, ||R_w||/||f||=1.000e+00, active=15, R(x=7.1e-01/35%,y=1.6e-01/8%,z=1.9e+00/93%)
  Incr 108 (frac=0.2222), attempt 5 [D.stall+E], ||R_t||/||f|| = 1.920e-06, ||R_r|| = 5.434e-06, ||R_w||/||f||=1.968e-06, rate=0.962, active=15, R(x=3.3e-06/49%,y=9.9e-07/15%,z=1.8e-06/28%)
  Incr 108 (frac=0.2222), attempt 6, ||du||/||u|| = 9.795e-09 (disp converged, 15 active)
  [f_ref] Incr 109: f_ref=5.760e-01 (dynamic_ref), atol=1.29e-08
  Incr 109 (frac=0.2240), attempt 0 [C], ||R_t||/||f|| = 1.000e+00, ||R_r|| = 8.202e-02, ||R_w||/||f||=1.000e+00, active=14, R(x=2.2e-01/38%,y=4.5e-02/8%,z=5.3e-01/91%)
  Incr 109 (frac=0.2240), attempt 3, ||du||/||u|| = 5.357e-09 (disp converged, 15 active)
  [f_ref] Incr 110: f_ref=4.149e+00 (dynamic_ref), atol=1.08e-08
  Incr 110 (frac=0.2266), attempt 0 [C], ||R_t||/||f|| = 1.000e+00, ||R_r|| = 1.876e-01, ||R_w||/||f||=1.000e+00, active=13, R(x=1.5e+00/36%,y=3.2e-01/8%,z=3.9e+00/93%)
  Incr 110 (frac=0.2266), attempt 4, ||du||/||u|| = 4.313e-10 (disp converged, 15 active)
  [f_ref] Incr 111: f_ref=2.196e+00 (dynamic_ref), atol=2.00e-08
  Incr 111 (frac=0.2306), attempt 0 [C], ||R_t||/||f|| = 1.000e+00, ||R_r|| = 3.198e-01, ||R_w||/||f||=1.000e+00, active=11, R(x=8.2e-01/37%,y=2.0e-01/9%,z=2.0e+00/91%)
  Incr 111 (frac=0.2306), attempt 5 [C], ||R_t||/||f|| = 2.835e-06, ||R_r|| = 2.455e-05, ||R_w||/||f||=3.346e-06, rate=0.166, active=16, R(x=5.4e-06/21%,y=2.0e-06/8%,z=2.4e-06/10%)
  Incr 111 (frac=0.2306), attempt 7, ||du||/||u|| = 2.939e-09 (disp converged, 16 active)
  [f_ref] Incr 112: f_ref=8.135e+00 (dynamic_ref), atol=2.06e-08
  Incr 112 (frac=0.2345), attempt 0 [C], ||R_t||/||f|| = 1.000e+00, ||R_r|| = 3.293e-01, ||R_w||/||f||=1.000e+00, active=15, R(x=3.0e+00/36%,y=6.4e-01/8%,z=7.6e+00/93%)
  Incr 112 (frac=0.2345), attempt 5 [C], ||R_t||/||f|| = 2.785e-06, ||R_r|| = 5.277e-05, ||R_w||/||f||=2.970e-06, rate=0.273, active=17, R(x=1.8e-05/31%,y=8.4e-06/15%,z=1.1e-05/19%)
  Incr 112 (frac=0.2345), attempt 10 [C+D.stall], ||R_t||/||f|| = 3.558e-07, ||R_r|| = 8.081e-06, ||R_w||/||f||=3.893e-07, rate=0.951, active=17, R(x=2.5e-06/30%,y=8.0e-07/9%,z=1.1e-06/13%)
============================================================
接線剛性FD方向診断（status-256）
============================================================
  ||du|| = 6.8534e-05
  ||R_u|| = 7.4070e-06
  ⚠ R_u vs compute_residual(u) 乖離: 2.2791e-11 (リラクゼーション/動的項の差異)
  ||R_base|| = 7.4069e-06
  ||R(u+eps*du)|| = 7.4069e-06
  方向有効性: ||R(u+eps*du)||/||R(u)|| = 0.999997
  ✓ du方向で残差が減少 — Newton方向は有効
  FD方向微分 = 1.2557e-06
  解析方向微分 = 9.7169e-07
  全体系 K@du: FD vs 解析 相対誤差 = 1.0000e+00
  ⚠ 全体系で接線剛性不整合 — K_c自体が不正確
  全体系不整合DOF上位5件:
    dof=1304 (node=217, comp=2): FD=4.2106e-03, analytical=5.6979e-10, diff=4.2106e-03
    dof=1196 (node=199, comp=2): FD=4.2097e-03, analytical=7.7009e-11, diff=4.2097e-03
    dof=1202 (node=200, comp=2): FD=-4.1317e-03, analytical=-1.9990e-11, diff=-4.1317e-03
    dof=1208 (node=201, comp=2): FD=3.9200e-03, analytical=4.1441e-11, diff=3.9200e-03
    dof=386 (node=64, comp=2): FD=3.8050e-03, analytical=-2.5106e-09, diff=3.8050e-03
  comp別不整合: [x:4.24e-03(27%), y:1.30e-03(8%), z:1.53e-02(96%), θx:7.12e-05(0%), θy:2.09e-04(1%), θz:9.14e-06(0%)]
  接触DOF不整合: 5.51e-03 (240 DOFs), 構造DOF不整合: 1.50e-02 (1698 DOFs)
  活性DOF K@du: FD vs 解析 相対誤差 = 9.9999e-01 (240 DOFs)
  ⚠ 活性DOFで接線剛性不整合
  方向微分整合度: |FD-解析|/max = 2.2619e-01
------------------------------------------------------------
  f_c 単独FD検証（K_c精度）
  ||∂f_c/∂u·du (FD)|| = 3.1599e-06
  ||K_c @ du|| = 2.7107e-06
  f_c FD相対誤差 = 4.3114e-01
  ⚠ K_c自体が不正確（f_c単独で10%超の不整合）
  f_c comp別不整合: [x=1.2e-06/91%, y=2.3e-07/17%, z=5.1e-07/37%, θx=0.0e+00/0%, θy=0.0e+00/0%, θz=0.0e+00/0%]
  f_c不整合DOF上位5件:
    dof=894 (node=149, comp=0): FD=2.7943e-07, K_c=-3.5928e-07, diff=6.3871e-07
    dof=486 (node=81, comp=0): FD=-2.6628e-07, K_c=3.4240e-07, diff=-6.0868e-07
    dof=444 (node=74, comp=0): FD=-1.5939e-06, K_c=-1.1159e-06, diff=-4.7797e-07
    dof=1056 (node=176, comp=0): FD=1.5589e-06, K_c=1.1168e-06, diff=4.4212e-07
    dof=480 (node=80, comp=0): FD=-1.4674e-07, K_c=1.8044e-07, diff=-3.2718e-07
============================================================
  [Type D対策] FD診断: Newton方向精度不良 (dir_ratio=1.000), NR上限拡張→200
  Incr 112 (frac=0.2345), 低残差停滞[C+D] → Type D対策: NR上限拡張→200 (att=15, ||R||/||f||=2.772e-07, rate=0.951, R_c=4.15e-06, R_s=5.28e-06, active=17)
  Incr 112 (frac=0.2345), attempt 15 [C+D.stall], ||R_t||/||f|| = 2.772e-07, ||R_r|| = 6.324e-06, ||R_w||/||f||=3.035e-07, rate=0.951, active=17, R(x=2.0e-06/29%,y=6.2e-07/9%,z=8.9e-07/13%)
============================================================
接線剛性FD方向診断（status-256）
============================================================
  ||du|| = 6.1943e-05
  ||R_u|| = 6.7143e-06
  ⚠ R_u vs compute_residual(u) 乖離: 2.0541e-11 (リラクゼーション/動的項の差異)
  ||R_base|| = 6.7143e-06
  ||R(u+eps*du)|| = 6.7143e-06
  方向有効性: ||R(u+eps*du)||/||R(u)|| = 1.000001
  ⚠ du方向で残差が増加 — Newton方向が無効
  FD方向微分 = 1.1334e-06
  解析方向微分 = 8.7910e-07
  全体系 K@du: FD vs 解析 相対誤差 = 1.0000e+00
  ⚠ 全体系で接線剛性不整合 — K_c自体が不正確
  全体系不整合DOF上位5件:
    dof=1304 (node=217, comp=2): FD=4.3495e-03, analytical=6.4996e-10, diff=4.3495e-03
    dof=902 (node=150, comp=2): FD=-4.3346e-03, analytical=1.0993e-08, diff=-4.3347e-03
    dof=380 (node=63, comp=2): FD=4.0845e-03, analytical=-9.4390e-10, diff=4.0845e-03
    dof=488 (node=81, comp=2): FD=3.8112e-03, analytical=-2.6613e-07, diff=3.8115e-03
    dof=1274 (node=212, comp=2): FD=3.2699e-03, analytical=-1.7942e-08, diff=3.2699e-03
  comp別不整合: [x:3.98e-03(25%), y:1.13e-03(7%), z:1.52e-02(96%), θx:6.61e-05(0%), θy:1.93e-04(1%), θz:8.48e-06(0%)]
  接触DOF不整合: 8.56e-03 (240 DOFs), 構造DOF不整合: 1.32e-02 (1698 DOFs)
  活性DOF K@du: FD vs 解析 相対誤差 = 1.0000e+00 (240 DOFs)
  ⚠ 活性DOFで接線剛性不整合
  方向微分整合度: |FD-解析|/max = 2.2438e-01
------------------------------------------------------------
  f_c 単独FD検証（K_c精度）
  ||∂f_c/∂u·du (FD)|| = 2.8337e-06
  ||K_c @ du|| = 2.4543e-06
  f_c FD相対誤差 = 4.3088e-01
  ⚠ K_c自体が不正確（f_c単独で10%超の不整合）
  f_c comp別不整合: [x=1.1e-06/91%, y=2.3e-07/19%, z=4.6e-07/37%, θx=0.0e+00/0%, θy=0.0e+00/0%, θz=0.0e+00/0%]
  f_c不整合DOF上位5件:
    dof=894 (node=149, comp=0): FD=2.4901e-07, K_c=-3.2357e-07, diff=5.7258e-07
    dof=486 (node=81, comp=0): FD=-2.3729e-07, K_c=3.0838e-07, diff=-5.4566e-07
    dof=444 (node=74, comp=0): FD=-1.4310e-06, K_c=-1.0105e-06, diff=-4.2054e-07
    dof=1056 (node=176, comp=0): FD=1.3980e-06, K_c=1.0114e-06, diff=3.8662e-07
    dof=480 (node=80, comp=0): FD=-1.3096e-07, K_c=1.6250e-07, diff=-2.9346e-07
============================================================
  Incr 112 (frac=0.2345), attempt 20 [C+D.slow], ||R_t||/||f|| = 2.170e-07, ||R_r|| = 4.977e-06, ||R_w||/||f||=2.378e-07, rate=0.945, active=17, R(x=1.5e-06/29%,y=5.0e-07/10%,z=6.9e-07/13%)
  Incr 112 (frac=0.2345), attempt 23, ||du||/||u|| = 9.837e-09 (disp converged, 17 active)
  [NR診断] Incr 112 (frac=0.2345), 収束 att=24, Type分布[C:9(38%), C+D.slow:5(21%), C+D.stall:10(42%)], 直近10[C+D.slow:5, C+D.stall:5], R_c=2.81e-06, R_s=3.61e-06, active=17, sliding=539, activated=0, deactivated=0, stick→slide=0, slide→stick=0, comp(x=1.3e-06/28%,y=4.8e-07/10%,z=5.8e-07/13%,θx=4.1e-06/89%,θy=2.6e-07/6%,θz=1.4e-06/31%)
  [f_ref] Incr 113: f_ref=4.975e-01 (dynamic_ref), atol=3.88e-08
  Incr 113 (frac=0.2365), attempt 0 [C], ||R_t||/||f|| = 1.000e+00, ||R_r|| = 6.328e-02, ||R_w||/||f||=1.000e+00, active=15, R(x=1.8e-01/35%,y=5.2e-02/10%,z=4.6e-01/92%)
  Incr 113 (frac=0.2365), attempt 5 [E], ||R_t||/||f|| = 2.320e-05, ||R_r|| = 1.213e-05, ||R_w||/||f||=2.353e-05, rate=0.662, active=16, R(x=1.1e-05/66%,y=1.5e-06/9%,z=2.8e-06/17%)
  Incr 113 (frac=0.2365), attempt 10 [D.stall+E], ||R_t||/||f|| = 1.802e-05, ||R_r|| = 9.249e-06, ||R_w||/||f||=1.826e-05, rate=0.950, active=16, R(x=8.7e-06/67%,y=1.1e-06/9%,z=1.9e-06/15%)
============================================================
接線剛性FD方向診断（status-256）
============================================================
  ||du|| = 1.6779e-04
  ||R_u|| = 1.2880e-05
  ⚠ R_u vs compute_residual(u) 乖離: 1.6807e-10 (リラクゼーション/動的項の差異)
  ||R_base|| = 1.2879e-05
  ||R(u+eps*du)|| = 1.2880e-05
  方向有効性: ||R(u+eps*du)||/||R(u)|| = 1.000000
  ⚠ du方向で残差が増加 — Newton方向が無効
  FD方向微分 = 5.5627e-06
  解析方向微分 = 4.8095e-06
  全体系 K@du: FD vs 解析 相対誤差 = 1.0003e+00
  ⚠ 全体系で接線剛性不整合 — K_c自体が不正確
  全体系不整合DOF上位5件:
    dof=482 (node=80, comp=2): FD=4.5402e-03, analytical=6.1550e-11, diff=4.5402e-03
    dof=680 (node=113, comp=2): FD=4.3414e-03, analytical=1.2788e-10, diff=4.3414e-03
    dof=698 (node=116, comp=2): FD=4.0604e-03, analytical=1.4361e-11, diff=4.0604e-03
    dof=1916 (node=319, comp=2): FD=-4.0244e-03, analytical=-3.5946e-10, diff=-4.0244e-03
    dof=392 (node=65, comp=2): FD=2.8133e-03, analytical=4.5730e-07, diff=2.8129e-03
  comp別不整合: [x:4.34e-03(27%), y:1.19e-03(7%), z:1.54e-02(96%), θx:1.04e-04(1%), θy:3.92e-04(2%), θz:2.09e-05(0%)]
  接触DOF不整合: 5.63e-03 (168 DOFs), 構造DOF不整合: 1.50e-02 (1770 DOFs)
  活性DOF K@du: FD vs 解析 相対誤差 = 1.0000e+00 (168 DOFs)
  ⚠ 活性DOFで接線剛性不整合
  方向微分整合度: |FD-解析|/max = 1.3540e-01
------------------------------------------------------------
  f_c 単独FD検証（K_c精度）
  ||∂f_c/∂u·du (FD)|| = 5.0796e-06
  ||K_c @ du|| = 5.0456e-06
  f_c FD相対誤差 = 1.1065e+00
  ⚠ K_c自体が不正確（f_c単独で10%超の不整合）
  f_c comp別不整合: [x=4.8e-06/86%, y=6.3e-07/11%, z=2.8e-06/50%, θx=0.0e+00/0%, θy=0.0e+00/0%, θz=0.0e+00/0%]
  f_c不整合DOF上位5件:
    dof=396 (node=66, comp=0): FD=-1.6026e-06, K_c=1.5269e-06, diff=-3.1295e-06
    dof=1008 (node=168, comp=0): FD=1.5626e-06, K_c=-1.5207e-06, diff=3.0833e-06
    dof=398 (node=66, comp=2): FD=9.0199e-07, K_c=-9.4551e-07, diff=1.8475e-06
    dof=1010 (node=168, comp=2): FD=-8.6527e-07, K_c=9.2485e-07, diff=-1.7901e-06
    dof=390 (node=65, comp=0): FD=-6.6950e-07, K_c=6.5353e-07, diff=-1.3230e-06
============================================================
  [Type D対策] FD診断: Newton方向精度不良 (dir_ratio=1.000), NR上限拡張→200
  Incr 113 (frac=0.2365), 低残差停滞[D+E] → Type D対策: NR上限拡張→200 (att=15, ||R||/||f||=1.393e-05, rate=0.950, R_c=8.30e-06, R_s=5.34e-06, active=16)
  Incr 113 (frac=0.2365), attempt 15 [D.slow+E], ||R_t||/||f|| = 1.393e-05, ||R_r|| = 7.032e-06, ||R_w||/||f||=1.411e-05, rate=0.950, active=16, R(x=6.8e-06/68%,y=8.5e-07/9%,z=1.3e-06/13%)
============================================================
接線剛性FD方向診断（status-256）
============================================================
  ||du|| = 1.3099e-04
  ||R_u|| = 9.8726e-06
  ⚠ R_u vs compute_residual(u) 乖離: 1.3575e-10 (リラクゼーション/動的項の差異)
  ||R_base|| = 9.8725e-06
  ||R(u+eps*du)|| = 9.8724e-06
  方向有効性: ||R(u+eps*du)||/||R(u)|| = 0.999995
  ✓ du方向で残差が減少 — Newton方向は有効
  FD方向微分 = 4.4344e-06
  解析方向微分 = 3.7173e-06
  全体系 K@du: FD vs 解析 相対誤差 = 1.0001e+00
  ⚠ 全体系で接線剛性不整合 — K_c自体が不正確
  全体系不整合DOF上位5件:
    dof=1010 (node=168, comp=2): FD=5.4403e-03, analytical=-7.1614e-07, diff=5.4410e-03
    dof=1304 (node=217, comp=2): FD=-4.3411e-03, analytical=-8.9228e-10, diff=-4.3411e-03
    dof=1004 (node=167, comp=2): FD=-4.0495e-03, analytical=-2.9778e-07, diff=-4.0492e-03
    dof=1700 (node=283, comp=2): FD=-3.9789e-03, analytical=-2.5712e-10, diff=-3.9789e-03
    dof=962 (node=160, comp=2): FD=-2.7319e-03, analytical=3.2331e-09, diff=-2.7319e-03
  comp別不整合: [x:4.96e-03(30%), y:1.23e-03(7%), z:1.58e-02(95%), θx:8.54e-05(1%), θy:3.15e-04(2%), θz:1.62e-05(0%)]
  接触DOF不整合: 8.99e-03 (168 DOFs), 構造DOF不整合: 1.40e-02 (1770 DOFs)
  活性DOF K@du: FD vs 解析 相対誤差 = 9.9994e-01 (168 DOFs)
  ⚠ 活性DOFで接線剛性不整合
  方向微分整合度: |FD-解析|/max = 1.6171e-01
------------------------------------------------------------
  f_c 単独FD検証（K_c精度）
  ||∂f_c/∂u·du (FD)|| = 3.9826e-06
  ||K_c @ du|| = 3.9588e-06
  f_c FD相対誤差 = 1.1241e+00
  ⚠ K_c自体が不正確（f_c単独で10%超の不整合）
  f_c comp別不整合: [x=3.9e-06/87%, y=4.9e-07/11%, z=2.1e-06/48%, θx=0.0e+00/0%, θy=0.0e+00/0%, θz=0.0e+00/0%]
  f_c不整合DOF上位5件:
    dof=396 (node=66, comp=0): FD=-1.2961e-06, K_c=1.2384e-06, diff=-2.5345e-06
    dof=1008 (node=168, comp=0): FD=1.2662e-06, K_c=-1.2357e-06, diff=2.5019e-06
    dof=398 (node=66, comp=2): FD=6.8238e-07, K_c=-7.1595e-07, diff=1.3983e-06
    dof=1010 (node=168, comp=2): FD=-6.5343e-07, K_c=6.9985e-07, diff=-1.3533e-06
    dof=390 (node=65, comp=0): FD=-5.4260e-07, K_c=5.3102e-07, diff=-1.0736e-06
============================================================
  Incr 113 (frac=0.2365), attempt 20 [D.stall+E], ||R_t||/||f|| = 1.093e-05, ||R_r|| = 5.361e-06, ||R_w||/||f||=1.106e-05, rate=0.951, active=16, R(x=5.3e-06/70%,y=7.0e-07/9%,z=8.4e-07/11%)
  Incr 113 (frac=0.2365), attempt 25 [D.stall+E], ||R_t||/||f|| = 8.583e-06, ||R_r|| = 4.091e-06, ||R_w||/||f||=8.682e-06, rate=0.954, active=16, R(x=4.2e-06/71%,y=7.0e-07/12%,z=5.3e-07/9%)
  Incr 113 (frac=0.2365), attempt 30 [D.stall+E], ||R_t||/||f|| = 6.796e-06, ||R_r|| = 3.113e-06, ||R_w||/||f||=6.869e-06, rate=0.955, active=16, R(x=3.3e-06/72%,y=7.2e-07/16%,z=3.1e-07/7%)
  Incr 113 (frac=0.2365), attempt 35 [D.stall+E], ||R_t||/||f|| = 5.400e-06, ||R_r|| = 2.356e-06, ||R_w||/||f||=5.452e-06, rate=0.956, active=16, R(x=2.6e-06/72%,y=7.6e-07/21%,z=1.5e-07/4%)
  Incr 113 (frac=0.2365), attempt 37, ||du||/||u|| = 9.736e-09 (disp converged, 16 active)
  [NR診断] Incr 113 (frac=0.2365), 収束 att=38, Type分布[-:1(3%), C:1(3%), D.slow+E:4(11%), D.stall+E:28(74%), E:4(11%)], 直近10[D.stall+E:10], R_c=2.81e-06, R_s=1.60e-06, active=16, sliding=531, activated=0, deactivated=0, stick→slide=0, slide→stick=0, comp(x=2.3e-06/72%,y=7.9e-07/24%,z=1.1e-07/4%,θx=2.0e-06/61%,θy=9.9e-08/3%,θz=6.8e-07/21%)
  [f_ref] Incr 114: f_ref=4.989e-01 (dynamic_ref), atol=2.87e-08
  Incr 114 (frac=0.2375), attempt 0 [C], ||R_t||/||f|| = 1.000e+00, ||R_r|| = 1.988e-02, ||R_w||/||f||=1.000e+00, active=13, R(x=1.8e-01/37%,y=4.0e-02/8%,z=4.6e-01/93%)
  Incr 114 (frac=0.2375), attempt 2, ||du||/||u|| = 3.040e-11 (disp converged, 14 active)
  [f_ref] Incr 115: f_ref=8.097e-02 (dynamic_ref), atol=2.16e-08
  Incr 115 (frac=0.2383), attempt 0 [C], ||R_t||/||f|| = 1.000e+00, ||R_r|| = 1.103e-02, ||R_w||/||f||=1.000e+00, active=14, R(x=3.0e-02/37%,y=8.1e-03/10%,z=7.5e-02/92%)
  Incr 115 (frac=0.2383), attempt 2, ||du||/||u|| = 3.670e-11 (disp converged, 14 active)
  [f_ref] Incr 116: f_ref=7.154e-01 (dynamic_ref), atol=1.53e-08
  Incr 116 (frac=0.2394), attempt 0 [C], ||R_t||/||f|| = 1.000e+00, ||R_r|| = 2.890e-02, ||R_w||/||f||=1.000e+00, active=14, R(x=2.6e-01/37%,y=5.7e-02/8%,z=6.6e-01/93%)
  Incr 116 (frac=0.2394), attempt 2, ||du||/||u|| = 3.555e-10 (disp converged, 14 active)
  [f_ref] Incr 117: f_ref=3.967e-01 (dynamic_ref), atol=1.29e-08
  Incr 117 (frac=0.2412), attempt 0 [C], ||R_t||/||f|| = 1.000e+00, ||R_r|| = 4.862e-02, ||R_w||/||f||=1.000e+00, active=14, R(x=1.4e-01/35%,y=4.2e-02/10%,z=3.7e-01/92%)
  Incr 117 (frac=0.2412), attempt 3, ||du||/||u|| = 1.386e-09 (disp converged, 14 active)
  [f_ref] Incr 118: f_ref=3.883e-01 (dynamic_ref), atol=1.02e-08
  Incr 118 (frac=0.2421), attempt 0 [C], ||R_t||/||f|| = 1.000e+00, ||R_r|| = 1.520e-02, ||R_w||/||f||=1.000e+00, active=14, R(x=1.4e-01/37%,y=3.1e-02/8%,z=3.6e-01/92%)
  Incr 118 (frac=0.2421), attempt 2, ||du||/||u|| = 3.588e-11 (disp converged, 14 active)
  [f_ref] Incr 119: f_ref=2.240e-01 (dynamic_ref), atol=8.31e-09
  Incr 119 (frac=0.2434), attempt 0 [C], ||R_t||/||f|| = 1.000e+00, ||R_r|| = 2.580e-02, ||R_w||/||f||=1.000e+00, active=15, R(x=7.9e-02/35%,y=2.4e-02/11%,z=2.1e-01/92%)
  Incr 119 (frac=0.2434), attempt 2, ||du||/||u|| = 1.012e-09 (disp converged, 15 active)
  [f_ref] Incr 120: f_ref=1.819e+00 (dynamic_ref), atol=6.49e-09
  Incr 120 (frac=0.2454), attempt 0 [C], ||R_t||/||f|| = 1.000e+00, ||R_r|| = 6.575e-02, ||R_w||/||f||=1.000e+00, active=17, R(x=6.8e-01/37%,y=1.5e-01/8%,z=1.7e+00/92%)
  Incr 120 (frac=0.2454), attempt 3, ||du||/||u|| = 1.275e-09 (disp converged, 17 active)
  [f_ref] Incr 121: f_ref=7.440e-01 (dynamic_ref), atol=1.00e-08
  Incr 121 (frac=0.2477), attempt 0 [C], ||R_t||/||f|| = 1.000e+00, ||R_r|| = 6.054e-02, ||R_w||/||f||=1.000e+00, active=17, R(x=2.6e-01/34%,y=8.0e-02/11%,z=6.9e-01/93%)
  Incr 121 (frac=0.2477), attempt 5 [C], ||R_t||/||f|| = 6.598e-07, ||R_r|| = 1.332e-06, ||R_w||/||f||=7.186e-07, rate=0.177, active=18, R(x=3.8e-07/26%,y=2.7e-07/19%,z=1.7e-07/12%)
  Incr 121 (frac=0.2477), attempt 5, ||du||/||u|| = 1.509e-09 (disp converged, 18 active)
  [f_ref] Incr 122: f_ref=5.777e-01 (dynamic_ref), atol=9.23e-09
  Incr 122 (frac=0.2488), attempt 0 [C], ||R_t||/||f|| = 1.000e+00, ||R_r|| = 1.936e-02, ||R_w||/||f||=1.000e+00, active=19, R(x=2.2e-01/38%,y=4.7e-02/8%,z=5.3e-01/92%)
  Incr 122 (frac=0.2488), attempt 3, ||du||/||u|| = 9.852e-09 (disp converged, 19 active)
  [f_ref] Incr 123: f_ref=4.529e-01 (dynamic_ref), atol=8.19e-09
  Incr 123 (frac=0.2506), attempt 0 [C], ||R_t||/||f|| = 1.000e+00, ||R_r|| = 2.887e-02, ||R_w||/||f||=1.000e+00, active=14, R(x=1.6e-01/35%,y=4.8e-02/10%,z=4.2e-01/93%)
  Incr 123 (frac=0.2506), attempt 4, ||du||/||u|| = 3.346e-09 (disp converged, 18 active)
  [f_ref] Incr 124: f_ref=2.691e+00 (dynamic_ref), atol=7.09e-09
  Incr 124 (frac=0.2532), attempt 0 [C], ||R_t||/||f|| = 1.000e+00, ||R_r|| = 8.045e-02, ||R_w||/||f||=1.000e+00, active=20, R(x=1.0e+00/38%,y=2.2e-01/8%,z=2.5e+00/92%)
  Incr 124 (frac=0.2532), attempt 5 [C], ||R_t||/||f|| = 2.656e-07, ||R_r|| = 2.402e-06, ||R_w||/||f||=3.011e-07, rate=0.210, active=18, R(x=6.0e-07/24%,y=3.0e-07/12%,z=2.5e-07/10%)
  Incr 124 (frac=0.2532), attempt 5, ||du||/||u|| = 2.931e-09 (disp converged, 18 active)
  [f_ref] Incr 125: f_ref=1.169e+00 (dynamic_ref), atol=1.30e-08
  Incr 125 (frac=0.2558), attempt 0 [C], ||R_t||/||f|| = 1.000e+00, ||R_r|| = 4.793e-02, ||R_w||/||f||=1.000e+00, active=10, R(x=4.2e-01/36%,y=1.2e-01/10%,z=1.1e+00/93%)
  Incr 125 (frac=0.2558), attempt 5 [C], ||R_t||/||f|| = 2.023e-06, ||R_r|| = 5.087e-06, ||R_w||/||f||=2.138e-06, rate=0.359, active=19, R(x=2.2e-06/39%,y=7.4e-07/13%,z=4.1e-07/7%)
  Incr 125 (frac=0.2558), attempt 9, ||du||/||u|| = 9.790e-09 (disp converged, 19 active)
  [f_ref] Incr 126: f_ref=2.482e+00 (dynamic_ref), atol=1.26e-08
  Incr 126 (frac=0.2584), attempt 0 [C], ||R_t||/||f|| = 1.000e+00, ||R_r|| = 6.533e-02, ||R_w||/||f||=1.000e+00, active=19, R(x=9.6e-01/39%,y=2.1e-01/8%,z=2.3e+00/92%)
  Incr 126 (frac=0.2584), attempt 5 [C], ||R_t||/||f|| = 6.783e-07, ||R_r|| = 3.412e-06, ||R_w||/||f||=7.127e-07, rate=0.300, active=19, R(x=1.5e-06/39%,y=6.5e-07/17%,z=5.1e-07/13%)
  Incr 126 (frac=0.2584), attempt 5, ||du||/||u|| = 6.942e-09 (disp converged, 19 active)
  [f_ref] Incr 127: f_ref=1.308e+00 (dynamic_ref), atol=1.63e-08
  Incr 127 (frac=0.2610), attempt 0 [C], ||R_t||/||f|| = 1.000e+00, ||R_r|| = 3.635e-02, ||R_w||/||f||=1.000e+00, active=14, R(x=4.8e-01/37%,y=1.3e-01/10%,z=1.2e+00/92%)
  Incr 127 (frac=0.2610), attempt 4, ||du||/||u|| = 8.305e-09 (disp converged, 19 active)
  [f_ref] Incr 128: f_ref=5.200e+00 (dynamic_ref), atol=1.53e-08
  Incr 128 (frac=0.2648), attempt 0 [C], ||R_t||/||f|| = 1.000e+00, ||R_r|| = 1.211e-01, ||R_w||/||f||=1.000e+00, active=20, R(x=2.0e+00/39%,y=4.4e-01/8%,z=4.8e+00/92%)
  Incr 128 (frac=0.2648), attempt 5 [C], ||R_t||/||f|| = 2.784e-04, ||R_r|| = 1.104e-03, ||R_w||/||f||=2.804e-04, rate=0.458, active=19, R(x=6.9e-04/38%,y=5.9e-04/32%,z=1.1e-03/62%)
  Incr 128 (frac=0.2648), attempt 10 [C+D.stall], ||R_t||/||f|| = 3.333e-07, ||R_r|| = 6.604e-06, ||R_w||/||f||=3.898e-07, rate=0.955, active=19, R(x=1.5e-06/22%,y=7.3e-07/11%,z=4.6e-07/7%)
  Incr 128 (frac=0.2648), attempt 13, ||du||/||u|| = 9.749e-09 (disp converged, 19 active)
  [f_ref] Incr 129: f_ref=3.241e+00 (dynamic_ref), atol=2.63e-08
  Incr 129 (frac=0.2687), attempt 0 [C], ||R_t||/||f|| = 1.000e+00, ||R_r|| = 6.224e-02, ||R_w||/||f||=1.000e+00, active=13, R(x=1.2e+00/38%,y=3.1e-01/9%,z=3.0e+00/92%)
  Incr 129 (frac=0.2687), attempt 5 [C], ||R_t||/||f|| = 4.234e-06, ||R_r|| = 4.304e-05, ||R_w||/||f||=4.732e-06, rate=0.386, active=19, R(x=1.2e-05/26%,y=5.8e-06/13%,z=4.0e-06/9%)
  Incr 129 (frac=0.2687), attempt 10 [C+D.stall], ||R_t||/||f|| = 4.855e-07, ||R_r|| = 5.253e-06, ||R_w||/||f||=5.497e-07, rate=0.952, active=19, R(x=1.4e-06/25%,y=6.2e-07/11%,z=4.0e-07/7%)
  Incr 129 (frac=0.2687), attempt 11, ||du||/||u|| = 9.927e-09 (disp converged, 19 active)
  [f_ref] Incr 130: f_ref=4.887e+00 (dynamic_ref), atol=2.82e-08
  Incr 130 (frac=0.2726), attempt 0 [C], ||R_t||/||f|| = 1.000e+00, ||R_r|| = 1.034e-01, ||R_w||/||f||=1.000e+00, active=21, R(x=2.0e+00/40%,y=4.2e-01/9%,z=4.5e+00/91%)
  Incr 130 (frac=0.2726), attempt 5 [C], ||R_t||/||f|| = 1.013e-05, ||R_r|| = 1.791e-04, ||R_w||/||f||=1.169e-05, rate=0.259, active=19, R(x=2.7e-05/15%,y=3.6e-05/19%,z=2.0e-05/11%)
  Incr 130 (frac=0.2726), attempt 10 [C+D.slow], ||R_t||/||f|| = 4.067e-07, ||R_r|| = 6.664e-06, ||R_w||/||f||=4.609e-07, rate=0.948, active=19, R(x=1.7e-06/25%,y=6.1e-07/9%,z=7.6e-07/11%)
============================================================
接線剛性FD方向診断（status-256）
============================================================
  ||du|| = 5.9462e-05
  ||R_u|| = 5.5983e-06
  ⚠ R_u vs compute_residual(u) 乖離: 1.7061e-11 (リラクゼーション/動的項の差異)
  ||R_base|| = 5.5983e-06
  ||R(u+eps*du)|| = 5.5983e-06
  方向有効性: ||R(u+eps*du)||/||R(u)|| = 1.000001
  ⚠ du方向で残差が増加 — Newton方向が無効
  FD方向微分 = 1.1617e-06
  解析方向微分 = 8.2747e-07
  全体系 K@du: FD vs 解析 相対誤差 = 1.0000e+00
  ⚠ 全体系で接線剛性不整合 — K_c自体が不正確
  全体系不整合DOF上位5件:
    dof=482 (node=80, comp=2): FD=4.2211e-03, analytical=1.4114e-10, diff=4.2211e-03
    dof=986 (node=164, comp=2): FD=-4.1046e-03, analytical=-3.8347e-10, diff=-4.1046e-03
    dof=686 (node=114, comp=2): FD=4.0992e-03, analytical=3.3853e-10, diff=4.0992e-03
    dof=1706 (node=284, comp=2): FD=-4.0930e-03, analytical=-4.5538e-10, diff=-4.0930e-03
    dof=692 (node=115, comp=2): FD=-4.0409e-03, analytical=-2.5560e-10, diff=-4.0409e-03
  comp別不整合: [x:6.23e-03(31%), y:1.58e-03(8%), z:1.88e-02(95%), θx:7.54e-05(0%), θy:2.62e-04(1%), θz:1.16e-05(0%)]
  接触DOF不整合: 7.86e-03 (276 DOFs), 構造DOF不整合: 1.83e-02 (1662 DOFs)
  活性DOF K@du: FD vs 解析 相対誤差 = 1.0001e+00 (276 DOFs)
  ⚠ 活性DOFで接線剛性不整合
  方向微分整合度: |FD-解析|/max = 2.8769e-01
------------------------------------------------------------
  f_c 単独FD検証（K_c精度）
  ||∂f_c/∂u·du (FD)|| = 2.0487e-06
  ||K_c @ du|| = 1.9087e-06
  f_c FD相対誤差 = 5.2462e-01
  ⚠ K_c自体が不正確（f_c単独で10%超の不整合）
  f_c comp別不整合: [x=9.8e-07/91%, y=2.5e-07/24%, z=3.7e-07/34%, θx=0.0e+00/0%, θy=0.0e+00/0%, θz=0.0e+00/0%]
  f_c不整合DOF上位5件:
    dof=396 (node=66, comp=0): FD=-2.1520e-07, K_c=2.8980e-07, diff=-5.0500e-07
    dof=1110 (node=185, comp=0): FD=2.0904e-07, K_c=-2.8463e-07, diff=4.9367e-07
    dof=1116 (node=186, comp=0): FD=1.9082e-07, K_c=-2.3851e-07, diff=4.2933e-07
    dof=402 (node=67, comp=0): FD=-1.8772e-07, K_c=2.3436e-07, diff=-4.2208e-07
    dof=446 (node=74, comp=2): FD=4.4692e-07, K_c=2.3791e-07, diff=2.0901e-07
============================================================
  [Type D対策] FD診断: Newton方向精度不良 (dir_ratio=1.000), NR上限拡張→200
  Incr 130 (frac=0.2726), 低残差停滞[C+D] → Type D対策: NR上限拡張→200 (att=15, ||R||/||f||=3.103e-07, rate=0.947, R_c=3.36e-06, R_s=4.11e-06, active=19)
  Incr 130 (frac=0.2726), attempt 15 [C+D.slow], ||R_t||/||f|| = 3.103e-07, ||R_r|| = 5.082e-06, ||R_w||/||f||=3.517e-07, rate=0.947, active=19, R(x=1.3e-06/25%,y=4.7e-07/9%,z=5.9e-07/11%)
============================================================
接線剛性FD方向診断（status-256）
============================================================
  ||du|| = 5.6295e-05
  ||R_u|| = 5.3030e-06
  ⚠ R_u vs compute_residual(u) 乖離: 1.6131e-11 (リラクゼーション/動的項の差異)
  ||R_base|| = 5.3030e-06
  ||R(u+eps*du)|| = 5.3030e-06
  方向有効性: ||R(u+eps*du)||/||R(u)|| = 1.000001
  ⚠ du方向で残差が増加 — Newton方向が無効
  FD方向微分 = 1.1014e-06
  解析方向微分 = 7.8350e-07
  全体系 K@du: FD vs 解析 相対誤差 = 1.0000e+00
  ⚠ 全体系で接線剛性不整合 — K_c自体が不正確
  全体系不整合DOF上位5件:
    dof=488 (node=81, comp=2): FD=4.4635e-03, analytical=1.3021e-08, diff=4.4635e-03
    dof=494 (node=82, comp=2): FD=-4.2730e-03, analytical=9.0638e-09, diff=-4.2730e-03
    dof=1826 (node=304, comp=2): FD=-4.2366e-03, analytical=-5.2481e-10, diff=-4.2366e-03
    dof=698 (node=116, comp=2): FD=3.9803e-03, analytical=1.4870e-10, diff=3.9803e-03
    dof=1922 (node=320, comp=2): FD=-3.8430e-03, analytical=-1.2045e-11, diff=-3.8430e-03
  comp別不整合: [x:6.22e-03(32%), y:1.37e-03(7%), z:1.82e-02(94%), θx:7.08e-05(0%), θy:2.45e-04(1%), θz:1.14e-05(0%)]
  接触DOF不整合: 1.05e-02 (276 DOFs), 構造DOF不整合: 1.62e-02 (1662 DOFs)
  活性DOF K@du: FD vs 解析 相対誤差 = 1.0000e+00 (276 DOFs)
  ⚠ 活性DOFで接線剛性不整合
  方向微分整合度: |FD-解析|/max = 2.8864e-01
------------------------------------------------------------
  f_c 単独FD検証（K_c精度）
  ||∂f_c/∂u·du (FD)|| = 1.9862e-06
  ||K_c @ du|| = 1.8080e-06
  f_c FD相対誤差 = 5.1651e-01
  ⚠ K_c自体が不正確（f_c単独で10%超の不整合）
  f_c comp別不整合: [x=9.3e-07/91%, y=2.4e-07/23%, z=3.6e-07/35%, θx=0.0e+00/0%, θy=0.0e+00/0%, θz=0.0e+00/0%]
  f_c不整合DOF上位5件:
    dof=396 (node=66, comp=0): FD=-2.0164e-07, K_c=2.7429e-07, diff=-4.7593e-07
    dof=1110 (node=185, comp=0): FD=1.9583e-07, K_c=-2.6940e-07, diff=4.6524e-07
    dof=1116 (node=186, comp=0): FD=1.7930e-07, K_c=-2.2574e-07, diff=4.0503e-07
    dof=402 (node=67, comp=0): FD=-1.7639e-07, K_c=2.2181e-07, diff=-3.9820e-07
    dof=446 (node=74, comp=2): FD=4.3416e-07, K_c=2.2544e-07, diff=2.0872e-07
============================================================
  Incr 130 (frac=0.2726), attempt 17, ||du||/||u|| = 9.863e-09 (disp converged, 19 active)
  [NR診断] Incr 130 (frac=0.2726), 収束 att=18, Type分布[-:1(6%), C:6(33%), C+D.slow:6(33%), C+D.stall:2(11%), E:3(17%)], 直近10[C:2, C+D.slow:6, C+D.stall:2], R_c=3.02e-06, R_s=3.69e-06, active=19, sliding=477, activated=0, deactivated=0, stick→slide=0, slide→stick=0, comp(x=1.2e-06/25%,y=4.1e-07/9%,z=5.4e-07/11%,θx=4.2e-06/89%,θy=3.0e-07/6%,θz=1.7e-06/35%)
  [f_ref] Incr 131: f_ref=8.669e-01 (dynamic_ref), atol=3.44e-08
  Incr 131 (frac=0.2746), attempt 0 [C], ||R_t||/||f|| = 1.000e+00, ||R_r|| = 1.305e-02, ||R_w||/||f||=1.000e+00, active=18, R(x=3.4e-01/39%,y=8.0e-02/9%,z=7.9e-01/91%)
  Incr 131 (frac=0.2746), attempt 4, ||du||/||u|| = 2.191e-09 (disp converged, 18 active)
  [f_ref] Incr 132: f_ref=2.626e+00 (dynamic_ref), atol=2.67e-08
  Incr 132 (frac=0.2775), attempt 0 [C], ||R_t||/||f|| = 1.000e+00, ||R_r|| = 5.468e-02, ||R_w||/||f||=1.000e+00, active=15, R(x=1.1e+00/41%,y=2.3e-01/9%,z=2.4e+00/91%)
  Incr 132 (frac=0.2775), attempt 5 [D.stall+E], ||R_t||/||f|| = 1.670e-06, ||R_r|| = 5.265e-06, ||R_w||/||f||=1.700e-06, rate=0.963, active=18, R(x=2.9e-06/42%,y=2.0e-06/29%,z=2.6e-06/38%)
  Incr 132 (frac=0.2775), attempt 7, ||du||/||u|| = 9.666e-09 (disp converged, 18 active)
  [f_ref] Incr 133: f_ref=2.053e+00 (dynamic_ref), atol=2.65e-08
  Incr 133 (frac=0.2804), attempt 0 [C], ||R_t||/||f|| = 1.000e+00, ||R_r|| = 2.935e-02, ||R_w||/||f||=1.000e+00, active=20, R(x=8.3e-01/40%,y=1.9e-01/9%,z=1.9e+00/91%)
  Incr 133 (frac=0.2804), attempt 5 [C], ||R_t||/||f|| = 1.532e-06, ||R_r|| = 8.188e-06, ||R_w||/||f||=1.658e-06, rate=0.342, active=20, R(x=2.7e-06/30%,y=1.2e-06/14%,z=1.2e-06/13%)
  Incr 133 (frac=0.2804), attempt 10 [C+D.stall], ||R_t||/||f|| = 1.230e-06, ||R_r|| = 6.568e-06, ||R_w||/||f||=1.331e-06, rate=0.957, active=20, R(x=2.1e-06/30%,y=9.7e-07/14%,z=9.4e-07/13%)
============================================================
接線剛性FD方向診断（status-256）
============================================================
  ||du|| = 5.7981e-05
  ||R_u|| = 7.0364e-06
  ⚠ R_u vs compute_residual(u) 乖離: 1.5077e-11 (リラクゼーション/動的項の差異)
  ||R_base|| = 7.0364e-06
  ||R(u+eps*du)|| = 7.0364e-06
  方向有効性: ||R(u+eps*du)||/||R(u)|| = 0.999999
  ✓ du方向で残差が減少 — Newton方向は有効
  FD方向微分 = 1.0962e-06
  解析方向微分 = 1.1373e-06
  全体系 K@du: FD vs 解析 相対誤差 = 1.0000e+00
  ⚠ 全体系で接線剛性不整合 — K_c自体が不正確
  全体系不整合DOF上位5件:
    dof=704 (node=117, comp=2): FD=-4.8170e-03, analytical=-1.8733e-07, diff=-4.8168e-03
    dof=488 (node=81, comp=2): FD=4.3149e-03, analytical=-5.5279e-08, diff=4.3149e-03
    dof=1826 (node=304, comp=2): FD=4.2269e-03, analytical=-3.8621e-10, diff=4.2269e-03
    dof=482 (node=80, comp=2): FD=-4.2106e-03, analytical=1.4183e-09, diff=-4.2106e-03
    dof=1820 (node=303, comp=2): FD=-4.1896e-03, analytical=-4.5228e-10, diff=-4.1896e-03
  comp別不整合: [x:6.73e-03(32%), y:1.43e-03(7%), z:1.96e-02(94%), θx:8.20e-05(0%), θy:2.82e-04(1%), θz:1.31e-05(0%)]
  接触DOF不整合: 1.06e-02 (252 DOFs), 構造DOF不整合: 1.79e-02 (1686 DOFs)
  活性DOF K@du: FD vs 解析 相対誤差 = 1.0000e+00 (252 DOFs)
  ⚠ 活性DOFで接線剛性不整合
  方向微分整合度: |FD-解析|/max = 3.6116e-02
------------------------------------------------------------
  f_c 単独FD検証（K_c精度）
  ||∂f_c/∂u·du (FD)|| = 2.0328e-06
  ||K_c @ du|| = 1.9136e-06
  f_c FD相対誤差 = 4.6862e-01
  ⚠ K_c自体が不正確（f_c単独で10%超の不整合）
  f_c comp別不整合: [x=8.6e-07/90%, y=3.0e-07/31%, z=2.9e-07/30%, θx=0.0e+00/0%, θy=0.0e+00/0%, θz=0.0e+00/0%]
  f_c不整合DOF上位5件:
    dof=396 (node=66, comp=0): FD=1.7627e-07, K_c=-2.1897e-07, diff=3.9525e-07
    dof=1110 (node=185, comp=0): FD=-1.7365e-07, K_c=2.1570e-07, diff=-3.8935e-07
    dof=1116 (node=186, comp=0): FD=-1.5829e-07, K_c=1.8348e-07, diff=-3.4177e-07
    dof=402 (node=67, comp=0): FD=1.5563e-07, K_c=-1.8023e-07, diff=3.3587e-07
    dof=446 (node=74, comp=2): FD=-4.1494e-07, K_c=-2.3111e-07, diff=-1.8382e-07
============================================================
  [Type D対策] FD診断: Newton方向精度不良 (dir_ratio=1.000), NR上限拡張→200
  Incr 133 (frac=0.2804), attempt 11, ||du||/||u|| = 9.830e-09 (disp converged, 20 active)
  [f_ref] Incr 134: f_ref=2.529e+00 (dynamic_ref), atol=2.47e-08
  Incr 134 (frac=0.2833), attempt 0 [C], ||R_t||/||f|| = 1.000e+00, ||R_r|| = 5.690e-02, ||R_w||/||f||=1.000e+00, active=12, R(x=1.0e+00/41%,y=2.2e-01/9%,z=2.3e+00/91%)
  Incr 134 (frac=0.2833), attempt 5 [C], ||R_t||/||f|| = 1.501e-06, ||R_r|| = 9.517e-06, ||R_w||/||f||=1.616e-06, rate=0.305, active=21, R(x=3.1e-06/30%,y=1.3e-06/13%,z=1.7e-06/17%)
  Incr 134 (frac=0.2833), attempt 6, ||du||/||u|| = 7.684e-09 (disp converged, 21 active)
  [f_ref] Incr 135: f_ref=2.132e+00 (dynamic_ref), atol=2.49e-08
  Incr 135 (frac=0.2863), attempt 0 [C], ||R_t||/||f|| = 1.000e+00, ||R_r|| = 3.662e-02, ||R_w||/||f||=1.000e+00, active=23, R(x=8.8e-01/41%,y=1.9e-01/9%,z=1.9e+00/91%)
  Incr 135 (frac=0.2863), attempt 5 [C], ||R_t||/||f|| = 4.367e-06, ||R_r|| = 2.629e-05, ||R_w||/||f||=4.787e-06, rate=0.261, active=22, R(x=7.9e-06/28%,y=3.6e-06/13%,z=3.5e-06/12%)
  Incr 135 (frac=0.2863), attempt 10 [C+D.stall], ||R_t||/||f|| = 1.353e-06, ||R_r|| = 7.337e-06, ||R_w||/||f||=1.460e-06, rate=0.955, active=22, R(x=2.6e-06/33%,y=9.8e-07/12%,z=8.7e-07/11%)
============================================================
接線剛性FD方向診断（status-256）
============================================================
  ||du|| = 7.0491e-05
  ||R_u|| = 7.5262e-06
  ⚠ R_u vs compute_residual(u) 乖離: 2.0813e-11 (リラクゼーション/動的項の差異)
  ||R_base|| = 7.5262e-06
  ||R(u+eps*du)|| = 7.5262e-06
  方向有効性: ||R(u+eps*du)||/||R(u)|| = 1.000002
  ⚠ du方向で残差が増加 — Newton方向が無効
  FD方向微分 = 1.4245e-06
  解析方向微分 = 1.3536e-06
  全体系 K@du: FD vs 解析 相対誤差 = 1.0000e+00
  ⚠ 全体系で接線剛性不整合 — K_c自体が不正確
  全体系不整合DOF上位5件:
    dof=1298 (node=216, comp=2): FD=-4.3566e-03, analytical=-3.4958e-11, diff=-4.3566e-03
    dof=902 (node=150, comp=2): FD=-4.3059e-03, analytical=-3.2968e-10, diff=-4.3059e-03
    dof=1520 (node=253, comp=2): FD=4.2573e-03, analytical=7.1643e-09, diff=4.2573e-03
    dof=1202 (node=200, comp=2): FD=-4.1987e-03, analytical=-3.4582e-10, diff=-4.1987e-03
    dof=1514 (node=252, comp=2): FD=-4.1756e-03, analytical=7.0979e-09, diff=-4.1756e-03
  comp別不整合: [x:8.24e-03(32%), y:1.79e-03(7%), z:2.47e-02(95%), θx:9.32e-05(0%), θy:3.20e-04(1%), θz:1.13e-05(0%)]
  接触DOF不整合: 1.00e-02 (294 DOFs), 構造DOF不整合: 2.41e-02 (1644 DOFs)
  活性DOF K@du: FD vs 解析 相対誤差 = 1.0001e+00 (294 DOFs)
  ⚠ 活性DOFで接線剛性不整合
  方向微分整合度: |FD-解析|/max = 4.9746e-02
------------------------------------------------------------
  f_c 単独FD検証（K_c精度）
  ||∂f_c/∂u·du (FD)|| = 2.4296e-06
  ||K_c @ du|| = 2.2850e-06
  f_c FD相対誤差 = 5.2086e-01
  ⚠ K_c自体が不正確（f_c単独で10%超の不整合）
  f_c comp別不整合: [x=1.2e-06/92%, y=3.3e-07/26%, z=3.5e-07/28%, θx=0.0e+00/0%, θy=0.0e+00/0%, θz=0.0e+00/0%]
  f_c不整合DOF上位5件:
    dof=396 (node=66, comp=0): FD=2.5688e-07, K_c=-3.1615e-07, diff=5.7304e-07
    dof=1110 (node=185, comp=0): FD=-2.5297e-07, K_c=3.1132e-07, diff=-5.6429e-07
    dof=1116 (node=186, comp=0): FD=-2.3088e-07, K_c=2.6761e-07, diff=-4.9849e-07
    dof=402 (node=67, comp=0): FD=2.2694e-07, K_c=-2.6281e-07, diff=4.8975e-07
    dof=446 (node=74, comp=2): FD=-4.7884e-07, K_c=-2.6078e-07, diff=-2.1805e-07
============================================================
  [Type D対策] FD診断: Newton方向精度不良 (dir_ratio=1.000), NR上限拡張→200
  Incr 135 (frac=0.2863), 低残差停滞[C+D] → Type D対策: NR上限拡張→200 (att=15, ||R||/||f||=1.074e-06, rate=0.955, R_c=3.92e-06, R_s=4.87e-06, active=22)
  Incr 135 (frac=0.2863), attempt 15 [C+D.stall], ||R_t||/||f|| = 1.074e-06, ||R_r|| = 5.820e-06, ||R_w||/||f||=1.159e-06, rate=0.955, active=22, R(x=2.0e-06/33%,y=7.9e-07/13%,z=7.0e-07/11%)
============================================================
接線剛性FD方向診断（status-256）
============================================================
  ||du|| = 5.8143e-05
  ||R_u|| = 6.2545e-06
  ⚠ R_u vs compute_residual(u) 乖離: 1.7044e-11 (リラクゼーション/動的項の差異)
  ||R_base|| = 6.2545e-06
  ||R(u+eps*du)|| = 6.2545e-06
  方向有効性: ||R(u+eps*du)||/||R(u)|| = 1.000001
  ⚠ du方向で残差が増加 — Newton方向が無効
  FD方向微分 = 1.1725e-06
  解析方向微分 = 1.1187e-06
  全体系 K@du: FD vs 解析 相対誤差 = 1.0000e+00
  ⚠ 全体系で接線剛性不整合 — K_c自体が不正確
  全体系不整合DOF上位5件:
    dof=680 (node=113, comp=2): FD=4.4129e-03, analytical=-1.4979e-09, diff=4.4129e-03
    dof=272 (node=45, comp=2): FD=-4.2284e-03, analytical=1.8272e-09, diff=-4.2284e-03
    dof=686 (node=114, comp=2): FD=-4.2208e-03, analytical=-1.9250e-09, diff=-4.2208e-03
    dof=278 (node=46, comp=2): FD=4.2140e-03, analytical=-4.4538e-11, diff=4.2140e-03
    dof=284 (node=47, comp=2): FD=-4.2075e-03, analytical=1.3487e-10, diff=-4.2075e-03
  comp別不整合: [x:7.53e-03(31%), y:1.88e-03(8%), z:2.30e-02(95%), θx:8.63e-05(0%), θy:2.93e-04(1%), θz:1.24e-05(0%)]
  接触DOF不整合: 1.06e-02 (294 DOFs), 構造DOF不整合: 2.18e-02 (1644 DOFs)
  活性DOF K@du: FD vs 解析 相対誤差 = 1.0000e+00 (294 DOFs)
  ⚠ 活性DOFで接線剛性不整合
  方向微分整合度: |FD-解析|/max = 4.5920e-02
------------------------------------------------------------
  f_c 単独FD検証（K_c精度）
  ||∂f_c/∂u·du (FD)|| = 1.9998e-06
  ||K_c @ du|| = 1.8859e-06
  f_c FD相対誤差 = 5.1807e-01
  ⚠ K_c自体が不正確（f_c単独で10%超の不整合）
  f_c comp別不整合: [x=9.6e-07/92%, y=2.8e-07/27%, z=2.8e-07/27%, θx=0.0e+00/0%, θy=0.0e+00/0%, θz=0.0e+00/0%]
  f_c不整合DOF上位5件:
    dof=396 (node=66, comp=0): FD=2.0933e-07, K_c=-2.5820e-07, diff=4.6753e-07
    dof=1110 (node=185, comp=0): FD=-2.0615e-07, K_c=2.5425e-07, diff=-4.6040e-07
    dof=1116 (node=186, comp=0): FD=-1.8837e-07, K_c=2.1860e-07, diff=-4.0697e-07
    dof=402 (node=67, comp=0): FD=1.8515e-07, K_c=-2.1469e-07, diff=3.9984e-07
    dof=446 (node=74, comp=2): FD=-3.8600e-07, K_c=-2.1374e-07, diff=-1.7226e-07
============================================================
  Incr 135 (frac=0.2863), attempt 17, ||du||/||u|| = 9.782e-09 (disp converged, 22 active)
  [NR診断] Incr 135 (frac=0.2863), 収束 att=18, Type分布[-:1(6%), C:6(33%), C+D.stall:11(61%)], 直近10[C+D.stall:10], R_c=3.59e-06, R_s=4.45e-06, active=22, sliding=459, activated=0, deactivated=0, stick→slide=0, slide→stick=0, comp(x=1.9e-06/33%,y=7.1e-07/12%,z=6.5e-07/11%,θx=4.9e-06/86%,θy=3.3e-07/6%,θz=2.0e-06/34%)
  [f_ref] Incr 136: f_ref=6.140e-01 (dynamic_ref), atol=2.38e-08
  Incr 136 (frac=0.2877), attempt 0 [C], ||R_t||/||f|| = 1.000e+00, ||R_r|| = 1.711e-02, ||R_w||/||f||=1.000e+00, active=21, R(x=2.6e-01/42%,y=5.3e-02/9%,z=5.6e-01/90%)
  Incr 136 (frac=0.2877), attempt 3, ||du||/||u|| = 3.860e-09 (disp converged, 22 active)
  [f_ref] Incr 137: f_ref=1.233e+00 (dynamic_ref), atol=1.85e-08
  Incr 137 (frac=0.2899), attempt 0 [C], ||R_t||/||f|| = 1.000e+00, ||R_r|| = 2.787e-02, ||R_w||/||f||=1.000e+00, active=21, R(x=5.2e-01/42%,y=1.1e-01/9%,z=1.1e+00/90%)
  Incr 137 (frac=0.2899), attempt 4, ||du||/||u|| = 4.245e-09 (disp converged, 21 active)
  [f_ref] Incr 138: f_ref=3.044e+00 (dynamic_ref), atol=1.67e-08
  Incr 138 (frac=0.2932), attempt 0 [C], ||R_t||/||f|| = 1.000e+00, ||R_r|| = 8.448e-02, ||R_w||/||f||=1.000e+00, active=19, R(x=1.3e+00/42%,y=2.6e-01/9%,z=2.7e+00/90%)
  Incr 138 (frac=0.2932), attempt 5 [C], ||R_t||/||f|| = 2.216e-06, ||R_r|| = 2.037e-05, ||R_w||/||f||=2.459e-06, rate=0.321, active=21, R(x=5.3e-06/25%,y=2.5e-06/12%,z=3.2e-06/15%)
  Incr 138 (frac=0.2932), attempt 7, ||du||/||u|| = 2.761e-09 (disp converged, 21 active)
  [f_ref] Incr 139: f_ref=2.827e+00 (dynamic_ref), atol=2.08e-08
  Incr 139 (frac=0.2965), attempt 0 [C], ||R_t||/||f|| = 1.000e+00, ||R_r|| = 5.678e-02, ||R_w||/||f||=1.000e+00, active=22, R(x=1.2e+00/43%,y=2.5e-01/9%,z=2.5e+00/90%)
  Incr 139 (frac=0.2965), attempt 5 [C], ||R_t||/||f|| = 9.577e-07, ||R_r|| = 7.080e-06, ||R_w||/||f||=1.037e-06, rate=0.318, active=21, R(x=2.0e-06/26%,y=1.1e-06/15%,z=1.5e-06/20%)
  Incr 139 (frac=0.2965), attempt 5, ||du||/||u|| = 9.012e-09 (disp converged, 21 active)
  [f_ref] Incr 140: f_ref=2.997e+00 (dynamic_ref), atol=2.30e-08
  Incr 140 (frac=0.2998), attempt 0 [C], ||R_t||/||f|| = 1.000e+00, ||R_r|| = 7.316e-02, ||R_w||/||f||=1.000e+00, active=22, R(x=1.3e+00/43%,y=2.6e-01/9%,z=2.7e+00/90%)
  Incr 140 (frac=0.2998), attempt 5 [E], ||R_t||/||f|| = 4.564e-07, ||R_r|| = 3.185e-06, ||R_w||/||f||=4.867e-07, rate=0.301, active=22, R(x=1.1e-06/31%,y=6.1e-07/18%,z=6.1e-07/18%)
  Incr 140 (frac=0.2998), attempt 5, ||du||/||u|| = 4.178e-09 (disp converged, 22 active)
  [f_ref] Incr 141: f_ref=2.866e+00 (dynamic_ref), atol=2.51e-08
  Incr 141 (frac=0.3030), attempt 0 [C], ||R_t||/||f|| = 1.000e+00, ||R_r|| = 4.910e-02, ||R_w||/||f||=1.000e+00, active=20, R(x=1.2e+00/44%,y=2.6e-01/9%,z=2.6e+00/90%)
  Incr 141 (frac=0.3030), attempt 5 [C], ||R_t||/||f|| = 5.514e-06, ||R_r|| = 3.083e-05, ||R_w||/||f||=5.774e-06, rate=0.268, active=22, R(x=1.2e-05/34%,y=7.7e-06/22%,z=7.3e-06/21%)
  Incr 141 (frac=0.3030), attempt 7, ||du||/||u|| = 3.832e-09 (disp converged, 22 active)
  [f_ref] Incr 142: f_ref=2.963e+00 (dynamic_ref), atol=2.62e-08
  Incr 142 (frac=0.3063), attempt 0 [C], ||R_t||/||f|| = 1.000e+00, ||R_r|| = 6.216e-02, ||R_w||/||f||=1.000e+00, active=22, R(x=1.3e+00/44%,y=2.6e-01/9%,z=2.6e+00/89%)
  Incr 142 (frac=0.3063), attempt 5 [C], ||R_t||/||f|| = 8.343e-06, ||R_r|| = 4.510e-05, ||R_w||/||f||=8.687e-06, rate=0.143, active=22, R(x=1.2e-05/23%,y=9.0e-06/18%,z=2.0e-05/38%)
  Incr 142 (frac=0.3063), attempt 7, ||du||/||u|| = 4.363e-09 (disp converged, 22 active)
  [f_ref] Incr 143: f_ref=2.895e+00 (dynamic_ref), atol=2.72e-08
  Incr 143 (frac=0.3096), attempt 0 [C], ||R_t||/||f|| = 1.000e+00, ||R_r|| = 4.403e-02, ||R_w||/||f||=1.000e+00, active=19, R(x=1.3e+00/44%,y=2.6e-01/9%,z=2.6e+00/89%)
  Incr 143 (frac=0.3096), attempt 5 [C], ||R_t||/||f|| = 5.320e-06, ||R_r|| = 4.540e-05, ||R_w||/||f||=5.876e-06, rate=0.290, active=21, R(x=1.2e-05/25%,y=7.4e-06/15%,z=6.2e-06/13%)
  Incr 143 (frac=0.3096), attempt 7, ||du||/||u|| = 7.961e-09 (disp converged, 21 active)
  [f_ref] Incr 144: f_ref=2.939e+00 (dynamic_ref), atol=2.77e-08
  Incr 144 (frac=0.3129), attempt 0 [C], ||R_t||/||f|| = 1.000e+00, ||R_r|| = 5.330e-02, ||R_w||/||f||=1.000e+00, active=21, R(x=1.3e+00/45%,y=2.6e-01/9%,z=2.6e+00/89%)
  Incr 144 (frac=0.3129), attempt 5 [C], ||R_t||/||f|| = 2.383e-06, ||R_r|| = 1.308e-05, ||R_w||/||f||=2.486e-06, rate=0.203, active=21, R(x=4.9e-06/33%,y=3.6e-06/25%,z=3.4e-06/23%)
  Incr 144 (frac=0.3129), attempt 6, ||du||/||u|| = 7.660e-09 (disp converged, 21 active)
  [f_ref] Incr 145: f_ref=2.915e+00 (dynamic_ref), atol=2.82e-08
  Incr 145 (frac=0.3162), attempt 0 [C], ||R_t||/||f|| = 1.000e+00, ||R_r|| = 4.215e-02, ||R_w||/||f||=1.000e+00, active=20, R(x=1.3e+00/45%,y=2.6e-01/9%,z=2.6e+00/89%)
  Incr 145 (frac=0.3162), attempt 5 [C], ||R_t||/||f|| = 7.258e-06, ||R_r|| = 5.672e-05, ||R_w||/||f||=7.890e-06, rate=0.329, active=21, R(x=1.6e-05/27%,y=9.9e-06/16%,z=9.3e-06/15%)
  Incr 145 (frac=0.3162), attempt 8, ||du||/||u|| = 3.882e-09 (disp converged, 21 active)
  [f_ref] Incr 146: f_ref=2.922e+00 (dynamic_ref), atol=2.85e-08
  Incr 146 (frac=0.3195), attempt 0 [C], ||R_t||/||f|| = 1.000e+00, ||R_r|| = 4.717e-02, ||R_w||/||f||=1.000e+00, active=23, R(x=1.3e+00/46%,y=2.6e-01/9%,z=2.6e+00/89%)
  Incr 146 (frac=0.3195), attempt 5 [E], ||R_t||/||f|| = 2.701e-06, ||R_r|| = 1.647e-05, ||R_w||/||f||=2.846e-06, rate=0.412, active=23, R(x=6.1e-06/33%,y=4.4e-06/24%,z=2.5e-06/14%)
  Incr 146 (frac=0.3195), attempt 10 [D.stall+E], ||R_t||/||f|| = 9.696e-07, ||R_r|| = 5.387e-06, ||R_w||/||f||=1.013e-06, rate=0.955, active=23, R(x=2.1e-06/34%,y=1.6e-06/27%,z=9.8e-07/16%)
============================================================
接線剛性FD方向診断（status-256）
============================================================
  ||du|| = 6.6583e-05
  ||R_u|| = 5.8158e-06
  ⚠ R_u vs compute_residual(u) 乖離: 5.3661e-11 (リラクゼーション/動的項の差異)
  ||R_base|| = 5.8158e-06
  ||R(u+eps*du)|| = 5.8158e-06
  方向有効性: ||R(u+eps*du)||/||R(u)|| = 0.999998
  ✓ du方向で残差が減少 — Newton方向は有効
  FD方向微分 = 1.2041e-06
  解析方向微分 = 1.0913e-06
  全体系 K@du: FD vs 解析 相対誤差 = 1.0000e+00
  ⚠ 全体系で接線剛性不整合 — K_c自体が不正確
  全体系不整合DOF上位5件:
    dof=386 (node=64, comp=2): FD=4.3735e-03, analytical=1.0139e-09, diff=4.3735e-03
    dof=272 (node=45, comp=2): FD=4.0421e-03, analytical=1.1955e-09, diff=4.0421e-03
    dof=278 (node=46, comp=2): FD=-4.0211e-03, analytical=-2.2507e-09, diff=-4.0211e-03
    dof=284 (node=47, comp=2): FD=4.0077e-03, analytical=-1.0777e-09, diff=4.0077e-03
    dof=380 (node=63, comp=2): FD=-3.9770e-03, analytical=-2.0515e-10, diff=-3.9770e-03
  comp別不整合: [x:7.17e-03(35%), y:1.40e-03(7%), z:1.94e-02(94%), θx:9.40e-05(0%), θy:2.74e-04(1%), θz:1.51e-05(0%)]
  接触DOF不整合: 1.06e-02 (366 DOFs), 構造DOF不整合: 1.78e-02 (1572 DOFs)
  活性DOF K@du: FD vs 解析 相対誤差 = 1.0000e+00 (366 DOFs)
  ⚠ 活性DOFで接線剛性不整合
  方向微分整合度: |FD-解析|/max = 9.3678e-02
------------------------------------------------------------
  f_c 単独FD検証（K_c精度）
  ||∂f_c/∂u·du (FD)|| = 2.2865e-06
  ||K_c @ du|| = 2.1512e-06
  f_c FD相対誤差 = 5.2608e-01
  ⚠ K_c自体が不正確（f_c単独で10%超の不整合）
  f_c comp別不整合: [x=9.2e-07/77%, y=6.7e-07/56%, z=3.8e-07/31%, θx=0.0e+00/0%, θy=0.0e+00/0%, θz=0.0e+00/0%]
  f_c不整合DOF上位5件:
    dof=180 (node=30, comp=0): FD=1.0947e-07, K_c=-2.9414e-07, diff=4.0362e-07
    dof=1555 (node=259, comp=1): FD=2.8450e-07, K_c=6.4339e-07, diff=-3.5889e-07
    dof=229 (node=38, comp=1): FD=-2.8493e-07, K_c=-6.4208e-07, diff=3.5716e-07
    dof=1608 (node=268, comp=0): FD=-1.0564e-07, K_c=2.4618e-07, diff=-3.5181e-07
    dof=186 (node=31, comp=0): FD=1.0055e-07, K_c=-2.3751e-07, diff=3.3806e-07
============================================================
  [Type D対策] FD診断: Newton方向精度不良 (dir_ratio=1.000), NR上限拡張→200
  Incr 146 (frac=0.3195), attempt 12, ||du||/||u|| = 9.907e-09 (disp converged, 23 active)
  [f_ref] Incr 147: f_ref=2.929e+00 (dynamic_ref), atol=2.87e-08
  Incr 147 (frac=0.3228), attempt 0 [C], ||R_t||/||f|| = 1.000e+00, ||R_r|| = 4.275e-02, ||R_w||/||f||=1.000e+00, active=19, R(x=1.4e+00/46%,y=2.6e-01/9%,z=2.6e+00/88%)
  Incr 147 (frac=0.3228), attempt 5 [E], ||R_t||/||f|| = 3.722e-06, ||R_r|| = 3.223e-05, ||R_w||/||f||=4.113e-06, rate=0.290, active=22, R(x=7.7e-06/23%,y=6.9e-06/20%,z=3.3e-06/10%)
  Incr 147 (frac=0.3228), attempt 7, ||du||/||u|| = 4.374e-09 (disp converged, 22 active)
  [f_ref] Incr 148: f_ref=2.910e+00 (dynamic_ref), atol=2.89e-08
  Incr 148 (frac=0.3260), attempt 0 [C], ||R_t||/||f|| = 1.000e+00, ||R_r|| = 4.398e-02, ||R_w||/||f||=1.000e+00, active=23, R(x=1.4e+00/46%,y=2.6e-01/9%,z=2.6e+00/88%)
  Incr 148 (frac=0.3260), attempt 5 [C], ||R_t||/||f|| = 2.876e-06, ||R_r|| = 2.303e-05, ||R_w||/||f||=3.140e-06, rate=0.305, active=24, R(x=6.3e-06/26%,y=3.9e-06/16%,z=3.9e-06/16%)
  Incr 148 (frac=0.3260), attempt 7, ||du||/||u|| = 3.083e-09 (disp converged, 24 active)
  [f_ref] Incr 149: f_ref=2.938e+00 (dynamic_ref), atol=2.90e-08
  Incr 149 (frac=0.3293), attempt 0 [C], ||R_t||/||f|| = 1.000e+00, ||R_r|| = 4.424e-02, ||R_w||/||f||=1.000e+00, active=24, R(x=1.4e+00/47%,y=2.6e-01/9%,z=2.6e+00/88%)
  Incr 149 (frac=0.3293), attempt 5 [C], ||R_t||/||f|| = 5.779e-06, ||R_r|| = 4.016e-05, ||R_w||/||f||=6.174e-06, rate=0.394, active=25, R(x=1.4e-05/32%,y=7.1e-06/16%,z=6.1e-06/14%)
  Incr 149 (frac=0.3293), attempt 10 [D.slow+E], ||R_t||/||f|| = 1.723e-06, ||R_r|| = 6.415e-06, ||R_w||/||f||=1.758e-06, rate=0.942, active=25, R(x=4.8e-06/58%,y=1.2e-06/15%,z=1.2e-06/14%)
============================================================
接線剛性FD方向診断（status-256）
============================================================
  ||du|| = 1.4073e-04
  ||R_u|| = 6.4918e-06
  ⚠ R_u vs compute_residual(u) 乖離: 6.3245e-11 (リラクゼーション/動的項の差異)
  ||R_base|| = 6.4918e-06
  ||R(u+eps*du)|| = 6.4918e-06
  方向有効性: ||R(u+eps*du)||/||R(u)|| = 1.000001
  ⚠ du方向で残差が増加 — Newton方向が無効
  FD方向微分 = 3.1304e-06
  解析方向微分 = 2.0637e-06
  全体系 K@du: FD vs 解析 相対誤差 = 1.0001e+00
  ⚠ 全体系で接線剛性不整合 — K_c自体が不正確
  全体系不整合DOF上位5件:
    dof=1508 (node=251, comp=2): FD=-4.5653e-03, analytical=1.3423e-08, diff=-4.5653e-03
    dof=1514 (node=252, comp=2): FD=4.5228e-03, analytical=-8.9572e-10, diff=4.5228e-03
    dof=1298 (node=216, comp=2): FD=-4.1662e-03, analytical=-1.5809e-10, diff=-4.1662e-03
    dof=380 (node=63, comp=2): FD=-4.0990e-03, analytical=-1.3685e-10, diff=-4.0990e-03
    dof=1520 (node=253, comp=2): FD=-4.0358e-03, analytical=-1.2004e-09, diff=-4.0358e-03
  comp別不整合: [x:7.61e-03(34%), y:1.39e-03(6%), z:2.09e-02(94%), θx:1.11e-04(0%), θy:4.26e-04(2%), θz:1.24e-05(0%)]
  接触DOF不整合: 1.02e-02 (402 DOFs), 構造DOF不整合: 1.99e-02 (1536 DOFs)
  活性DOF K@du: FD vs 解析 相対誤差 = 1.0002e+00 (402 DOFs)
  ⚠ 活性DOFで接線剛性不整合
  方向微分整合度: |FD-解析|/max = 3.4078e-01
------------------------------------------------------------
  f_c 単独FD検証（K_c精度）
  ||∂f_c/∂u·du (FD)|| = 4.1641e-06
  ||K_c @ du|| = 4.0498e-06
  f_c FD相対誤差 = 8.1224e-01
  ⚠ K_c自体が不正確（f_c単独で10%超の不整合）
  f_c comp別不整合: [x=3.3e-06/97%, y=6.2e-07/18%, z=5.4e-07/16%, θx=0.0e+00/0%, θy=0.0e+00/0%, θz=0.0e+00/0%]
  f_c不整合DOF上位5件:
    dof=702 (node=117, comp=0): FD=-1.0378e-06, K_c=1.1348e-06, diff=-2.1726e-06
    dof=1722 (node=287, comp=0): FD=5.8021e-07, K_c=-6.6321e-07, diff=1.2434e-06
    dof=708 (node=118, comp=0): FD=-5.9119e-07, K_c=6.4900e-07, diff=-1.2402e-06
    dof=1728 (node=288, comp=0): FD=5.8042e-07, K_c=-6.3674e-07, diff=1.2172e-06
    dof=90 (node=15, comp=0): FD=4.6590e-07, K_c=-4.8149e-07, diff=9.4739e-07
============================================================
  [Type D対策] FD診断: Newton方向精度不良 (dir_ratio=1.000), NR上限拡張→200
  Incr 149 (frac=0.3293), 低残差停滞[D+E] → Type D対策: NR上限拡張→200 (att=15, ||R||/||f||=1.279e-06, rate=0.942, R_c=4.57e-06, R_s=4.09e-06, active=25)
  Incr 149 (frac=0.3293), attempt 15 [D.slow+E], ||R_t||/||f|| = 1.279e-06, ||R_r|| = 4.846e-06, ||R_w||/||f||=1.305e-06, rate=0.942, active=25, R(x=3.5e-06/57%,y=9.1e-07/15%,z=9.3e-07/15%)
============================================================
接線剛性FD方向診断（status-256）
============================================================
  ||du|| = 1.3235e-04
  ||R_u|| = 6.1314e-06
  ⚠ R_u vs compute_residual(u) 乖離: 5.9150e-11 (リラクゼーション/動的項の差異)
  ||R_base|| = 6.1314e-06
  ||R(u+eps*du)|| = 6.1314e-06
  方向有効性: ||R(u+eps*du)||/||R(u)|| = 1.000010
  ⚠ du方向で残差が増加 — Newton方向が無効
  FD方向微分 = 2.9401e-06
  解析方向微分 = 1.9425e-06
  全体系 K@du: FD vs 解析 相対誤差 = 1.0001e+00
  ⚠ 全体系で接線剛性不整合 — K_c自体が不正確
  全体系不整合DOF上位5件:
    dof=1292 (node=215, comp=2): FD=-4.4990e-03, analytical=-2.9559e-10, diff=-4.4990e-03
    dof=398 (node=66, comp=2): FD=4.2789e-03, analytical=-2.8818e-08, diff=4.2789e-03
    dof=392 (node=65, comp=2): FD=-4.1892e-03, analytical=-3.0945e-10, diff=-4.1892e-03
    dof=1616 (node=269, comp=2): FD=4.1164e-03, analytical=4.3206e-09, diff=4.1163e-03
    dof=374 (node=62, comp=2): FD=4.1089e-03, analytical=-7.6531e-12, diff=4.1089e-03
  comp別不整合: [x:8.07e-03(36%), y:1.34e-03(6%), z:2.07e-02(93%), θx:1.04e-04(0%), θy:3.85e-04(2%), θz:1.34e-05(0%)]
  接触DOF不整合: 1.22e-02 (402 DOFs), 構造DOF不整合: 1.87e-02 (1536 DOFs)
  活性DOF K@du: FD vs 解析 相対誤差 = 1.0002e+00 (402 DOFs)
  ⚠ 活性DOFで接線剛性不整合
  方向微分整合度: |FD-解析|/max = 3.3932e-01
------------------------------------------------------------
  f_c 単独FD検証（K_c精度）
  ||∂f_c/∂u·du (FD)|| = 3.9215e-06
  ||K_c @ du|| = 3.8038e-06
  f_c FD相対誤差 = 8.0949e-01
  ⚠ K_c自体が不正確（f_c単独で10%超の不整合）
  f_c comp別不整合: [x=3.1e-06/97%, y=5.8e-07/18%, z=5.1e-07/16%, θx=0.0e+00/0%, θy=0.0e+00/0%, θz=0.0e+00/0%]
  f_c不整合DOF上位5件:
    dof=702 (node=117, comp=0): FD=-9.7367e-07, K_c=1.0658e-06, diff=-2.0395e-06
    dof=1722 (node=287, comp=0): FD=5.4227e-07, K_c=-6.2082e-07, diff=1.1631e-06
    dof=708 (node=118, comp=0): FD=-5.5286e-07, K_c=6.0751e-07, diff=-1.1604e-06
    dof=1728 (node=288, comp=0): FD=5.4278e-07, K_c=-5.9603e-07, diff=1.1388e-06
    dof=90 (node=15, comp=0): FD=4.3916e-07, K_c=-4.5424e-07, diff=8.9341e-07
============================================================
  Incr 149 (frac=0.3293), attempt 20 [D.slow+E], ||R_t||/||f|| = 9.717e-07, ||R_r|| = 3.692e-06, ||R_w||/||f||=9.920e-07, rate=0.945, active=25, R(x=2.7e-06/57%,y=7.4e-07/16%,z=7.3e-07/16%)
  Incr 149 (frac=0.3293), attempt 25 [D.stall+E], ||R_t||/||f|| = 7.461e-07, ||R_r|| = 2.839e-06, ||R_w||/||f||=7.618e-07, rate=0.951, active=25, R(x=2.0e-06/56%,y=7.3e-07/20%,z=5.5e-07/15%)
  Incr 149 (frac=0.3293), attempt 29, ||du||/||u|| = 9.772e-09 (disp converged, 25 active)
  [NR診断] Incr 149 (frac=0.3293), 収束 att=30, Type分布[-:1(3%), C:3(10%), D.slow+E:15(50%), D.stall+E:5(17%), E:6(20%)], 直近10[D.slow+E:5, D.stall+E:5], R_c=2.20e-06, R_s=1.95e-06, active=25, sliding=417, activated=0, deactivated=0, stick→slide=0, slide→stick=0, comp(x=1.6e-06/54%,y=7.4e-07/25%,z=4.5e-07/15%,θx=2.1e-06/72%,θy=2.5e-07/8%,θz=8.9e-07/30%)
  [f_ref] Incr 150: f_ref=7.243e-01 (dynamic_ref), atol=2.91e-08
  Incr 150 (frac=0.3310), attempt 0 [C], ||R_t||/||f|| = 1.000e+00, ||R_r|| = 1.070e-02, ||R_w||/||f||=1.000e+00, active=26, R(x=3.4e-01/47%,y=6.4e-02/9%,z=6.4e-01/88%)
  Incr 150 (frac=0.3310), attempt 3, ||du||/||u|| = 1.736e-09 (disp converged, 26 active)
  [f_ref] Incr 151: f_ref=1.660e+00 (dynamic_ref), atol=2.25e-08
  Incr 151 (frac=0.3334), attempt 0 [C], ||R_t||/||f|| = 1.000e+00, ||R_r|| = 2.655e-02, ||R_w||/||f||=1.000e+00, active=27, R(x=7.9e-01/47%,y=1.5e-01/9%,z=1.5e+00/88%)
  Incr 151 (frac=0.3334), attempt 4, ||du||/||u|| = 6.537e-09 (disp converged, 28 active)
  [f_ref] Incr 152: f_ref=3.664e+00 (dynamic_ref), atol=2.08e-08
  Incr 152 (frac=0.3371), attempt 0 [C], ||R_t||/||f|| = 1.000e+00, ||R_r|| = 5.285e-02, ||R_w||/||f||=1.000e+00, active=26, R(x=1.8e+00/48%,y=3.2e-01/9%,z=3.2e+00/87%)
  Incr 152 (frac=0.3371), attempt 5 [C], ||R_t||/||f|| = 1.194e-05, ||R_r|| = 1.513e-04, ||R_w||/||f||=1.363e-05, rate=0.260, active=28, R(x=3.1e-05/20%,y=2.6e-05/17%,z=1.6e-05/10%)
  Incr 152 (frac=0.3371), attempt 9, ||du||/||u|| = 8.007e-09 (disp converged, 27 active)
  [f_ref] Incr 153: f_ref=9.349e-01 (dynamic_ref), atol=2.55e-08
  Incr 153 (frac=0.3390), attempt 0 [C], ||R_t||/||f|| = 1.000e+00, ||R_r|| = 1.776e-02, ||R_w||/||f||=1.000e+00, active=28, R(x=4.5e-01/48%,y=8.2e-02/9%,z=8.2e-01/87%)
  Incr 153 (frac=0.3390), attempt 5 [E], ||R_t||/||f|| = 5.076e-06, ||R_r|| = 4.060e-06, ||R_w||/||f||=5.123e-06, rate=0.396, active=28, R(x=4.3e-06/69%,y=1.7e-06/28%,z=9.9e-07/16%)
  Incr 153 (frac=0.3390), attempt 7, ||du||/||u|| = 9.704e-09 (disp converged, 28 active)
  [f_ref] Incr 154: f_ref=9.140e-01 (dynamic_ref), atol=2.07e-08
  Incr 154 (frac=0.3408), attempt 0 [C], ||R_t||/||f|| = 1.000e+00, ||R_r|| = 1.456e-02, ||R_w||/||f||=1.000e+00, active=28, R(x=4.4e-01/48%,y=8.1e-02/9%,z=8.0e-01/87%)
  Incr 154 (frac=0.3408), attempt 4, ||du||/||u|| = 9.817e-09 (disp converged, 28 active)
  [f_ref] Incr 155: f_ref=2.106e+00 (dynamic_ref), atol=1.72e-08
  Incr 155 (frac=0.3436), attempt 0 [C], ||R_t||/||f|| = 1.000e+00, ||R_r|| = 4.100e-02, ||R_w||/||f||=1.000e+00, active=25, R(x=1.0e+00/49%,y=1.9e-01/9%,z=1.8e+00/87%)
  Incr 155 (frac=0.3436), attempt 5 [C], ||R_t||/||f|| = 1.530e-06, ||R_r|| = 1.030e-05, ||R_w||/||f||=1.717e-06, rate=0.244, active=27, R(x=2.5e-06/23%,y=1.5e-06/14%,z=1.3e-06/12%)
  Incr 155 (frac=0.3436), attempt 6, ||du||/||u|| = 2.673e-09 (disp converged, 27 active)
  [f_ref] Incr 156: f_ref=2.057e+00 (dynamic_ref), atol=1.84e-08
  Incr 156 (frac=0.3464), attempt 0 [C], ||R_t||/||f|| = 1.000e+00, ||R_r|| = 3.167e-02, ||R_w||/||f||=1.000e+00, active=27, R(x=1.0e+00/49%,y=1.8e-01/9%,z=1.8e+00/87%)
  Incr 156 (frac=0.3464), attempt 5 [E], ||R_t||/||f|| = 4.485e-06, ||R_r|| = 1.166e-05, ||R_w||/||f||=4.574e-06, rate=0.560, active=28, R(x=8.1e-06/54%,y=4.1e-06/28%,z=1.8e-06/12%)
  Incr 156 (frac=0.3464), attempt 10 [D.stall+E], ||R_t||/||f|| = 2.054e-06, ||R_r|| = 5.466e-06, ||R_w||/||f||=2.097e-06, rate=0.950, active=28, R(x=3.5e-06/51%,y=2.0e-06/28%,z=1.2e-06/17%)
============================================================
接線剛性FD方向診断（status-256）
============================================================
  ||du|| = 1.1176e-04
  ||R_u|| = 6.5670e-06
  ⚠ R_u vs compute_residual(u) 乖離: 4.6943e-11 (リラクゼーション/動的項の差異)
  ||R_base|| = 6.5670e-06
  ||R(u+eps*du)|| = 6.5670e-06
  方向有効性: ||R(u+eps*du)||/||R(u)|| = 0.999999
  ✓ du方向で残差が減少 — Newton方向は有効
  FD方向微分 = 2.1582e-06
  解析方向微分 = 1.9815e-06
  全体系 K@du: FD vs 解析 相対誤差 = 1.0001e+00
  ⚠ 全体系で接線剛性不整合 — K_c自体が不正確
  全体系不整合DOF上位5件:
    dof=1400 (node=233, comp=2): FD=-4.3099e-03, analytical=7.2617e-11, diff=-4.3099e-03
    dof=380 (node=63, comp=2): FD=3.9366e-03, analytical=-3.6418e-10, diff=3.9366e-03
    dof=1502 (node=250, comp=2): FD=3.5917e-03, analytical=-1.6895e-07, diff=3.5918e-03
    dof=500 (node=83, comp=2): FD=3.5078e-03, analytical=-1.6726e-10, diff=3.5078e-03
    dof=476 (node=79, comp=2): FD=-3.4624e-03, analytical=-4.6934e-10, diff=-3.4624e-03
  comp別不整合: [x:6.91e-03(34%), y:1.27e-03(6%), z:1.93e-02(94%), θx:1.18e-04(1%), θy:3.40e-04(2%), θz:1.74e-05(0%)]
  接触DOF不整合: 1.08e-02 (402 DOFs), 構造DOF不整合: 1.74e-02 (1536 DOFs)
  活性DOF K@du: FD vs 解析 相対誤差 = 1.0000e+00 (402 DOFs)
  ⚠ 活性DOFで接線剛性不整合
  方向微分整合度: |FD-解析|/max = 8.1879e-02
------------------------------------------------------------
  f_c 単独FD検証（K_c精度）
  ||∂f_c/∂u·du (FD)|| = 3.3711e-06
  ||K_c @ du|| = 3.2720e-06
  f_c FD相対誤差 = 7.0661e-01
  ⚠ K_c自体が不正確（f_c単独で10%超の不整合）
  f_c comp別不整合: [x=2.1e-06/87%, y=1.1e-06/44%, z=5.1e-07/22%, θx=0.0e+00/0%, θy=0.0e+00/0%, θz=0.0e+00/0%]
  f_c不整合DOF上位5件:
    dof=180 (node=30, comp=0): FD=4.3502e-07, K_c=-7.5074e-07, diff=1.1858e-06
    dof=1608 (node=268, comp=0): FD=-2.9267e-07, K_c=4.8555e-07, diff=-7.7822e-07
    dof=186 (node=31, comp=0): FD=2.8876e-07, K_c=-4.8506e-07, diff=7.7382e-07
    dof=1614 (node=269, comp=0): FD=-2.7544e-07, K_c=4.5995e-07, diff=-7.3539e-07
    dof=138 (node=23, comp=0): FD=1.2750e-06, K_c=7.5433e-07, diff=5.2063e-07
============================================================
  [Type D対策] FD診断: Newton方向精度不良 (dir_ratio=1.000), NR上限拡張→200
  Incr 156 (frac=0.3464), 低残差停滞[D+E] → Type D対策: NR上限拡張→200 (att=15, ||R||/||f||=1.592e-06, rate=0.950, R_c=4.13e-06, R_s=3.43e-06, active=28)
  Incr 156 (frac=0.3464), attempt 15 [D.stall+E], ||R_t||/||f|| = 1.592e-06, ||R_r|| = 4.248e-06, ||R_w||/||f||=1.625e-06, rate=0.950, active=28, R(x=2.7e-06/51%,y=1.5e-06/28%,z=9.6e-07/18%)
============================================================
接線剛性FD方向診断（status-256）
============================================================
  ||du|| = 9.0962e-05
  ||R_u|| = 5.3634e-06
  ⚠ R_u vs compute_residual(u) 乖離: 3.8152e-11 (リラクゼーション/動的項の差異)
  ||R_base|| = 5.3634e-06
  ||R(u+eps*du)|| = 5.3634e-06
  方向有効性: ||R(u+eps*du)||/||R(u)|| = 1.000002
  ⚠ du方向で残差が増加 — Newton方向が無効
  FD方向微分 = 1.7536e-06
  解析方向微分 = 1.6138e-06
  全体系 K@du: FD vs 解析 相対誤差 = 1.0000e+00
  ⚠ 全体系で接線剛性不整合 — K_c自体が不正確
  全体系不整合DOF上位5件:
    dof=1310 (node=218, comp=2): FD=4.1774e-03, analytical=4.4387e-09, diff=4.1774e-03
    dof=1304 (node=217, comp=2): FD=-4.0464e-03, analytical=-2.6995e-10, diff=-4.0464e-03
    dof=1094 (node=182, comp=2): FD=-3.9688e-03, analytical=-1.8750e-09, diff=-3.9688e-03
    dof=1700 (node=283, comp=2): FD=3.9527e-03, analytical=-2.7773e-09, diff=3.9527e-03
    dof=1298 (node=216, comp=2): FD=3.8696e-03, analytical=-1.9017e-11, diff=3.8696e-03
  comp別不整合: [x:8.16e-03(35%), y:1.85e-03(8%), z:2.15e-02(93%), θx:1.05e-04(0%), θy:3.75e-04(2%), θz:1.73e-05(0%)]
  接触DOF不整合: 1.03e-02 (402 DOFs), 構造DOF不整合: 2.07e-02 (1536 DOFs)
  活性DOF K@du: FD vs 解析 相対誤差 = 1.0000e+00 (402 DOFs)
  ⚠ 活性DOFで接線剛性不整合
  方向微分整合度: |FD-解析|/max = 7.9758e-02
------------------------------------------------------------
  f_c 単独FD検証（K_c精度）
  ||∂f_c/∂u·du (FD)|| = 2.7733e-06
  ||K_c @ du|| = 2.6630e-06
  f_c FD相対誤差 = 6.9902e-01
  ⚠ K_c自体が不正確（f_c単独で10%超の不整合）
  f_c comp別不整合: [x=1.7e-06/87%, y=8.3e-07/43%, z=4.4e-07/23%, θx=0.0e+00/0%, θy=0.0e+00/0%, θz=0.0e+00/0%]
  f_c不整合DOF上位5件:
    dof=180 (node=30, comp=0): FD=3.5043e-07, K_c=-6.0860e-07, diff=9.5903e-07
    dof=1608 (node=268, comp=0): FD=-2.3758e-07, K_c=3.9491e-07, diff=-6.3248e-07
    dof=186 (node=31, comp=0): FD=2.3440e-07, K_c=-3.9451e-07, diff=6.2890e-07
    dof=1614 (node=269, comp=0): FD=-2.2358e-07, K_c=3.7407e-07, diff=-5.9765e-07
    dof=138 (node=23, comp=0): FD=1.0577e-06, K_c=6.1327e-07, diff=4.4438e-07
============================================================
  Incr 156 (frac=0.3464), attempt 20 [D.stall+E], ||R_t||/||f|| = 1.254e-06, ||R_r|| = 3.318e-06, ||R_w||/||f||=1.280e-06, rate=0.952, active=28, R(x=2.1e-06/51%,y=1.2e-06/29%,z=7.7e-07/18%)
  Incr 156 (frac=0.3464), attempt 22, ||du||/||u|| = 9.842e-09 (disp converged, 28 active)
  [NR診断] Incr 156 (frac=0.3464), 収束 att=23, Type分布[-:1(4%), C:1(4%), D.stall+E:16(70%), E:5(22%)], 直近10[D.stall+E:10], R_c=2.94e-06, R_s=2.43e-06, active=28, sliding=402, activated=0, deactivated=0, stick→slide=0, slide→stick=0, comp(x=1.9e-06/51%,y=1.1e-06/30%,z=7.0e-07/18%,θx=2.8e-06/73%,θy=3.5e-07/9%,θz=1.1e-06/29%)
  [f_ref] Incr 157: f_ref=5.274e-01 (dynamic_ref), atol=1.90e-08
  Incr 157 (frac=0.3478), attempt 0 [C], ||R_t||/||f|| = 1.000e+00, ||R_r|| = 9.742e-03, ||R_w||/||f||=1.000e+00, active=29, R(x=2.6e-01/49%,y=4.6e-02/9%,z=4.6e-01/87%)
  Incr 157 (frac=0.3478), attempt 2, ||du||/||u|| = 8.950e-09 (disp converged, 28 active)
  [f_ref] Incr 158: f_ref=1.155e+00 (dynamic_ref), atol=1.49e-08
  Incr 158 (frac=0.3498), attempt 0 [C], ||R_t||/||f|| = 1.000e+00, ||R_r|| = 1.773e-02, ||R_w||/||f||=1.000e+00, active=26, R(x=5.7e-01/49%,y=1.0e-01/9%,z=1.0e+00/86%)
  Incr 158 (frac=0.3498), attempt 5 [E], ||R_t||/||f|| = 2.109e-05, ||R_r|| = 8.655e-06, ||R_w||/||f||=2.113e-05, rate=0.830, active=29, R(x=2.4e-05/91%,y=4.2e-06/16%,z=4.3e-06/16%)
  Incr 158 (frac=0.3498), attempt 10 [D.div+E], ||R_t||/||f|| = 2.992e-05, ||R_r|| = 9.812e-06, ||R_w||/||f||=2.995e-05, rate=1.369, active=29, R(x=2.7e-05/76%,y=4.6e-06/13%,z=2.1e-05/58%)
  Incr 158 (frac=0.3498), 低残差チャタリング検知[E] → 接触凍結モード (att=15, ||R||/||f||=2.192e-05, R_c=2.61e-05, R_s=7.46e-06, cycle=1/5, active=29)
  Incr 158 (frac=0.3498), attempt 15 [E], ||R_t||/||f|| = 2.192e-05, ||R_r|| = 9.809e-06, ||R_w||/||f||=2.196e-05, rate=0.735, active=29, R(x=2.4e-05/90%,y=4.7e-06/17%,z=4.7e-06/17%)
============================================================
接線剛性FD方向診断（status-256）
============================================================
  ||du|| = 5.1548e-04
  ||R_u|| = 2.7149e-05
  ⚠ R_u vs compute_residual(u) 乖離: 6.6233e-08 (リラクゼーション/動的項の差異)
  ||R_base|| = 2.7180e-05
  ||R(u+eps*du)|| = 2.7180e-05
  方向有効性: ||R(u+eps*du)||/||R(u)|| = 1.000008
  ⚠ du方向で残差が増加 — Newton方向が無効
  FD方向微分 = -1.4511e-03
  解析方向微分 = 1.3463e-05
  全体系 K@du: FD vs 解析 相対誤差 = 1.0015e+00
  ⚠ 全体系で接線剛性不整合 — K_c自体が不正確
  全体系不整合DOF上位5件:
    dof=596 (node=99, comp=2): FD=-5.7046e-03, analytical=-2.8036e-08, diff=-5.7045e-03
    dof=374 (node=62, comp=2): FD=4.7583e-03, analytical=-7.0915e-10, diff=4.7583e-03
    dof=1724 (node=287, comp=2): FD=-4.2886e-03, analytical=2.3042e-09, diff=-4.2886e-03
    dof=1826 (node=304, comp=2): FD=-3.9442e-03, analytical=7.3759e-10, diff=-3.9442e-03
    dof=500 (node=83, comp=2): FD=3.6145e-03, analytical=-5.1599e-08, diff=3.6146e-03
  comp別不整合: [x:7.74e-03(37%), y:1.71e-03(8%), z:1.92e-02(92%), θx:3.16e-04(2%), θy:1.09e-03(5%), θz:3.77e-05(0%)]
  接触DOF不整合: 1.09e-02 (270 DOFs), 構造DOF不整合: 1.78e-02 (1668 DOFs)
  活性DOF K@du: FD vs 解析 相対誤差 = 1.0005e+00 (270 DOFs)
  ⚠ 活性DOFで接線剛性不整合
  方向微分整合度: |FD-解析|/max = 1.0093e+00
------------------------------------------------------------
  f_c 単独FD検証（K_c精度）
  ||∂f_c/∂u·du (FD)|| = 4.0747e-05
  ||K_c @ du|| = 3.5534e-05
  f_c FD相対誤差 = 9.7215e-01
  ⚠ K_c自体が不正確（f_c単独で10%超の不整合）
  f_c comp別不整合: [x=1.7e-05/42%, y=4.5e-06/11%, z=3.6e-05/90%, θx=0.0e+00/0%, θy=0.0e+00/0%, θz=0.0e+00/0%]
  f_c不整合DOF上位5件:
    dof=500 (node=83, comp=2): FD=-9.4745e-06, K_c=1.0187e-05, diff=-1.9662e-05
    dof=602 (node=100, comp=2): FD=9.3913e-06, K_c=-1.0097e-05, diff=1.9489e-05
    dof=494 (node=82, comp=2): FD=-7.9921e-06, K_c=7.8651e-06, diff=-1.5857e-05
    dof=596 (node=99, comp=2): FD=7.2464e-06, K_c=-7.8063e-06, diff=1.5053e-05
    dof=444 (node=74, comp=0): FD=1.5454e-05, K_c=8.1213e-06, diff=7.3331e-06
============================================================
============================================================
接線剛性FD方向診断（status-256）
============================================================
  ||du|| = 1.3997e-04
  ||R_u|| = 3.6899e-05
  ⚠ R_u vs compute_residual(u) 乖離: 4.1442e-05 (リラクゼーション/動的項の差異)
  ||R_base|| = 3.5826e-05
  ||R(u+eps*du)|| = 3.5826e-05
  方向有効性: ||R(u+eps*du)||/||R(u)|| = 1.000003
  ⚠ du方向で残差が増加 — Newton方向が無効
  FD方向微分 = 8.5146e-05
  解析方向微分 = 7.8480e-06
  全体系 K@du: FD vs 解析 相対誤差 = 1.0004e+00
  ⚠ 全体系で接線剛性不整合 — K_c自体が不正確
  全体系不整合DOF上位5件:
    dof=1802 (node=300, comp=2): FD=-3.9966e-03, analytical=6.2548e-12, diff=-3.9966e-03
    dof=1826 (node=304, comp=2): FD=-3.9449e-03, analytical=-4.0182e-10, diff=-3.9449e-03
    dof=1910 (node=318, comp=2): FD=3.4164e-03, analytical=5.1527e-10, diff=3.4164e-03
    dof=1796 (node=299, comp=2): FD=3.1145e-03, analytical=2.3131e-10, diff=3.1145e-03
    dof=986 (node=164, comp=2): FD=2.9268e-03, analytical=-1.0535e-09, diff=2.9268e-03
  comp別不整合: [x:6.66e-03(39%), y:1.53e-03(9%), z:1.57e-02(92%), θx:2.60e-04(2%), θy:5.16e-04(3%), θz:3.89e-05(0%)]
  接触DOF不整合: 6.85e-03 (270 DOFs), 構造DOF不整合: 1.57e-02 (1668 DOFs)
  活性DOF K@du: FD vs 解析 相対誤差 = 9.9975e-01 (270 DOFs)
  ⚠ 活性DOFで接線剛性不整合
  方向微分整合度: |FD-解析|/max = 9.0783e-01
------------------------------------------------------------
  f_c 単独FD検証（K_c精度）
  ||∂f_c/∂u·du (FD)|| = 2.3777e-05
  ||K_c @ du|| = 8.9364e-07
  f_c FD相対誤差 = 1.0096e+00
  ⚠ K_c自体が不正確（f_c単独で10%超の不整合）
  f_c comp別不整合: [x=1.5e-05/61%, y=1.7e-05/70%, z=8.8e-06/37%, θx=0.0e+00/0%, θy=0.0e+00/0%, θz=0.0e+00/0%]
  f_c不整合DOF上位5件:
    dof=444 (node=74, comp=0): FD=9.6958e-06, K_c=-3.6270e-07, diff=1.0059e-05
    dof=487 (node=81, comp=1): FD=-7.7422e-06, K_c=1.1624e-07, diff=-7.8584e-06
    dof=1056 (node=176, comp=0): FD=-6.5941e-06, K_c=1.0740e-07, diff=-6.7015e-06
    dof=1057 (node=176, comp=1): FD=6.7538e-06, K_c=9.6611e-08, diff=6.6572e-06
    dof=446 (node=74, comp=2): FD=-6.2659e-06, K_c=-4.8753e-08, diff=-6.2172e-06
============================================================
============================================================
接線剛性FD方向診断（status-256）
============================================================
  ||du|| = 9.4426e-06
  ||R_u|| = 7.0400e-06
  ⚠ R_u vs compute_residual(u) 乖離: 5.9860e-05 (リラクゼーション/動的項の差異)
  ||R_base|| = 6.0496e-05
  ||R(u+eps*du)|| = 6.0496e-05
  方向有効性: ||R(u+eps*du)||/||R(u)|| = 1.000000
  ⚠ du方向で残差が増加 — Newton方向が無効
  FD方向微分 = -1.1697e-05
  解析方向微分 = 2.8990e-07
  全体系 K@du: FD vs 解析 相対誤差 = 1.0000e+00
  ⚠ 全体系で接線剛性不整合 — K_c自体が不正確
  全体系不整合DOF上位5件:
    dof=1004 (node=167, comp=2): FD=-4.8506e-03, analytical=9.7319e-08, diff=-4.8507e-03
    dof=998 (node=166, comp=2): FD=4.4943e-03, analytical=1.1898e-07, diff=4.4942e-03
    dof=1010 (node=168, comp=2): FD=4.1517e-03, analytical=3.0979e-09, diff=4.1517e-03
    dof=1826 (node=304, comp=2): FD=3.8149e-03, analytical=4.3874e-10, diff=3.8149e-03
    dof=1808 (node=301, comp=2): FD=3.6149e-03, analytical=-3.2526e-11, diff=3.6149e-03
  comp別不整合: [x:8.55e-03(45%), y:1.23e-03(6%), z:1.68e-02(89%), θx:5.27e-05(0%), θy:2.45e-04(1%), θz:1.03e-05(0%)]
  接触DOF不整合: 1.03e-02 (270 DOFs), 構造DOF不整合: 1.58e-02 (1668 DOFs)
  活性DOF K@du: FD vs 解析 相対誤差 = 1.0000e+00 (270 DOFs)
  ⚠ 活性DOFで接線剛性不整合
  方向微分整合度: |FD-解析|/max = 1.0248e+00
------------------------------------------------------------
  f_c 単独FD検証（K_c精度）
  ||∂f_c/∂u·du (FD)|| = 9.5295e-07
  ||K_c @ du|| = 9.7348e-08
  f_c FD相対誤差 = 1.0305e+00
  ⚠ K_c自体が不正確（f_c単独で10%超の不整合）
  f_c comp別不整合: [x=4.5e-07/46%, y=8.5e-07/87%, z=1.8e-07/18%, θx=0.0e+00/0%, θy=0.0e+00/0%, θz=0.0e+00/0%]
  f_c不整合DOF上位5件:
    dof=493 (node=82, comp=1): FD=3.7688e-07, K_c=-9.9284e-09, diff=3.8680e-07
    dof=499 (node=83, comp=1): FD=3.4272e-07, K_c=-2.4946e-11, diff=3.4275e-07
    dof=601 (node=100, comp=1): FD=-3.3928e-07, K_c=2.4766e-11, diff=-3.3931e-07
    dof=487 (node=81, comp=1): FD=3.0398e-07, K_c=-1.3444e-08, diff=3.1742e-07
    dof=534 (node=89, comp=0): FD=2.6937e-07, K_c=-4.4879e-08, diff=3.1425e-07
============================================================
  Incr 158 (frac=0.3498), attempt 17, 凍結解除(disp)→再凍結 ||R_t||/||f||=5.202e-05 (cycle=2)
============================================================
接線剛性FD方向診断（status-256）
============================================================
  ||du|| = 8.2488e-04
  ||R_u|| = 6.0453e-05
  ⚠ R_u vs compute_residual(u) 乖離: 1.3321e-11 (リラクゼーション/動的項の差異)
  ||R_base|| = 6.0453e-05
  ||R(u+eps*du)|| = 6.0453e-05
  方向有効性: ||R(u+eps*du)||/||R(u)|| = 1.000000
  ✓ du方向で残差が減少 — Newton方向は有効
  FD方向微分 = 7.0638e-05
  解析方向微分 = 2.3460e-05
  全体系 K@du: FD vs 解析 相対誤差 = 1.0061e+00
  ⚠ 全体系で接線剛性不整合 — K_c自体が不正確
  全体系不整合DOF上位5件:
    dof=1820 (node=303, comp=2): FD=4.1729e-03, analytical=-3.5528e-11, diff=4.1729e-03
    dof=1826 (node=304, comp=2): FD=-3.9438e-03, analytical=1.4697e-11, diff=-3.9438e-03
    dof=1088 (node=181, comp=2): FD=3.6601e-03, analytical=1.1014e-08, diff=3.6601e-03
    dof=992 (node=165, comp=2): FD=-3.5906e-03, analytical=-3.9480e-10, diff=-3.5906e-03
    dof=1928 (node=321, comp=2): FD=-3.5724e-03, analytical=-4.0798e-11, diff=-3.5724e-03
  comp別不整合: [x:7.44e-03(38%), y:1.74e-03(9%), z:1.82e-02(92%), θx:4.99e-04(3%), θy:2.15e-03(11%), θz:6.93e-05(0%)]
  接触DOF不整合: 6.82e-03 (270 DOFs), 構造DOF不整合: 1.86e-02 (1668 DOFs)
  活性DOF K@du: FD vs 解析 相対誤差 = 9.9990e-01 (270 DOFs)
  ⚠ 活性DOFで接線剛性不整合
  方向微分整合度: |FD-解析|/max = 6.6788e-01
------------------------------------------------------------
  f_c 単独FD検証（K_c精度）
  ||∂f_c/∂u·du (FD)|| = 1.8627e-04
  ||K_c @ du|| = 1.7090e-05
  f_c FD相対誤差 = 1.0379e+00
  ⚠ K_c自体が不正確（f_c単独で10%超の不整合）
  f_c comp別不整合: [x=1.3e-04/67%, y=1.3e-04/67%, z=6.4e-05/33%, θx=0.0e+00/0%, θy=0.0e+00/0%, θz=0.0e+00/0%]
  f_c不整合DOF上位5件:
    dof=444 (node=74, comp=0): FD=-7.7643e-05, K_c=8.8146e-06, diff=-8.6457e-05
    dof=487 (node=81, comp=1): FD=5.5764e-05, K_c=4.9257e-07, diff=5.5271e-05
    dof=1056 (node=176, comp=0): FD=4.9714e-05, K_c=-1.1142e-06, diff=5.0829e-05
    dof=1057 (node=176, comp=1): FD=-5.0245e-05, K_c=-9.9937e-07, diff=-4.9246e-05
    dof=445 (node=74, comp=1): FD=4.5486e-05, K_c=-1.3045e-06, diff=4.6791e-05
============================================================
============================================================
接線剛性FD方向診断（status-256）
============================================================
  ||du|| = 1.5638e-04
  ||R_u|| = 2.0227e-05
  ⚠ R_u vs compute_residual(u) 乖離: 1.9996e-04 (リラクゼーション/動的項の差異)
  ||R_base|| = 2.0647e-04
  ||R(u+eps*du)|| = 2.0647e-04
  方向有効性: ||R(u+eps*du)||/||R(u)|| = 1.000001
  ⚠ du方向で残差が増加 — Newton方向が無効
  FD方向微分 = -1.3441e-03
  解析方向微分 = 5.3265e-06
  全体系 K@du: FD vs 解析 相対誤差 = 1.0005e+00
  ⚠ 全体系で接線剛性不整合 — K_c自体が不正確
  全体系不整合DOF上位5件:
    dof=1706 (node=284, comp=2): FD=-4.0940e-03, analytical=-2.5176e-10, diff=-4.0940e-03
    dof=392 (node=65, comp=2): FD=4.0146e-03, analytical=-1.4079e-09, diff=4.0146e-03
    dof=686 (node=114, comp=2): FD=-3.9675e-03, analytical=-9.6391e-11, diff=-3.9675e-03
    dof=1820 (node=303, comp=2): FD=3.7865e-03, analytical=-7.7408e-11, diff=3.7865e-03
    dof=590 (node=98, comp=2): FD=3.7025e-03, analytical=-2.1458e-08, diff=3.7025e-03
  comp別不整合: [x:9.96e-03(45%), y:2.47e-03(11%), z:1.93e-02(88%), θx:1.19e-04(1%), θy:6.61e-04(3%), θz:2.78e-05(0%)]
  接触DOF不整合: 7.94e-03 (288 DOFs), 構造DOF不整合: 2.04e-02 (1650 DOFs)
  活性DOF K@du: FD vs 解析 相対誤差 = 1.0013e+00 (288 DOFs)
  ⚠ 活性DOFで接線剛性不整合
  方向微分整合度: |FD-解析|/max = 1.0040e+00
------------------------------------------------------------
  f_c 単独FD検証（K_c精度）
  ||∂f_c/∂u·du (FD)|| = 2.7638e-05
  ||K_c @ du|| = 4.3909e-06
  f_c FD相対誤差 = 1.0868e+00
  ⚠ K_c自体が不正確（f_c単独で10%超の不整合）
  f_c comp別不整合: [x=2.3e-05/76%, y=1.6e-05/55%, z=1.1e-05/36%, θx=0.0e+00/0%, θy=0.0e+00/0%, θz=0.0e+00/0%]
  f_c不整合DOF上位5件:
    dof=444 (node=74, comp=0): FD=1.0440e-05, K_c=-1.9601e-06, diff=1.2400e-05
    dof=534 (node=89, comp=0): FD=-7.8338e-06, K_c=1.4042e-06, diff=-9.2380e-06
    dof=438 (node=73, comp=0): FD=5.4911e-06, K_c=-1.4901e-06, diff=6.9812e-06
    dof=535 (node=89, comp=1): FD=6.9192e-06, K_c=7.4566e-08, diff=6.8447e-06
    dof=446 (node=74, comp=2): FD=-6.3094e-06, K_c=3.0147e-07, diff=-6.6108e-06
============================================================
  Incr 158 (frac=0.3498), attempt 20 [E], ||R_t||/||f|| = 3.812e-06, ||R_r|| = 1.993e-06, ||R_w||/||f||=3.822e-06, rate=0.257, active=29, R(x=4.0e-06/84%,y=1.4e-06/28%,z=1.1e-06/23%)
============================================================
接線剛性FD方向診断（status-256）
============================================================
  ||du|| = 5.1332e-05
  ||R_u|| = 4.8328e-06
  ⚠ R_u vs compute_residual(u) 乖離: 1.7828e-04 (リラクゼーション/動的項の差異)
  ||R_base|| = 1.7697e-04
  ||R(u+eps*du)|| = 1.7697e-04
  方向有効性: ||R(u+eps*du)||/||R(u)|| = 1.000000
  ✓ du方向で残差が減少 — Newton方向は有効
  FD方向微分 = -3.0750e-04
  解析方向微分 = 1.4362e-06
  全体系 K@du: FD vs 解析 相対誤差 = 1.0001e+00
  ⚠ 全体系で接線剛性不整合 — K_c自体が不正確
  全体系不整合DOF上位5件:
    dof=1820 (node=303, comp=2): FD=-3.9179e-03, analytical=-2.9940e-10, diff=-3.9179e-03
    dof=1814 (node=302, comp=2): FD=3.8873e-03, analytical=3.9866e-10, diff=3.8873e-03
    dof=1808 (node=301, comp=2): FD=-3.8669e-03, analytical=-2.4812e-10, diff=-3.8669e-03
    dof=1718 (node=286, comp=2): FD=-3.7558e-03, analytical=-1.4663e-10, diff=-3.7558e-03
    dof=602 (node=100, comp=2): FD=-3.4937e-03, analytical=-1.6511e-07, diff=-3.4935e-03
  comp別不整合: [x:6.97e-03(40%), y:1.42e-03(8%), z:1.58e-02(91%), θx:5.80e-05(0%), θy:3.11e-04(2%), θz:1.46e-05(0%)]
  接触DOF不整合: 8.10e-03 (288 DOFs), 構造DOF不整合: 1.53e-02 (1650 DOFs)
  活性DOF K@du: FD vs 解析 相対誤差 = 1.0001e+00 (288 DOFs)
  ⚠ 活性DOFで接線剛性不整合
  方向微分整合度: |FD-解析|/max = 1.0047e+00
------------------------------------------------------------
  f_c 単独FD検証（K_c精度）
  ||∂f_c/∂u·du (FD)|| = 7.4899e-06
  ||K_c @ du|| = 1.3318e-06
  f_c FD相対誤差 = 1.0957e+00
  ⚠ K_c自体が不正確（f_c単独で10%超の不整合）
  f_c comp別不整合: [x=6.2e-06/76%, y=4.5e-06/55%, z=2.9e-06/35%, θx=0.0e+00/0%, θy=0.0e+00/0%, θz=0.0e+00/0%]
  f_c不整合DOF上位5件:
    dof=444 (node=74, comp=0): FD=-2.9692e-06, K_c=5.6199e-07, diff=-3.5312e-06
    dof=534 (node=89, comp=0): FD=1.9154e-06, K_c=-3.7531e-07, diff=2.2907e-06
    dof=438 (node=73, comp=0): FD=-1.5471e-06, K_c=4.2904e-07, diff=-1.9761e-06
    dof=446 (node=74, comp=2): FD=1.7517e-06, K_c=-3.8033e-08, diff=1.7897e-06
    dof=535 (node=89, comp=1): FD=-1.7899e-06, K_c=-5.1029e-09, diff=-1.7848e-06
============================================================
  Incr 158 (frac=0.3498), attempt 20, 凍結解除(disp)→再凍結 ||R_t||/||f||=1.534e-04 (cycle=3)
============================================================
接線剛性FD方向診断（status-256）
============================================================
  ||du|| = 3.4672e-03
  ||R_u|| = 1.7713e-04
  ⚠ R_u vs compute_residual(u) 乖離: 2.0812e-10 (リラクゼーション/動的項の差異)
  ||R_base|| = 1.7713e-04
  ||R(u+eps*du)|| = 1.7713e-04
  方向有効性: ||R(u+eps*du)||/||R(u)|| = 0.999999
  ✓ du方向で残差が減少 — Newton方向は有効
  FD方向微分 = 8.1410e-04
  解析方向微分 = 8.5019e-05
  全体系 K@du: FD vs 解析 相対誤差 = 1.0355e+00
  ⚠ 全体系で接線剛性不整合 — K_c自体が不正確
  全体系不整合DOF上位5件:
    dof=1700 (node=283, comp=2): FD=-4.8677e-03, analytical=-5.2905e-10, diff=-4.8677e-03
    dof=1706 (node=284, comp=2): FD=3.9637e-03, analytical=2.0152e-10, diff=3.9637e-03
    dof=1310 (node=218, comp=2): FD=3.7920e-03, analytical=-6.0154e-09, diff=3.7920e-03
    dof=1916 (node=319, comp=2): FD=-3.7811e-03, analytical=-1.2610e-10, diff=-3.7811e-03
    dof=590 (node=98, comp=2): FD=3.5884e-03, analytical=1.6143e-10, diff=3.5884e-03
  comp別不整合: [x:7.59e-03(37%), y:2.04e-03(10%), z:1.79e-02(88%), θx:3.38e-03(17%), θy:4.05e-03(20%), θz:5.93e-04(3%)]
  接触DOF不整合: 4.79e-03 (288 DOFs), 構造DOF不整合: 1.97e-02 (1650 DOFs)
  活性DOF K@du: FD vs 解析 相対誤差 = 9.9049e-01 (288 DOFs)
  ⚠ 活性DOFで接線剛性不整合
  方向微分整合度: |FD-解析|/max = 8.9557e-01
------------------------------------------------------------
  f_c 単独FD検証（K_c精度）
  ||∂f_c/∂u·du (FD)|| = 1.4369e-03
  ||K_c @ du|| = 3.3610e-05
  f_c FD相対誤差 = 1.0043e+00
  ⚠ K_c自体が不正確（f_c単独で10%超の不整合）
  f_c comp別不整合: [x=5.1e-04/36%, y=1.3e-03/91%, z=3.1e-04/21%, θx=0.0e+00/0%, θy=0.0e+00/0%, θz=0.0e+00/0%]
  f_c不整合DOF上位5件:
    dof=487 (node=81, comp=1): FD=-7.8769e-04, K_c=9.1410e-07, diff=-7.8861e-04
    dof=493 (node=82, comp=1): FD=-5.1835e-04, K_c=6.5129e-07, diff=-5.1900e-04
    dof=997 (node=166, comp=1): FD=5.1252e-04, K_c=-8.8044e-07, diff=5.1340e-04
    dof=1003 (node=167, comp=1): FD=4.0050e-04, K_c=-7.1911e-07, diff=4.0121e-04
    dof=486 (node=81, comp=0): FD=2.8811e-04, K_c=-3.1767e-07, diff=2.8843e-04
============================================================
============================================================
接線剛性FD方向診断（status-256）
============================================================
  ||du|| = 2.9258e-04
  ||R_u|| = 7.0160e-05
  ⚠ R_u vs compute_residual(u) 乖離: 1.6816e-03 (リラクゼーション/動的項の差異)
  ||R_base|| = 1.6912e-03
  ||R(u+eps*du)|| = 1.6912e-03
  方向有効性: ||R(u+eps*du)||/||R(u)|| = 1.000000
  ⚠ du方向で残差が増加 — Newton方向が無効
  FD方向微分 = -4.7795e-03
  解析方向微分 = 9.5802e-06
  全体系 K@du: FD vs 解析 相対誤差 = 1.0011e+00
  ⚠ 全体系で接線剛性不整合 — K_c自体が不正確
  全体系不整合DOF上位5件:
    dof=450 (node=75, comp=0): FD=7.3522e-03, analytical=5.0628e-07, diff=7.3517e-03
    dof=348 (node=58, comp=0): FD=-6.5784e-03, analytical=-2.9028e-07, diff=-6.5781e-03
    dof=354 (node=59, comp=0): FD=-6.4392e-03, analytical=2.1167e-07, diff=-6.4394e-03
    dof=456 (node=76, comp=0): FD=5.5796e-03, analytical=3.7023e-07, diff=5.5792e-03
    dof=500 (node=83, comp=2): FD=5.1752e-03, analytical=2.2493e-06, diff=5.1729e-03
  comp別不整合: [x:1.48e-02(60%), y:9.19e-03(37%), z:1.75e-02(71%), θx:4.18e-04(2%), θy:1.07e-03(4%), θz:3.80e-05(0%)]
  接触DOF不整合: 1.82e-02 (252 DOFs), 構造DOF不整合: 1.67e-02 (1686 DOFs)
  活性DOF K@du: FD vs 解析 相対誤差 = 1.0002e+00 (252 DOFs)
  ⚠ 活性DOFで接線剛性不整合
  方向微分整合度: |FD-解析|/max = 1.0020e+00
------------------------------------------------------------
  f_c 単独FD検証（K_c精度）
  ||∂f_c/∂u·du (FD)|| = 1.3499e-04
  ||K_c @ du|| = 1.3168e-05
  f_c FD相対誤差 = 1.0209e+00
  ⚠ K_c自体が不正確（f_c単独で10%超の不整合）
  f_c comp別不整合: [x=7.0e-05/51%, y=1.1e-04/82%, z=3.5e-05/26%, θx=0.0e+00/0%, θy=0.0e+00/0%, θz=0.0e+00/0%]
  f_c不整合DOF上位5件:
    dof=499 (node=83, comp=1): FD=5.0911e-05, K_c=-9.2090e-10, diff=5.0911e-05
    dof=601 (node=100, comp=1): FD=-5.0436e-05, K_c=7.9553e-10, diff=-5.0437e-05
    dof=445 (node=74, comp=1): FD=4.3795e-05, K_c=5.1290e-07, diff=4.3282e-05
    dof=444 (node=74, comp=0): FD=-4.0461e-05, K_c=2.2962e-06, diff=-4.2757e-05
    dof=595 (node=99, comp=1): FD=-3.4698e-05, K_c=7.8877e-09, diff=-3.4706e-05
============================================================
============================================================
接線剛性FD方向診断（status-256）
============================================================
  ||du|| = 1.7908e-04
  ||R_u|| = 1.5042e-05
  ⚠ R_u vs compute_residual(u) 乖離: 1.5634e-03 (リラクゼーション/動的項の差異)
  ||R_base|| = 1.5632e-03
  ||R(u+eps*du)|| = 1.5632e-03
  方向有効性: ||R(u+eps*du)||/||R(u)|| = 1.000000
  ✓ du方向で残差が減少 — Newton方向は有効
  FD方向微分 = -3.1670e-03
  解析方向微分 = 4.6518e-06
  全体系 K@du: FD vs 解析 相対誤差 = 1.0005e+00
  ⚠ 全体系で接線剛性不整合 — K_c自体が不正確
  全体系不整合DOF上位5件:
    dof=602 (node=100, comp=2): FD=1.0014e-02, analytical=-6.9140e-07, diff=1.0014e-02
    dof=500 (node=83, comp=2): FD=-7.8565e-03, analytical=6.9299e-07, diff=-7.8572e-03
    dof=350 (node=58, comp=2): FD=-4.0141e-03, analytical=1.1059e-07, diff=-4.0142e-03
    dof=1826 (node=304, comp=2): FD=3.8120e-03, analytical=2.2105e-10, diff=3.8120e-03
    dof=992 (node=165, comp=2): FD=3.7339e-03, analytical=-5.1267e-11, diff=3.7339e-03
  comp別不整合: [x:1.03e-02(42%), y:6.12e-03(25%), z:2.12e-02(87%), θx:2.96e-04(1%), θy:5.59e-04(2%), θz:2.20e-05(0%)]
  接触DOF不整合: 1.75e-02 (252 DOFs), 構造DOF不整合: 1.69e-02 (1686 DOFs)
  活性DOF K@du: FD vs 解析 相対誤差 = 1.0004e+00 (252 DOFs)
  ⚠ 活性DOFで接線剛性不整合
  方向微分整合度: |FD-解析|/max = 1.0015e+00
------------------------------------------------------------
  f_c 単独FD検証（K_c精度）
  ||∂f_c/∂u·du (FD)|| = 7.1662e-05
  ||K_c @ du|| = 8.5136e-06
  f_c FD相対誤差 = 1.0339e+00
  ⚠ K_c自体が不正確（f_c単独で10%超の不整合）
  f_c comp別不整合: [x=3.6e-05/49%, y=6.0e-05/81%, z=2.4e-05/33%, θx=0.0e+00/0%, θy=0.0e+00/0%, θz=0.0e+00/0%]
  f_c不整合DOF上位5件:
    dof=445 (node=74, comp=1): FD=-2.4931e-05, K_c=-2.5972e-07, diff=-2.4671e-05
    dof=499 (node=83, comp=1): FD=-2.3790e-05, K_c=2.4685e-09, diff=-2.3792e-05
    dof=601 (node=100, comp=1): FD=2.3564e-05, K_c=-2.4052e-09, diff=2.3567e-05
    dof=444 (node=74, comp=0): FD=2.1563e-05, K_c=-1.0927e-06, diff=2.2655e-05
    dof=1056 (node=176, comp=0): FD=-1.7400e-05, K_c=3.3297e-07, diff=-1.7733e-05
============================================================
============================================================
接線剛性FD方向診断（status-256）
============================================================
  ||du|| = 1.7104e-04
  ||R_u|| = 1.4299e-05
  ⚠ R_u vs compute_residual(u) 乖離: 1.5652e-03 (リラクゼーション/動的項の差異)
  ||R_base|| = 1.5651e-03
  ||R(u+eps*du)|| = 1.5651e-03
  方向有効性: ||R(u+eps*du)||/||R(u)|| = 1.000000
  ⚠ du方向で残差が増加 — Newton方向が無効
  FD方向微分 = 9.7414e-05
  解析方向微分 = 4.4188e-06
  全体系 K@du: FD vs 解析 相対誤差 = 1.0003e+00
  ⚠ 全体系で接線剛性不整合 — K_c自体が不正確
  全体系不整合DOF上位5件:
    dof=1094 (node=182, comp=2): FD=4.0996e-03, analytical=2.7983e-10, diff=4.0996e-03
    dof=1196 (node=199, comp=2): FD=-4.0661e-03, analytical=8.7779e-11, diff=-4.0661e-03
    dof=1814 (node=302, comp=2): FD=4.0118e-03, analytical=1.2376e-10, diff=4.0118e-03
    dof=398 (node=66, comp=2): FD=-3.9720e-03, analytical=7.9160e-09, diff=-3.9720e-03
    dof=1202 (node=200, comp=2): FD=3.8117e-03, analytical=2.8796e-10, diff=3.8117e-03
  comp別不整合: [x:7.81e-03(39%), y:1.83e-03(9%), z:1.82e-02(91%), θx:2.83e-04(1%), θy:5.13e-04(3%), θz:2.12e-05(0%)]
  接触DOF不整合: 5.60e-03 (252 DOFs), 構造DOF不整合: 1.91e-02 (1686 DOFs)
  活性DOF K@du: FD vs 解析 相対誤差 = 9.9994e-01 (252 DOFs)
  ⚠ 活性DOFで接線剛性不整合
  方向微分整合度: |FD-解析|/max = 9.5464e-01
------------------------------------------------------------
  f_c 単独FD検証（K_c精度）
  ||∂f_c/∂u·du (FD)|| = 6.8250e-05
  ||K_c @ du|| = 8.1867e-06
  f_c FD相対誤差 = 1.0367e+00
  ⚠ K_c自体が不正確（f_c単独で10%超の不整合）
  f_c comp別不整合: [x=3.5e-05/50%, y=5.7e-05/81%, z=2.2e-05/31%, θx=0.0e+00/0%, θy=0.0e+00/0%, θz=0.0e+00/0%]
  f_c不整合DOF上位5件:
    dof=445 (node=74, comp=1): FD=-2.3782e-05, K_c=-2.5134e-07, diff=-2.3531e-05
    dof=499 (node=83, comp=1): FD=-2.2773e-05, K_c=2.3702e-09, diff=-2.2775e-05
    dof=601 (node=100, comp=1): FD=2.2557e-05, K_c=-2.3095e-09, diff=2.2559e-05
    dof=444 (node=74, comp=0): FD=2.0590e-05, K_c=-1.0465e-06, diff=2.1636e-05
    dof=1056 (node=176, comp=0): FD=-1.6607e-05, K_c=3.2057e-07, diff=-1.6928e-05
============================================================
  Incr 158 (frac=0.3498), attempt 25 [D.stall+E], ||R_t||/||f|| = 1.036e-05, ||R_r|| = 6.448e-06, ||R_w||/||f||=1.040e-05, rate=0.952, active=27, R(x=1.0e-05/74%,y=6.3e-06/46%,z=1.8e-06/14%)
============================================================
接線剛性FD方向診断（status-256）
============================================================
  ||du|| = 1.6385e-04
  ||R_u|| = 1.3593e-05
  ⚠ R_u vs compute_residual(u) 乖離: 1.5670e-03 (リラクゼーション/動的項の差異)
  ||R_base|| = 1.5668e-03
  ||R(u+eps*du)|| = 1.5668e-03
  方向有効性: ||R(u+eps*du)||/||R(u)|| = 1.000000
  ✓ du方向で残差が減少 — Newton方向は有効
  FD方向微分 = 9.4966e-05
  解析方向微分 = 4.1960e-06
  全体系 K@du: FD vs 解析 相対誤差 = 1.0003e+00
  ⚠ 全体系で接線剛性不整合 — K_c自体が不正確
  全体系不整合DOF上位5件:
    dof=1712 (node=285, comp=2): FD=-3.8628e-03, analytical=7.5144e-12, diff=-3.8628e-03
    dof=1706 (node=284, comp=2): FD=3.8379e-03, analytical=4.6662e-11, diff=3.8379e-03
    dof=998 (node=166, comp=2): FD=-3.7347e-03, analytical=-1.0489e-10, diff=-3.7347e-03
    dof=1100 (node=183, comp=2): FD=-3.5786e-03, analytical=-4.1887e-10, diff=-3.5786e-03
    dof=1928 (node=321, comp=2): FD=3.5734e-03, analytical=2.8536e-10, diff=3.5734e-03
  comp別不整合: [x:9.16e-03(42%), y:1.76e-03(8%), z:1.99e-02(90%), θx:2.74e-04(1%), θy:5.41e-04(2%), θz:2.09e-05(0%)]
  接触DOF不整合: 7.37e-03 (252 DOFs), 構造DOF不整合: 2.07e-02 (1686 DOFs)
  活性DOF K@du: FD vs 解析 相対誤差 = 9.9994e-01 (252 DOFs)
  ⚠ 活性DOFで接線剛性不整合
  方向微分整合度: |FD-解析|/max = 9.5582e-01
------------------------------------------------------------
  f_c 単独FD検証（K_c精度）
  ||∂f_c/∂u·du (FD)|| = 6.5274e-05
  ||K_c @ du|| = 7.9208e-06
  f_c FD相対誤差 = 1.0373e+00
  ⚠ K_c自体が不正確（f_c単独で10%超の不整合）
  f_c comp別不整合: [x=3.4e-05/50%, y=5.5e-05/81%, z=2.1e-05/31%, θx=0.0e+00/0%, θy=0.0e+00/0%, θz=0.0e+00/0%]
  f_c不整合DOF上位5件:
    dof=445 (node=74, comp=1): FD=-2.2746e-05, K_c=-2.4360e-07, diff=-2.2502e-05
    dof=499 (node=83, comp=1): FD=-2.1756e-05, K_c=2.2048e-09, diff=-2.1758e-05
    dof=601 (node=100, comp=1): FD=2.1550e-05, K_c=-2.1472e-09, diff=2.1552e-05
    dof=444 (node=74, comp=0): FD=1.9727e-05, K_c=-1.0043e-06, diff=2.0731e-05
    dof=1056 (node=176, comp=0): FD=-1.5907e-05, K_c=3.0914e-07, diff=-1.6216e-05
============================================================
============================================================
接線剛性FD方向診断（status-256）
============================================================
  ||du|| = 1.5682e-04
  ||R_u|| = 1.2919e-05
  ⚠ R_u vs compute_residual(u) 乖離: 1.5687e-03 (リラクゼーション/動的項の差異)
  ||R_base|| = 1.5685e-03
  ||R(u+eps*du)|| = 1.5685e-03
  方向有効性: ||R(u+eps*du)||/||R(u)|| = 1.000000
  ⚠ du方向で残差が増加 — Newton方向が無効
  FD方向微分 = 9.2652e-05
  解析方向微分 = 3.9826e-06
  全体系 K@du: FD vs 解析 相対誤差 = 1.0004e+00
  ⚠ 全体系で接線剛性不整合 — K_c自体が不正確
  全体系不整合DOF上位5件:
    dof=1712 (node=285, comp=2): FD=4.1272e-03, analytical=5.7841e-10, diff=4.1272e-03
    dof=806 (node=134, comp=2): FD=3.9364e-03, analytical=4.4732e-10, diff=3.9364e-03
    dof=1718 (node=286, comp=2): FD=-3.8867e-03, analytical=-6.6687e-10, diff=-3.8867e-03
    dof=800 (node=133, comp=2): FD=-3.6870e-03, analytical=-1.5426e-11, diff=-3.6870e-03
    dof=374 (node=62, comp=2): FD=-3.3993e-03, analytical=-1.4602e-09, diff=-3.3993e-03
  comp別不整合: [x:6.70e-03(39%), y:1.49e-03(9%), z:1.56e-02(91%), θx:2.60e-04(2%), θy:5.06e-04(3%), θz:2.01e-05(0%)]
  接触DOF不整合: 6.28e-03 (252 DOFs), 構造DOF不整合: 1.58e-02 (1686 DOFs)
  活性DOF K@du: FD vs 解析 相対誤差 = 1.0000e+00 (252 DOFs)
  ⚠ 活性DOFで接線剛性不整合
  方向微分整合度: |FD-解析|/max = 9.5702e-01
------------------------------------------------------------
  f_c 単独FD検証（K_c精度）
  ||∂f_c/∂u·du (FD)|| = 6.2346e-05
  ||K_c @ du|| = 7.6518e-06
  f_c FD相対誤差 = 1.0379e+00
  ⚠ K_c自体が不正確（f_c単独で10%超の不整合）
  f_c comp別不整合: [x=3.2e-05/50%, y=5.2e-05/81%, z=2.0e-05/31%, θx=0.0e+00/0%, θy=0.0e+00/0%, θz=0.0e+00/0%]
  f_c不整合DOF上位5件:
    dof=445 (node=74, comp=1): FD=-2.1723e-05, K_c=-2.3594e-07, diff=-2.1487e-05
    dof=499 (node=83, comp=1): FD=-2.0761e-05, K_c=2.0508e-09, diff=-2.0763e-05
    dof=601 (node=100, comp=1): FD=2.0564e-05, K_c=-1.9961e-09, diff=2.0566e-05
    dof=444 (node=74, comp=0): FD=1.8854e-05, K_c=-9.6313e-07, diff=1.9817e-05
    dof=1056 (node=176, comp=0): FD=-1.5198e-05, K_c=2.9794e-07, diff=-1.5496e-05
============================================================
============================================================
接線剛性FD方向診断（status-256）
============================================================
  ||du|| = 1.4997e-04
  ||R_u|| = 1.2277e-05
  ⚠ R_u vs compute_residual(u) 乖離: 1.5703e-03 (リラクゼーション/動的項の差異)
  ||R_base|| = 1.5701e-03
  ||R(u+eps*du)|| = 1.5701e-03
  方向有効性: ||R(u+eps*du)||/||R(u)|| = 1.000000
  ⚠ du方向で残差が増加 — Newton方向が無効
  FD方向微分 = 9.0236e-05
  解析方向微分 = 3.7784e-06
  全体系 K@du: FD vs 解析 相対誤差 = 1.0004e+00
  ⚠ 全体系で接線剛性不整合 — K_c自体が不正確
  全体系不整合DOF上位5件:
    dof=1190 (node=198, comp=2): FD=-4.4378e-03, analytical=-2.3043e-11, diff=-4.4378e-03
    dof=374 (node=62, comp=2): FD=-4.2184e-03, analytical=-1.4122e-09, diff=-4.2184e-03
    dof=1808 (node=301, comp=2): FD=3.7406e-03, analytical=3.5965e-11, diff=3.7406e-03
    dof=806 (node=134, comp=2): FD=-3.3320e-03, analytical=1.2802e-10, diff=-3.3320e-03
    dof=578 (node=96, comp=2): FD=2.7563e-03, analytical=-2.1901e-08, diff=2.7563e-03
  comp別不整合: [x:6.30e-03(37%), y:1.38e-03(8%), z:1.57e-02(92%), θx:2.49e-04(1%), θy:4.86e-04(3%), θz:1.84e-05(0%)]
  接触DOF不整合: 5.06e-03 (252 DOFs), 構造DOF不整合: 1.62e-02 (1686 DOFs)
  活性DOF K@du: FD vs 解析 相対誤差 = 9.9996e-01 (252 DOFs)
  ⚠ 活性DOFで接線剛性不整合
  方向微分整合度: |FD-解析|/max = 9.5813e-01
------------------------------------------------------------
  f_c 単独FD検証（K_c精度）
  ||∂f_c/∂u·du (FD)|| = 5.9595e-05
  ||K_c @ du|| = 7.3810e-06
  f_c FD相対誤差 = 1.0384e+00
  ⚠ K_c自体が不正確（f_c単独で10%超の不整合）
  f_c comp別不整合: [x=3.1e-05/50%, y=5.0e-05/81%, z=1.9e-05/31%, θx=0.0e+00/0%, θy=0.0e+00/0%, θz=0.0e+00/0%]
  f_c不整合DOF上位5件:
    dof=445 (node=74, comp=1): FD=-2.0775e-05, K_c=-2.2836e-07, diff=-2.0547e-05
    dof=499 (node=83, comp=1): FD=-1.9797e-05, K_c=1.9074e-09, diff=-1.9799e-05
    dof=601 (node=100, comp=1): FD=1.9609e-05, K_c=-1.8555e-09, diff=1.9611e-05
    dof=444 (node=74, comp=0): FD=1.8076e-05, K_c=-9.2316e-07, diff=1.8999e-05
    dof=1056 (node=176, comp=0): FD=-1.4565e-05, K_c=2.8699e-07, diff=-1.4852e-05
============================================================
============================================================
接線剛性FD方向診断（status-256）
============================================================
  ||du|| = 1.4329e-04
  ||R_u|| = 1.1665e-05
  ⚠ R_u vs compute_residual(u) 乖離: 1.5718e-03 (リラクゼーション/動的項の差異)
  ||R_base|| = 1.5717e-03
  ||R(u+eps*du)|| = 1.5717e-03
  方向有効性: ||R(u+eps*du)||/||R(u)|| = 1.000000
  ✓ du方向で残差が減少 — Newton方向は有効
  FD方向微分 = 8.7702e-05
  解析方向微分 = 3.5833e-06
  全体系 K@du: FD vs 解析 相対誤差 = 1.0003e+00
  ⚠ 全体系で接線剛性不整合 — K_c自体が不正確
  全体系不整合DOF上位5件:
    dof=1196 (node=199, comp=2): FD=4.2031e-03, analytical=4.0356e-10, diff=4.2031e-03
    dof=398 (node=66, comp=2): FD=3.8266e-03, analytical=6.0985e-09, diff=3.8266e-03
    dof=1826 (node=304, comp=2): FD=3.8139e-03, analytical=1.8221e-10, diff=3.8139e-03
    dof=1808 (node=301, comp=2): FD=3.6154e-03, analytical=5.2319e-11, diff=3.6154e-03
    dof=1190 (node=198, comp=2): FD=-3.4575e-03, analytical=3.3596e-11, diff=-3.4575e-03
  comp別不整合: [x:7.76e-03(39%), y:1.48e-03(8%), z:1.80e-02(92%), θx:2.38e-04(1%), θy:4.72e-04(2%), θz:1.80e-05(0%)]
  接触DOF不整合: 7.79e-03 (252 DOFs), 構造DOF不整合: 1.81e-02 (1686 DOFs)
  活性DOF K@du: FD vs 解析 相対誤差 = 9.9998e-01 (252 DOFs)
  ⚠ 活性DOFで接線剛性不整合
  方向微分整合度: |FD-解析|/max = 9.5914e-01
------------------------------------------------------------
  f_c 単独FD検証（K_c精度）
  ||∂f_c/∂u·du (FD)|| = 5.6912e-05
  ||K_c @ du|| = 7.1094e-06
  f_c FD相対誤差 = 1.0388e+00
  ⚠ K_c自体が不正確（f_c単独で10%超の不整合）
  f_c comp別不整合: [x=3.0e-05/50%, y=4.8e-05/81%, z=1.8e-05/31%, θx=0.0e+00/0%, θy=0.0e+00/0%, θz=0.0e+00/0%]
  f_c不整合DOF上位5件:
    dof=445 (node=74, comp=1): FD=-1.9862e-05, K_c=-2.2086e-07, diff=-1.9641e-05
    dof=499 (node=83, comp=1): FD=-1.8845e-05, K_c=1.7739e-09, diff=-1.8847e-05
    dof=601 (node=100, comp=1): FD=1.8666e-05, K_c=-1.7247e-09, diff=1.8668e-05
    dof=444 (node=74, comp=0): FD=1.7305e-05, K_c=-8.8435e-07, diff=1.8189e-05
    dof=1056 (node=176, comp=0): FD=-1.3943e-05, K_c=2.7628e-07, diff=-1.4220e-05
============================================================
  [Type D対策] FD診断: Newton方向精度不良 (dir_ratio=1.000), NR上限拡張→43
============================================================
接線剛性FD方向診断（status-256）
============================================================
  ||du|| = 1.3679e-04
  ||R_u|| = 1.1083e-05
  ⚠ R_u vs compute_residual(u) 乖離: 1.5733e-03 (リラクゼーション/動的項の差異)
  ||R_base|| = 1.5731e-03
  ||R(u+eps*du)|| = 1.5731e-03
  方向有効性: ||R(u+eps*du)||/||R(u)|| = 1.000000
  ⚠ du方向で残差が増加 — Newton方向が無効
  FD方向微分 = 8.5056e-05
  解析方向微分 = 3.3969e-06
  全体系 K@du: FD vs 解析 相対誤差 = 1.0002e+00
  ⚠ 全体系で接線剛性不整合 — K_c自体が不正確
  全体系不整合DOF上位5件:
    dof=476 (node=79, comp=2): FD=4.1510e-03, analytical=-4.3521e-09, diff=4.1510e-03
    dof=1706 (node=284, comp=2): FD=-4.0966e-03, analytical=-3.9134e-10, diff=-4.0966e-03
    dof=374 (node=62, comp=2): FD=-3.9467e-03, analytical=-1.2678e-09, diff=-3.9467e-03
    dof=398 (node=66, comp=2): FD=-3.8429e-03, analytical=5.1429e-09, diff=-3.8429e-03
    dof=392 (node=65, comp=2): FD=3.7405e-03, analytical=3.2495e-09, diff=3.7405e-03
  comp別不整合: [x:7.49e-03(37%), y:1.62e-03(8%), z:1.84e-02(92%), θx:2.27e-04(1%), θy:4.72e-04(2%), θz:1.83e-05(0%)]
  接触DOF不整合: 5.86e-03 (252 DOFs), 構造DOF不整合: 1.91e-02 (1686 DOFs)
  活性DOF K@du: FD vs 解析 相対誤差 = 9.9996e-01 (252 DOFs)
  ⚠ 活性DOFで接線剛性不整合
  方向微分整合度: |FD-解析|/max = 9.6006e-01
------------------------------------------------------------
  f_c 単独FD検証（K_c精度）
  ||∂f_c/∂u·du (FD)|| = 5.4212e-05
  ||K_c @ du|| = 6.8383e-06
  f_c FD相対誤差 = 1.0394e+00
  ⚠ K_c自体が不正確（f_c単独で10%超の不整合）
  f_c comp別不整合: [x=2.9e-05/51%, y=4.5e-05/80%, z=1.7e-05/31%, θx=0.0e+00/0%, θy=0.0e+00/0%, θz=0.0e+00/0%]
  f_c不整合DOF上位5件:
    dof=445 (node=74, comp=1): FD=-1.8916e-05, K_c=-2.1346e-07, diff=-1.8702e-05
    dof=499 (node=83, comp=1): FD=-1.7944e-05, K_c=1.6498e-09, diff=-1.7946e-05
    dof=601 (node=100, comp=1): FD=1.7775e-05, K_c=-1.6031e-09, diff=1.7776e-05
    dof=444 (node=74, comp=0): FD=1.6500e-05, K_c=-8.4669e-07, diff=1.7347e-05
    dof=1056 (node=176, comp=0): FD=-1.3291e-05, K_c=2.6582e-07, diff=-1.3557e-05
============================================================
  Incr 158 (frac=0.3498), attempt 30 [D.stall+E], ||R_t||/||f|| = 8.060e-06, ||R_r|| = 4.921e-06, ||R_w||/||f||=8.089e-06, rate=0.951, active=27, R(x=7.9e-06/75%,y=4.7e-06/44%,z=1.6e-06/15%)
============================================================
接線剛性FD方向診断（status-256）
============================================================
  ||du|| = 1.3047e-04
  ||R_u|| = 1.0529e-05
  ⚠ R_u vs compute_residual(u) 乖離: 1.5747e-03 (リラクゼーション/動的項の差異)
  ||R_base|| = 1.5745e-03
  ||R(u+eps*du)|| = 1.5745e-03
  方向有効性: ||R(u+eps*du)||/||R(u)|| = 1.000000
  ⚠ du方向で残差が増加 — Newton方向が無効
  FD方向微分 = 8.2351e-05
  解析方向微分 = 3.2190e-06
  全体系 K@du: FD vs 解析 相対誤差 = 1.0002e+00
  ⚠ 全体系で接線剛性不整合 — K_c自体が不正確
  全体系不整合DOF上位5件:
    dof=1292 (node=215, comp=2): FD=-4.1995e-03, analytical=-1.0193e-10, diff=-4.1995e-03
    dof=1724 (node=287, comp=2): FD=4.0213e-03, analytical=-5.3311e-10, diff=4.0213e-03
    dof=704 (node=117, comp=2): FD=-3.4688e-03, analytical=-2.4428e-10, diff=-3.4688e-03
    dof=698 (node=116, comp=2): FD=3.4106e-03, analytical=-6.8466e-10, diff=3.4106e-03
    dof=1190 (node=198, comp=2): FD=-3.3179e-03, analytical=1.3295e-11, diff=-3.3179e-03
  comp別不整合: [x:6.66e-03(36%), y:1.23e-03(7%), z:1.72e-02(93%), θx:2.16e-04(1%), θy:4.48e-04(2%), θz:1.75e-05(0%)]
  接触DOF不整合: 8.16e-03 (252 DOFs), 構造DOF不整合: 1.66e-02 (1686 DOFs)
  活性DOF K@du: FD vs 解析 相対誤差 = 9.9995e-01 (252 DOFs)
  ⚠ 活性DOFで接線剛性不整合
  方向微分整合度: |FD-解析|/max = 9.6091e-01
------------------------------------------------------------
  f_c 単独FD検証（K_c精度）
  ||∂f_c/∂u·du (FD)|| = 5.1679e-05
  ||K_c @ du|| = 6.5686e-06
  f_c FD相対誤差 = 1.0398e+00
  ⚠ K_c自体が不正確（f_c単独で10%超の不整合）
  f_c comp別不整合: [x=2.7e-05/51%, y=4.3e-05/80%, z=1.7e-05/31%, θx=0.0e+00/0%, θy=0.0e+00/0%, θz=0.0e+00/0%]
  f_c不整合DOF上位5件:
    dof=445 (node=74, comp=1): FD=-1.8045e-05, K_c=-2.0616e-07, diff=-1.7839e-05
    dof=499 (node=83, comp=1): FD=-1.7051e-05, K_c=1.5345e-09, diff=-1.7053e-05
    dof=601 (node=100, comp=1): FD=1.6890e-05, K_c=-1.4902e-09, diff=1.6891e-05
    dof=444 (node=74, comp=0): FD=1.5772e-05, K_c=-8.1018e-07, diff=1.6583e-05
    dof=1056 (node=176, comp=0): FD=-1.2700e-05, K_c=2.5561e-07, diff=-1.2956e-05
============================================================
============================================================
接線剛性FD方向診断（status-256）
============================================================
  ||du|| = 1.2435e-04
  ||R_u|| = 1.0003e-05
  ⚠ R_u vs compute_residual(u) 乖離: 1.5760e-03 (リラクゼーション/動的項の差異)
  ||R_base|| = 1.5759e-03
  ||R(u+eps*du)|| = 1.5759e-03
  方向有効性: ||R(u+eps*du)||/||R(u)|| = 1.000000
  ⚠ du方向で残差が増加 — Newton方向が無効
  FD方向微分 = 7.9575e-05
  解析方向微分 = 3.0494e-06
  全体系 K@du: FD vs 解析 相対誤差 = 1.0002e+00
  ⚠ 全体系で接線剛性不整合 — K_c自体が不正確
  全体系不整合DOF上位5件:
    dof=1088 (node=181, comp=2): FD=4.0865e-03, analytical=6.9955e-11, diff=4.0865e-03
    dof=1094 (node=182, comp=2): FD=-3.9646e-03, analytical=-9.4843e-11, diff=-3.9646e-03
    dof=1196 (node=199, comp=2): FD=-3.9363e-03, analytical=-7.0455e-11, diff=-3.9363e-03
    dof=500 (node=83, comp=2): FD=-3.5624e-03, analytical=4.7553e-07, diff=-3.5629e-03
    dof=800 (node=133, comp=2): FD=-3.4475e-03, analytical=-5.2473e-12, diff=-3.4475e-03
  comp別不整合: [x:7.88e-03(39%), y:1.68e-03(8%), z:1.85e-02(92%), θx:2.08e-04(1%), θy:4.55e-04(2%), θz:1.61e-05(0%)]
  接触DOF不整合: 6.82e-03 (252 DOFs), 構造DOF不整合: 1.90e-02 (1686 DOFs)
  活性DOF K@du: FD vs 解析 相対誤差 = 9.9994e-01 (252 DOFs)
  ⚠ 活性DOFで接線剛性不整合
  方向微分整合度: |FD-解析|/max = 9.6168e-01
------------------------------------------------------------
  f_c 単独FD検証（K_c精度）
  ||∂f_c/∂u·du (FD)|| = 4.9209e-05
  ||K_c @ du|| = 6.3013e-06
  f_c FD相対誤差 = 1.0402e+00
  ⚠ K_c自体が不正確（f_c単独で10%超の不整合）
  f_c comp別不整合: [x=2.6e-05/51%, y=4.1e-05/80%, z=1.6e-05/31%, θx=0.0e+00/0%, θy=0.0e+00/0%, θz=0.0e+00/0%]
  f_c不整合DOF上位5件:
    dof=445 (node=74, comp=1): FD=-1.7189e-05, K_c=-1.9898e-07, diff=-1.6990e-05
    dof=499 (node=83, comp=1): FD=-1.6195e-05, K_c=1.4275e-09, diff=-1.6196e-05
    dof=601 (node=100, comp=1): FD=1.6041e-05, K_c=-1.3855e-09, diff=1.6043e-05
    dof=444 (node=74, comp=0): FD=1.5067e-05, K_c=-7.7482e-07, diff=1.5842e-05
    dof=1056 (node=176, comp=0): FD=-1.2124e-05, K_c=2.4565e-07, diff=-1.2370e-05
============================================================
============================================================
接線剛性FD方向診断（status-256）
============================================================
  ||du|| = 1.1843e-04
  ||R_u|| = 9.5028e-06
  ⚠ R_u vs compute_residual(u) 乖離: 1.5773e-03 (リラクゼーション/動的項の差異)
  ||R_base|| = 1.5771e-03
  ||R(u+eps*du)|| = 1.5771e-03
  方向有効性: ||R(u+eps*du)||/||R(u)|| = 1.000000
  ⚠ du方向で残差が増加 — Newton方向が無効
  FD方向微分 = 7.6747e-05
  解析方向微分 = 2.8878e-06
  全体系 K@du: FD vs 解析 相対誤差 = 1.0002e+00
  ⚠ 全体系で接線剛性不整合 — K_c自体が不正確
  全体系不整合DOF上位5件:
    dof=1196 (node=199, comp=2): FD=-3.9334e-03, analytical=4.5798e-11, diff=-3.9334e-03
    dof=1724 (node=287, comp=2): FD=-3.8881e-03, analytical=-8.4675e-10, diff=-3.8881e-03
    dof=1706 (node=284, comp=2): FD=3.8384e-03, analytical=1.3838e-10, diff=3.8384e-03
    dof=1712 (node=285, comp=2): FD=-3.7342e-03, analytical=3.2159e-11, diff=-3.7342e-03
    dof=1718 (node=286, comp=2): FD=3.6216e-03, analytical=-2.0068e-10, diff=3.6216e-03
  comp別不整合: [x:7.04e-03(36%), y:1.61e-03(8%), z:1.80e-02(93%), θx:1.95e-04(1%), θy:4.02e-04(2%), θz:1.60e-05(0%)]
  接触DOF不整合: 7.05e-03 (252 DOFs), 構造DOF不整合: 1.81e-02 (1686 DOFs)
  活性DOF K@du: FD vs 解析 相対誤差 = 9.9999e-01 (252 DOFs)
  ⚠ 活性DOFで接線剛性不整合
  方向微分整合度: |FD-解析|/max = 9.6237e-01
------------------------------------------------------------
  f_c 単独FD検証（K_c精度）
  ||∂f_c/∂u·du (FD)|| = 4.6674e-05
  ||K_c @ du|| = 6.0374e-06
  f_c FD相対誤差 = 1.0408e+00
  ⚠ K_c自体が不正確（f_c単独で10%超の不整合）
  f_c comp別不整合: [x=2.5e-05/51%, y=3.9e-05/80%, z=1.5e-05/31%, θx=0.0e+00/0%, θy=0.0e+00/0%, θz=0.0e+00/0%]
  f_c不整合DOF上位5件:
    dof=445 (node=74, comp=1): FD=-1.6271e-05, K_c=-1.9192e-07, diff=-1.6079e-05
    dof=499 (node=83, comp=1): FD=-1.5370e-05, K_c=1.3281e-09, diff=-1.5371e-05
    dof=601 (node=100, comp=1): FD=1.5224e-05, K_c=-1.2883e-09, diff=1.5226e-05
    dof=444 (node=74, comp=0): FD=1.4280e-05, K_c=-7.4062e-07, diff=1.5021e-05
    dof=1056 (node=176, comp=0): FD=-1.1481e-05, K_c=2.3595e-07, diff=-1.1717e-05
============================================================
============================================================
接線剛性FD方向診断（status-256）
============================================================
  ||du|| = 1.1270e-04
  ||R_u|| = 9.0283e-06
  ⚠ R_u vs compute_residual(u) 乖離: 1.5785e-03 (リラクゼーション/動的項の差異)
  ||R_base|| = 1.5784e-03
  ||R(u+eps*du)|| = 1.5784e-03
  方向有効性: ||R(u+eps*du)||/||R(u)|| = 1.000000
  ✓ du方向で残差が減少 — Newton方向は有効
  FD方向微分 = 7.3924e-05
  解析方向微分 = 2.7339e-06
  全体系 K@du: FD vs 解析 相対誤差 = 1.0001e+00
  ⚠ 全体系で接線剛性不整合 — K_c自体が不正確
  全体系不整合DOF上位5件:
    dof=1202 (node=200, comp=2): FD=-3.9353e-03, analytical=2.5410e-11, diff=-3.9353e-03
    dof=1724 (node=287, comp=2): FD=-3.8885e-03, analytical=-7.5149e-10, diff=-3.8885e-03
    dof=686 (node=114, comp=2): FD=-3.8285e-03, analytical=-5.3802e-10, diff=-3.8285e-03
    dof=1814 (node=302, comp=2): FD=3.7569e-03, analytical=1.5995e-10, diff=3.7569e-03
    dof=398 (node=66, comp=2): FD=3.6952e-03, analytical=3.9026e-09, diff=3.6952e-03
  comp別不整合: [x:7.95e-03(39%), y:1.55e-03(8%), z:1.86e-02(92%), θx:1.87e-04(1%), θy:4.29e-04(2%), θz:1.81e-05(0%)]
  接触DOF不整合: 5.71e-03 (252 DOFs), 構造DOF不整合: 1.95e-02 (1686 DOFs)
  活性DOF K@du: FD vs 解析 相対誤差 = 9.9993e-01 (252 DOFs)
  ⚠ 活性DOFで接線剛性不整合
  方向微分整合度: |FD-解析|/max = 9.6302e-01
------------------------------------------------------------
  f_c 単独FD検証（K_c精度）
  ||∂f_c/∂u·du (FD)|| = 4.4465e-05
  ||K_c @ du|| = 5.7777e-06
  f_c FD相対誤差 = 1.0411e+00
  ⚠ K_c自体が不正確（f_c単独で10%超の不整合）
  f_c comp別不整合: [x=2.4e-05/51%, y=3.7e-05/80%, z=1.4e-05/31%, θx=0.0e+00/0%, θy=0.0e+00/0%, θz=0.0e+00/0%]
  f_c不整合DOF上位5件:
    dof=445 (node=74, comp=1): FD=-1.5542e-05, K_c=-1.8498e-07, diff=-1.5357e-05
    dof=499 (node=83, comp=1): FD=-1.4578e-05, K_c=1.2359e-09, diff=-1.4579e-05
    dof=601 (node=100, comp=1): FD=1.4440e-05, K_c=-1.1982e-09, diff=1.4441e-05
    dof=444 (node=74, comp=0): FD=1.3677e-05, K_c=-7.0758e-07, diff=1.4384e-05
    dof=1056 (node=176, comp=0): FD=-1.1001e-05, K_c=2.2652e-07, diff=-1.1228e-05
============================================================
============================================================
接線剛性FD方向診断（status-256）
============================================================
  ||du|| = 1.0717e-04
  ||R_u|| = 8.5781e-06
  ⚠ R_u vs compute_residual(u) 乖離: 1.5796e-03 (リラクゼーション/動的項の差異)
  ||R_base|| = 1.5795e-03
  ||R(u+eps*du)|| = 1.5795e-03
  方向有効性: ||R(u+eps*du)||/||R(u)|| = 1.000000
  ⚠ du方向で残差が増加 — Newton方向が無効
  FD方向微分 = 7.1075e-05
  解析方向微分 = 2.5875e-06
  全体系 K@du: FD vs 解析 相対誤差 = 1.0002e+00
  ⚠ 全体系で接線剛性不整合 — K_c自体が不正確
  全体系不整合DOF上位5件:
    dof=1724 (node=287, comp=2): FD=-4.0184e-03, analytical=-8.3272e-10, diff=-4.0184e-03
    dof=686 (node=114, comp=2): FD=-3.9614e-03, analytical=-4.2697e-10, diff=-3.9614e-03
    dof=1718 (node=286, comp=2): FD=3.8825e-03, analytical=-1.1411e-10, diff=3.8825e-03
    dof=1826 (node=304, comp=2): FD=3.8136e-03, analytical=1.0453e-10, diff=3.8136e-03
    dof=1712 (node=285, comp=2): FD=-3.7323e-03, analytical=1.3452e-10, diff=-3.7323e-03
  comp別不整合: [x:7.42e-03(39%), y:1.45e-03(8%), z:1.74e-02(92%), θx:1.78e-04(1%), θy:4.04e-04(2%), θz:1.61e-05(0%)]
  接触DOF不整合: 7.05e-03 (252 DOFs), 構造DOF不整合: 1.76e-02 (1686 DOFs)
  活性DOF K@du: FD vs 解析 相対誤差 = 9.9999e-01 (252 DOFs)
  ⚠ 活性DOFで接線剛性不整合
  方向微分整合度: |FD-解析|/max = 9.6360e-01
------------------------------------------------------------
  f_c 単独FD検証（K_c精度）
  ||∂f_c/∂u·du (FD)|| = 4.2207e-05
  ||K_c @ du|| = 5.5229e-06
  f_c FD相対誤差 = 1.0415e+00
  ⚠ K_c自体が不正確（f_c単独で10%超の不整合）
  f_c comp別不整合: [x=2.3e-05/52%, y=3.5e-05/80%, z=1.4e-05/31%, θx=0.0e+00/0%, θy=0.0e+00/0%, θz=0.0e+00/0%]
  f_c不整合DOF上位5件:
    dof=445 (node=74, comp=1): FD=-1.4753e-05, K_c=-1.7818e-07, diff=-1.4575e-05
    dof=499 (node=83, comp=1): FD=-1.3799e-05, K_c=1.1505e-09, diff=-1.3800e-05
    dof=444 (node=74, comp=0): FD=1.3008e-05, K_c=-6.7567e-07, diff=1.3684e-05
    dof=601 (node=100, comp=1): FD=1.3668e-05, K_c=-1.1148e-09, diff=1.3669e-05
    dof=1056 (node=176, comp=0): FD=-1.0453e-05, K_c=2.1735e-07, diff=-1.0670e-05
============================================================
  Incr 158 (frac=0.3498), attempt 35 [D.stall+E], ||R_t||/||f|| = 6.249e-06, ||R_r|| = 3.791e-06, ||R_w||/||f||=6.270e-06, rate=0.950, active=27, R(x=6.2e-06/76%,y=3.4e-06/42%,z=1.5e-06/18%)
============================================================
接線剛性FD方向診断（status-256）
============================================================
  ||du|| = 1.0184e-04
  ||R_u|| = 8.1513e-06
  ⚠ R_u vs compute_residual(u) 乖離: 1.5807e-03 (リラクゼーション/動的項の差異)
  ||R_base|| = 1.5806e-03
  ||R(u+eps*du)|| = 1.5806e-03
  方向有効性: ||R(u+eps*du)||/||R(u)|| = 1.000000
  ✓ du方向で残差が減少 — Newton方向は有効
  FD方向微分 = 6.8220e-05
  解析方向微分 = 2.4482e-06
  全体系 K@du: FD vs 解析 相対誤差 = 1.0001e+00
  ⚠ 全体系で接線剛性不整合 — K_c自体が不正確
  全体系不整合DOF上位5件:
    dof=584 (node=97, comp=2): FD=-4.1993e-03, analytical=-4.8476e-10, diff=-4.1993e-03
    dof=986 (node=164, comp=2): FD=3.8555e-03, analytical=-2.4429e-10, diff=3.8555e-03
    dof=686 (node=114, comp=2): FD=-3.8295e-03, analytical=-4.5465e-10, diff=-3.8295e-03
    dof=692 (node=115, comp=2): FD=3.7451e-03, analytical=-1.3563e-10, diff=3.7451e-03
    dof=782 (node=130, comp=2): FD=-3.7179e-03, analytical=1.7669e-08, diff=-3.7179e-03
  comp別不整合: [x:8.23e-03(40%), y:1.32e-03(6%), z:1.86e-02(91%), θx:1.69e-04(1%), θy:4.06e-04(2%), θz:1.60e-05(0%)]
  接触DOF不整合: 5.43e-03 (252 DOFs), 構造DOF不整合: 1.97e-02 (1686 DOFs)
  活性DOF K@du: FD vs 解析 相対誤差 = 9.9995e-01 (252 DOFs)
  ⚠ 活性DOFで接線剛性不整合
  方向微分整合度: |FD-解析|/max = 9.6411e-01
------------------------------------------------------------
  f_c 単独FD検証（K_c精度）
  ||∂f_c/∂u·du (FD)|| = 3.9976e-05
  ||K_c @ du|| = 5.2737e-06
  f_c FD相対誤差 = 1.0420e+00
  ⚠ K_c自体が不正確（f_c単独で10%超の不整合）
  f_c comp別不整合: [x=2.2e-05/52%, y=3.3e-05/80%, z=1.3e-05/31%, θx=0.0e+00/0%, θy=0.0e+00/0%, θz=0.0e+00/0%]
  f_c不整合DOF上位5件:
    dof=445 (node=74, comp=1): FD=-1.3956e-05, K_c=-1.7152e-07, diff=-1.3784e-05
    dof=499 (node=83, comp=1): FD=-1.3071e-05, K_c=1.0713e-09, diff=-1.3072e-05
    dof=444 (node=74, comp=0): FD=1.2323e-05, K_c=-6.4491e-07, diff=1.2968e-05
    dof=601 (node=100, comp=1): FD=1.2947e-05, K_c=-1.0375e-09, diff=1.2948e-05
    dof=1056 (node=176, comp=0): FD=-9.8963e-06, K_c=2.0845e-07, diff=-1.0105e-05
============================================================
============================================================
接線剛性FD方向診断（status-256）
============================================================
  ||du|| = 9.6720e-05
  ||R_u|| = 7.7468e-06
  ⚠ R_u vs compute_residual(u) 乖離: 1.5817e-03 (リラクゼーション/動的項の差異)
  ||R_base|| = 1.5816e-03
  ||R(u+eps*du)|| = 1.5816e-03
  方向有効性: ||R(u+eps*du)||/||R(u)|| = 1.000000
  ✓ du方向で残差が減少 — Newton方向は有効
  FD方向微分 = 6.5403e-05
  解析方向微分 = 2.3159e-06
  全体系 K@du: FD vs 解析 相対誤差 = 1.0001e+00
  ⚠ 全体系で接線剛性不整合 — K_c自体が不正確
  全体系不整合DOF上位5件:
    dof=578 (node=96, comp=2): FD=-4.4139e-03, analytical=-1.6290e-08, diff=-4.4139e-03
    dof=1190 (node=198, comp=2): FD=-4.3022e-03, analytical=-4.6751e-11, diff=-4.3022e-03
    dof=1292 (node=215, comp=2): FD=-4.1994e-03, analytical=-5.1298e-11, diff=-4.1994e-03
    dof=1196 (node=199, comp=2): FD=4.0664e-03, analytical=2.8672e-10, diff=4.0664e-03
    dof=584 (node=97, comp=2): FD=3.9317e-03, analytical=1.2504e-10, diff=3.9317e-03
  comp別不整合: [x:8.03e-03(37%), y:1.51e-03(7%), z:1.98e-02(92%), θx:1.58e-04(1%), θy:3.71e-04(2%), θz:1.47e-05(0%)]
  接触DOF不整合: 5.50e-03 (252 DOFs), 構造DOF不整合: 2.07e-02 (1686 DOFs)
  活性DOF K@du: FD vs 解析 相対誤差 = 9.9994e-01 (252 DOFs)
  ⚠ 活性DOFで接線剛性不整合
  方向微分整合度: |FD-解析|/max = 9.6459e-01
------------------------------------------------------------
  f_c 単独FD検証（K_c精度）
  ||∂f_c/∂u·du (FD)|| = 3.7941e-05
  ||K_c @ du|| = 5.0305e-06
  f_c FD相対誤差 = 1.0423e+00
  ⚠ K_c自体が不正確（f_c単独で10%超の不整合）
  f_c comp別不整合: [x=2.1e-05/52%, y=3.2e-05/80%, z=1.2e-05/31%, θx=0.0e+00/0%, θy=0.0e+00/0%, θz=0.0e+00/0%]
  f_c不整合DOF上位5件:
    dof=445 (node=74, comp=1): FD=-1.3264e-05, K_c=-1.6501e-07, diff=-1.3099e-05
    dof=444 (node=74, comp=0): FD=1.1754e-05, K_c=-6.1528e-07, diff=1.2370e-05
    dof=499 (node=83, comp=1): FD=-1.2354e-05, K_c=9.9789e-10, diff=-1.2355e-05
    dof=601 (node=100, comp=1): FD=1.2237e-05, K_c=-9.6589e-10, diff=1.2238e-05
    dof=1056 (node=176, comp=0): FD=-9.4381e-06, K_c=1.9981e-07, diff=-9.6379e-06
============================================================
============================================================
接線剛性FD方向診断（status-256）
============================================================
  ||du|| = 9.1797e-05
  ||R_u|| = 7.3636e-06
  ⚠ R_u vs compute_residual(u) 乖離: 1.5827e-03 (リラクゼーション/動的項の差異)
  ||R_base|| = 1.5826e-03
  ||R(u+eps*du)|| = 1.5826e-03
  方向有効性: ||R(u+eps*du)||/||R(u)|| = 1.000000
  ⚠ du方向で残差が増加 — Newton方向が無効
  FD方向微分 = 6.2612e-05
  解析方向微分 = 2.1903e-06
  全体系 K@du: FD vs 解析 相対誤差 = 1.0001e+00
  ⚠ 全体系で接線剛性不整合 — K_c自体が不正確
  全体系不整合DOF上位5件:
    dof=1196 (node=199, comp=2): FD=4.0705e-03, analytical=4.1357e-10, diff=4.0705e-03
    dof=1712 (node=285, comp=2): FD=3.9930e-03, analytical=3.4284e-10, diff=3.9930e-03
    dof=698 (node=116, comp=2): FD=-3.5389e-03, analytical=-7.7732e-10, diff=-3.5389e-03
    dof=704 (node=117, comp=2): FD=3.4700e-03, analytical=6.8213e-11, diff=3.4700e-03
    dof=1214 (node=202, comp=2): FD=3.4017e-03, analytical=-1.4066e-10, diff=3.4017e-03
  comp別不整合: [x:7.90e-03(41%), y:1.46e-03(8%), z:1.74e-02(91%), θx:1.52e-04(1%), θy:3.61e-04(2%), θz:1.60e-05(0%)]
  接触DOF不整合: 5.75e-03 (252 DOFs), 構造DOF不整合: 1.83e-02 (1686 DOFs)
  活性DOF K@du: FD vs 解析 相対誤差 = 9.9991e-01 (252 DOFs)
  ⚠ 活性DOFで接線剛性不整合
  方向微分整合度: |FD-解析|/max = 9.6502e-01
------------------------------------------------------------
  f_c 単独FD検証（K_c精度）
  ||∂f_c/∂u·du (FD)|| = 3.5955e-05
  ||K_c @ du|| = 4.7940e-06
  f_c FD相対誤差 = 1.0426e+00
  ⚠ K_c自体が不正確（f_c単独で10%超の不整合）
  f_c comp別不整合: [x=2.0e-05/52%, y=3.0e-05/80%, z=1.2e-05/31%, θx=0.0e+00/0%, θy=0.0e+00/0%, θz=0.0e+00/0%]
  f_c不整合DOF上位5件:
    dof=445 (node=74, comp=1): FD=-1.2571e-05, K_c=-1.5866e-07, diff=-1.2413e-05
    dof=444 (node=74, comp=0): FD=1.1164e-05, K_c=-5.8676e-07, diff=1.1751e-05
    dof=499 (node=83, comp=1): FD=-1.1677e-05, K_c=9.2992e-10, diff=-1.1678e-05
    dof=601 (node=100, comp=1): FD=1.1567e-05, K_c=-8.9963e-10, diff=1.1568e-05
    dof=1056 (node=176, comp=0): FD=-8.9587e-06, K_c=1.9145e-07, diff=-9.1501e-06
============================================================
============================================================
接線剛性FD方向診断（status-256）
============================================================
  ||du|| = 8.7073e-05
  ||R_u|| = 7.0007e-06
  ⚠ R_u vs compute_residual(u) 乖離: 1.5836e-03 (リラクゼーション/動的項の差異)
  ||R_base|| = 1.5835e-03
  ||R(u+eps*du)|| = 1.5835e-03
  方向有効性: ||R(u+eps*du)||/||R(u)|| = 1.000000
  ⚠ du方向で残差が増加 — Newton方向が無効
  FD方向微分 = 5.9847e-05
  解析方向微分 = 2.0711e-06
  全体系 K@du: FD vs 解析 相対誤差 = 1.0001e+00
  ⚠ 全体系で接線剛性不整合 — K_c自体が不正確
  全体系不整合DOF上位5件:
    dof=1088 (node=181, comp=2): FD=4.0855e-03, analytical=2.4589e-10, diff=4.0855e-03
    dof=986 (node=164, comp=2): FD=3.9903e-03, analytical=-2.0955e-10, diff=3.9903e-03
    dof=1808 (node=301, comp=2): FD=3.8667e-03, analytical=2.3683e-10, diff=3.8667e-03
    dof=1706 (node=284, comp=2): FD=3.7102e-03, analytical=1.5687e-11, diff=3.7102e-03
    dof=1916 (node=319, comp=2): FD=3.6561e-03, analytical=1.6696e-10, diff=3.6561e-03
  comp別不整合: [x:8.50e-03(40%), y:1.70e-03(8%), z:1.95e-02(91%), θx:1.49e-04(1%), θy:4.17e-04(2%), θz:1.47e-05(0%)]
  接触DOF不整合: 5.72e-03 (252 DOFs), 構造DOF不整合: 2.06e-02 (1686 DOFs)
  活性DOF K@du: FD vs 解析 相対誤差 = 1.0000e+00 (252 DOFs)
  ⚠ 活性DOFで接線剛性不整合
  方向微分整合度: |FD-解析|/max = 9.6539e-01
------------------------------------------------------------
  f_c 単独FD検証（K_c精度）
  ||∂f_c/∂u·du (FD)|| = 3.3978e-05
  ||K_c @ du|| = 4.5644e-06
  f_c FD相対誤差 = 1.0431e+00
  ⚠ K_c自体が不正確（f_c単独で10%超の不整合）
  f_c comp別不整合: [x=1.9e-05/52%, y=2.8e-05/79%, z=1.1e-05/31%, θx=0.0e+00/0%, θy=0.0e+00/0%, θz=0.0e+00/0%]
  f_c不整合DOF上位5件:
    dof=445 (node=74, comp=1): FD=-1.1861e-05, K_c=-1.5247e-07, diff=-1.1709e-05
    dof=444 (node=74, comp=0): FD=1.0558e-05, K_c=-5.5935e-07, diff=1.1117e-05
    dof=499 (node=83, comp=1): FD=-1.1028e-05, K_c=8.6697e-10, diff=-1.1029e-05
    dof=601 (node=100, comp=1): FD=1.0924e-05, K_c=-8.3831e-10, diff=1.0925e-05
    dof=1056 (node=176, comp=0): FD=-8.4607e-06, K_c=1.8336e-07, diff=-8.6440e-06
============================================================
============================================================
接線剛性FD方向診断（status-256）
============================================================
  ||du|| = 8.2547e-05
  ||R_u|| = 6.6574e-06
  ⚠ R_u vs compute_residual(u) 乖離: 1.5845e-03 (リラクゼーション/動的項の差異)
  ||R_base|| = 1.5844e-03
  ||R(u+eps*du)|| = 1.5844e-03
  方向有効性: ||R(u+eps*du)||/||R(u)|| = 1.000000
  ⚠ du方向で残差が増加 — Newton方向が無効
  FD方向微分 = 5.7161e-05
  解析方向微分 = 1.9580e-06
  全体系 K@du: FD vs 解析 相対誤差 = 1.0001e+00
  ⚠ 全体系で接線剛性不整合 — K_c自体が不正確
  全体系不整合DOF上位5件:
    dof=1724 (node=287, comp=2): FD=4.0211e-03, analytical=-1.5070e-10, diff=4.0211e-03
    dof=680 (node=113, comp=2): FD=-3.9175e-03, analytical=3.1977e-11, diff=-3.9175e-03
    dof=704 (node=117, comp=2): FD=-3.4694e-03, analytical=-3.3328e-10, diff=-3.4694e-03
    dof=806 (node=134, comp=2): FD=3.3336e-03, analytical=4.8616e-10, diff=3.3336e-03
    dof=674 (node=112, comp=2): FD=3.1628e-03, analytical=1.6353e-10, diff=3.1628e-03
  comp別不整合: [x:6.40e-03(38%), y:1.14e-03(7%), z:1.55e-02(92%), θx:1.39e-04(1%), θy:3.59e-04(2%), θz:1.45e-05(0%)]
  接触DOF不整合: 4.51e-03 (252 DOFs), 構造DOF不整合: 1.62e-02 (1686 DOFs)
  活性DOF K@du: FD vs 解析 相対誤差 = 9.9990e-01 (252 DOFs)
  ⚠ 活性DOFで接線剛性不整合
  方向微分整合度: |FD-解析|/max = 9.6575e-01
------------------------------------------------------------
  f_c 単独FD検証（K_c精度）
  ||∂f_c/∂u·du (FD)|| = 3.2205e-05
  ||K_c @ du|| = 4.3421e-06
  f_c FD相対誤差 = 1.0434e+00
  ⚠ K_c自体が不正確（f_c単独で10%超の不整合）
  f_c comp別不整合: [x=1.8e-05/53%, y=2.7e-05/79%, z=1.0e-05/31%, θx=0.0e+00/0%, θy=0.0e+00/0%, θz=0.0e+00/0%]
  f_c不整合DOF上位5件:
    dof=445 (node=74, comp=1): FD=-1.1252e-05, K_c=-1.4644e-07, diff=-1.1106e-05
    dof=444 (node=74, comp=0): FD=1.0042e-05, K_c=-5.3302e-07, diff=1.0575e-05
    dof=499 (node=83, comp=1): FD=-1.0402e-05, K_c=8.0868e-10, diff=-1.0403e-05
    dof=601 (node=100, comp=1): FD=1.0304e-05, K_c=-7.8155e-10, diff=1.0305e-05
    dof=1056 (node=176, comp=0): FD=-8.0410e-06, K_c=1.7553e-07, diff=-8.2166e-06
============================================================
  Incr 158 (frac=0.3498), attempt 40 [D.stall+E], ||R_t||/||f|| = 4.845e-06, ||R_r|| = 2.966e-06, ||R_w||/||f||=4.862e-06, rate=0.951, active=27, R(x=4.8e-06/76%,y=2.5e-06/40%,z=1.4e-06/22%)
============================================================
接線剛性FD方向診断（status-256）
============================================================
  ||du|| = 7.8215e-05
  ||R_u|| = 6.3325e-06
  ⚠ R_u vs compute_residual(u) 乖離: 1.5853e-03 (リラクゼーション/動的項の差異)
  ||R_base|| = 1.5852e-03
  ||R(u+eps*du)|| = 1.5852e-03
  方向有効性: ||R(u+eps*du)||/||R(u)|| = 1.000000
  ✓ du方向で残差が減少 — Newton方向は有効
  FD方向微分 = 5.4516e-05
  解析方向微分 = 1.8508e-06
  全体系 K@du: FD vs 解析 相対誤差 = 1.0001e+00
  ⚠ 全体系で接線剛性不整合 — K_c自体が不正確
  全体系不整合DOF上位5件:
    dof=488 (node=81, comp=2): FD=4.4750e-03, analytical=-2.7419e-09, diff=4.4750e-03
    dof=578 (node=96, comp=2): FD=4.1432e-03, analytical=-1.3769e-08, diff=4.1432e-03
    dof=482 (node=80, comp=2): FD=-3.9684e-03, analytical=-3.0845e-09, diff=-3.9684e-03
    dof=1196 (node=199, comp=2): FD=-3.9337e-03, analytical=-1.4312e-10, diff=-3.9337e-03
    dof=392 (node=65, comp=2): FD=3.8800e-03, analytical=9.8598e-10, diff=3.8800e-03
  comp別不整合: [x:7.49e-03(39%), y:1.29e-03(7%), z:1.77e-02(92%), θx:1.30e-04(1%), θy:3.73e-04(2%), θz:1.21e-05(0%)]
  接触DOF不整合: 6.77e-03 (252 DOFs), 構造DOF不整合: 1.81e-02 (1686 DOFs)
  活性DOF K@du: FD vs 解析 相対誤差 = 9.9996e-01 (252 DOFs)
  ⚠ 活性DOFで接線剛性不整合
  方向微分整合度: |FD-解析|/max = 9.6605e-01
------------------------------------------------------------
  f_c 単独FD検証（K_c精度）
  ||∂f_c/∂u·du (FD)|| = 3.0463e-05
  ||K_c @ du|| = 4.1274e-06
  f_c FD相対誤差 = 1.0436e+00
  ⚠ K_c自体が不正確（f_c単独で10%超の不整合）
  f_c comp別不整合: [x=1.7e-05/53%, y=2.5e-05/79%, z=9.8e-06/31%, θx=0.0e+00/0%, θy=0.0e+00/0%, θz=0.0e+00/0%]
  f_c不整合DOF上位5件:
    dof=445 (node=74, comp=1): FD=-1.0656e-05, K_c=-1.4059e-07, diff=-1.0516e-05
    dof=444 (node=74, comp=0): FD=9.5454e-06, K_c=-5.0776e-07, diff=1.0053e-05
    dof=499 (node=83, comp=1): FD=-9.8219e-06, K_c=7.5470e-10, diff=-9.8227e-06
    dof=601 (node=100, comp=1): FD=9.7293e-06, K_c=-7.2903e-10, diff=9.7300e-06
    dof=1056 (node=176, comp=0): FD=-7.6477e-06, K_c=1.6798e-07, diff=-7.8157e-06
============================================================
============================================================
接線剛性FD方向診断（status-256）
============================================================
  ||du|| = 7.4075e-05
  ||R_u|| = 6.0251e-06
  ⚠ R_u vs compute_residual(u) 乖離: 1.5861e-03 (リラクゼーション/動的項の差異)
  ||R_base|| = 1.5860e-03
  ||R(u+eps*du)|| = 1.5860e-03
  方向有効性: ||R(u+eps*du)||/||R(u)|| = 1.000000
  ⚠ du方向で残差が増加 — Newton方向が無効
  FD方向微分 = 5.1927e-05
  解析方向微分 = 1.7493e-06
  全体系 K@du: FD vs 解析 相対誤差 = 1.0001e+00
  ⚠ 全体系で接線剛性不整合 — K_c自体が不正確
  全体系不整合DOF上位5件:
    dof=500 (node=83, comp=2): FD=4.0467e-03, analytical=2.9963e-07, diff=4.0464e-03
    dof=1904 (node=317, comp=2): FD=3.7088e-03, analytical=5.3838e-11, diff=3.7088e-03
    dof=794 (node=132, comp=2): FD=-3.3488e-03, analytical=-1.0509e-10, diff=-3.3488e-03
    dof=704 (node=117, comp=2): FD=-3.2223e-03, analytical=-1.9901e-10, diff=-3.2223e-03
    dof=1082 (node=180, comp=2): FD=2.3665e-03, analytical=2.1056e-10, diff=2.3665e-03
  comp別不整合: [x:5.79e-03(40%), y:7.74e-04(5%), z:1.34e-02(92%), θx:1.17e-04(1%), θy:2.98e-04(2%), θz:1.22e-05(0%)]
  接触DOF不整合: 6.85e-03 (252 DOFs), 構造DOF不整合: 1.29e-02 (1686 DOFs)
  活性DOF K@du: FD vs 解析 相対誤差 = 1.0000e+00 (252 DOFs)
  ⚠ 活性DOFで接線剛性不整合
  方向微分整合度: |FD-解析|/max = 9.6631e-01
------------------------------------------------------------
  f_c 単独FD検証（K_c精度）
  ||∂f_c/∂u·du (FD)|| = 2.8760e-05
  ||K_c @ du|| = 3.9203e-06
  f_c FD相対誤差 = 1.0441e+00
  ⚠ K_c自体が不正確（f_c単独で10%超の不整合）
  f_c comp別不整合: [x=1.6e-05/53%, y=2.4e-05/79%, z=9.3e-06/31%, θx=0.0e+00/0%, θy=0.0e+00/0%, θz=0.0e+00/0%]
  f_c不整合DOF上位5件:
    dof=445 (node=74, comp=1): FD=-1.0047e-05, K_c=-1.3490e-07, diff=-9.9116e-06
    dof=444 (node=74, comp=0): FD=9.0171e-06, K_c=-4.8354e-07, diff=9.5006e-06
    dof=499 (node=83, comp=1): FD=-9.2411e-06, K_c=7.0470e-10, diff=-9.2418e-06
    dof=601 (node=100, comp=1): FD=9.1540e-06, K_c=-6.8041e-10, diff=9.1547e-06
    dof=1056 (node=176, comp=0): FD=-7.2078e-06, K_c=1.6069e-07, diff=-7.3684e-06
============================================================
============================================================
接線剛性FD方向診断（status-256）
============================================================
  ||du|| = 7.0122e-05
  ||R_u|| = 5.7345e-06
  ⚠ R_u vs compute_residual(u) 乖離: 1.5868e-03 (リラクゼーション/動的項の差異)
  ||R_base|| = 1.5867e-03
  ||R(u+eps*du)|| = 1.5867e-03
  方向有効性: ||R(u+eps*du)||/||R(u)|| = 1.000000
  ⚠ du方向で残差が増加 — Newton方向が無効
  FD方向微分 = 4.9433e-05
  解析方向微分 = 1.6531e-06
  全体系 K@du: FD vs 解析 相対誤差 = 1.0001e+00
  ⚠ 全体系で接線剛性不整合 — K_c自体が不正確
  全体系不整合DOF上位5件:
    dof=482 (node=80, comp=2): FD=-5.9055e-03, analytical=-2.9676e-09, diff=-5.9055e-03
    dof=476 (node=79, comp=2): FD=4.7004e-03, analytical=-2.6543e-09, diff=4.7004e-03
    dof=386 (node=64, comp=2): FD=-4.1885e-03, analytical=2.1849e-10, diff=-4.1885e-03
    dof=380 (node=63, comp=2): FD=3.7948e-03, analytical=3.0732e-10, diff=3.7948e-03
    dof=1904 (node=317, comp=2): FD=3.7095e-03, analytical=1.3977e-10, diff=3.7095e-03
  comp別不整合: [x:6.40e-03(35%), y:1.10e-03(6%), z:1.72e-02(94%), θx:1.16e-04(1%), θy:3.31e-04(2%), θz:1.22e-05(0%)]
  接触DOF不整合: 7.02e-03 (252 DOFs), 構造DOF不整合: 1.70e-02 (1686 DOFs)
  活性DOF K@du: FD vs 解析 相対誤差 = 1.0000e+00 (252 DOFs)
  ⚠ 活性DOFで接線剛性不整合
  方向微分整合度: |FD-解析|/max = 9.6656e-01
------------------------------------------------------------
  f_c 単独FD検証（K_c精度）
  ||∂f_c/∂u·du (FD)|| = 2.7175e-05
  ||K_c @ du|| = 3.7210e-06
  f_c FD相対誤差 = 1.0444e+00
  ⚠ K_c自体が不正確（f_c単独で10%超の不整合）
  f_c comp別不整合: [x=1.5e-05/53%, y=2.2e-05/79%, z=8.7e-06/31%, θx=0.0e+00/0%, θy=0.0e+00/0%, θz=0.0e+00/0%]
  f_c不整合DOF上位5件:
    dof=445 (node=74, comp=1): FD=-9.4828e-06, K_c=-1.2939e-07, diff=-9.3534e-06
    dof=444 (node=74, comp=0): FD=8.5424e-06, K_c=-4.6034e-07, diff=9.0027e-06
    dof=499 (node=83, comp=1): FD=-8.7248e-06, K_c=6.5839e-10, diff=-8.7255e-06
    dof=601 (node=100, comp=1): FD=8.6426e-06, K_c=-6.3541e-10, diff=8.6433e-06
    dof=1056 (node=176, comp=0): FD=-6.8226e-06, K_c=1.5367e-07, diff=-6.9763e-06
============================================================
  Incr 158 (frac=0.3498), attempt 42, 凍結解除(disp)→再凍結 ||R_t||/||f||=1.375e-03 (cycle=4)
  [NR診断] Incr 158 (frac=0.3498), 不収束 att=43, Type分布[-:1(2%), C:3(7%), D.div+E:8(19%), D.stall+E:20(47%), E:11(26%)], 直近10[D.stall+E:10], R_c=5.31e-06, R_s=2.16e-06, active=27, sliding=400, activated=0, deactivated=0, stick→slide=0, slide→stick=0, comp(x=4.3e-06/76%,y=2.2e-06/38%,z=1.4e-06/24%,θx=2.5e-06/43%,θy=1.8e-07/3%,θz=1.1e-06/19%)
  [CUTBACK:nr_limit] frac 0.3498, dt=2.0788e-03 → sub-steps (cutback #16)
  [f_ref] Incr 158: f_ref=2.880e-01 (dynamic_ref), atol=1.49e-08
  Incr 158 (frac=0.3488), attempt 0 [C], ||R_t||/||f|| = 1.000e+00, ||R_r|| = 4.569e-03, ||R_w||/||f||=1.000e+00, active=29, R(x=1.4e-01/49%,y=2.6e-02/9%,z=2.5e-01/87%)
  Incr 158 (frac=0.3488), attempt 5 [D.div+E], ||R_t||/||f|| = 8.954e-05, ||R_r|| = 2.092e-06, ||R_w||/||f||=8.955e-05, rate=1.125, active=29, R(x=2.6e-05/99%,y=2.3e-06/9%,z=1.8e-06/7%)
  Incr 158 (frac=0.3488), attempt 10 [E], ||R_t||/||f|| = 8.053e-05, ||R_r|| = 2.054e-06, ||R_w||/||f||=8.053e-05, rate=0.892, active=29, R(x=2.0e-05/87%,y=2.3e-06/10%,z=1.1e-05/47%)
  Incr 158 (frac=0.3488), 低残差チャタリング検知[D+E] → 接触凍結モード (att=15, ||R||/||f||=9.023e-05, R_c=2.60e-05, R_s=1.36e-06, cycle=1/5, active=29)
  Incr 158 (frac=0.3488), attempt 15 [D.div+E], ||R_t||/||f|| = 9.023e-05, ||R_r|| = 2.051e-06, ||R_w||/||f||=9.024e-05, rate=1.120, active=29, R(x=2.6e-05/99%,y=2.4e-06/9%,z=2.0e-06/8%)
============================================================
接線剛性FD方向診断（status-256）
============================================================
  ||du|| = 1.5822e-04
  ||R_u|| = 2.6069e-05
  ⚠ R_u vs compute_residual(u) 乖離: 8.1214e-08 (リラクゼーション/動的項の差異)
  ||R_base|| = 2.6076e-05
  ||R(u+eps*du)|| = 2.6076e-05
  方向有効性: ||R(u+eps*du)||/||R(u)|| = 1.000003
  ⚠ du方向で残差が増加 — Newton方向が無効
  FD方向微分 = -1.6358e-03
  解析方向微分 = 1.4808e-05
  全体系 K@du: FD vs 解析 相対誤差 = 1.0004e+00
  ⚠ 全体系で接線剛性不整合 — K_c自体が不正確
  全体系不整合DOF上位5件:
    dof=596 (node=99, comp=2): FD=-5.8703e-03, analytical=-4.6222e-07, diff=-5.8698e-03
    dof=602 (node=100, comp=2): FD=-4.0012e-03, analytical=-6.0162e-07, diff=-4.0006e-03
    dof=500 (node=83, comp=2): FD=3.7831e-03, analytical=5.9362e-07, diff=3.7825e-03
    dof=494 (node=82, comp=2): FD=3.2303e-03, analytical=1.4931e-07, diff=3.2302e-03
    dof=590 (node=98, comp=2): FD=2.9096e-03, analytical=-5.9651e-09, diff=2.9096e-03
  comp別不整合: [x:5.93e-03(37%), y:1.43e-03(9%), z:1.46e-02(92%), θx:7.58e-05(0%), θy:4.66e-04(3%), θz:1.68e-05(0%)]
  接触DOF不整合: 1.08e-02 (252 DOFs), 構造DOF不整合: 1.16e-02 (1686 DOFs)
  活性DOF K@du: FD vs 解析 相対誤差 = 1.0002e+00 (252 DOFs)
  ⚠ 活性DOFで接線剛性不整合
  方向微分整合度: |FD-解析|/max = 1.0091e+00
------------------------------------------------------------
  f_c 単独FD検証（K_c精度）
  ||∂f_c/∂u·du (FD)|| = 1.1502e-05
  ||K_c @ du|| = 9.6257e-06
  f_c FD相対誤差 = 8.7610e-01
  ⚠ K_c自体が不正確（f_c単独で10%超の不整合）
  f_c comp別不整合: [x=6.6e-06/65%, y=2.1e-06/21%, z=7.3e-06/73%, θx=0.0e+00/0%, θy=0.0e+00/0%, θz=0.0e+00/0%]
  f_c不整合DOF上位5件:
    dof=500 (node=83, comp=2): FD=-1.5511e-06, K_c=2.3825e-06, diff=-3.9336e-06
    dof=602 (node=100, comp=2): FD=1.5375e-06, K_c=-2.3615e-06, diff=3.8990e-06
    dof=494 (node=82, comp=2): FD=-1.5974e-06, K_c=1.6858e-06, diff=-3.2832e-06
    dof=444 (node=74, comp=0): FD=4.7481e-06, K_c=1.5129e-06, diff=3.2351e-06
    dof=596 (node=99, comp=2): FD=1.1857e-06, K_c=-1.8232e-06, diff=3.0089e-06
============================================================
============================================================
接線剛性FD方向診断（status-256）
============================================================
  ||du|| = 2.0647e-05
  ||R_u|| = 9.8466e-06
  ⚠ R_u vs compute_residual(u) 乖離: 2.3338e-05 (リラクゼーション/動的項の差異)
  ||R_base|| = 2.3311e-05
  ||R(u+eps*du)|| = 2.3311e-05
  方向有効性: ||R(u+eps*du)||/||R(u)|| = 1.000015
  ⚠ du方向で残差が増加 — Newton方向が無効
  FD方向微分 = 8.1693e-04
  解析方向微分 = 2.6695e-06
  全体系 K@du: FD vs 解析 相対誤差 = 9.9991e-01
  ⚠ 全体系で接線剛性不整合 — K_c自体が不正確
  全体系不整合DOF上位5件:
    dof=602 (node=100, comp=2): FD=-9.6323e-03, analytical=-2.3655e-06, diff=-9.6299e-03
    dof=494 (node=82, comp=2): FD=8.0644e-03, analytical=1.6768e-06, diff=8.0628e-03
    dof=500 (node=83, comp=2): FD=7.6655e-03, analytical=2.3773e-06, diff=7.6631e-03
    dof=600 (node=100, comp=0): FD=-6.9386e-03, analytical=-5.9962e-08, diff=-6.9386e-03
    dof=498 (node=83, comp=0): FD=5.9125e-03, analytical=5.5658e-08, diff=5.9124e-03
  comp別不整合: [x:1.38e-02(53%), y:1.87e-03(7%), z:2.18e-02(84%), θx:7.40e-05(0%), θy:2.64e-04(1%), θz:1.31e-05(0%)]
  接触DOF不整合: 2.00e-02 (252 DOFs), 構造DOF不整合: 1.64e-02 (1686 DOFs)
  活性DOF K@du: FD vs 解析 相対誤差 = 9.9984e-01 (252 DOFs)
  ⚠ 活性DOFで接線剛性不整合
  方向微分整合度: |FD-解析|/max = 9.9673e-01
------------------------------------------------------------
  f_c 単独FD検証（K_c精度）
  ||∂f_c/∂u·du (FD)|| = 7.8078e-06
  ||K_c @ du|| = 4.2783e-07
  f_c FD相対誤差 = 1.0284e+00
  ⚠ K_c自体が不正確（f_c単独で10%超の不整合）
  f_c comp別不整合: [x=5.1e-06/63%, y=3.8e-06/47%, z=4.9e-06/62%, θx=0.0e+00/0%, θy=0.0e+00/0%, θz=0.0e+00/0%]
  f_c不整合DOF上位5件:
    dof=500 (node=83, comp=2): FD=2.6239e-06, K_c=-6.3624e-08, diff=2.6876e-06
    dof=602 (node=100, comp=2): FD=-2.6009e-06, K_c=6.3066e-08, diff=-2.6640e-06
    dof=444 (node=74, comp=0): FD=1.9829e-06, K_c=-2.3427e-07, diff=2.2172e-06
    dof=498 (node=83, comp=0): FD=2.0250e-06, K_c=-4.8062e-08, diff=2.0731e-06
    dof=600 (node=100, comp=0): FD=-2.0073e-06, K_c=4.7640e-08, diff=-2.0549e-06
============================================================
  Incr 158 (frac=0.3488), attempt 16, 凍結解除(disp)→再凍結 ||R_t||/||f||=8.054e-05 (cycle=2)
============================================================
接線剛性FD方向診断（status-256）
============================================================
  ||du|| = 1.7508e-04
  ||R_u|| = 2.3282e-05
  ⚠ R_u vs compute_residual(u) 乖離: 1.4049e-10 (リラクゼーション/動的項の差異)
  ||R_base|| = 2.3282e-05
  ||R(u+eps*du)|| = 2.3282e-05
  方向有効性: ||R(u+eps*du)||/||R(u)|| = 1.000000
  ⚠ du方向で残差が増加 — Newton方向が無効
  FD方向微分 = 8.2664e-06
  解析方向微分 = 1.3343e-05
  全体系 K@du: FD vs 解析 相対誤差 = 1.0003e+00
  ⚠ 全体系で接線剛性不整合 — K_c自体が不正確
  全体系不整合DOF上位5件:
    dof=386 (node=64, comp=2): FD=-4.0515e-03, analytical=-1.3577e-10, diff=-4.0515e-03
    dof=998 (node=166, comp=2): FD=3.8795e-03, analytical=-3.8851e-07, diff=3.8799e-03
    dof=1802 (node=300, comp=2): FD=-3.7432e-03, analytical=-6.1973e-11, diff=-3.7432e-03
    dof=1100 (node=183, comp=2): FD=3.6987e-03, analytical=2.3749e-10, diff=3.6987e-03
    dof=782 (node=130, comp=2): FD=3.5890e-03, analytical=1.0725e-07, diff=3.5889e-03
  comp別不整合: [x:7.34e-03(41%), y:1.30e-03(7%), z:1.62e-02(91%), θx:7.45e-05(0%), θy:5.37e-04(3%), θz:1.36e-05(0%)]
  接触DOF不整合: 6.79e-03 (252 DOFs), 構造DOF不整合: 1.65e-02 (1686 DOFs)
  活性DOF K@du: FD vs 解析 相対誤差 = 1.0000e+00 (252 DOFs)
  ⚠ 活性DOFで接線剛性不整合
  方向微分整合度: |FD-解析|/max = 3.8046e-01
------------------------------------------------------------
  f_c 単独FD検証（K_c精度）
  ||∂f_c/∂u·du (FD)|| = 2.1327e-05
  ||K_c @ du|| = 1.1150e-05
  f_c FD相対誤差 = 1.3949e+00
  ⚠ K_c自体が不正確（f_c単独で10%超の不整合）
  f_c comp別不整合: [x=2.2e-05/75%, y=1.0e-05/34%, z=1.7e-05/57%, θx=0.0e+00/0%, θy=0.0e+00/0%, θz=0.0e+00/0%]
  f_c不整合DOF上位5件:
    dof=444 (node=74, comp=0): FD=-8.3346e-06, K_c=2.4434e-06, diff=-1.0778e-05
    dof=500 (node=83, comp=2): FD=-4.4432e-06, K_c=4.5132e-06, diff=-8.9564e-06
    dof=602 (node=100, comp=2): FD=4.4041e-06, K_c=-4.4737e-06, diff=8.8778e-06
    dof=596 (node=99, comp=2): FD=3.3989e-06, K_c=-3.4417e-06, diff=6.8407e-06
    dof=534 (node=89, comp=0): FD=5.1848e-06, K_c=-1.5944e-06, diff=6.7792e-06
============================================================
============================================================
接線剛性FD方向診断（status-256）
============================================================
  ||du|| = 3.8739e-05
  ||R_u|| = 1.1359e-05
  ⚠ R_u vs compute_residual(u) 乖離: 2.7912e-05 (リラクゼーション/動的項の差異)
  ||R_base|| = 3.3793e-05
  ||R(u+eps*du)|| = 3.3793e-05
  方向有効性: ||R(u+eps*du)||/||R(u)|| = 1.000006
  ⚠ du方向で残差が増加 — Newton方向が無効
  FD方向微分 = -1.8996e-03
  解析方向微分 = 3.5609e-06
  全体系 K@du: FD vs 解析 相対誤差 = 9.9994e-01
  ⚠ 全体系で接線剛性不整合 — K_c自体が不正確
  全体系不整合DOF上位5件:
    dof=596 (node=99, comp=2): FD=-6.8819e-03, analytical=-3.4493e-06, diff=-6.8785e-03
    dof=500 (node=83, comp=2): FD=4.2485e-03, analytical=4.5066e-06, diff=4.2440e-03
    dof=590 (node=98, comp=2): FD=3.8233e-03, analytical=-4.9903e-09, diff=3.8233e-03
    dof=704 (node=117, comp=2): FD=-3.7191e-03, analytical=-1.6472e-09, diff=-3.7191e-03
    dof=1904 (node=317, comp=2): FD=3.5824e-03, analytical=-5.7568e-11, diff=3.5824e-03
  comp別不整合: [x:7.96e-03(48%), y:1.89e-03(11%), z:1.46e-02(87%), θx:4.76e-05(0%), θy:3.10e-04(2%), θz:1.12e-05(0%)]
  接触DOF不整合: 1.10e-02 (270 DOFs), 構造DOF不整合: 1.27e-02 (1668 DOFs)
  活性DOF K@du: FD vs 解析 相対誤差 = 9.9974e-01 (270 DOFs)
  ⚠ 活性DOFで接線剛性不整合
  方向微分整合度: |FD-解析|/max = 1.0019e+00
------------------------------------------------------------
  f_c 単独FD検証（K_c精度）
  ||∂f_c/∂u·du (FD)|| = 6.7120e-06
  ||K_c @ du|| = 2.0751e-06
  f_c FD相対誤差 = 1.1920e+00
  ⚠ K_c自体が不正確（f_c単独で10%超の不整合）
  f_c comp別不整合: [x=6.5e-06/82%, y=3.9e-06/49%, z=2.4e-06/30%, θx=0.0e+00/0%, θy=0.0e+00/0%, θz=0.0e+00/0%]
  f_c不整合DOF上位5件:
    dof=444 (node=74, comp=0): FD=2.6243e-06, K_c=-9.0824e-07, diff=3.5325e-06
    dof=534 (node=89, comp=0): FD=-2.0980e-06, K_c=7.3517e-07, diff=-2.8331e-06
    dof=438 (node=73, comp=0): FD=1.4043e-06, K_c=-6.8792e-07, diff=2.0922e-06
    dof=528 (node=88, comp=0): FD=-1.4147e-06, K_c=3.8061e-07, diff=-1.7953e-06
    dof=535 (node=89, comp=1): FD=1.8137e-06, K_c=3.6288e-08, diff=1.7774e-06
============================================================
  Incr 158 (frac=0.3488), attempt 18, 凍結解除(disp)→再凍結 ||R_t||/||f||=1.159e-04 (cycle=3)
============================================================
接線剛性FD方向診断（status-256）
============================================================
  ||du|| = 2.1273e-04
  ||R_u|| = 3.3396e-05
  ⚠ R_u vs compute_residual(u) 乖離: 6.5867e-10 (リラクゼーション/動的項の差異)
  ||R_base|| = 3.3395e-05
  ||R(u+eps*du)|| = 3.3396e-05
  方向有効性: ||R(u+eps*du)||/||R(u)|| = 1.000002
  ⚠ du方向で残差が増加 — Newton方向が無効
  FD方向微分 = 1.2816e-05
  解析方向微分 = 1.8178e-05
  全体系 K@du: FD vs 解析 相対誤差 = 1.0009e+00
  ⚠ 全体系で接線剛性不整合 — K_c自体が不正確
  全体系不整合DOF上位5件:
    dof=1916 (node=319, comp=2): FD=3.5354e-03, analytical=7.3866e-11, diff=3.5354e-03
    dof=788 (node=131, comp=2): FD=3.5275e-03, analytical=2.8915e-10, diff=3.5275e-03
    dof=488 (node=81, comp=2): FD=3.5175e-03, analytical=-1.2770e-06, diff=3.5188e-03
    dof=554 (node=92, comp=2): FD=-3.1261e-03, analytical=1.1860e-09, diff=-3.1261e-03
    dof=470 (node=78, comp=2): FD=2.7867e-03, analytical=1.7055e-09, diff=2.7867e-03
  comp別不整合: [x:6.33e-03(38%), y:1.06e-03(6%), z:1.53e-02(92%), θx:1.28e-04(1%), θy:6.94e-04(4%), θz:2.49e-05(0%)]
  接触DOF不整合: 7.06e-03 (270 DOFs), 構造DOF不整合: 1.51e-02 (1668 DOFs)
  活性DOF K@du: FD vs 解析 相対誤差 = 1.0004e+00 (270 DOFs)
  ⚠ 活性DOFで接線剛性不整合
  方向微分整合度: |FD-解析|/max = 2.9499e-01
------------------------------------------------------------
  f_c 単独FD検証（K_c精度）
  ||∂f_c/∂u·du (FD)|| = 3.5188e-05
  ||K_c @ du|| = 8.5802e-06
  f_c FD相対誤差 = 1.1467e+00
  ⚠ K_c自体が不正確（f_c単独で10%超の不整合）
  f_c comp別不整合: [x=3.1e-05/76%, y=2.2e-05/54%, z=1.5e-05/36%, θx=0.0e+00/0%, θy=0.0e+00/0%, θz=0.0e+00/0%]
  f_c不整合DOF上位5件:
    dof=444 (node=74, comp=0): FD=1.4313e-05, K_c=-3.7067e-06, diff=1.8020e-05
    dof=534 (node=89, comp=0): FD=-8.0489e-06, K_c=2.5181e-06, diff=-1.0567e-05
    dof=438 (node=73, comp=0): FD=7.5401e-06, K_c=-2.7858e-06, diff=1.0326e-05
    dof=487 (node=81, comp=1): FD=-8.5732e-06, K_c=-1.9857e-07, diff=-8.3746e-06
    dof=1056 (node=176, comp=0): FD=-7.6986e-06, K_c=3.1841e-07, diff=-8.0170e-06
============================================================
  Incr 158 (frac=0.3488), attempt 20 [E], ||R_t||/||f|| = 2.981e-05, ||R_r|| = 2.468e-06, ||R_w||/||f||=2.984e-05, rate=0.258, active=29, R(x=7.3e-06/82%,y=2.3e-06/26%,z=3.8e-06/43%)
============================================================
接線剛性FD方向診断（status-256）
============================================================
  ||du|| = 2.6846e-05
  ||R_u|| = 8.9325e-06
  ⚠ R_u vs compute_residual(u) 乖離: 4.1309e-05 (リラクゼーション/動的項の差異)
  ||R_base|| = 4.6090e-05
  ||R(u+eps*du)|| = 4.6091e-05
  方向有効性: ||R(u+eps*du)||/||R(u)|| = 1.000011
  ⚠ du方向で残差が増加 — Newton方向が無効
  FD方向微分 = -4.2161e-03
  解析方向微分 = 3.3146e-06
  全体系 K@du: FD vs 解析 相対誤差 = 1.0001e+00
  ⚠ 全体系で接線剛性不整合 — K_c自体が不正確
  全体系不整合DOF上位5件:
    dof=602 (node=100, comp=2): FD=-5.1296e-03, analytical=-2.0112e-06, diff=-5.1276e-03
    dof=1808 (node=301, comp=2): FD=-4.2501e-03, analytical=-4.5439e-10, diff=-4.2501e-03
    dof=596 (node=99, comp=2): FD=-3.8002e-03, analytical=-1.5560e-06, diff=-3.7986e-03
    dof=1706 (node=284, comp=2): FD=-3.7089e-03, analytical=-2.4537e-10, diff=-3.7089e-03
    dof=494 (node=82, comp=2): FD=3.3471e-03, analytical=1.7558e-06, diff=3.3453e-03
  comp別不整合: [x:1.05e-02(56%), y:2.68e-03(14%), z:1.53e-02(82%), θx:6.32e-05(0%), θy:3.01e-04(2%), θz:1.35e-05(0%)]
  接触DOF不整合: 1.26e-02 (252 DOFs), 構造DOF不整合: 1.39e-02 (1686 DOFs)
  活性DOF K@du: FD vs 解析 相対誤差 = 1.0002e+00 (252 DOFs)
  ⚠ 活性DOFで接線剛性不整合
  方向微分整合度: |FD-解析|/max = 1.0008e+00
------------------------------------------------------------
  f_c 単独FD検証（K_c精度）
  ||∂f_c/∂u·du (FD)|| = 6.4370e-06
  ||K_c @ du|| = 2.1216e-06
  f_c FD相対誤差 = 1.1689e+00
  ⚠ K_c自体が不正確（f_c単独で10%超の不整合）
  f_c comp別不整合: [x=6.1e-06/81%, y=3.8e-06/51%, z=2.1e-06/28%, θx=0.0e+00/0%, θy=0.0e+00/0%, θz=0.0e+00/0%]
  f_c不整合DOF上位5件:
    dof=444 (node=74, comp=0): FD=-2.4116e-06, K_c=8.5011e-07, diff=-3.2617e-06
    dof=534 (node=89, comp=0): FD=1.9738e-06, K_c=-7.7996e-07, diff=2.7538e-06
    dof=438 (node=73, comp=0): FD=-1.2723e-06, K_c=6.4366e-07, diff=-1.9159e-06
    dof=528 (node=88, comp=0): FD=1.3650e-06, K_c=-4.0346e-07, diff=1.7684e-06
    dof=535 (node=89, comp=1): FD=-1.7969e-06, K_c=-3.4699e-08, diff=-1.7622e-06
============================================================
  Incr 158 (frac=0.3488), attempt 20, 凍結解除(disp)→再凍結 ||R_t||/||f||=1.586e-04 (cycle=4)
============================================================
接線剛性FD方向診断（status-256）
============================================================
  ||du|| = 2.7010e-04
  ||R_u|| = 4.5717e-05
  ⚠ R_u vs compute_residual(u) 乖離: 7.2653e-10 (リラクゼーション/動的項の差異)
  ||R_base|| = 4.5717e-05
  ||R(u+eps*du)|| = 4.5717e-05
  方向有効性: ||R(u+eps*du)||/||R(u)|| = 1.000000
  ⚠ du方向で残差が増加 — Newton方向が無効
  FD方向微分 = 2.8308e-05
  解析方向微分 = 2.3003e-05
  全体系 K@du: FD vs 解析 相対誤差 = 1.0016e+00
  ⚠ 全体系で接線剛性不整合 — K_c自体が不正確
  全体系不整合DOF上位5件:
    dof=1712 (node=285, comp=2): FD=-3.8718e-03, analytical=-2.4489e-10, diff=-3.8718e-03
    dof=1904 (node=317, comp=2): FD=-3.5818e-03, analytical=-3.0986e-10, diff=-3.5818e-03
    dof=890 (node=148, comp=2): FD=3.5395e-03, analytical=-1.9245e-07, diff=3.5397e-03
    dof=1808 (node=301, comp=2): FD=3.4899e-03, analytical=-4.3509e-11, diff=3.4899e-03
    dof=782 (node=130, comp=2): FD=-2.8210e-03, analytical=5.3911e-07, diff=-2.8216e-03
  comp別不整合: [x:6.70e-03(41%), y:1.22e-03(7%), z:1.48e-02(91%), θx:2.56e-04(2%), θy:9.32e-04(6%), θz:3.61e-05(0%)]
  接触DOF不整合: 4.83e-03 (252 DOFs), 構造DOF不整合: 1.56e-02 (1686 DOFs)
  活性DOF K@du: FD vs 解析 相対誤差 = 1.0001e+00 (252 DOFs)
  ⚠ 活性DOFで接線剛性不整合
  方向微分整合度: |FD-解析|/max = 1.8738e-01
------------------------------------------------------------
  f_c 単独FD検証（K_c精度）
  ||∂f_c/∂u·du (FD)|| = 6.0302e-05
  ||K_c @ du|| = 1.3135e-05
  f_c FD相対誤差 = 1.1128e+00
  ⚠ K_c自体が不正確（f_c単独で10%超の不整合）
  f_c comp別不整合: [x=4.6e-05/68%, y=4.5e-05/66%, z=2.0e-05/30%, θx=0.0e+00/0%, θy=0.0e+00/0%, θz=0.0e+00/0%]
  f_c不整合DOF上位5件:
    dof=444 (node=74, comp=0): FD=-2.2513e-05, K_c=5.1819e-06, diff=-2.7695e-05
    dof=445 (node=74, comp=1): FD=1.5635e-05, K_c=-1.2040e-06, diff=1.6839e-05
    dof=493 (node=82, comp=1): FD=1.5844e-05, K_c=1.2538e-08, diff=1.5832e-05
    dof=438 (node=73, comp=0): FD=-1.1521e-05, K_c=3.9066e-06, diff=-1.5428e-05
    dof=487 (node=81, comp=1): FD=1.4466e-05, K_c=1.7927e-07, diff=1.4286e-05
============================================================
============================================================
接線剛性FD方向診断（status-256）
============================================================
  ||du|| = 4.1381e-05
  ||R_u|| = 1.3471e-05
  ⚠ R_u vs compute_residual(u) 乖離: 6.3345e-05 (リラクゼーション/動的項の差異)
  ||R_base|| = 6.9502e-05
  ||R(u+eps*du)|| = 6.9503e-05
  方向有効性: ||R(u+eps*du)||/||R(u)|| = 1.000010
  ⚠ du方向で残差が増加 — Newton方向が無効
  FD方向微分 = -4.5705e-03
  解析方向微分 = 5.2910e-06
  全体系 K@du: FD vs 解析 相対誤差 = 1.0003e+00
  ⚠ 全体系で接線剛性不整合 — K_c自体が不正確
  全体系不整合DOF上位5件:
    dof=692 (node=115, comp=2): FD=-5.4282e-03, analytical=-2.1534e-10, diff=-5.4282e-03
    dof=698 (node=116, comp=2): FD=5.0620e-03, analytical=3.2110e-10, diff=5.0620e-03
    dof=444 (node=74, comp=0): FD=-4.6893e-03, analytical=5.1813e-06, diff=-4.6945e-03
    dof=534 (node=89, comp=0): FD=4.4550e-03, analytical=-3.3434e-06, diff=4.4583e-03
    dof=602 (node=100, comp=2): FD=-4.1834e-03, analytical=-3.8023e-06, diff=-4.1796e-03
  comp別不整合: [x:1.35e-02(61%), y:4.02e-03(18%), z:1.72e-02(77%), θx:7.58e-05(0%), θy:4.16e-04(2%), θz:1.53e-05(0%)]
  接触DOF不整合: 1.42e-02 (270 DOFs), 構造DOF不整合: 1.71e-02 (1668 DOFs)
  活性DOF K@du: FD vs 解析 相対誤差 = 1.0005e+00 (270 DOFs)
  ⚠ 活性DOFで接線剛性不整合
  方向微分整合度: |FD-解析|/max = 1.0012e+00
------------------------------------------------------------
  f_c 単独FD検証（K_c精度）
  ||∂f_c/∂u·du (FD)|| = 9.8617e-06
  ||K_c @ du|| = 3.1312e-06
  f_c FD相対誤差 = 1.2006e+00
  ⚠ K_c自体が不正確（f_c単独で10%超の不整合）
  f_c comp別不整合: [x=9.5e-06/81%, y=6.0e-06/51%, z=3.6e-06/30%, θx=0.0e+00/0%, θy=0.0e+00/0%, θz=0.0e+00/0%]
  f_c不整合DOF上位5件:
    dof=444 (node=74, comp=0): FD=3.4892e-06, K_c=-1.3260e-06, diff=4.8152e-06
    dof=534 (node=89, comp=0): FD=-3.3008e-06, K_c=1.2369e-06, diff=-4.5376e-06
    dof=528 (node=88, comp=0): FD=-2.2643e-06, K_c=6.4257e-07, diff=-2.9069e-06
    dof=535 (node=89, comp=1): FD=2.9618e-06, K_c=5.9714e-08, diff=2.9020e-06
    dof=438 (node=73, comp=0): FD=1.8875e-06, K_c=-1.0116e-06, diff=2.8991e-06
============================================================
  Incr 158 (frac=0.3488), attempt 22, 凍結解除(disp)→再凍結 ||R_t||/||f||=2.394e-04 (cycle=5)
============================================================
接線剛性FD方向診断（status-256）
============================================================
  ||du|| = 4.1027e-04
  ||R_u|| = 6.8955e-05
  ⚠ R_u vs compute_residual(u) 乖離: 1.0143e-09 (リラクゼーション/動的項の差異)
  ||R_base|| = 6.8954e-05
  ||R(u+eps*du)|| = 6.8954e-05
  方向有効性: ||R(u+eps*du)||/||R(u)|| = 1.000000
  ✓ du方向で残差が減少 — Newton方向は有効
  FD方向微分 = 6.2208e-05
  解析方向微分 = 3.5552e-05
  全体系 K@du: FD vs 解析 相対誤差 = 1.0022e+00
  ⚠ 全体系で接線剛性不整合 — K_c自体が不正確
  全体系不整合DOF上位5件:
    dof=578 (node=96, comp=2): FD=4.1384e-03, analytical=6.3213e-07, diff=4.1378e-03
    dof=1820 (node=303, comp=2): FD=3.9131e-03, analytical=2.2294e-09, diff=3.9131e-03
    dof=584 (node=97, comp=2): FD=-3.5346e-03, analytical=-9.8048e-10, diff=-3.5346e-03
    dof=1190 (node=198, comp=2): FD=-3.1813e-03, analytical=-3.0239e-10, diff=-3.1813e-03
    dof=806 (node=134, comp=2): FD=-2.9711e-03, analytical=-6.0929e-10, diff=-2.9711e-03
  comp別不整合: [x:6.97e-03(38%), y:1.45e-03(8%), z:1.70e-02(92%), θx:5.15e-04(3%), θy:1.17e-03(6%), θz:7.14e-05(0%)]
  接触DOF不整合: 7.77e-03 (270 DOFs), 構造DOF不整合: 1.68e-02 (1668 DOFs)
  活性DOF K@du: FD vs 解析 相対誤差 = 9.9974e-01 (270 DOFs)
  ⚠ 活性DOFで接線剛性不整合
  方向微分整合度: |FD-解析|/max = 4.2849e-01
------------------------------------------------------------
  f_c 単独FD検証（K_c精度）
  ||∂f_c/∂u·du (FD)|| = 1.1488e-04
  ||K_c @ du|| = 1.4549e-05
  f_c FD相対誤差 = 1.0522e+00
  ⚠ K_c自体が不正確（f_c単独で10%超の不整合）
  f_c comp別不整合: [x=6.1e-05/51%, y=1.0e-04/83%, z=2.8e-05/23%, θx=0.0e+00/0%, θy=0.0e+00/0%, θz=0.0e+00/0%]
  f_c不整合DOF上位5件:
    dof=493 (node=82, comp=1): FD=-4.0318e-05, K_c=-8.9317e-08, diff=-4.0228e-05
    dof=487 (node=81, comp=1): FD=-3.9765e-05, K_c=-9.6285e-08, diff=-3.9669e-05
    dof=444 (node=74, comp=0): FD=2.8678e-05, K_c=-6.7063e-06, diff=3.5384e-05
    dof=445 (node=74, comp=1): FD=-3.1747e-05, K_c=2.3495e-06, diff=-3.4097e-05
    dof=499 (node=83, comp=1): FD=-3.0846e-05, K_c=-1.9916e-08, diff=-3.0826e-05
============================================================
============================================================
接線剛性FD方向診断（status-256）
============================================================
  ||du|| = 4.1608e-05
  ||R_u|| = 1.5237e-05
  ⚠ R_u vs compute_residual(u) 乖離: 1.2214e-04 (リラクゼーション/動的項の差異)
  ||R_base|| = 1.2819e-04
  ||R(u+eps*du)|| = 1.2819e-04
  方向有効性: ||R(u+eps*du)||/||R(u)|| = 1.000004
  ⚠ du方向で残差が増加 — Newton方向が無効
  FD方向微分 = -6.5631e-03
  解析方向微分 = 6.5984e-06
  全体系 K@du: FD vs 解析 相対誤差 = 1.0005e+00
  ⚠ 全体系で接線剛性不整合 — K_c自体が不正確
  全体系不整合DOF上位5件:
    dof=444 (node=74, comp=0): FD=5.7773e-03, analytical=-6.7193e-06, diff=5.7840e-03
    dof=534 (node=89, comp=0): FD=-5.4412e-03, analytical=4.3353e-06, diff=-5.4455e-03
    dof=636 (node=106, comp=0): FD=4.8770e-03, analytical=-3.7044e-06, diff=4.8807e-03
    dof=546 (node=91, comp=0): FD=-4.8052e-03, analytical=5.6316e-06, diff=-4.8108e-03
    dof=602 (node=100, comp=2): FD=-4.7581e-03, analytical=-1.2575e-06, diff=-4.7568e-03
  comp別不整合: [x:1.42e-02(65%), y:3.67e-03(17%), z:1.64e-02(74%), θx:9.92e-05(0%), θy:4.05e-04(2%), θz:1.81e-05(0%)]
  接触DOF不整合: 1.69e-02 (252 DOFs), 構造DOF不整合: 1.41e-02 (1686 DOFs)
  活性DOF K@du: FD vs 解析 相対誤差 = 1.0006e+00 (252 DOFs)
  ⚠ 活性DOFで接線剛性不整合
  方向微分整合度: |FD-解析|/max = 1.0010e+00
------------------------------------------------------------
  f_c 単独FD検証（K_c精度）
  ||∂f_c/∂u·du (FD)|| = 1.2372e-05
  ||K_c @ du|| = 3.5417e-06
  f_c FD相対誤差 = 1.1437e+00
  ⚠ K_c自体が不正確（f_c単独で10%超の不整合）
  f_c comp別不整合: [x=1.1e-05/78%, y=7.9e-06/56%, z=3.9e-06/28%, θx=0.0e+00/0%, θy=0.0e+00/0%, θz=0.0e+00/0%]
  f_c不整合DOF上位5件:
    dof=444 (node=74, comp=0): FD=-4.4266e-06, K_c=1.3820e-06, diff=-5.8087e-06
    dof=534 (node=89, comp=0): FD=3.7069e-06, K_c=-1.4118e-06, diff=5.1188e-06
    dof=445 (node=74, comp=1): FD=3.3345e-06, K_c=-3.1658e-07, diff=3.6511e-06
    dof=535 (node=89, comp=1): FD=-3.6260e-06, K_c=-5.3156e-08, diff=-3.5728e-06
    dof=438 (node=73, comp=0): FD=-2.3116e-06, K_c=1.0511e-06, diff=-3.3627e-06
============================================================
  Incr 158 (frac=0.3488), attempt 24, 凍結上限超過(disp)→通常NR復帰 ||R_t||/||f||=4.431e-04
  Incr 158 (frac=0.3488), attempt 25 [D.div+E], ||R_t||/||f|| = 2.335e-04, ||R_r|| = 4.331e-06, ||R_w||/||f||=2.335e-04, rate=4.619, active=29, R(x=3.8e-05/56%,y=5.4e-05/80%,z=1.5e-05/23%)
  Incr 158 (frac=0.3488), attempt 30 [E], ||R_t||/||f|| = 2.215e-05, ||R_r|| = 5.186e-07, ||R_w||/||f||=2.215e-05, rate=0.314, active=29, R(x=2.2e-06/34%,y=3.6e-06/57%,z=4.8e-06/75%)
  Incr 158 (frac=0.3488), attempt 30, ||du||/||u|| = 3.414e-09 (disp converged, 29 active)
  [NR診断] Incr 158 (frac=0.3488), 収束 att=31, Type分布[-:1(3%), C:1(3%), D.div+E:13(42%), D.stall+E:1(3%), E:15(48%)], 直近10[D.div+E:5, E:5], R_c=6.39e-06, R_s=3.33e-07, active=29, sliding=400, activated=0, deactivated=0, stick→slide=0, slide→stick=0, comp(x=2.2e-06/34%,y=3.6e-06/57%,z=4.8e-06/75%,θx=4.4e-07/7%,θy=1.9e-07/3%,θz=2.0e-07/3%)
  [f_ref] Incr 159: f_ref=1.687e-01 (dynamic_ref), atol=1.13e-08
  Incr 159 (frac=0.3496), attempt 0 [C], ||R_t||/||f|| = 1.000e+00, ||R_r|| = 3.076e-03, ||R_w||/||f||=1.000e+00, active=28, R(x=8.3e-02/49%,y=1.5e-02/9%,z=1.5e-01/86%)
  Incr 159 (frac=0.3496), attempt 2, ||du||/||u|| = 1.109e-09 (disp converged, 28 active)
  [f_ref] Incr 160: f_ref=3.646e-01 (dynamic_ref), atol=8.41e-09
  Incr 160 (frac=0.3507), attempt 0 [C], ||R_t||/||f|| = 1.000e+00, ||R_r|| = 5.896e-03, ||R_w||/||f||=1.000e+00, active=26, R(x=1.8e-01/50%,y=3.2e-02/9%,z=3.2e-01/86%)
  Incr 160 (frac=0.3507), attempt 3, ||du||/||u|| = 1.590e-09 (disp converged, 27 active)
  [f_ref] Incr 161: f_ref=8.536e-01 (dynamic_ref), atol=6.98e-09
  Incr 161 (frac=0.3525), attempt 0 [C], ||R_t||/||f|| = 1.000e+00, ||R_r|| = 1.461e-02, ||R_w||/||f||=1.000e+00, active=29, R(x=4.3e-01/50%,y=7.5e-02/9%,z=7.4e-01/86%)
  Incr 161 (frac=0.3525), attempt 5 [D.slow+E], ||R_t||/||f|| = 8.508e-06, ||R_r|| = 2.221e-06, ||R_w||/||f||=8.518e-06, rate=0.917, active=29, R(x=5.3e-06/70%,y=1.2e-06/16%,z=4.8e-06/63%)
  Incr 161 (frac=0.3525), attempt 10 [E], ||R_t||/||f|| = 2.015e-05, ||R_r|| = 5.660e-06, ||R_w||/||f||=2.018e-05, rate=0.369, active=29, R(x=1.5e-05/85%,y=4.4e-06/24%,z=6.4e-06/35%)
  Incr 161 (frac=0.3525), 低残差チャタリング検知[E] → 接触凍結モード (att=15, ||R||/||f||=7.426e-06, R_c=6.44e-06, R_s=1.44e-06, cycle=1/5, active=29)
  Incr 161 (frac=0.3525), attempt 15 [E], ||R_t||/||f|| = 7.426e-06, ||R_r|| = 1.834e-06, ||R_w||/||f||=7.434e-06, rate=0.870, active=29, R(x=4.1e-06/62%,y=1.2e-06/19%,z=4.7e-06/71%)
============================================================
接線剛性FD方向診断（status-256）
============================================================
  ||du|| = 6.9379e-03
  ||R_u|| = 6.5982e-06
  ⚠ R_u vs compute_residual(u) 乖離: 8.4727e-09 (リラクゼーション/動的項の差異)
  ||R_base|| = 6.5954e-06
  ||R(u+eps*du)|| = 6.5953e-06
  方向有効性: ||R(u+eps*du)||/||R(u)|| = 0.999992
  ✓ du方向で残差が減少 — Newton方向は有効
  FD方向微分 = 8.9308e-04
  解析方向微分 = 1.7981e-06
  全体系 K@du: FD vs 解析 相対誤差 = 1.3545e+00
  ⚠ 全体系で接線剛性不整合 — K_c自体が不正確
  全体系不整合DOF上位5件:
    dof=610 (node=101, comp=4): FD=0.0000e+00, analytical=-9.3257e-03, diff=9.3257e-03
    dof=508 (node=84, comp=4): FD=0.0000e+00, analytical=9.2481e-03, diff=-9.2481e-03
    dof=514 (node=85, comp=4): FD=0.0000e+00, analytical=-4.2864e-03, diff=4.2864e-03
    dof=482 (node=80, comp=2): FD=3.5462e-03, analytical=-1.0215e-08, diff=3.5462e-03
    dof=412 (node=68, comp=4): FD=0.0000e+00, analytical=3.2774e-03, diff=-3.2774e-03
  comp別不整合: [x:6.37e-03(30%), y:1.03e-03(5%), z:1.45e-02(67%), θx:2.51e-03(12%), θy:1.43e-02(66%), θz:4.09e-04(2%)]
  接触DOF不整合: 4.48e-03 (228 DOFs), 構造DOF不整合: 2.11e-02 (1710 DOFs)
  活性DOF K@du: FD vs 解析 相対誤差 = 9.9992e-01 (228 DOFs)
  ⚠ 活性DOFで接線剛性不整合
  方向微分整合度: |FD-解析|/max = 9.9799e-01
------------------------------------------------------------
  f_c 単独FD検証（K_c精度）
  ||∂f_c/∂u·du (FD)|| = 6.7490e-04
  ||K_c @ du|| = 6.3785e-04
  f_c FD相対誤差 = 1.6605e+00
  ⚠ K_c自体が不正確（f_c単独で10%超の不整合）
  f_c comp別不整合: [x=1.1e-03/98%, y=6.9e-05/6%, z=1.9e-04/17%, θx=0.0e+00/0%, θy=0.0e+00/0%, θz=0.0e+00/0%]
  f_c不整合DOF上位5件:
    dof=498 (node=83, comp=0): FD=-3.0520e-04, K_c=3.0792e-04, diff=-6.1311e-04
    dof=600 (node=100, comp=0): FD=3.0252e-04, K_c=-3.0522e-04, diff=6.0774e-04
    dof=594 (node=99, comp=0): FD=2.3492e-04, K_c=-2.3689e-04, diff=4.7181e-04
    dof=492 (node=82, comp=0): FD=-2.4128e-04, K_c=2.3000e-04, diff=-4.7128e-04
    dof=500 (node=83, comp=2): FD=5.2846e-05, K_c=-5.2508e-05, diff=1.0535e-04
============================================================
============================================================
接線剛性FD方向診断（status-256）
============================================================
  ||du|| = 1.7942e-04
  ||R_u|| = 1.9838e-05
  ⚠ R_u vs compute_residual(u) 乖離: 1.2997e-05 (リラクゼーション/動的項の差異)
  ||R_base|| = 1.9418e-05
  ||R(u+eps*du)|| = 1.9418e-05
  方向有効性: ||R(u+eps*du)||/||R(u)|| = 0.999996
  ✓ du方向で残差が減少 — Newton方向は有効
  FD方向微分 = -9.3152e-05
  解析方向微分 = 7.7859e-06
  全体系 K@du: FD vs 解析 相対誤差 = 1.0001e+00
  ⚠ 全体系で接線剛性不整合 — K_c自体が不正確
  全体系不整合DOF上位5件:
    dof=500 (node=83, comp=2): FD=4.3122e-03, analytical=8.0760e-07, diff=4.3114e-03
    dof=680 (node=113, comp=2): FD=4.1843e-03, analytical=-4.2450e-11, diff=4.1843e-03
    dof=1196 (node=199, comp=2): FD=-3.9299e-03, analytical=-4.0258e-10, diff=-3.9299e-03
    dof=386 (node=64, comp=2): FD=-3.7788e-03, analytical=-1.0408e-10, diff=-3.7788e-03
    dof=1100 (node=183, comp=2): FD=3.6964e-03, analytical=-3.1631e-11, diff=3.6964e-03
  comp別不整合: [x:7.40e-03(39%), y:1.43e-03(8%), z:1.75e-02(92%), θx:9.51e-05(0%), θy:4.51e-04(2%), θz:1.68e-05(0%)]
  接触DOF不整合: 4.25e-03 (228 DOFs), 構造DOF不整合: 1.86e-02 (1710 DOFs)
  活性DOF K@du: FD vs 解析 相対誤差 = 9.9984e-01 (228 DOFs)
  ⚠ 活性DOFで接線剛性不整合
  方向微分整合度: |FD-解析|/max = 1.0836e+00
------------------------------------------------------------
  f_c 単独FD検証（K_c精度）
  ||∂f_c/∂u·du (FD)|| = 7.8556e-06
  ||K_c @ du|| = 1.9162e-06
  f_c FD相対誤差 = 1.1411e+00
  ⚠ K_c自体が不正確（f_c単独で10%超の不整合）
  f_c comp別不整合: [x=7.4e-06/83%, y=4.0e-06/45%, z=3.1e-06/34%, θx=0.0e+00/0%, θy=0.0e+00/0%, θz=0.0e+00/0%]
  f_c不整合DOF上位5件:
    dof=444 (node=74, comp=0): FD=3.0210e-06, K_c=-9.5868e-07, diff=3.9796e-06
    dof=534 (node=89, comp=0): FD=-2.8615e-06, K_c=3.4982e-07, diff=-3.2113e-06
    dof=438 (node=73, comp=0): FD=1.7908e-06, K_c=-7.4284e-07, diff=2.5336e-06
    dof=535 (node=89, comp=1): FD=2.2607e-06, K_c=2.0295e-08, diff=2.2404e-06
    dof=540 (node=90, comp=0): FD=-1.4112e-06, K_c=7.6732e-07, diff=-2.1785e-06
============================================================
============================================================
接線剛性FD方向診断（status-256）
============================================================
  ||du|| = 2.4282e-05
  ||R_u|| = 3.9244e-06
  ⚠ R_u vs compute_residual(u) 乖離: 5.1275e-06 (リラクゼーション/動的項の差異)
  ||R_base|| = 5.6458e-06
  ||R(u+eps*du)|| = 5.6457e-06
  方向有効性: ||R(u+eps*du)||/||R(u)|| = 0.999992
  ✓ du方向で残差が減少 — Newton方向は有効
  FD方向微分 = -6.5032e-04
  解析方向微分 = 4.7472e-07
  全体系 K@du: FD vs 解析 相対誤差 = 1.0000e+00
  ⚠ 全体系で接線剛性不整合 — K_c自体が不正確
  全体系不整合DOF上位5件:
    dof=596 (node=99, comp=2): FD=4.5471e-03, analytical=-2.8489e-07, diff=4.5474e-03
    dof=884 (node=147, comp=2): FD=-4.0270e-03, analytical=-9.9641e-10, diff=-4.0270e-03
    dof=476 (node=79, comp=2): FD=3.1787e-03, analytical=-3.9646e-09, diff=3.1787e-03
    dof=500 (node=83, comp=2): FD=-3.0261e-03, analytical=3.5173e-07, diff=-3.0265e-03
    dof=602 (node=100, comp=2): FD=-2.5877e-03, analytical=-3.5797e-07, diff=-2.5873e-03
  comp別不整合: [x:4.79e-03(39%), y:8.30e-04(7%), z:1.12e-02(92%), θx:4.08e-05(0%), θy:2.14e-04(2%), θz:9.54e-06(0%)]
  接触DOF不整合: 4.02e-03 (228 DOFs), 構造DOF不整合: 1.15e-02 (1710 DOFs)
  活性DOF K@du: FD vs 解析 相対誤差 = 1.0001e+00 (228 DOFs)
  ⚠ 活性DOFで接線剛性不整合
  方向微分整合度: |FD-解析|/max = 1.0007e+00
------------------------------------------------------------
  f_c 単独FD検証（K_c精度）
  ||∂f_c/∂u·du (FD)|| = 3.5323e-06
  ||K_c @ du|| = 1.2462e-06
  f_c FD相対誤差 = 1.2103e+00
  ⚠ K_c自体が不正確（f_c単独で10%超の不整合）
  f_c comp別不整合: [x=3.2e-06/74%, y=2.0e-06/46%, z=2.1e-06/49%, θx=0.0e+00/0%, θy=0.0e+00/0%, θz=0.0e+00/0%]
  f_c不整合DOF上位5件:
    dof=444 (node=74, comp=0): FD=-1.4454e-06, K_c=2.7931e-07, diff=-1.7247e-06
    dof=438 (node=73, comp=0): FD=-8.0974e-07, K_c=2.1586e-07, diff=-1.0256e-06
    dof=534 (node=89, comp=0): FD=8.6092e-07, K_c=-1.3771e-07, diff=9.9864e-07
    dof=500 (node=83, comp=2): FD=4.5839e-07, K_c=-4.9284e-07, diff=9.5124e-07
    dof=602 (node=100, comp=2): FD=-4.5438e-07, K_c=4.8852e-07, diff=-9.4290e-07
============================================================
  Incr 161 (frac=0.3525), attempt 17, 凍結解除(disp)→再凍結 ||R_t||/||f||=5.404e-06 (cycle=2)
============================================================
接線剛性FD方向診断（status-256）
============================================================
  ||du|| = 1.0563e-04
  ||R_u|| = 5.6776e-06
  ⚠ R_u vs compute_residual(u) 乖離: 2.7271e-10 (リラクゼーション/動的項の差異)
  ||R_base|| = 5.6777e-06
  ||R(u+eps*du)|| = 5.6778e-06
  方向有効性: ||R(u+eps*du)||/||R(u)|| = 1.000004
  ⚠ du方向で残差が増加 — Newton方向が無効
  FD方向微分 = 5.8114e-06
  解析方向微分 = 1.7583e-06
  全体系 K@du: FD vs 解析 相対誤差 = 1.0001e+00
  ⚠ 全体系で接線剛性不整合 — K_c自体が不正確
  全体系不整合DOF上位5件:
    dof=392 (node=65, comp=2): FD=4.0090e-03, analytical=-6.7946e-10, diff=4.0090e-03
    dof=1712 (node=285, comp=2): FD=-3.8607e-03, analytical=-4.9591e-10, diff=-3.8607e-03
    dof=1004 (node=167, comp=2): FD=3.7349e-03, analytical=1.2739e-08, diff=3.7349e-03
    dof=1706 (node=284, comp=2): FD=3.7022e-03, analytical=3.9762e-10, diff=3.7022e-03
    dof=704 (node=117, comp=2): FD=3.4637e-03, analytical=1.5910e-09, diff=3.4637e-03
  comp別不整合: [x:6.92e-03(40%), y:1.18e-03(7%), z:1.56e-02(91%), θx:6.41e-05(0%), θy:3.50e-04(2%), θz:1.20e-05(0%)]
  接触DOF不整合: 4.47e-03 (228 DOFs), 構造DOF不整合: 1.66e-02 (1710 DOFs)
  活性DOF K@du: FD vs 解析 相対誤差 = 1.0000e+00 (228 DOFs)
  ⚠ 活性DOFで接線剛性不整合
  方向微分整合度: |FD-解析|/max = 6.9744e-01
------------------------------------------------------------
  f_c 単独FD検証（K_c精度）
  ||∂f_c/∂u·du (FD)|| = 1.3650e-05
  ||K_c @ du|| = 5.4710e-06
  f_c FD相対誤差 = 1.2504e+00
  ⚠ K_c自体が不正確（f_c単独で10%超の不整合）
  f_c comp別不整合: [x=1.2e-05/71%, y=7.0e-06/41%, z=9.7e-06/57%, θx=0.0e+00/0%, θy=0.0e+00/0%, θz=0.0e+00/0%]
  f_c不整合DOF上位5件:
    dof=444 (node=74, comp=0): FD=5.9083e-06, K_c=-8.6361e-07, diff=6.7719e-06
    dof=500 (node=83, comp=2): FD=-2.2850e-06, K_c=2.3023e-06, diff=-4.5873e-06
    dof=602 (node=100, comp=2): FD=2.2650e-06, K_c=-2.2821e-06, diff=4.5471e-06
    dof=438 (node=73, comp=0): FD=3.2522e-06, K_c=-6.5631e-07, diff=3.9086e-06
    dof=494 (node=82, comp=2): FD=-1.9650e-06, K_c=1.7774e-06, diff=-3.7424e-06
============================================================
============================================================
接線剛性FD方向診断（status-256）
============================================================
  ||du|| = 1.1371e-04
  ||R_u|| = 5.4506e-06
  ⚠ R_u vs compute_residual(u) 乖離: 4.3003e-07 (リラクゼーション/動的項の差異)
  ||R_base|| = 5.1522e-06
  ||R(u+eps*du)|| = 5.1522e-06
  方向有効性: ||R(u+eps*du)||/||R(u)|| = 0.999996
  ✓ du方向で残差が減少 — Newton方向は有効
  FD方向微分 = 5.1934e-05
  解析方向微分 = 1.6158e-06
  全体系 K@du: FD vs 解析 相対誤差 = 1.0001e+00
  ⚠ 全体系で接線剛性不整合 — K_c自体が不正確
  全体系不整合DOF上位5件:
    dof=476 (node=79, comp=2): FD=4.0096e-03, analytical=-3.7250e-09, diff=4.0096e-03
    dof=482 (node=80, comp=2): FD=-3.7095e-03, analytical=-4.0767e-08, diff=-3.7094e-03
    dof=890 (node=148, comp=2): FD=-3.4173e-03, analytical=2.8056e-08, diff=-3.4173e-03
    dof=494 (node=82, comp=2): FD=-3.3526e-03, analytical=-2.6049e-07, diff=-3.3523e-03
    dof=488 (node=81, comp=2): FD=3.1060e-03, analytical=-8.4361e-08, diff=3.1061e-03
  comp別不整合: [x:6.35e-03(38%), y:1.07e-03(6%), z:1.53e-02(92%), θx:6.48e-05(0%), θy:3.73e-04(2%), θz:1.33e-05(0%)]
  接触DOF不整合: 5.25e-03 (228 DOFs), 構造DOF不整合: 1.58e-02 (1710 DOFs)
  活性DOF K@du: FD vs 解析 相対誤差 = 9.9999e-01 (228 DOFs)
  ⚠ 活性DOFで接線剛性不整合
  方向微分整合度: |FD-解析|/max = 9.6889e-01
------------------------------------------------------------
  f_c 単独FD検証（K_c精度）
  ||∂f_c/∂u·du (FD)|| = 1.4547e-05
  ||K_c @ du|| = 6.2887e-06
  f_c FD相対誤差 = 1.2813e+00
  ⚠ K_c自体が不正確（f_c単独で10%超の不整合）
  f_c comp別不整合: [x=1.3e-05/72%, y=7.4e-06/39%, z=1.1e-05/57%, θx=0.0e+00/0%, θy=0.0e+00/0%, θz=0.0e+00/0%]
  f_c不整合DOF上位5件:
    dof=444 (node=74, comp=0): FD=6.1958e-06, K_c=-9.2102e-07, diff=7.1168e-06
    dof=500 (node=83, comp=2): FD=-2.5464e-06, K_c=2.5624e-06, diff=-5.1088e-06
    dof=602 (node=100, comp=2): FD=2.5241e-06, K_c=-2.5399e-06, diff=5.0641e-06
    dof=498 (node=83, comp=0): FD=2.2044e-06, K_c=-2.2356e-06, diff=4.4400e-06
    dof=600 (node=100, comp=0): FD=-2.1851e-06, K_c=2.2160e-06, diff=-4.4011e-06
============================================================
  Incr 161 (frac=0.3525), attempt 20 [D.stall+E], ||R_t||/||f|| = 4.900e-06, ||R_r|| = 3.137e-06, ||R_w||/||f||=4.935e-06, rate=0.950, active=29, R(x=2.8e-06/54%,y=2.6e-06/49%,z=1.7e-06/32%)
============================================================
接線剛性FD方向診断（status-256）
============================================================
  ||du|| = 1.2857e-04
  ||R_u|| = 5.2282e-06
  ⚠ R_u vs compute_residual(u) 乖離: 8.8836e-07 (リラクゼーション/動的項の差異)
  ||R_base|| = 4.6442e-06
  ||R(u+eps*du)|| = 4.6442e-06
  方向有効性: ||R(u+eps*du)||/||R(u)|| = 1.000000
  ⚠ du方向で残差が増加 — Newton方向が無効
  FD方向微分 = 6.5847e-05
  解析方向微分 = 1.4599e-06
  全体系 K@du: FD vs 解析 相対誤差 = 1.0002e+00
  ⚠ 全体系で接線剛性不整合 — K_c自体が不正確
  全体系不整合DOF上位5件:
    dof=1718 (node=286, comp=2): FD=3.8813e-03, analytical=2.7360e-10, diff=3.8813e-03
    dof=698 (node=116, comp=2): FD=-3.4071e-03, analytical=2.6152e-10, diff=-3.4071e-03
    dof=1190 (node=198, comp=2): FD=3.1798e-03, analytical=2.7357e-10, diff=3.1798e-03
    dof=1106 (node=184, comp=2): FD=-2.8327e-03, analytical=2.4745e-09, diff=-2.8328e-03
    dof=464 (node=77, comp=2): FD=2.7882e-03, analytical=3.3963e-09, diff=2.7882e-03
  comp別不整合: [x:5.32e-03(34%), y:1.09e-03(7%), z:1.46e-02(94%), θx:6.14e-05(0%), θy:4.05e-04(3%), θz:1.26e-05(0%)]
  接触DOF不整合: 5.96e-03 (228 DOFs), 構造DOF不整合: 1.44e-02 (1710 DOFs)
  活性DOF K@du: FD vs 解析 相対誤差 = 1.0000e+00 (228 DOFs)
  ⚠ 活性DOFで接線剛性不整合
  方向微分整合度: |FD-解析|/max = 9.7783e-01
------------------------------------------------------------
  f_c 単独FD検証（K_c精度）
  ||∂f_c/∂u·du (FD)|| = 1.6204e-05
  ||K_c @ du|| = 7.6224e-06
  f_c FD相対誤差 = 1.3205e+00
  ⚠ K_c自体が不正確（f_c単独で10%超の不整合）
  f_c comp別不整合: [x=1.6e-05/74%, y=8.0e-06/37%, z=1.2e-05/57%, θx=0.0e+00/0%, θy=0.0e+00/0%, θz=0.0e+00/0%]
  f_c不整合DOF上位5件:
    dof=444 (node=74, comp=0): FD=6.7482e-06, K_c=-1.0299e-06, diff=7.7781e-06
    dof=500 (node=83, comp=2): FD=-2.9541e-06, K_c=2.9717e-06, diff=-5.9257e-06
    dof=602 (node=100, comp=2): FD=2.9282e-06, K_c=-2.9456e-06, diff=5.8738e-06
    dof=498 (node=83, comp=0): FD=2.8530e-06, K_c=-2.8912e-06, diff=5.7442e-06
    dof=600 (node=100, comp=0): FD=-2.8280e-06, K_c=2.8659e-06, diff=-5.6939e-06
============================================================
============================================================
接線剛性FD方向診断（status-256）
============================================================
  ||du|| = 1.6148e-04
  ||R_u|| = 5.0095e-06
  ⚠ R_u vs compute_residual(u) 乖離: 1.3998e-06 (リラクゼーション/動的項の差異)
  ||R_base|| = 4.1660e-06
  ||R(u+eps*du)|| = 4.1660e-06
  方向有効性: ||R(u+eps*du)||/||R(u)|| = 1.000003
  ⚠ du方向で残差が増加 — Newton方向が無効
  FD方向微分 = 8.9357e-05
  解析方向微分 = 1.2796e-06
  全体系 K@du: FD vs 解析 相対誤差 = 1.0002e+00
  ⚠ 全体系で接線剛性不整合 — K_c自体が不正確
  全体系不整合DOF上位5件:
    dof=374 (node=62, comp=2): FD=-4.0780e-03, analytical=9.6148e-11, diff=-4.0780e-03
    dof=1820 (node=303, comp=2): FD=3.7812e-03, analytical=4.1565e-10, diff=3.7812e-03
    dof=1712 (node=285, comp=2): FD=3.7271e-03, analytical=2.1491e-11, diff=3.7271e-03
    dof=1202 (node=200, comp=2): FD=-3.6739e-03, analytical=-6.2257e-11, diff=-3.6739e-03
    dof=1928 (node=321, comp=2): FD=3.5670e-03, analytical=-2.2836e-11, diff=3.5670e-03
  comp別不整合: [x:6.40e-03(37%), y:1.42e-03(8%), z:1.58e-02(92%), θx:6.71e-05(0%), θy:4.56e-04(3%), θz:1.16e-05(0%)]
  接触DOF不整合: 5.25e-03 (228 DOFs), 構造DOF不整合: 1.63e-02 (1710 DOFs)
  活性DOF K@du: FD vs 解析 相対誤差 = 1.0001e+00 (228 DOFs)
  ⚠ 活性DOFで接線剛性不整合
  方向微分整合度: |FD-解析|/max = 9.8568e-01
------------------------------------------------------------
  f_c 単独FD検証（K_c精度）
  ||∂f_c/∂u·du (FD)|| = 1.9969e-05
  ||K_c @ du|| = 1.0322e-05
  f_c FD相対誤差 = 1.3710e+00
  ⚠ K_c自体が不正確（f_c単独で10%超の不整合）
  f_c comp別不整合: [x=2.1e-05/76%, y=9.5e-06/35%, z=1.5e-05/55%, θx=0.0e+00/0%, θy=0.0e+00/0%, θz=0.0e+00/0%]
  f_c不整合DOF上位5件:
    dof=444 (node=74, comp=0): FD=8.0554e-06, K_c=-1.2758e-06, diff=9.3312e-06
    dof=498 (node=83, comp=0): FD=4.1430e-06, K_c=-4.1963e-06, diff=8.3393e-06
    dof=600 (node=100, comp=0): FD=-4.1067e-06, K_c=4.1596e-06, diff=-8.2663e-06
    dof=500 (node=83, comp=2): FD=-3.7547e-06, K_c=3.7761e-06, diff=-7.5308e-06
    dof=602 (node=100, comp=2): FD=3.7218e-06, K_c=-3.7430e-06, diff=7.4649e-06
============================================================
============================================================
接線剛性FD方向診断（status-256）
============================================================
  ||du|| = 2.9432e-04
  ||R_u|| = 4.7933e-06
  ⚠ R_u vs compute_residual(u) 乖離: 2.0305e-06 (リラクゼーション/動的項の差異)
  ||R_base|| = 3.7584e-06
  ||R(u+eps*du)|| = 3.7584e-06
  方向有効性: ||R(u+eps*du)||/||R(u)|| = 1.000001
  ⚠ du方向で残差が増加 — Newton方向が無効
  FD方向微分 = 1.4208e-04
  解析方向微分 = 1.0452e-06
  全体系 K@du: FD vs 解析 相対誤差 = 1.0007e+00
  ⚠ 全体系で接線剛性不整合 — K_c自体が不正確
  全体系不整合DOF上位5件:
    dof=1190 (node=198, comp=2): FD=-4.4358e-03, analytical=-2.5480e-10, diff=-4.4358e-03
    dof=686 (node=114, comp=2): FD=-3.6953e-03, analytical=-1.1588e-10, diff=-3.6953e-03
    dof=692 (node=115, comp=2): FD=3.6103e-03, analytical=1.7148e-10, diff=3.6103e-03
    dof=992 (node=165, comp=2): FD=3.5930e-03, analytical=-2.7238e-11, diff=3.5930e-03
    dof=698 (node=116, comp=2): FD=-3.5300e-03, analytical=2.1652e-10, diff=-3.5300e-03
  comp別不整合: [x:6.35e-03(38%), y:1.15e-03(7%), z:1.55e-02(92%), θx:6.04e-05(0%), θy:6.76e-04(4%), θz:1.42e-05(0%)]
  接触DOF不整合: 5.46e-03 (228 DOFs), 構造DOF不整合: 1.59e-02 (1710 DOFs)
  活性DOF K@du: FD vs 解析 相対誤差 = 9.9996e-01 (228 DOFs)
  ⚠ 活性DOFで接線剛性不整合
  方向微分整合度: |FD-解析|/max = 9.9264e-01
------------------------------------------------------------
  f_c 単独FD検証（K_c精度）
  ||∂f_c/∂u·du (FD)|| = 3.5317e-05
  ||K_c @ du|| = 2.0505e-05
  f_c FD相対誤差 = 1.4442e+00
  ⚠ K_c自体が不正確（f_c単独で10%超の不整合）
  f_c comp別不整合: [x=4.0e-05/79%, y=1.6e-05/31%, z=2.7e-05/52%, θx=0.0e+00/0%, θy=0.0e+00/0%, θz=0.0e+00/0%]
  f_c不整合DOF上位5件:
    dof=498 (node=83, comp=0): FD=8.9174e-06, K_c=-9.0291e-06, diff=1.7947e-05
    dof=600 (node=100, comp=0): FD=-8.8393e-06, K_c=8.9501e-06, diff=-1.7789e-05
    dof=444 (node=74, comp=0): FD=1.3468e-05, K_c=-2.2791e-06, diff=1.5747e-05
    dof=492 (node=82, comp=0): FD=7.6393e-06, K_c=-6.9233e-06, diff=1.4563e-05
    dof=594 (node=99, comp=0): FD=-6.8687e-06, K_c=6.9469e-06, diff=-1.3816e-05
============================================================
  [Type D対策] FD診断: Newton方向精度不良 (dir_ratio=1.000), NR上限拡張→37
============================================================
接線剛性FD方向診断（status-256）
============================================================
  ||du|| = 2.1289e-04
  ||R_u|| = 4.5852e-06
  ⚠ R_u vs compute_residual(u) 乖離: 3.1486e-06 (リラクゼーション/動的項の差異)
  ||R_base|| = 3.7056e-06
  ||R(u+eps*du)|| = 3.7057e-06
  方向有効性: ||R(u+eps*du)||/||R(u)|| = 1.000024
  ⚠ du方向で残差が増加 — Newton方向が無効
  FD方向微分 = -2.8258e-04
  解析方向微分 = -5.8353e-07
  全体系 K@du: FD vs 解析 相対誤差 = 1.0003e+00
  ⚠ 全体系で接線剛性不整合 — K_c自体が不正確
  全体系不整合DOF上位5件:
    dof=500 (node=83, comp=2): FD=-4.6570e-03, analytical=2.0100e-07, diff=-4.6572e-03
    dof=1292 (node=215, comp=2): FD=-4.1968e-03, analytical=-4.0733e-10, diff=-4.1968e-03
    dof=1196 (node=199, comp=2): FD=-4.0620e-03, analytical=2.0437e-10, diff=-4.0620e-03
    dof=1706 (node=284, comp=2): FD=3.8345e-03, analytical=3.7306e-10, diff=3.8345e-03
    dof=1106 (node=184, comp=2): FD=-3.4377e-03, analytical=2.1328e-09, diff=-3.4377e-03
  comp別不整合: [x:7.08e-03(41%), y:1.33e-03(8%), z:1.59e-02(91%), θx:7.38e-05(0%), θy:5.13e-04(3%), θz:9.99e-06(0%)]
  接触DOF不整合: 3.33e-03 (228 DOFs), 構造DOF不整合: 1.71e-02 (1710 DOFs)
  活性DOF K@du: FD vs 解析 相対誤差 = 9.9997e-01 (228 DOFs)
  ⚠ 活性DOFで接線剛性不整合
  方向微分整合度: |FD-解析|/max = 9.9794e-01
------------------------------------------------------------
  f_c 単独FD検証（K_c精度）
  ||∂f_c/∂u·du (FD)|| = 2.3499e-05
  ||K_c @ du|| = 1.6625e-05
  f_c FD相対誤差 = 1.6002e+00
  ⚠ K_c自体が不正確（f_c単独で10%超の不整合）
  f_c comp別不整合: [x=3.3e-05/87%, y=9.1e-06/24%, z=1.6e-05/42%, θx=0.0e+00/0%, θy=0.0e+00/0%, θz=0.0e+00/0%]
  f_c不整合DOF上位5件:
    dof=498 (node=83, comp=0): FD=-8.1281e-06, K_c=8.2498e-06, diff=-1.6378e-05
    dof=600 (node=100, comp=0): FD=8.0568e-06, K_c=-8.1776e-06, diff=1.6234e-05
    dof=492 (node=82, comp=0): FD=-6.6332e-06, K_c=6.3164e-06, diff=-1.2950e-05
    dof=594 (node=99, comp=0): FD=6.2588e-06, K_c=-6.3478e-06, diff=1.2607e-05
    dof=444 (node=74, comp=0): FD=-7.4458e-06, K_c=1.5643e-06, diff=-9.0102e-06
============================================================
============================================================
接線剛性FD方向診断（status-256）
============================================================
  ||du|| = 6.4124e-04
  ||R_u|| = 4.4885e-06
  ⚠ R_u vs compute_residual(u) 乖離: 2.4650e-06 (リラクゼーション/動的項の差異)
  ||R_base|| = 3.4287e-06
  ||R(u+eps*du)|| = 3.4287e-06
  方向有効性: ||R(u+eps*du)||/||R(u)|| = 1.000006
  ⚠ du方向で残差が増加 — Newton方向が無効
  FD方向微分 = -1.5516e-04
  解析方向微分 = 9.2190e-07
  全体系 K@du: FD vs 解析 相対誤差 = 1.0032e+00
  ⚠ 全体系で接線剛性不整合 — K_c自体が不正確
  全体系不整合DOF上位5件:
    dof=1196 (node=199, comp=2): FD=-4.3263e-03, analytical=7.9873e-11, diff=-4.3263e-03
    dof=1706 (node=284, comp=2): FD=4.2251e-03, analytical=2.3335e-10, diff=4.2251e-03
    dof=1088 (node=181, comp=2): FD=-4.0819e-03, analytical=-2.1655e-09, diff=-4.0819e-03
    dof=398 (node=66, comp=2): FD=-3.8267e-03, analytical=4.5618e-09, diff=-3.8267e-03
    dof=578 (node=96, comp=2): FD=-3.1752e-03, analytical=-7.3962e-09, diff=-3.1752e-03
  comp別不整合: [x:6.15e-03(36%), y:1.44e-03(8%), z:1.59e-02(93%), θx:8.35e-05(0%), θy:1.40e-03(8%), θz:1.89e-05(0%)]
  接触DOF不整合: 4.86e-03 (228 DOFs), 構造DOF不整合: 1.65e-02 (1710 DOFs)
  活性DOF K@du: FD vs 解析 相対誤差 = 1.0001e+00 (228 DOFs)
  ⚠ 活性DOFで接線剛性不整合
  方向微分整合度: |FD-解析|/max = 1.0059e+00
------------------------------------------------------------
  f_c 単独FD検証（K_c精度）
  ||∂f_c/∂u·du (FD)|| = 7.5355e-05
  ||K_c @ du|| = 4.6431e-05
  f_c FD相対誤差 = 1.4864e+00
  ⚠ K_c自体が不正確（f_c単独で10%超の不整合）
  f_c comp別不整合: [x=9.1e-05/82%, y=3.2e-05/29%, z=5.6e-05/50%, θx=0.0e+00/0%, θy=0.0e+00/0%, θz=0.0e+00/0%]
  f_c不整合DOF上位5件:
    dof=498 (node=83, comp=0): FD=2.0897e-05, K_c=-2.1228e-05, diff=4.2124e-05
    dof=600 (node=100, comp=0): FD=-2.0713e-05, K_c=2.1042e-05, diff=-4.1755e-05
    dof=492 (node=82, comp=0): FD=1.7633e-05, K_c=-1.6268e-05, diff=3.3901e-05
    dof=444 (node=74, comp=0): FD=2.7657e-05, K_c=-4.9052e-06, diff=3.2562e-05
    dof=594 (node=99, comp=0): FD=-1.6094e-05, K_c=1.6333e-05, diff=-3.2427e-05
============================================================
  Incr 161 (frac=0.3525), attempt 25 [D.slow+E], ||R_t||/||f|| = 3.811e-06, ||R_r|| = 2.950e-06, ||R_w||/||f||=3.850e-06, rate=0.933, active=29, R(x=1.6e-06/37%,y=2.3e-06/52%,z=1.7e-06/38%)
============================================================
接線剛性FD方向診断（status-256）
============================================================
  ||du|| = 2.2208e-05
  ||R_u|| = 4.3916e-06
  ⚠ R_u vs compute_residual(u) 乖離: 4.8465e-06 (リラクゼーション/動的項の差異)
  ||R_base|| = 4.8422e-06
  ||R(u+eps*du)|| = 4.8423e-06
  方向有効性: ||R(u+eps*du)||/||R(u)|| = 1.000013
  ⚠ du方向で残差が増加 — Newton方向が無効
  FD方向微分 = -5.9281e-04
  解析方向微分 = 3.6871e-07
  全体系 K@du: FD vs 解析 相対誤差 = 1.0000e+00
  ⚠ 全体系で接線剛性不整合 — K_c自体が不正確
  全体系不整合DOF上位5件:
    dof=578 (node=96, comp=2): FD=-4.4017e-03, analytical=-7.3262e-09, diff=-4.4017e-03
    dof=380 (node=63, comp=2): FD=3.9269e-03, analytical=2.7062e-12, diff=3.9269e-03
    dof=584 (node=97, comp=2): FD=3.8111e-03, analytical=-9.4864e-09, diff=3.8111e-03
    dof=698 (node=116, comp=2): FD=-3.7738e-03, analytical=1.4664e-10, diff=-3.7738e-03
    dof=1094 (node=182, comp=2): FD=-3.6990e-03, analytical=-9.6687e-10, diff=-3.6990e-03
  comp別不整合: [x:8.26e-03(42%), y:1.44e-03(7%), z:1.76e-02(90%), θx:6.10e-05(0%), θy:2.51e-04(1%), θz:1.08e-05(0%)]
  接触DOF不整合: 2.98e-03 (228 DOFs), 構造DOF不整合: 1.93e-02 (1710 DOFs)
  活性DOF K@du: FD vs 解析 相対誤差 = 9.9997e-01 (228 DOFs)
  ⚠ 活性DOFで接線剛性不整合
  方向微分整合度: |FD-解析|/max = 1.0006e+00
------------------------------------------------------------
  f_c 単独FD検証（K_c精度）
  ||∂f_c/∂u·du (FD)|| = 2.4786e-06
  ||K_c @ du|| = 1.5086e-06
  f_c FD相対誤差 = 1.4244e+00
  ⚠ K_c自体が不正確（f_c単独で10%超の不整合）
  f_c comp別不整合: [x=3.1e-06/87%, y=1.5e-06/44%, z=8.3e-07/23%, θx=0.0e+00/0%, θy=0.0e+00/0%, θz=0.0e+00/0%]
  f_c不整合DOF上位5件:
    dof=498 (node=83, comp=0): FD=-7.6137e-07, K_c=8.2852e-07, diff=-1.5899e-06
    dof=600 (node=100, comp=0): FD=7.5471e-07, K_c=-8.2126e-07, diff=1.5760e-06
    dof=594 (node=99, comp=0): FD=5.8608e-07, K_c=-6.3752e-07, diff=1.2236e-06
    dof=492 (node=82, comp=0): FD=-5.3428e-07, K_c=6.3425e-07, diff=-1.1685e-06
    dof=535 (node=89, comp=1): FD=-8.6620e-07, K_c=1.4410e-08, diff=-8.8061e-07
============================================================
  Incr 161 (frac=0.3525), attempt 25, 凍結解除(disp)→再凍結 ||R_t||/||f||=4.440e-06 (cycle=3)
============================================================
接線剛性FD方向診断（status-256）
============================================================
  ||du|| = 3.5234e-04
  ||R_u|| = 4.7297e-06
  ⚠ R_u vs compute_residual(u) 乖離: 4.3239e-10 (リラクゼーション/動的項の差異)
  ||R_base|| = 4.7294e-06
  ||R(u+eps*du)|| = 4.7294e-06
  方向有効性: ||R(u+eps*du)||/||R(u)|| = 1.000003
  ⚠ du方向で残差が増加 — Newton方向が無効
  FD方向微分 = 2.4079e-05
  解析方向微分 = -1.8090e-06
  全体系 K@du: FD vs 解析 相対誤差 = 1.0015e+00
  ⚠ 全体系で接線剛性不整合 — K_c自体が不正確
  全体系不整合DOF上位5件:
    dof=1208 (node=201, comp=2): FD=-3.6648e-03, analytical=-5.2490e-10, diff=-3.6648e-03
    dof=1910 (node=318, comp=2): FD=3.2906e-03, analytical=1.7776e-10, diff=3.2906e-03
    dof=1214 (node=202, comp=2): FD=3.2771e-03, analytical=-8.8565e-11, diff=3.2771e-03
    dof=1004 (node=167, comp=2): FD=2.9128e-03, analytical=-7.5732e-08, diff=2.9128e-03
    dof=1184 (node=197, comp=2): FD=-2.3933e-03, analytical=8.0723e-11, diff=-2.3933e-03
  comp別不整合: [x:5.70e-03(42%), y:9.89e-04(7%), z:1.22e-02(90%), θx:5.70e-05(0%), θy:7.98e-04(6%), θz:1.21e-05(0%)]
  接触DOF不整合: 3.33e-03 (228 DOFs), 構造DOF不整合: 1.31e-02 (1710 DOFs)
  活性DOF K@du: FD vs 解析 相対誤差 = 1.0000e+00 (228 DOFs)
  ⚠ 活性DOFで接線剛性不整合
  方向微分整合度: |FD-解析|/max = 1.0751e+00
------------------------------------------------------------
  f_c 単独FD検証（K_c精度）
  ||∂f_c/∂u·du (FD)|| = 4.1613e-05
  ||K_c @ du|| = 2.8341e-05
  f_c FD相対誤差 = 1.5668e+00
  ⚠ K_c自体が不正確（f_c単独で10%超の不整合）
  f_c comp別不整合: [x=6.1e-05/94%, y=1.7e-05/26%, z=1.5e-05/24%, θx=0.0e+00/0%, θy=0.0e+00/0%, θz=0.0e+00/0%]
  f_c不整合DOF上位5件:
    dof=498 (node=83, comp=0): FD=1.5274e-05, K_c=-1.5439e-05, diff=3.0713e-05
    dof=600 (node=100, comp=0): FD=-1.5140e-05, K_c=1.5304e-05, diff=-3.0444e-05
    dof=492 (node=82, comp=0): FD=1.2472e-05, K_c=-1.1810e-05, diff=2.4282e-05
    dof=594 (node=99, comp=0): FD=-1.1758e-05, K_c=1.1880e-05, diff=-2.3637e-05
    dof=444 (node=74, comp=0): FD=1.3982e-05, K_c=-2.6618e-06, diff=1.6644e-05
============================================================
============================================================
接線剛性FD方向診断（status-256）
============================================================
  ||du|| = 5.8200e-03
  ||R_u|| = 5.2231e-06
  ⚠ R_u vs compute_residual(u) 乖離: 1.2883e-06 (リラクゼーション/動的項の差異)
  ||R_base|| = 6.0848e-06
  ||R(u+eps*du)|| = 6.0847e-06
  方向有効性: ||R(u+eps*du)||/||R(u)|| = 0.999995
  ✓ du方向で残差が減少 — Newton方向は有効
  FD方向微分 = 3.3208e-05
  解析方向微分 = 2.2611e-06
  全体系 K@du: FD vs 解析 相対誤差 = 1.2086e+00
  ⚠ 全体系で接線剛性不整合 — K_c自体が不正確
  全体系不整合DOF上位5件:
    dof=508 (node=84, comp=4): FD=0.0000e+00, analytical=6.4779e-03, diff=-6.4779e-03
    dof=610 (node=101, comp=4): FD=0.0000e+00, analytical=-6.3265e-03, diff=6.3265e-03
    dof=514 (node=85, comp=4): FD=0.0000e+00, analytical=-6.1113e-03, diff=6.1113e-03
    dof=412 (node=68, comp=4): FD=0.0000e+00, analytical=5.9572e-03, diff=-5.9572e-03
    dof=1724 (node=287, comp=2): FD=-4.2771e-03, analytical=-1.4433e-09, diff=-4.2771e-03
  comp別不整合: [x:6.99e-03(31%), y:1.64e-03(7%), z:1.69e-02(76%), θx:6.73e-04(3%), θy:1.25e-02(56%), θz:7.82e-05(0%)]
  接触DOF不整合: 4.58e-03 (228 DOFs), 構造DOF不整合: 2.17e-02 (1710 DOFs)
  活性DOF K@du: FD vs 解析 相対誤差 = 9.9996e-01 (228 DOFs)
  ⚠ 活性DOFで接線剛性不整合
  方向微分整合度: |FD-解析|/max = 9.3191e-01
------------------------------------------------------------
  f_c 単独FD検証（K_c精度）
  ||∂f_c/∂u·du (FD)|| = 6.9342e-04
  ||K_c @ du|| = 4.2576e-04
  f_c FD相対誤差 = 1.4847e+00
  ⚠ K_c自体が不正確（f_c単独で10%超の不整合）
  f_c comp別不整合: [x=9.6e-04/93%, y=3.1e-04/30%, z=2.1e-04/21%, θx=0.0e+00/0%, θy=0.0e+00/0%, θz=0.0e+00/0%]
  f_c不整合DOF上位5件:
    dof=498 (node=83, comp=0): FD=-2.3112e-04, K_c=2.3374e-04, diff=-4.6487e-04
    dof=600 (node=100, comp=0): FD=2.2910e-04, K_c=-2.3170e-04, diff=4.6080e-04
    dof=492 (node=82, comp=0): FD=-1.9131e-04, K_c=1.7888e-04, diff=-3.7019e-04
    dof=594 (node=99, comp=0): FD=1.7790e-04, K_c=-1.7986e-04, diff=3.5776e-04
    dof=444 (node=74, comp=0): FD=-2.5103e-04, K_c=4.6860e-05, diff=-2.9789e-04
============================================================
============================================================
接線剛性FD方向診断（status-256）
============================================================
  ||du|| = 1.3710e-04
  ||R_u|| = 1.0719e-05
  ⚠ R_u vs compute_residual(u) 乖離: 1.6946e-05 (リラクゼーション/動的項の差異)
  ||R_base|| = 2.1003e-05
  ||R(u+eps*du)|| = 2.1003e-05
  方向有効性: ||R(u+eps*du)||/||R(u)|| = 1.000001
  ⚠ du方向で残差が増加 — Newton方向が無効
  FD方向微分 = -1.5919e-04
  解析方向微分 = 5.0149e-06
  全体系 K@du: FD vs 解析 相対誤差 = 1.0002e+00
  ⚠ 全体系で接線剛性不整合 — K_c自体が不正確
  全体系不整合DOF上位5件:
    dof=1208 (node=201, comp=2): FD=-3.5357e-03, analytical=-5.4160e-10, diff=-3.5357e-03
    dof=908 (node=151, comp=2): FD=3.2325e-03, analytical=-1.3634e-09, diff=3.2325e-03
    dof=998 (node=166, comp=2): FD=2.9962e-03, analytical=-4.0476e-08, diff=2.9962e-03
    dof=1076 (node=179, comp=2): FD=2.2618e-03, analytical=-1.6486e-09, diff=2.2618e-03
    dof=452 (node=75, comp=2): FD=-2.2395e-03, analytical=3.9372e-08, diff=-2.2395e-03
  comp別不整合: [x:5.23e-03(38%), y:1.13e-03(8%), z:1.26e-02(92%), θx:5.66e-05(0%), θy:3.84e-04(3%), θz:1.05e-05(0%)]
  接触DOF不整合: 5.26e-03 (228 DOFs), 構造DOF不整合: 1.26e-02 (1710 DOFs)
  活性DOF K@du: FD vs 解析 相対誤差 = 1.0000e+00 (228 DOFs)
  ⚠ 活性DOFで接線剛性不整合
  方向微分整合度: |FD-解析|/max = 1.0315e+00
------------------------------------------------------------
  f_c 単独FD検証（K_c精度）
  ||∂f_c/∂u·du (FD)|| = 1.2884e-05
  ||K_c @ du|| = 2.2663e-06
  f_c FD相対誤差 = 1.0977e+00
  ⚠ K_c自体が不正確（f_c単独で10%超の不整合）
  f_c comp別不整合: [x=1.1e-05/79%, y=6.9e-06/49%, z=5.1e-06/36%, θx=0.0e+00/0%, θy=0.0e+00/0%, θz=0.0e+00/0%]
  f_c不整合DOF上位5件:
    dof=444 (node=74, comp=0): FD=5.5432e-06, K_c=-1.1257e-06, diff=6.6689e-06
    dof=534 (node=89, comp=0): FD=-3.4667e-06, K_c=5.2419e-07, diff=-3.9908e-06
    dof=438 (node=73, comp=0): FD=3.0601e-06, K_c=-8.6289e-07, diff=3.9230e-06
    dof=446 (node=74, comp=2): FD=-3.1739e-06, K_c=1.2831e-08, diff=-3.1868e-06
    dof=1056 (node=176, comp=0): FD=-2.8713e-06, K_c=1.0965e-07, diff=-2.9810e-06
============================================================
============================================================
接線剛性FD方向診断（status-256）
============================================================
  ||du|| = 1.3253e-04
  ||R_u|| = 1.0388e-05
  ⚠ R_u vs compute_residual(u) 乖離: 1.6556e-05 (リラクゼーション/動的項の差異)
  ||R_base|| = 2.0462e-05
  ||R(u+eps*du)|| = 2.0462e-05
  方向有効性: ||R(u+eps*du)||/||R(u)|| = 1.000001
  ⚠ du方向で残差が増加 — Newton方向が無効
  FD方向微分 = 6.9122e-06
  解析方向微分 = 4.8457e-06
  全体系 K@du: FD vs 解析 相対誤差 = 1.0002e+00
  ⚠ 全体系で接線剛性不整合 — K_c自体が不正確
  全体系不整合DOF上位5件:
    dof=1712 (node=285, comp=2): FD=4.1229e-03, analytical=1.8691e-10, diff=4.1229e-03
    dof=1706 (node=284, comp=2): FD=-3.7011e-03, analytical=-1.6902e-10, diff=-3.7011e-03
    dof=1826 (node=304, comp=2): FD=3.6774e-03, analytical=-6.0596e-13, diff=3.6774e-03
    dof=1106 (node=184, comp=2): FD=-3.6769e-03, analytical=1.5844e-09, diff=-3.6769e-03
    dof=476 (node=79, comp=2): FD=-3.1824e-03, analytical=-6.0325e-09, diff=-3.1824e-03
  comp別不整合: [x:5.82e-03(36%), y:1.23e-03(8%), z:1.48e-02(93%), θx:5.31e-05(0%), θy:3.65e-04(2%), θz:1.16e-05(0%)]
  接触DOF不整合: 6.11e-03 (228 DOFs), 構造DOF不整合: 1.48e-02 (1710 DOFs)
  活性DOF K@du: FD vs 解析 相対誤差 = 1.0000e+00 (228 DOFs)
  ⚠ 活性DOFで接線剛性不整合
  方向微分整合度: |FD-解析|/max = 2.9896e-01
------------------------------------------------------------
  f_c 単独FD検証（K_c精度）
  ||∂f_c/∂u·du (FD)|| = 1.2441e-05
  ||K_c @ du|| = 2.1939e-06
  f_c FD相対誤差 = 1.0981e+00
  ⚠ K_c自体が不正確（f_c単独で10%超の不整合）
  f_c comp別不整合: [x=1.1e-05/79%, y=6.6e-06/49%, z=5.0e-06/37%, θx=0.0e+00/0%, θy=0.0e+00/0%, θz=0.0e+00/0%]
  f_c不整合DOF上位5件:
    dof=444 (node=74, comp=0): FD=5.3733e-06, K_c=-1.0854e-06, diff=6.4587e-06
    dof=534 (node=89, comp=0): FD=-3.3355e-06, K_c=5.0416e-07, diff=-3.8397e-06
    dof=438 (node=73, comp=0): FD=2.9583e-06, K_c=-8.3182e-07, diff=3.7902e-06
    dof=446 (node=74, comp=2): FD=-3.0693e-06, K_c=1.1058e-08, diff=-3.0804e-06
    dof=1056 (node=176, comp=0): FD=-2.7757e-06, K_c=1.0586e-07, diff=-2.8815e-06
============================================================
  Incr 161 (frac=0.3525), attempt 30 [D.stall+E], ||R_t||/||f|| = 1.173e-05, ||R_r|| = 1.106e-06, ||R_w||/||f||=1.173e-05, rate=0.969, active=29, R(x=9.6e-06/95%,y=6.9e-07/7%,z=2.9e-06/28%)
============================================================
接線剛性FD方向診断（status-256）
============================================================
  ||du|| = 1.2817e-04
  ||R_u|| = 1.0069e-05
  ⚠ R_u vs compute_residual(u) 乖離: 1.6182e-05 (リラクゼーション/動的項の差異)
  ||R_base|| = 1.9942e-05
  ||R(u+eps*du)|| = 1.9942e-05
  方向有効性: ||R(u+eps*du)||/||R(u)|| = 1.000003
  ⚠ du方向で残差が増加 — Newton方向が無効
  FD方向微分 = 6.6900e-06
  解析方向微分 = 4.6822e-06
  全体系 K@du: FD vs 解析 相対誤差 = 1.0002e+00
  ⚠ 全体系で接線剛性不整合 — K_c自体が不正確
  全体系不整合DOF上位5件:
    dof=890 (node=148, comp=2): FD=3.7855e-03, analytical=-1.3420e-08, diff=3.7855e-03
    dof=686 (node=114, comp=2): FD=-3.6966e-03, analytical=-2.0633e-10, diff=-3.6966e-03
    dof=998 (node=166, comp=2): FD=3.3544e-03, analytical=-4.0701e-08, diff=3.3545e-03
    dof=1112 (node=185, comp=2): FD=-3.2056e-03, analytical=-2.4160e-09, diff=-3.2056e-03
    dof=476 (node=79, comp=2): FD=3.0468e-03, analytical=-5.6409e-09, diff=3.0468e-03
  comp別不整合: [x:5.84e-03(39%), y:8.82e-04(6%), z:1.39e-02(92%), θx:5.03e-05(0%), θy:3.77e-04(3%), θz:1.23e-05(0%)]
  接触DOF不整合: 4.70e-03 (228 DOFs), 構造DOF不整合: 1.43e-02 (1710 DOFs)
  活性DOF K@du: FD vs 解析 相対誤差 = 9.9999e-01 (228 DOFs)
  ⚠ 活性DOFで接線剛性不整合
  方向微分整合度: |FD-解析|/max = 3.0012e-01
------------------------------------------------------------
  f_c 単独FD検証（K_c精度）
  ||∂f_c/∂u·du (FD)|| = 1.1957e-05
  ||K_c @ du|| = 2.1277e-06
  f_c FD相対誤差 = 1.0989e+00
  ⚠ K_c自体が不正確（f_c単独で10%超の不整合）
  f_c comp別不整合: [x=1.0e-05/79%, y=6.4e-06/49%, z=4.8e-06/37%, θx=0.0e+00/0%, θy=0.0e+00/0%, θz=0.0e+00/0%]
  f_c不整合DOF上位5件:
    dof=444 (node=74, comp=0): FD=5.1528e-06, K_c=-1.0466e-06, diff=6.1994e-06
    dof=534 (node=89, comp=0): FD=-3.2068e-06, K_c=4.8504e-07, diff=-3.6919e-06
    dof=438 (node=73, comp=0): FD=2.8489e-06, K_c=-8.0199e-07, diff=3.6509e-06
    dof=446 (node=74, comp=2): FD=-2.9388e-06, K_c=9.0471e-09, diff=-2.9479e-06
    dof=1056 (node=176, comp=0): FD=-2.6513e-06, K_c=1.0223e-07, diff=-2.7535e-06
============================================================
============================================================
接線剛性FD方向診断（status-256）
============================================================
  ||du|| = 1.2396e-04
  ||R_u|| = 9.7603e-06
  ⚠ R_u vs compute_residual(u) 乖離: 1.5821e-05 (リラクゼーション/動的項の差異)
  ||R_base|| = 1.9440e-05
  ||R(u+eps*du)|| = 1.9440e-05
  方向有効性: ||R(u+eps*du)||/||R(u)|| = 0.999999
  ✓ du方向で残差が減少 — Newton方向は有効
  FD方向微分 = 6.4814e-06
  解析方向微分 = 4.5240e-06
  全体系 K@du: FD vs 解析 相対誤差 = 1.0001e+00
  ⚠ 全体系で接線剛性不整合 — K_c自体が不正確
  全体系不整合DOF上位5件:
    dof=1088 (node=181, comp=2): FD=-4.0799e-03, analytical=-1.6066e-09, diff=-4.0799e-03
    dof=680 (node=113, comp=2): FD=-4.0485e-03, analytical=-3.6722e-10, diff=-4.0485e-03
    dof=698 (node=116, comp=2): FD=-3.4067e-03, analytical=-2.0624e-11, diff=-3.4067e-03
    dof=488 (node=81, comp=2): FD=3.3887e-03, analytical=5.2408e-08, diff=3.3886e-03
    dof=1082 (node=180, comp=2): FD=3.0526e-03, analytical=-1.7325e-09, diff=3.0526e-03
  comp別不整合: [x:5.15e-03(33%), y:9.31e-04(6%), z:1.48e-02(94%), θx:4.68e-05(0%), θy:3.52e-04(2%), θz:1.12e-05(0%)]
  接触DOF不整合: 5.62e-03 (228 DOFs), 構造DOF不整合: 1.46e-02 (1710 DOFs)
  活性DOF K@du: FD vs 解析 相対誤差 = 9.9999e-01 (228 DOFs)
  ⚠ 活性DOFで接線剛性不整合
  方向微分整合度: |FD-解析|/max = 3.0200e-01
------------------------------------------------------------
  f_c 単独FD検証（K_c精度）
  ||∂f_c/∂u·du (FD)|| = 1.1527e-05
  ||K_c @ du|| = 2.0647e-06
  f_c FD相対誤差 = 1.0995e+00
  ⚠ K_c自体が不正確（f_c単独で10%超の不整合）
  f_c comp別不整合: [x=1.0e-05/79%, y=6.1e-06/49%, z=4.7e-06/37%, θx=0.0e+00/0%, θy=0.0e+00/0%, θz=0.0e+00/0%]
  f_c不整合DOF上位5件:
    dof=444 (node=74, comp=0): FD=4.9789e-06, K_c=-1.0093e-06, diff=5.9882e-06
    dof=534 (node=89, comp=0): FD=-3.0776e-06, K_c=4.6666e-07, diff=-3.5443e-06
    dof=438 (node=73, comp=0): FD=2.7505e-06, K_c=-7.7325e-07, diff=3.5238e-06
    dof=446 (node=74, comp=2): FD=-2.8391e-06, K_c=7.2230e-09, diff=-2.8463e-06
    dof=1056 (node=176, comp=0): FD=-2.5636e-06, K_c=9.8721e-08, diff=-2.6624e-06
============================================================
============================================================
接線剛性FD方向診断（status-256）
============================================================
  ||du|| = 1.1990e-04
  ||R_u|| = 9.4618e-06
  ⚠ R_u vs compute_residual(u) 乖離: 1.5474e-05 (リラクゼーション/動的項の差異)
  ||R_base|| = 1.8957e-05
  ||R(u+eps*du)|| = 1.8957e-05
  方向有効性: ||R(u+eps*du)||/||R(u)|| = 1.000001
  ⚠ du方向で残差が増加 — Newton方向が無効
  FD方向微分 = 6.2862e-06
  解析方向微分 = 4.3710e-06
  全体系 K@du: FD vs 解析 相対誤差 = 1.0001e+00
  ⚠ 全体系で接線剛性不整合 — K_c自体が不正確
  全体系不整合DOF上位5件:
    dof=500 (node=83, comp=2): FD=-5.1750e-03, analytical=1.5088e-06, diff=-5.1765e-03
    dof=494 (node=82, comp=2): FD=4.9006e-03, analytical=1.1697e-06, diff=4.8995e-03
    dof=1712 (node=285, comp=2): FD=4.1245e-03, analytical=1.2888e-10, diff=4.1245e-03
    dof=1706 (node=284, comp=2): FD=-4.0944e-03, analytical=-3.1186e-11, diff=-4.0944e-03
    dof=1700 (node=283, comp=2): FD=3.8113e-03, analytical=1.2651e-10, diff=3.8113e-03
  comp別不整合: [x:7.51e-03(41%), y:1.45e-03(8%), z:1.66e-02(91%), θx:5.67e-05(0%), θy:3.54e-04(2%), θz:1.01e-05(0%)]
  接触DOF不整合: 4.22e-03 (228 DOFs), 構造DOF不整合: 1.78e-02 (1710 DOFs)
  活性DOF K@du: FD vs 解析 相対誤差 = 9.9999e-01 (228 DOFs)
  ⚠ 活性DOFで接線剛性不整合
  方向微分整合度: |FD-解析|/max = 3.0467e-01
------------------------------------------------------------
  f_c 単独FD検証（K_c精度）
  ||∂f_c/∂u·du (FD)|| = 1.1136e-05
  ||K_c @ du|| = 2.0047e-06
  f_c FD相対誤差 = 1.0997e+00
  ⚠ K_c自体が不正確（f_c単独で10%超の不整合）
  f_c comp別不整合: [x=9.7e-06/79%, y=5.9e-06/48%, z=4.5e-06/37%, θx=0.0e+00/0%, θy=0.0e+00/0%, θz=0.0e+00/0%]
  f_c不整合DOF上位5件:
    dof=444 (node=74, comp=0): FD=4.8152e-06, K_c=-9.7330e-07, diff=5.7885e-06
    dof=534 (node=89, comp=0): FD=-2.9716e-06, K_c=4.4899e-07, diff=-3.4206e-06
    dof=438 (node=73, comp=0): FD=2.6510e-06, K_c=-7.4556e-07, diff=3.3966e-06
    dof=446 (node=74, comp=2): FD=-2.7461e-06, K_c=5.5706e-09, diff=-2.7516e-06
    dof=1056 (node=176, comp=0): FD=-2.4825e-06, K_c=9.5335e-08, diff=-2.5778e-06
============================================================
============================================================
接線剛性FD方向診断（status-256）
============================================================
  ||du|| = 1.1597e-04
  ||R_u|| = 9.1733e-06
  ⚠ R_u vs compute_residual(u) 乖離: 1.5140e-05 (リラクゼーション/動的項の差異)
  ||R_base|| = 1.8491e-05
  ||R(u+eps*du)|| = 1.8491e-05
  方向有効性: ||R(u+eps*du)||/||R(u)|| = 1.000000
  ⚠ du方向で残差が増加 — Newton方向が無効
  FD方向微分 = 6.0879e-06
  解析方向微分 = 4.2230e-06
  全体系 K@du: FD vs 解析 相対誤差 = 1.0002e+00
  ⚠ 全体系で接線剛性不整合 — K_c自体が不正確
  全体系不整合DOF上位5件:
    dof=698 (node=116, comp=2): FD=-3.4066e-03, analytical=-8.9420e-11, diff=-3.4066e-03
    dof=1214 (node=202, comp=2): FD=-3.3920e-03, analytical=-2.3744e-10, diff=-3.3920e-03
    dof=488 (node=81, comp=2): FD=3.3753e-03, analytical=5.0569e-08, diff=3.3752e-03
    dof=1088 (node=181, comp=2): FD=-3.1146e-03, analytical=-1.4669e-09, diff=-3.1146e-03
    dof=494 (node=82, comp=2): FD=-2.9382e-03, analytical=1.1440e-06, diff=-2.9394e-03
  comp別不整合: [x:5.08e-03(37%), y:9.48e-04(7%), z:1.28e-02(93%), θx:4.79e-05(0%), θy:3.16e-04(2%), θz:1.16e-05(0%)]
  接触DOF不整合: 5.34e-03 (228 DOFs), 構造DOF不整合: 1.27e-02 (1710 DOFs)
  活性DOF K@du: FD vs 解析 相対誤差 = 1.0000e+00 (228 DOFs)
  ⚠ 活性DOFで接線剛性不整合
  方向微分整合度: |FD-解析|/max = 3.0633e-01
------------------------------------------------------------
  f_c 単独FD検証（K_c精度）
  ||∂f_c/∂u·du (FD)|| = 1.0712e-05
  ||K_c @ du|| = 1.9477e-06
  f_c FD相対誤差 = 1.1006e+00
  ⚠ K_c自体が不正確（f_c単独で10%超の不整合）
  f_c comp別不整合: [x=9.3e-06/79%, y=5.7e-06/48%, z=4.4e-06/37%, θx=0.0e+00/0%, θy=0.0e+00/0%, θz=0.0e+00/0%]
  f_c不整合DOF上位5件:
    dof=444 (node=74, comp=0): FD=4.6359e-06, K_c=-9.3862e-07, diff=5.5745e-06
    dof=534 (node=89, comp=0): FD=-2.8520e-06, K_c=4.3201e-07, diff=-3.2840e-06
    dof=438 (node=73, comp=0): FD=2.5484e-06, K_c=-7.1887e-07, diff=3.2672e-06
    dof=446 (node=74, comp=2): FD=-2.6415e-06, K_c=4.0762e-09, diff=-2.6456e-06
    dof=1056 (node=176, comp=0): FD=-2.3893e-06, K_c=9.2066e-08, diff=-2.4814e-06
============================================================
============================================================
接線剛性FD方向診断（status-256）
============================================================
  ||du|| = 1.1218e-04
  ||R_u|| = 8.8941e-06
  ⚠ R_u vs compute_residual(u) 乖離: 1.4818e-05 (リラクゼーション/動的項の差異)
  ||R_base|| = 1.8043e-05
  ||R(u+eps*du)|| = 1.8043e-05
  方向有効性: ||R(u+eps*du)||/||R(u)|| = 1.000003
  ⚠ du方向で残差が増加 — Newton方向が無効
  FD方向微分 = 5.9082e-06
  解析方向微分 = 4.0798e-06
  全体系 K@du: FD vs 解析 相対誤差 = 1.0003e+00
  ⚠ 全体系で接線剛性不整合 — K_c自体が不正確
  全体系不整合DOF上位5件:
    dof=1904 (node=317, comp=2): FD=3.5763e-03, analytical=2.0274e-10, diff=3.5763e-03
    dof=1772 (node=295, comp=2): FD=-2.0892e-03, analytical=-1.0314e-10, diff=-2.0892e-03
    dof=1724 (node=287, comp=2): FD=-2.0051e-03, analytical=-1.2607e-09, diff=-2.0051e-03
    dof=1730 (node=288, comp=2): FD=2.0047e-03, analytical=-5.8706e-10, diff=2.0047e-03
    dof=452 (node=75, comp=2): FD=-1.9620e-03, analytical=3.9473e-08, diff=-1.9621e-03
  comp別不整合: [x:4.44e-03(39%), y:7.34e-04(6%), z:1.04e-02(92%), θx:5.01e-05(0%), θy:3.53e-04(3%), θz:1.03e-05(0%)]
  接触DOF不整合: 4.92e-03 (228 DOFs), 構造DOF不整合: 1.03e-02 (1710 DOFs)
  活性DOF K@du: FD vs 解析 相対誤差 = 9.9998e-01 (228 DOFs)
  ⚠ 活性DOFで接線剛性不整合
  方向微分整合度: |FD-解析|/max = 3.0947e-01
------------------------------------------------------------
  f_c 単独FD検証（K_c精度）
  ||∂f_c/∂u·du (FD)|| = 1.0338e-05
  ||K_c @ du|| = 1.8934e-06
  f_c FD相対誤差 = 1.1012e+00
  ⚠ K_c自体が不正確（f_c単独で10%超の不整合）
  f_c comp別不整合: [x=9.0e-06/79%, y=5.5e-06/48%, z=4.3e-06/37%, θx=0.0e+00/0%, θy=0.0e+00/0%, θz=0.0e+00/0%]
  f_c不整合DOF上位5件:
    dof=444 (node=74, comp=0): FD=4.4589e-06, K_c=-9.0519e-07, diff=5.3641e-06
    dof=534 (node=89, comp=0): FD=-2.7553e-06, K_c=4.1570e-07, diff=-3.1710e-06
    dof=438 (node=73, comp=0): FD=2.4721e-06, K_c=-6.9317e-07, diff=3.1653e-06
    dof=446 (node=74, comp=2): FD=-2.5399e-06, K_c=2.7268e-09, diff=-2.5426e-06
    dof=1056 (node=176, comp=0): FD=-2.2835e-06, K_c=8.8910e-08, diff=-2.3724e-06
============================================================
  Incr 161 (frac=0.3525), attempt 35 [D.stall+E], ||R_t||/||f|| = 1.002e-05, ||R_r|| = 1.081e-06, ||R_w||/||f||=1.003e-05, rate=0.969, active=29, R(x=8.1e-06/94%,y=5.6e-07/7%,z=2.5e-06/30%)
============================================================
接線剛性FD方向診断（status-256）
============================================================
  ||du|| = 1.0852e-04
  ||R_u|| = 8.6243e-06
  ⚠ R_u vs compute_residual(u) 乖離: 1.4508e-05 (リラクゼーション/動的項の差異)
  ||R_base|| = 1.7610e-05
  ||R(u+eps*du)|| = 1.7610e-05
  方向有効性: ||R(u+eps*du)||/||R(u)|| = 1.000002
  ⚠ du方向で残差が増加 — Newton方向が無効
  FD方向微分 = 5.7394e-06
  解析方向微分 = 3.9412e-06
  全体系 K@du: FD vs 解析 相対誤差 = 1.0002e+00
  ⚠ 全体系で接線剛性不整合 — K_c自体が不正確
  全体系不整合DOF上位5件:
    dof=1196 (node=199, comp=2): FD=-4.0678e-03, analytical=7.2530e-11, diff=-4.0678e-03
    dof=1094 (node=182, comp=2): FD=3.6998e-03, analytical=-4.7205e-10, diff=3.6998e-03
    dof=686 (node=114, comp=2): FD=-3.6957e-03, analytical=-1.6744e-10, diff=-3.6957e-03
    dof=692 (node=115, comp=2): FD=3.6111e-03, analytical=2.0620e-10, diff=3.6111e-03
    dof=1100 (node=183, comp=2): FD=-3.5721e-03, analytical=1.3609e-10, diff=-3.5721e-03
  comp別不整合: [x:5.61e-03(36%), y:1.17e-03(7%), z:1.45e-02(93%), θx:4.93e-05(0%), θy:3.34e-04(2%), θz:1.10e-05(0%)]
  接触DOF不整合: 4.35e-03 (228 DOFs), 構造DOF不整合: 1.49e-02 (1710 DOFs)
  活性DOF K@du: FD vs 解析 相対誤差 = 1.0000e+00 (228 DOFs)
  ⚠ 活性DOFで接線剛性不整合
  方向微分整合度: |FD-解析|/max = 3.1330e-01
------------------------------------------------------------
  f_c 単独FD検証（K_c精度）
  ||∂f_c/∂u·du (FD)|| = 9.9626e-06
  ||K_c @ du|| = 1.8418e-06
  f_c FD相対誤差 = 1.1020e+00
  ⚠ K_c自体が不正確（f_c単独で10%超の不整合）
  f_c comp別不整合: [x=8.7e-06/79%, y=5.3e-06/48%, z=4.1e-06/38%, θx=0.0e+00/0%, θy=0.0e+00/0%, θz=0.0e+00/0%]
  f_c不整合DOF上位5件:
    dof=444 (node=74, comp=0): FD=4.3115e-06, K_c=-8.7298e-07, diff=5.1845e-06
    dof=534 (node=89, comp=0): FD=-2.6521e-06, K_c=4.0001e-07, diff=-3.0522e-06
    dof=438 (node=73, comp=0): FD=2.3705e-06, K_c=-6.6840e-07, diff=3.0389e-06
    dof=446 (node=74, comp=2): FD=-2.4562e-06, K_c=1.5107e-09, diff=-2.4578e-06
    dof=1056 (node=176, comp=0): FD=-2.2149e-06, K_c=8.5863e-08, diff=-2.3007e-06
============================================================
============================================================
接線剛性FD方向診断（status-256）
============================================================
  ||du|| = 1.0499e-04
  ||R_u|| = 8.3632e-06
  ⚠ R_u vs compute_residual(u) 乖離: 1.4209e-05 (リラクゼーション/動的項の差異)
  ||R_base|| = 1.7194e-05
  ||R(u+eps*du)|| = 1.7194e-05
  方向有効性: ||R(u+eps*du)||/||R(u)|| = 1.000001
  ⚠ du方向で残差が増加 — Newton方向が無効
  FD方向微分 = 5.5741e-06
  解析方向微分 = 3.8072e-06
  全体系 K@du: FD vs 解析 相対誤差 = 1.0001e+00
  ⚠ 全体系で接線剛性不整合 — K_c自体が不正確
  全体系不整合DOF上位5件:
    dof=686 (node=114, comp=2): FD=-3.8315e-03, analytical=-1.1360e-10, diff=-3.8315e-03
    dof=992 (node=165, comp=2): FD=-3.7329e-03, analytical=-4.5873e-10, diff=-3.7329e-03
    dof=1106 (node=184, comp=2): FD=-3.4376e-03, analytical=1.2486e-09, diff=-3.4376e-03
    dof=1208 (node=201, comp=2): FD=-3.4141e-03, analytical=-4.2590e-10, diff=-3.4141e-03
    dof=680 (node=113, comp=2): FD=3.0953e-03, analytical=-1.1060e-10, diff=3.0953e-03
  comp別不整合: [x:5.72e-03(37%), y:1.21e-03(8%), z:1.44e-02(93%), θx:4.97e-05(0%), θy:3.23e-04(2%), θz:1.10e-05(0%)]
  接触DOF不整合: 5.62e-03 (228 DOFs), 構造DOF不整合: 1.45e-02 (1710 DOFs)
  活性DOF K@du: FD vs 解析 相対誤差 = 1.0000e+00 (228 DOFs)
  ⚠ 活性DOFで接線剛性不整合
  方向微分整合度: |FD-解析|/max = 3.1700e-01
------------------------------------------------------------
  f_c 単独FD検証（K_c精度）
  ||∂f_c/∂u·du (FD)|| = 9.5778e-06
  ||K_c @ du|| = 1.7928e-06
  f_c FD相対誤差 = 1.1032e+00
  ⚠ K_c自体が不正確（f_c単独で10%超の不整合）
  f_c comp別不整合: [x=8.4e-06/79%, y=5.1e-06/48%, z=4.0e-06/38%, θx=0.0e+00/0%, θy=0.0e+00/0%, θz=0.0e+00/0%]
  f_c不整合DOF上位5件:
    dof=444 (node=74, comp=0): FD=4.1387e-06, K_c=-8.4195e-07, diff=4.9807e-06
    dof=438 (node=73, comp=0): FD=2.2928e-06, K_c=-6.4454e-07, diff=2.9374e-06
    dof=534 (node=89, comp=0): FD=-2.5420e-06, K_c=3.8494e-07, diff=-2.9269e-06
    dof=446 (node=74, comp=2): FD=-2.3560e-06, K_c=4.1689e-10, diff=-2.3564e-06
    dof=1056 (node=176, comp=0): FD=-2.1123e-06, K_c=8.2923e-08, diff=-2.1952e-06
============================================================
  [NR診断] Incr 161 (frac=0.3525), 不収束 att=37, Type分布[-:1(3%), C:2(5%), D.div+E:6(16%), D.slow+E:7(19%), D.stall+E:11(30%), E:10(27%)], 直近10[D.div+E:2, D.stall+E:8], R_c=8.32e-06, R_s=8.54e-07, active=29, sliding=399, activated=0, deactivated=0, stick→slide=0, slide→stick=0, comp(x=7.9e-06/94%,y=5.4e-07/6%,z=2.5e-06/30%,θx=9.7e-07/12%,θy=1.1e-07/1%,θz=4.5e-07/5%)
  [CUTBACK:nr_limit] frac 0.3525, dt=1.7578e-03 → sub-steps (cutback #17)
  [f_ref] Incr 161: f_ref=2.140e-01 (dynamic_ref), atol=6.98e-09
  Incr 161 (frac=0.3516), attempt 0 [C], ||R_t||/||f|| = 1.000e+00, ||R_r|| = 3.808e-03, ||R_w||/||f||=1.000e+00, active=27, R(x=1.1e-01/50%,y=1.9e-02/9%,z=1.8e-01/86%)
  Incr 161 (frac=0.3516), attempt 2, ||du||/||u|| = 5.042e-09 (disp converged, 27 active)
  [f_ref] Incr 162: f_ref=4.608e-01 (dynamic_ref), atol=5.53e-09
  Incr 162 (frac=0.3529), attempt 0 [C], ||R_t||/||f|| = 1.000e+00, ||R_r|| = 7.423e-03, ||R_w||/||f||=1.000e+00, active=29, R(x=2.3e-01/50%,y=4.1e-02/9%,z=4.0e-01/86%)
  Incr 162 (frac=0.3529), attempt 3, ||du||/||u|| = 1.213e-09 (disp converged, 29 active)
  [f_ref] Incr 163: f_ref=1.081e+00 (dynamic_ref), atol=5.25e-09
  Incr 163 (frac=0.3549), attempt 0 [C], ||R_t||/||f|| = 1.000e+00, ||R_r|| = 1.823e-02, ||R_w||/||f||=1.000e+00, active=31, R(x=5.4e-01/50%,y=9.5e-02/9%,z=9.3e-01/86%)
  Incr 163 (frac=0.3549), attempt 5 [C], ||R_t||/||f|| = 4.513e-05, ||R_r|| = 1.000e-04, ||R_w||/||f||=4.748e-05, rate=0.232, active=29, R(x=2.8e-05/25%,y=3.5e-05/31%,z=2.0e-05/18%)
  Incr 163 (frac=0.3549), attempt 10 [E], ||R_t||/||f|| = 3.473e-05, ||R_r|| = 2.648e-05, ||R_w||/||f||=3.495e-05, rate=0.424, active=29, R(x=3.5e-05/76%,y=1.1e-05/24%,z=8.9e-06/19%)
  Incr 163 (frac=0.3549), 低残差チャタリング検知[D+E] → 接触凍結モード (att=15, ||R||/||f||=7.350e-06, R_c=8.50e-06, R_s=3.81e-06, cycle=1/5, active=29)
  Incr 163 (frac=0.3549), attempt 15 [D.stall+E], ||R_t||/||f|| = 7.350e-06, ||R_r|| = 4.870e-06, ||R_w||/||f||=7.385e-06, rate=0.952, active=29, R(x=7.0e-06/75%,y=2.3e-06/25%,z=3.0e-06/32%)
============================================================
接線剛性FD方向診断（status-256）
============================================================
  ||du|| = 9.6857e-05
  ||R_u|| = 9.3169e-06
  ⚠ R_u vs compute_residual(u) 乖離: 4.0218e-10 (リラクゼーション/動的項の差異)
  ||R_base|| = 9.3167e-06
  ||R(u+eps*du)|| = 9.3168e-06
  方向有効性: ||R(u+eps*du)||/||R(u)|| = 1.000007
  ⚠ du方向で残差が増加 — Newton方向が無効
  FD方向微分 = 9.5399e-06
  解析方向微分 = 2.9251e-06
  全体系 K@du: FD vs 解析 相対誤差 = 1.0001e+00
  ⚠ 全体系で接線剛性不整合 — K_c自体が不正確
  全体系不整合DOF上位5件:
    dof=74 (node=12, comp=2): FD=4.0177e-03, analytical=3.0254e-10, diff=4.0177e-03
    dof=1088 (node=181, comp=2): FD=-3.1110e-03, analytical=4.8615e-09, diff=-3.1110e-03
    dof=908 (node=151, comp=2): FD=2.7528e-03, analytical=3.6070e-09, diff=2.7528e-03
    dof=602 (node=100, comp=2): FD=2.7072e-03, analytical=-1.1416e-06, diff=2.7083e-03
    dof=590 (node=98, comp=2): FD=-2.5015e-03, analytical=-5.4171e-09, diff=-2.5015e-03
  comp別不整合: [x:6.44e-03(40%), y:1.11e-03(7%), z:1.46e-02(91%), θx:9.95e-05(1%), θy:3.57e-04(2%), θz:1.45e-05(0%)]
  接触DOF不整合: 3.96e-03 (276 DOFs), 構造DOF不整合: 1.55e-02 (1662 DOFs)
  活性DOF K@du: FD vs 解析 相対誤差 = 9.9993e-01 (276 DOFs)
  ⚠ 活性DOFで接線剛性不整合
  方向微分整合度: |FD-解析|/max = 6.9339e-01
------------------------------------------------------------
  f_c 単独FD検証（K_c精度）
  ||∂f_c/∂u·du (FD)|| = 8.0786e-06
  ||K_c @ du|| = 6.8227e-06
  f_c FD相対誤差 = 6.7978e-01
  ⚠ K_c自体が不正確（f_c単独で10%超の不整合）
  f_c comp別不整合: [x=4.5e-06/82%, y=1.0e-06/18%, z=3.0e-06/54%, θx=0.0e+00/0%, θy=0.0e+00/0%, θz=0.0e+00/0%]
  f_c不整合DOF上位5件:
    dof=498 (node=83, comp=0): FD=8.8010e-07, K_c=-8.7680e-07, diff=1.7569e-06
    dof=600 (node=100, comp=0): FD=-8.7237e-07, K_c=8.6911e-07, diff=-1.7415e-06
    dof=492 (node=82, comp=0): FD=8.6038e-07, K_c=-8.7429e-07, diff=1.7347e-06
    dof=444 (node=74, comp=0): FD=3.3656e-06, K_c=1.7507e-06, diff=1.6149e-06
    dof=500 (node=83, comp=2): FD=8.1246e-07, K_c=-7.9787e-07, diff=1.6103e-06
============================================================
============================================================
接線剛性FD方向診断（status-256）
============================================================
  ||du|| = 1.2320e-04
  ||R_u|| = 8.9922e-06
  ⚠ R_u vs compute_residual(u) 乖離: 2.5291e-07 (リラクゼーション/動的項の差異)
  ||R_base|| = 8.8629e-06
  ||R(u+eps*du)|| = 8.8629e-06
  方向有効性: ||R(u+eps*du)||/||R(u)|| = 1.000003
  ⚠ du方向で残差が増加 — Newton方向が無効
  FD方向微分 = 1.3353e-05
  解析方向微分 = 3.0071e-06
  全体系 K@du: FD vs 解析 相対誤差 = 1.0002e+00
  ⚠ 全体系で接線剛性不整合 — K_c自体が不正確
  全体系不整合DOF上位5件:
    dof=1826 (node=304, comp=2): FD=3.8028e-03, analytical=8.3548e-10, diff=3.8028e-03
    dof=1202 (node=200, comp=2): FD=3.8009e-03, analytical=-1.4530e-10, diff=3.8009e-03
    dof=1712 (node=285, comp=2): FD=3.7266e-03, analytical=6.5768e-11, diff=3.7266e-03
    dof=1106 (node=184, comp=2): FD=-3.5558e-03, analytical=-4.9589e-09, diff=-3.5558e-03
    dof=1208 (node=201, comp=2): FD=-3.4085e-03, analytical=7.1416e-09, diff=-3.4085e-03
  comp別不整合: [x:7.56e-03(42%), y:1.46e-03(8%), z:1.65e-02(91%), θx:7.54e-05(0%), θy:4.11e-04(2%), θz:1.71e-05(0%)]
  接触DOF不整合: 6.16e-03 (276 DOFs), 構造DOF不整合: 1.71e-02 (1662 DOFs)
  活性DOF K@du: FD vs 解析 相対誤差 = 9.9998e-01 (276 DOFs)
  ⚠ 活性DOFで接線剛性不整合
  方向微分整合度: |FD-解析|/max = 7.7479e-01
------------------------------------------------------------
  f_c 単独FD検証（K_c精度）
  ||∂f_c/∂u·du (FD)|| = 1.6362e-05
  ||K_c @ du|| = 3.6648e-06
  f_c FD相対誤差 = 1.1152e+00
  ⚠ K_c自体が不正確（f_c単独で10%超の不整合）
  f_c comp別不整合: [x=1.4e-05/78%, y=8.8e-06/48%, z=7.2e-06/40%, θx=0.0e+00/0%, θy=0.0e+00/0%, θz=0.0e+00/0%]
  f_c不整合DOF上位5件:
    dof=444 (node=74, comp=0): FD=7.3472e-06, K_c=-1.2476e-06, diff=8.5948e-06
    dof=438 (node=73, comp=0): FD=3.9472e-06, K_c=-9.6182e-07, diff=4.9091e-06
    dof=1056 (node=176, comp=0): FD=-4.0683e-06, K_c=1.7144e-07, diff=-4.2398e-06
    dof=446 (node=74, comp=2): FD=-4.1757e-06, K_c=-1.0282e-07, diff=-4.0729e-06
    dof=1057 (node=176, comp=1): FD=3.9571e-06, K_c=1.5256e-07, diff=3.8045e-06
============================================================
============================================================
接線剛性FD方向診断（status-256）
============================================================
  ||du|| = 1.1515e-04
  ||R_u|| = 8.6085e-06
  ⚠ R_u vs compute_residual(u) 乖離: 7.5941e-07 (リラクゼーション/動的項の差異)
  ||R_base|| = 8.2635e-06
  ||R(u+eps*du)|| = 8.2635e-06
  方向有効性: ||R(u+eps*du)||/||R(u)|| = 1.000002
  ⚠ du方向で残差が増加 — Newton方向が無効
  FD方向微分 = 1.5103e-05
  解析方向微分 = 2.8792e-06
  全体系 K@du: FD vs 解析 相対誤差 = 1.0002e+00
  ⚠ 全体系で接線剛性不整合 — K_c自体が不正確
  全体系不整合DOF上位5件:
    dof=398 (node=66, comp=2): FD=3.9519e-03, analytical=-3.6737e-08, diff=3.9519e-03
    dof=80 (node=13, comp=2): FD=3.8313e-03, analytical=-4.3145e-11, diff=3.8313e-03
    dof=1814 (node=302, comp=2): FD=3.7474e-03, analytical=6.9784e-11, diff=3.7474e-03
    dof=1802 (node=300, comp=2): FD=3.7319e-03, analytical=1.5249e-10, diff=3.7319e-03
    dof=1808 (node=301, comp=2): FD=-3.7293e-03, analytical=-2.3088e-10, diff=-3.7293e-03
  comp別不整合: [x:7.00e-03(39%), y:1.25e-03(7%), z:1.66e-02(92%), θx:7.44e-05(0%), θy:4.40e-04(2%), θz:1.48e-05(0%)]
  接触DOF不整合: 6.35e-03 (276 DOFs), 構造DOF不整合: 1.69e-02 (1662 DOFs)
  活性DOF K@du: FD vs 解析 相対誤差 = 9.9993e-01 (276 DOFs)
  ⚠ 活性DOFで接線剛性不整合
  方向微分整合度: |FD-解析|/max = 8.0936e-01
------------------------------------------------------------
  f_c 単独FD検証（K_c精度）
  ||∂f_c/∂u·du (FD)|| = 1.5275e-05
  ||K_c @ du|| = 3.3101e-06
  f_c FD相対誤差 = 1.1110e+00
  ⚠ K_c自体が不正確（f_c単独で10%超の不整合）
  f_c comp別不整合: [x=1.3e-05/78%, y=8.2e-06/48%, z=6.7e-06/39%, θx=0.0e+00/0%, θy=0.0e+00/0%, θz=0.0e+00/0%]
  f_c不整合DOF上位5件:
    dof=444 (node=74, comp=0): FD=6.8676e-06, K_c=-1.1695e-06, diff=8.0371e-06
    dof=438 (node=73, comp=0): FD=3.6956e-06, K_c=-9.0181e-07, diff=4.5974e-06
    dof=1056 (node=176, comp=0): FD=-3.7979e-06, K_c=1.6173e-07, diff=-3.9596e-06
    dof=446 (node=74, comp=2): FD=-3.8989e-06, K_c=-9.8066e-08, diff=-3.8009e-06
    dof=1057 (node=176, comp=1): FD=3.6904e-06, K_c=1.4389e-07, diff=3.5465e-06
============================================================
============================================================
接線剛性FD方向診断（status-256）
============================================================
  ||du|| = 1.0815e-04
  ||R_u|| = 8.2449e-06
  ⚠ R_u vs compute_residual(u) 乖離: 1.2364e-06 (リラクゼーション/動的項の差異)
  ||R_base|| = 7.7263e-06
  ||R(u+eps*du)|| = 7.7263e-06
  方向有効性: ||R(u+eps*du)||/||R(u)|| = 0.999999
  ✓ du方向で残差が減少 — Newton方向は有効
  FD方向微分 = 1.3308e-05
  解析方向微分 = 2.7574e-06
  全体系 K@du: FD vs 解析 相対誤差 = 1.0002e+00
  ⚠ 全体系で接線剛性不整合 — K_c自体が不正確
  全体系不整合DOF上位5件:
    dof=1826 (node=304, comp=2): FD=3.9341e-03, analytical=8.5063e-10, diff=3.9341e-03
    dof=482 (node=80, comp=2): FD=3.4306e-03, analytical=8.4545e-08, diff=3.4305e-03
    dof=992 (node=165, comp=2): FD=3.2119e-03, analytical=-1.1626e-09, diff=3.2119e-03
    dof=464 (node=77, comp=2): FD=2.6481e-03, analytical=1.4218e-09, diff=2.6481e-03
    dof=572 (node=95, comp=2): FD=-2.5107e-03, analytical=-2.7217e-09, diff=-2.5107e-03
  comp別不整合: [x:5.99e-03(36%), y:1.17e-03(7%), z:1.55e-02(93%), θx:6.75e-05(0%), θy:4.04e-04(2%), θz:1.73e-05(0%)]
  接触DOF不整合: 5.62e-03 (276 DOFs), 構造DOF不整合: 1.57e-02 (1662 DOFs)
  活性DOF K@du: FD vs 解析 相対誤差 = 9.9999e-01 (276 DOFs)
  ⚠ 活性DOFで接線剛性不整合
  方向微分整合度: |FD-解析|/max = 7.9280e-01
------------------------------------------------------------
  f_c 単独FD検証（K_c精度）
  ||∂f_c/∂u·du (FD)|| = 1.4347e-05
  ||K_c @ du|| = 3.0192e-06
  f_c FD相対誤差 = 1.1074e+00
  ⚠ K_c自体が不正確（f_c単独で10%超の不整合）
  f_c comp別不整合: [x=1.2e-05/78%, y=7.7e-06/49%, z=6.2e-06/39%, θx=0.0e+00/0%, θy=0.0e+00/0%, θz=0.0e+00/0%]
  f_c不整合DOF上位5件:
    dof=444 (node=74, comp=0): FD=6.4692e-06, K_c=-1.1008e-06, diff=7.5700e-06
    dof=438 (node=73, comp=0): FD=3.4847e-06, K_c=-8.4898e-07, diff=4.3336e-06
    dof=1056 (node=176, comp=0): FD=-3.5755e-06, K_c=1.5308e-07, diff=-3.7286e-06
    dof=446 (node=74, comp=2): FD=-3.6720e-06, K_c=-9.3785e-08, diff=-3.5782e-06
    dof=1057 (node=176, comp=1): FD=3.4725e-06, K_c=1.3617e-07, diff=3.3363e-06
============================================================
============================================================
接線剛性FD方向診断（status-256）
============================================================
  ||du|| = 1.0194e-04
  ||R_u|| = 7.8996e-06
  ⚠ R_u vs compute_residual(u) 乖離: 1.6851e-06 (リラクゼーション/動的項の差異)
  ||R_base|| = 7.2481e-06
  ||R(u+eps*du)|| = 7.2482e-06
  方向有効性: ||R(u+eps*du)||/||R(u)|| = 1.000003
  ⚠ du方向で残差が増加 — Newton方向が無効
  FD方向微分 = 1.1899e-05
  解析方向微分 = 2.6413e-06
  全体系 K@du: FD vs 解析 相対誤差 = 1.0001e+00
  ⚠ 全体系で接線剛性不整合 — K_c自体が不正確
  全体系不整合DOF上位5件:
    dof=992 (node=165, comp=2): FD=-4.3611e-03, analytical=-1.4940e-09, diff=-4.3611e-03
    dof=74 (node=12, comp=2): FD=-3.8903e-03, analytical=-9.0320e-11, diff=-3.8903e-03
    dof=92 (node=15, comp=2): FD=-3.5868e-03, analytical=9.0978e-10, diff=-3.5868e-03
    dof=1208 (node=201, comp=2): FD=3.5302e-03, analytical=6.8279e-09, diff=3.5302e-03
    dof=476 (node=79, comp=2): FD=-3.4548e-03, analytical=-7.0590e-09, diff=-3.4548e-03
  comp別不整合: [x:7.02e-03(38%), y:1.29e-03(7%), z:1.70e-02(92%), θx:6.83e-05(0%), θy:3.97e-04(2%), θz:1.67e-05(0%)]
  接触DOF不整合: 7.25e-03 (276 DOFs), 構造DOF不整合: 1.69e-02 (1662 DOFs)
  活性DOF K@du: FD vs 解析 相対誤差 = 9.9999e-01 (276 DOFs)
  ⚠ 活性DOFで接線剛性不整合
  方向微分整合度: |FD-解析|/max = 7.7802e-01
------------------------------------------------------------
  f_c 単独FD検証（K_c精度）
  ||∂f_c/∂u·du (FD)|| = 1.3527e-05
  ||K_c @ du|| = 2.7750e-06
  f_c FD相対誤差 = 1.1045e+00
  ⚠ K_c自体が不正確（f_c単独で10%超の不整合）
  f_c comp別不整合: [x=1.2e-05/78%, y=7.3e-06/49%, z=5.8e-06/39%, θx=0.0e+00/0%, θy=0.0e+00/0%, θz=0.0e+00/0%]
  f_c不整合DOF上位5件:
    dof=444 (node=74, comp=0): FD=6.1137e-06, K_c=-1.0393e-06, diff=7.1530e-06
    dof=438 (node=73, comp=0): FD=3.2841e-06, K_c=-8.0171e-07, diff=4.0858e-06
    dof=1056 (node=176, comp=0): FD=-3.3850e-06, K_c=1.4525e-07, diff=-3.5302e-06
    dof=446 (node=74, comp=2): FD=-3.4683e-06, K_c=-8.9861e-08, diff=-3.3784e-06
    dof=1057 (node=176, comp=1): FD=3.2864e-06, K_c=1.2918e-07, diff=3.1572e-06
============================================================
  [Type D対策] FD診断: Newton方向精度不良 (dir_ratio=1.000), NR上限拡張→35
  Incr 163 (frac=0.3549), attempt 20 [D.stall+E], ||R_t||/||f|| = 5.985e-06, ||R_r|| = 3.936e-06, ||R_w||/||f||=6.013e-06, rate=0.958, active=29, R(x=5.7e-06/75%,y=1.8e-06/24%,z=2.4e-06/32%)
============================================================
接線剛性FD方向診断（status-256）
============================================================
  ||du|| = 9.6366e-05
  ||R_u|| = 7.5711e-06
  ⚠ R_u vs compute_residual(u) 乖離: 2.1084e-06 (リラクゼーション/動的項の差異)
  ||R_base|| = 6.8268e-06
  ||R(u+eps*du)|| = 6.8268e-06
  方向有効性: ||R(u+eps*du)||/||R(u)|| = 0.999996
  ✓ du方向で残差が減少 — Newton方向は有効
  FD方向微分 = 1.0759e-05
  解析方向微分 = 2.5305e-06
  全体系 K@du: FD vs 解析 相対誤差 = 1.0001e+00
  ⚠ 全体系で接線剛性不整合 — K_c自体が不正確
  全体系不整合DOF上位5件:
    dof=80 (node=13, comp=2): FD=-4.0970e-03, analytical=-1.7544e-10, diff=-4.0970e-03
    dof=1094 (node=182, comp=2): FD=4.0896e-03, analytical=2.5271e-09, diff=4.0896e-03
    dof=1196 (node=199, comp=2): FD=4.0581e-03, analytical=-2.0978e-10, diff=4.0581e-03
    dof=1700 (node=283, comp=2): FD=3.9395e-03, analytical=1.9460e-10, diff=3.9395e-03
    dof=602 (node=100, comp=2): FD=-3.8957e-03, analytical=-8.4676e-07, diff=-3.8948e-03
  comp別不整合: [x:8.69e-03(40%), y:1.75e-03(8%), z:2.01e-02(91%), θx:6.95e-05(0%), θy:3.84e-04(2%), θz:1.42e-05(0%)]
  接触DOF不整合: 8.81e-03 (276 DOFs), 構造DOF不整合: 2.01e-02 (1662 DOFs)
  活性DOF K@du: FD vs 解析 相対誤差 = 1.0000e+00 (276 DOFs)
  ⚠ 活性DOFで接線剛性不整合
  方向微分整合度: |FD-解析|/max = 7.6481e-01
------------------------------------------------------------
  f_c 単独FD検証（K_c精度）
  ||∂f_c/∂u·du (FD)|| = 1.2820e-05
  ||K_c @ du|| = 2.5662e-06
  f_c FD相対誤差 = 1.1017e+00
  ⚠ K_c自体が不正確（f_c単独で10%超の不整合）
  f_c comp別不整合: [x=1.1e-05/78%, y=6.9e-06/49%, z=5.5e-06/39%, θx=0.0e+00/0%, θy=0.0e+00/0%, θz=0.0e+00/0%]
  f_c不整合DOF上位5件:
    dof=444 (node=74, comp=0): FD=5.8001e-06, K_c=-9.8370e-07, diff=6.7838e-06
    dof=438 (node=73, comp=0): FD=3.1164e-06, K_c=-7.5890e-07, diff=3.8753e-06
    dof=1056 (node=176, comp=0): FD=-3.2113e-06, K_c=1.3808e-07, diff=-3.3494e-06
    dof=446 (node=74, comp=2): FD=-3.2908e-06, K_c=-8.6217e-08, diff=-3.2046e-06
    dof=1057 (node=176, comp=1): FD=3.1171e-06, K_c=1.2278e-07, diff=2.9943e-06
============================================================
============================================================
接線剛性FD方向診断（status-256）
============================================================
  ||du|| = 9.1295e-05
  ||R_u|| = 7.2581e-06
  ⚠ R_u vs compute_residual(u) 乖離: 2.5086e-06 (リラクゼーション/動的項の差異)
  ||R_base|| = 6.4607e-06
  ||R(u+eps*du)|| = 6.4607e-06
  方向有効性: ||R(u+eps*du)||/||R(u)|| = 1.000004
  ⚠ du方向で残差が増加 — Newton方向が無効
  FD方向微分 = 9.8068e-06
  解析方向微分 = 2.4248e-06
  全体系 K@du: FD vs 解析 相対誤差 = 1.0001e+00
  ⚠ 全体系で接線剛性不整合 — K_c自体が不正確
  全体系不整合DOF上位5件:
    dof=1700 (node=283, comp=2): FD=3.9405e-03, analytical=1.5697e-10, diff=3.9405e-03
    dof=1004 (node=167, comp=2): FD=-3.7210e-03, analytical=6.1240e-07, diff=-3.7216e-03
    dof=686 (node=114, comp=2): FD=3.7018e-03, analytical=6.1441e-11, diff=3.7018e-03
    dof=1802 (node=300, comp=2): FD=3.6114e-03, analytical=9.1431e-11, diff=3.6114e-03
    dof=1208 (node=201, comp=2): FD=3.4018e-03, analytical=6.4597e-09, diff=3.4018e-03
  comp別不整合: [x:8.24e-03(42%), y:1.31e-03(7%), z:1.78e-02(91%), θx:6.52e-05(0%), θy:4.02e-04(2%), θz:1.64e-05(0%)]
  接触DOF不整合: 7.75e-03 (276 DOFs), 構造DOF不整合: 1.81e-02 (1662 DOFs)
  活性DOF K@du: FD vs 解析 相対誤差 = 9.9998e-01 (276 DOFs)
  ⚠ 活性DOFで接線剛性不整合
  方向微分整合度: |FD-解析|/max = 7.5275e-01
------------------------------------------------------------
  f_c 単独FD検証（K_c精度）
  ||∂f_c/∂u·du (FD)|| = 1.2132e-05
  ||K_c @ du|| = 2.3849e-06
  f_c FD相対誤差 = 1.0998e+00
  ⚠ K_c自体が不正確（f_c単独で10%超の不整合）
  f_c comp別不整合: [x=1.0e-05/78%, y=6.6e-06/49%, z=5.1e-06/38%, θx=0.0e+00/0%, θy=0.0e+00/0%, θz=0.0e+00/0%]
  f_c不整合DOF上位5件:
    dof=444 (node=74, comp=0): FD=5.4934e-06, K_c=-9.3284e-07, diff=6.4263e-06
    dof=438 (node=73, comp=0): FD=2.9569e-06, K_c=-7.1973e-07, diff=3.6766e-06
    dof=1056 (node=176, comp=0): FD=-3.0395e-06, K_c=1.3146e-07, diff=-3.1710e-06
    dof=446 (node=74, comp=2): FD=-3.1146e-06, K_c=-8.2803e-08, diff=-3.0318e-06
    dof=1057 (node=176, comp=1): FD=2.9486e-06, K_c=1.1688e-07, diff=2.8317e-06
============================================================
============================================================
接線剛性FD方向診断（status-256）
============================================================
  ||du|| = 8.6646e-05
  ||R_u|| = 6.9597e-06
  ⚠ R_u vs compute_residual(u) 乖離: 2.8879e-06 (リラクゼーション/動的項の差異)
  ||R_base|| = 6.1486e-06
  ||R(u+eps*du)|| = 6.1486e-06
  方向有効性: ||R(u+eps*du)||/||R(u)|| = 0.999996
  ✓ du方向で残差が減少 — Newton方向は有効
  FD方向微分 = 9.0115e-06
  解析方向微分 = 2.3238e-06
  全体系 K@du: FD vs 解析 相対誤差 = 1.0001e+00
  ⚠ 全体系で接線剛性不整合 — K_c自体が不正確
  全体系不整合DOF上位5件:
    dof=1712 (node=285, comp=2): FD=3.8547e-03, analytical=3.8181e-10, diff=3.8547e-03
    dof=74 (node=12, comp=2): FD=-3.7592e-03, analytical=-2.9255e-10, diff=-3.7592e-03
    dof=80 (node=13, comp=2): FD=3.5740e-03, analytical=2.9714e-10, diff=3.5740e-03
    dof=86 (node=14, comp=2): FD=-3.5239e-03, analytical=-3.1824e-11, diff=-3.5239e-03
    dof=704 (node=117, comp=2): FD=3.3333e-03, analytical=3.1060e-09, diff=3.3333e-03
  comp別不整合: [x:7.22e-03(39%), y:1.27e-03(7%), z:1.70e-02(92%), θx:6.76e-05(0%), θy:3.92e-04(2%), θz:1.48e-05(0%)]
  接触DOF不整合: 4.89e-03 (276 DOFs), 構造DOF不整合: 1.78e-02 (1662 DOFs)
  活性DOF K@du: FD vs 解析 相対誤差 = 1.0000e+00 (276 DOFs)
  ⚠ 活性DOFで接線剛性不整合
  方向微分整合度: |FD-解析|/max = 7.4213e-01
------------------------------------------------------------
  f_c 単独FD検証（K_c精度）
  ||∂f_c/∂u·du (FD)|| = 1.1515e-05
  ||K_c @ du|| = 2.2255e-06
  f_c FD相対誤差 = 1.0980e+00
  ⚠ K_c自体が不正確（f_c単独で10%超の不整合）
  f_c comp別不整合: [x=9.9e-06/78%, y=6.3e-06/49%, z=4.8e-06/38%, θx=0.0e+00/0%, θy=0.0e+00/0%, θz=0.0e+00/0%]
  f_c不整合DOF上位5件:
    dof=444 (node=74, comp=0): FD=5.2177e-06, K_c=-8.8598e-07, diff=6.1037e-06
    dof=438 (node=73, comp=0): FD=2.8122e-06, K_c=-6.8364e-07, diff=3.4958e-06
    dof=1056 (node=176, comp=0): FD=-2.8822e-06, K_c=1.2531e-07, diff=-3.0075e-06
    dof=446 (node=74, comp=2): FD=-2.9582e-06, K_c=-7.9580e-08, diff=-2.8787e-06
    dof=1057 (node=176, comp=1): FD=2.7945e-06, K_c=1.1140e-07, diff=2.6831e-06
============================================================
============================================================
接線剛性FD方向診断（status-256）
============================================================
  ||du|| = 8.2353e-05
  ||R_u|| = 6.6749e-06
  ⚠ R_u vs compute_residual(u) 乖離: 3.2480e-06 (リラクゼーション/動的項の差異)
  ||R_base|| = 5.8891e-06
  ||R(u+eps*du)|| = 5.8891e-06
  方向有効性: ||R(u+eps*du)||/||R(u)|| = 0.999996
  ✓ du方向で残差が減少 — Newton方向は有効
  FD方向微分 = 8.3262e-06
  解析方向微分 = 2.2274e-06
  全体系 K@du: FD vs 解析 相対誤差 = 1.0001e+00
  ⚠ 全体系で接線剛性不整合 — K_c自体が不正確
  全体系不整合DOF上位5件:
    dof=1088 (node=181, comp=2): FD=4.0793e-03, analytical=4.0647e-09, diff=4.0793e-03
    dof=1712 (node=285, comp=2): FD=3.9875e-03, analytical=1.7026e-10, diff=3.9875e-03
    dof=476 (node=79, comp=2): FD=-3.4510e-03, analytical=-6.2851e-09, diff=-3.4510e-03
    dof=1082 (node=180, comp=2): FD=-3.1917e-03, analytical=4.3074e-09, diff=-3.1917e-03
    dof=1214 (node=202, comp=2): FD=3.1460e-03, analytical=2.4033e-09, diff=3.1460e-03
  comp別不整合: [x:6.86e-03(39%), y:1.29e-03(7%), z:1.61e-02(92%), θx:6.41e-05(0%), θy:3.60e-04(2%), θz:1.46e-05(0%)]
  接触DOF不整合: 5.65e-03 (276 DOFs), 構造DOF不整合: 1.66e-02 (1662 DOFs)
  活性DOF K@du: FD vs 解析 相対誤差 = 1.0000e+00 (276 DOFs)
  ⚠ 活性DOFで接線剛性不整合
  方向微分整合度: |FD-解析|/max = 7.3249e-01
------------------------------------------------------------
  f_c 単独FD検証（K_c精度）
  ||∂f_c/∂u·du (FD)|| = 1.0986e-05
  ||K_c @ du|| = 2.0837e-06
  f_c FD相対誤差 = 1.0960e+00
  ⚠ K_c自体が不正確（f_c単独で10%超の不整合）
  f_c comp別不整合: [x=9.4e-06/78%, y=6.0e-06/50%, z=4.6e-06/38%, θx=0.0e+00/0%, θy=0.0e+00/0%, θz=0.0e+00/0%]
  f_c不整合DOF上位5件:
    dof=444 (node=74, comp=0): FD=4.9928e-06, K_c=-8.4254e-07, diff=5.8354e-06
    dof=438 (node=73, comp=0): FD=2.6769e-06, K_c=-6.5018e-07, diff=3.3271e-06
    dof=1056 (node=176, comp=0): FD=-2.7694e-06, K_c=1.1957e-07, diff=-2.8890e-06
    dof=446 (node=74, comp=2): FD=-2.8321e-06, K_c=-7.6523e-08, diff=-2.7555e-06
    dof=1057 (node=176, comp=1): FD=2.6866e-06, K_c=1.0628e-07, diff=2.5803e-06
============================================================
============================================================
接線剛性FD方向診断（status-256）
============================================================
  ||du|| = 7.8368e-05
  ||R_u|| = 6.4029e-06
  ⚠ R_u vs compute_residual(u) 乖離: 3.5903e-06 (リラクゼーション/動的項の差異)
  ||R_base|| = 5.6807e-06
  ||R(u+eps*du)|| = 5.6806e-06
  方向有効性: ||R(u+eps*du)||/||R(u)|| = 0.999993
  ✓ du方向で残差が減少 — Newton方向は有効
  FD方向微分 = 7.7260e-06
  解析方向微分 = 2.1352e-06
  全体系 K@du: FD vs 解析 相対誤差 = 1.0001e+00
  ⚠ 全体系で接線剛性不整合 — K_c自体が不正確
  全体系不整合DOF上位5件:
    dof=1808 (node=301, comp=2): FD=4.2369e-03, analytical=1.6366e-10, diff=4.2369e-03
    dof=80 (node=13, comp=2): FD=3.9625e-03, analytical=7.8786e-11, diff=3.9625e-03
    dof=86 (node=14, comp=2): FD=-3.9049e-03, analytical=1.2991e-10, diff=-3.9049e-03
    dof=1922 (node=320, comp=2): FD=3.5335e-03, analytical=-7.4131e-10, diff=3.5335e-03
    dof=908 (node=151, comp=2): FD=3.2218e-03, analytical=2.9823e-09, diff=3.2218e-03
  comp別不整合: [x:7.02e-03(40%), y:1.22e-03(7%), z:1.61e-02(91%), θx:5.90e-05(0%), θy:3.45e-04(2%), θz:1.42e-05(0%)]
  接触DOF不整合: 6.53e-03 (276 DOFs), 構造DOF不整合: 1.64e-02 (1662 DOFs)
  活性DOF K@du: FD vs 解析 相対誤差 = 1.0000e+00 (276 DOFs)
  ⚠ 活性DOFで接線剛性不整合
  方向微分整合度: |FD-解析|/max = 7.2363e-01
------------------------------------------------------------
  f_c 単独FD検証（K_c精度）
  ||∂f_c/∂u·du (FD)|| = 1.0425e-05
  ||K_c @ du|| = 1.9565e-06
  f_c FD相対誤差 = 1.0951e+00
  ⚠ K_c自体が不正確（f_c単独で10%超の不整合）
  f_c comp別不整合: [x=8.9e-06/78%, y=5.7e-06/50%, z=4.3e-06/38%, θx=0.0e+00/0%, θy=0.0e+00/0%, θz=0.0e+00/0%]
  f_c不整合DOF上位5件:
    dof=444 (node=74, comp=0): FD=4.7410e-06, K_c=-8.0209e-07, diff=5.5431e-06
    dof=438 (node=73, comp=0): FD=2.5497e-06, K_c=-6.1901e-07, diff=3.1687e-06
    dof=1056 (node=176, comp=0): FD=-2.6237e-06, K_c=1.1418e-07, diff=-2.7378e-06
    dof=446 (node=74, comp=2): FD=-2.6873e-06, K_c=-7.3611e-08, diff=-2.6137e-06
    dof=1057 (node=176, comp=1): FD=2.5432e-06, K_c=1.0147e-07, diff=2.4417e-06
============================================================
  Incr 163 (frac=0.3549), attempt 25 [D.stall+E], ||R_t||/||f|| = 4.843e-06, ||R_r|| = 3.216e-06, ||R_w||/||f||=4.866e-06, rate=0.959, active=29, R(x=4.6e-06/75%,y=1.5e-06/24%,z=2.0e-06/32%)
============================================================
接線剛性FD方向診断（status-256）
============================================================
  ||du|| = 7.4650e-05
  ||R_u|| = 6.1430e-06
  ⚠ R_u vs compute_residual(u) 乖離: 3.9160e-06 (リラクゼーション/動的項の差異)
  ||R_base|| = 5.5210e-06
  ||R(u+eps*du)|| = 5.5210e-06
  方向有効性: ||R(u+eps*du)||/||R(u)|| = 0.999998
  ✓ du方向で残差が減少 — Newton方向は有効
  FD方向微分 = 7.2079e-06
  解析方向微分 = 2.0471e-06
  全体系 K@du: FD vs 解析 相対誤差 = 1.0001e+00
  ⚠ 全体系で接線剛性不整合 — K_c自体が不正確
  全体系不整合DOF上位5件:
    dof=398 (node=66, comp=2): FD=-3.9503e-03, analytical=-2.8750e-08, diff=-3.9503e-03
    dof=92 (node=15, comp=2): FD=3.8329e-03, analytical=1.1488e-09, diff=3.8329e-03
    dof=1718 (node=286, comp=2): FD=3.7464e-03, analytical=1.2520e-10, diff=3.7464e-03
    dof=602 (node=100, comp=2): FD=3.4866e-03, analytical=-6.3671e-07, diff=3.4873e-03
    dof=692 (node=115, comp=2): FD=-3.3503e-03, analytical=-4.4267e-10, diff=-3.3503e-03
  comp別不整合: [x:7.57e-03(42%), y:1.03e-03(6%), z:1.62e-02(90%), θx:5.92e-05(0%), θy:3.49e-04(2%), θz:1.31e-05(0%)]
  接触DOF不整合: 6.54e-03 (276 DOFs), 構造DOF不整合: 1.67e-02 (1662 DOFs)
  活性DOF K@du: FD vs 解析 相対誤差 = 1.0000e+00 (276 DOFs)
  ⚠ 活性DOFで接線剛性不整合
  方向微分整合度: |FD-解析|/max = 7.1599e-01
------------------------------------------------------------
  f_c 単独FD検証（K_c精度）
  ||∂f_c/∂u·du (FD)|| = 9.9452e-06
  ||K_c @ du|| = 1.8416e-06
  f_c FD相対誤差 = 1.0937e+00
  ⚠ K_c自体が不正確（f_c単独で10%超の不整合）
  f_c comp別不整合: [x=8.5e-06/78%, y=5.4e-06/50%, z=4.1e-06/38%, θx=0.0e+00/0%, θy=0.0e+00/0%, θz=0.0e+00/0%]
  f_c不整合DOF上位5件:
    dof=444 (node=74, comp=0): FD=4.5219e-06, K_c=-7.6426e-07, diff=5.2861e-06
    dof=438 (node=73, comp=0): FD=2.4287e-06, K_c=-5.8985e-07, diff=3.0186e-06
    dof=1056 (node=176, comp=0): FD=-2.5044e-06, K_c=1.0910e-07, diff=-2.6135e-06
    dof=446 (node=74, comp=2): FD=-2.5625e-06, K_c=-7.0829e-08, diff=-2.4917e-06
    dof=1057 (node=176, comp=1): FD=2.4273e-06, K_c=9.6951e-08, diff=2.3303e-06
============================================================
============================================================
接線剛性FD方向診断（status-256）
============================================================
  ||du|| = 7.1170e-05
  ||R_u|| = 5.8945e-06
  ⚠ R_u vs compute_residual(u) 乖離: 4.2264e-06 (リラクゼーション/動的項の差異)
  ||R_base|| = 5.4076e-06
  ||R(u+eps*du)|| = 5.4076e-06
  方向有効性: ||R(u+eps*du)||/||R(u)|| = 1.000004
  ⚠ du方向で残差が増加 — Newton方向が無効
  FD方向微分 = 6.7425e-06
  解析方向微分 = 1.9628e-06
  全体系 K@du: FD vs 解析 相対誤差 = 1.0001e+00
  ⚠ 全体系で接線剛性不整合 — K_c自体が不正確
  全体系不整合DOF上位5件:
    dof=74 (node=12, comp=2): FD=-4.2908e-03, analytical=-1.0053e-10, diff=-4.2908e-03
    dof=992 (node=165, comp=2): FD=-3.8591e-03, analytical=-1.2991e-09, diff=-3.8591e-03
    dof=92 (node=15, comp=2): FD=-3.7153e-03, analytical=7.9609e-10, diff=-3.7153e-03
    dof=1712 (node=285, comp=2): FD=3.5944e-03, analytical=2.8156e-10, diff=3.5944e-03
    dof=68 (node=11, comp=2): FD=3.3839e-03, analytical=1.4701e-10, diff=3.3839e-03
  comp別不整合: [x:6.56e-03(38%), y:1.19e-03(7%), z:1.60e-02(92%), θx:6.10e-05(0%), θy:3.50e-04(2%), θz:1.40e-05(0%)]
  接触DOF不整合: 7.08e-03 (276 DOFs), 構造DOF不整合: 1.58e-02 (1662 DOFs)
  活性DOF K@du: FD vs 解析 相対誤差 = 9.9997e-01 (276 DOFs)
  ⚠ 活性DOFで接線剛性不整合
  方向微分整合度: |FD-解析|/max = 7.0889e-01
------------------------------------------------------------
  f_c 単独FD検証（K_c精度）
  ||∂f_c/∂u·du (FD)|| = 9.4859e-06
  ||K_c @ du|| = 1.7370e-06
  f_c FD相対誤差 = 1.0926e+00
  ⚠ K_c自体が不正確（f_c単独で10%超の不整合）
  f_c comp別不整合: [x=8.1e-06/78%, y=5.2e-06/50%, z=3.9e-06/38%, θx=0.0e+00/0%, θy=0.0e+00/0%, θz=0.0e+00/0%]
  f_c不整合DOF上位5件:
    dof=444 (node=74, comp=0): FD=4.3086e-06, K_c=-7.2877e-07, diff=5.0373e-06
    dof=438 (node=73, comp=0): FD=2.3206e-06, K_c=-5.6249e-07, diff=2.8831e-06
    dof=1056 (node=176, comp=0): FD=-2.3865e-06, K_c=1.0431e-07, diff=-2.4909e-06
    dof=446 (node=74, comp=2): FD=-2.4396e-06, K_c=-6.8164e-08, diff=-2.3714e-06
    dof=1057 (node=176, comp=1): FD=2.3122e-06, K_c=9.2683e-08, diff=2.2195e-06
============================================================
  Incr 163 (frac=0.3549), attempt 26, 凍結解除(disp)→再凍結 ||R_t||/||f||=4.113e-06 (cycle=2)
============================================================
接線剛性FD方向診断（status-256）
============================================================
  ||du|| = 3.9231e-05
  ||R_u|| = 5.3370e-06
  ⚠ R_u vs compute_residual(u) 乖離: 2.5114e-10 (リラクゼーション/動的項の差異)
  ||R_base|| = 5.3369e-06
  ||R(u+eps*du)|| = 5.3369e-06
  方向有効性: ||R(u+eps*du)||/||R(u)|| = 1.000000
  ✓ du方向で残差が減少 — Newton方向は有効
  FD方向微分 = 1.0466e-06
  解析方向微分 = 1.1681e-06
  全体系 K@du: FD vs 解析 相対誤差 = 1.0000e+00
  ⚠ 全体系で接線剛性不整合 — K_c自体が不正確
  全体系不整合DOF上位5件:
    dof=1718 (node=286, comp=2): FD=4.0095e-03, analytical=1.6972e-10, diff=4.0095e-03
    dof=1202 (node=200, comp=2): FD=-3.9342e-03, analytical=-4.2277e-10, diff=-3.9342e-03
    dof=1010 (node=168, comp=2): FD=3.5278e-03, analytical=-1.1132e-09, diff=3.5278e-03
    dof=704 (node=117, comp=2): FD=3.4561e-03, analytical=1.2225e-09, diff=3.4561e-03
    dof=1208 (node=201, comp=2): FD=3.2907e-03, analytical=5.0090e-09, diff=3.2907e-03
  comp別不整合: [x:7.72e-03(41%), y:1.33e-03(7%), z:1.69e-02(91%), θx:8.29e-05(0%), θy:3.19e-04(2%), θz:1.34e-05(0%)]
  接触DOF不整合: 5.94e-03 (276 DOFs), 構造DOF不整合: 1.77e-02 (1662 DOFs)
  活性DOF K@du: FD vs 解析 相対誤差 = 1.0000e+00 (276 DOFs)
  ⚠ 活性DOFで接線剛性不整合
  方向微分整合度: |FD-解析|/max = 1.0404e-01
------------------------------------------------------------
  f_c 単独FD検証（K_c精度）
  ||∂f_c/∂u·du (FD)|| = 2.6987e-06
  ||K_c @ du|| = 7.0527e-07
  f_c FD相対誤差 = 1.1277e+00
  ⚠ K_c自体が不正確（f_c単独で10%超の不整合）
  f_c comp別不整合: [x=1.9e-06/62%, y=2.3e-06/74%, z=7.8e-07/26%, θx=0.0e+00/0%, θy=0.0e+00/0%, θz=0.0e+00/0%]
  f_c不整合DOF上位5件:
    dof=535 (node=89, comp=1): FD=1.2129e-06, K_c=-3.2762e-08, diff=1.2457e-06
    dof=534 (node=89, comp=0): FD=-9.0623e-07, K_c=9.5779e-08, diff=-1.0020e-06
    dof=444 (node=74, comp=0): FD=4.2486e-07, K_c=-2.6869e-07, diff=6.9355e-07
    dof=637 (node=106, comp=1): FD=-6.6916e-07, K_c=6.5788e-09, diff=-6.7574e-07
    dof=529 (node=88, comp=1): FD=6.3000e-07, K_c=-9.1977e-10, diff=6.3092e-07
============================================================
  Incr 163 (frac=0.3549), attempt 27, 凍結解除(disp)→再凍結 ||R_t||/||f||=3.980e-06 (cycle=3)
============================================================
接線剛性FD方向診断（status-256）
============================================================
  ||du|| = 3.7082e-05
  ||R_u|| = 5.1459e-06
  ⚠ R_u vs compute_residual(u) 乖離: 9.8202e-11 (リラクゼーション/動的項の差異)
  ||R_base|| = 5.1459e-06
  ||R(u+eps*du)|| = 5.1459e-06
  方向有効性: ||R(u+eps*du)||/||R(u)|| = 1.000001
  ⚠ du方向で残差が増加 — Newton方向が無効
  FD方向微分 = 9.6278e-07
  解析方向微分 = 1.1137e-06
  全体系 K@du: FD vs 解析 相対誤差 = 1.0000e+00
  ⚠ 全体系で接線剛性不整合 — K_c自体が不正確
  全体系不整合DOF上位5件:
    dof=386 (node=64, comp=2): FD=-4.0358e-03, analytical=3.7260e-10, diff=-4.0358e-03
    dof=1100 (node=183, comp=2): FD=-3.6922e-03, analytical=-6.8434e-10, diff=-3.6922e-03
    dof=956 (node=159, comp=2): FD=3.5841e-03, analytical=3.5940e-09, diff=3.5841e-03
    dof=1106 (node=184, comp=2): FD=3.5499e-03, analytical=-3.1805e-09, diff=3.5499e-03
    dof=1010 (node=168, comp=2): FD=3.5315e-03, analytical=-1.0232e-09, diff=3.5315e-03
  comp別不整合: [x:7.05e-03(40%), y:1.09e-03(6%), z:1.59e-02(91%), θx:7.14e-05(0%), θy:2.76e-04(2%), θz:1.26e-05(0%)]
  接触DOF不整合: 8.10e-03 (276 DOFs), 構造DOF不整合: 1.55e-02 (1662 DOFs)
  活性DOF K@du: FD vs 解析 相対誤差 = 1.0000e+00 (276 DOFs)
  ⚠ 活性DOFで接線剛性不整合
  方向微分整合度: |FD-解析|/max = 1.3554e-01
------------------------------------------------------------
  f_c 単独FD検証（K_c精度）
  ||∂f_c/∂u·du (FD)|| = 2.4408e-06
  ||K_c @ du|| = 6.5955e-07
  f_c FD相対誤差 = 1.1337e+00
  ⚠ K_c自体が不正確（f_c単独で10%超の不整合）
  f_c comp別不整合: [x=1.7e-06/63%, y=2.0e-06/74%, z=7.2e-07/26%, θx=0.0e+00/0%, θy=0.0e+00/0%, θz=0.0e+00/0%]
  f_c不整合DOF上位5件:
    dof=535 (node=89, comp=1): FD=1.1006e-06, K_c=-3.1075e-08, diff=1.1316e-06
    dof=534 (node=89, comp=0): FD=-8.3666e-07, K_c=8.9360e-08, diff=-9.2602e-07
    dof=444 (node=74, comp=0): FD=3.6224e-07, K_c=-2.5084e-07, diff=6.1309e-07
    dof=637 (node=106, comp=1): FD=-6.0068e-07, K_c=6.1362e-09, diff=-6.0681e-07
    dof=529 (node=88, comp=1): FD=5.6803e-07, K_c=-8.4721e-10, diff=5.6887e-07
============================================================
  Incr 163 (frac=0.3549), attempt 28, 凍結解除(disp)→再凍結 ||R_t||/||f||=3.854e-06 (cycle=4)
============================================================
接線剛性FD方向診断（status-256）
============================================================
  ||du|| = 3.5081e-05
  ||R_u|| = 4.9626e-06
  ⚠ R_u vs compute_residual(u) 乖離: 9.1225e-11 (リラクゼーション/動的項の差異)
  ||R_base|| = 4.9626e-06
  ||R(u+eps*du)|| = 4.9626e-06
  方向有効性: ||R(u+eps*du)||/||R(u)|| = 0.999997
  ✓ du方向で残差が減少 — Newton方向は有効
  FD方向微分 = 9.0973e-07
  解析方向微分 = 1.0629e-06
  全体系 K@du: FD vs 解析 相対誤差 = 1.0000e+00
  ⚠ 全体系で接線剛性不整合 — K_c自体が不正確
  全体系不整合DOF上位5件:
    dof=1088 (node=181, comp=2): FD=-4.0845e-03, analytical=2.8184e-09, diff=-4.0845e-03
    dof=1304 (node=217, comp=2): FD=4.0335e-03, analytical=4.1280e-10, diff=4.0335e-03
    dof=884 (node=147, comp=2): FD=3.8814e-03, analytical=1.0468e-09, diff=3.8814e-03
    dof=392 (node=65, comp=2): FD=-3.8736e-03, analytical=1.1029e-09, diff=-3.8736e-03
    dof=686 (node=114, comp=2): FD=3.6923e-03, analytical=8.2318e-11, diff=3.6923e-03
  comp別不整合: [x:8.18e-03(39%), y:1.66e-03(8%), z:1.91e-02(92%), θx:8.32e-05(0%), θy:3.17e-04(2%), θz:1.25e-05(0%)]
  接触DOF不整合: 6.23e-03 (276 DOFs), 構造DOF不整合: 1.99e-02 (1662 DOFs)
  活性DOF K@du: FD vs 解析 相対誤差 = 1.0000e+00 (276 DOFs)
  ⚠ 活性DOFで接線剛性不整合
  方向微分整合度: |FD-解析|/max = 1.4408e-01
------------------------------------------------------------
  f_c 単独FD検証（K_c精度）
  ||∂f_c/∂u·du (FD)|| = 2.2345e-06
  ||K_c @ du|| = 6.1757e-07
  f_c FD相対誤差 = 1.1385e+00
  ⚠ K_c自体が不正確（f_c単独で10%超の不整合）
  f_c comp別不整合: [x=1.6e-06/63%, y=1.9e-06/74%, z=6.6e-07/26%, θx=0.0e+00/0%, θy=0.0e+00/0%, θz=0.0e+00/0%]
  f_c不整合DOF上位5件:
    dof=535 (node=89, comp=1): FD=1.0068e-06, K_c=-2.9498e-08, diff=1.0363e-06
    dof=534 (node=89, comp=0): FD=-7.6422e-07, K_c=8.3423e-08, diff=-8.4764e-07
    dof=444 (node=74, comp=0): FD=3.3561e-07, K_c=-2.3441e-07, diff=5.7002e-07
    dof=637 (node=106, comp=1): FD=-5.5096e-07, K_c=5.7279e-09, diff=-5.5669e-07
    dof=529 (node=88, comp=1): FD=5.1544e-07, K_c=-7.8959e-10, diff=5.1623e-07
============================================================
  Incr 163 (frac=0.3549), attempt 29, 凍結解除(disp)→再凍結 ||R_t||/||f||=3.733e-06 (cycle=5)
  Incr 163 (frac=0.3549), attempt 30 [D.stall+E], ||R_t||/||f|| = 3.727e-06, ||R_r|| = 2.586e-06, ||R_w||/||f||=3.746e-06, rate=0.969, active=29, R(x=2.3e-06/49%,y=3.1e-06/65%,z=1.0e-06/22%)
============================================================
接線剛性FD方向診断（status-256）
============================================================
  ||du|| = 3.3214e-05
  ||R_u|| = 4.7865e-06
  ⚠ R_u vs compute_residual(u) 乖離: 8.4870e-11 (リラクゼーション/動的項の差異)
  ||R_base|| = 4.7865e-06
  ||R(u+eps*du)|| = 4.7865e-06
  方向有効性: ||R(u+eps*du)||/||R(u)|| = 0.999999
  ✓ du方向で残差が減少 — Newton方向は有効
  FD方向微分 = 8.5194e-07
  解析方向微分 = 1.0151e-06
  全体系 K@du: FD vs 解析 相対誤差 = 1.0000e+00
  ⚠ 全体系で接線剛性不整合 — K_c自体が不正確
  全体系不整合DOF上位5件:
    dof=500 (node=83, comp=2): FD=-4.7874e-03, analytical=2.3375e-07, diff=-4.7876e-03
    dof=494 (node=82, comp=2): FD=4.6215e-03, analytical=-1.5047e-07, diff=4.6216e-03
    dof=488 (node=81, comp=2): FD=-3.3793e-03, analytical=-3.5380e-07, diff=-3.3789e-03
    dof=680 (node=113, comp=2): FD=-3.0905e-03, analytical=-1.3608e-10, diff=-3.0905e-03
    dof=498 (node=83, comp=0): FD=-2.3814e-03, analytical=1.0124e-08, diff=-2.3814e-03
  comp別不整合: [x:5.26e-03(39%), y:7.82e-04(6%), z:1.24e-02(92%), θx:6.16e-05(0%), θy:2.36e-04(2%), θz:1.30e-05(0%)]
  接触DOF不整合: 7.06e-03 (276 DOFs), 構造DOF不整合: 1.15e-02 (1662 DOFs)
  活性DOF K@du: FD vs 解析 相対誤差 = 9.9998e-01 (276 DOFs)
  ⚠ 活性DOFで接線剛性不整合
  方向微分整合度: |FD-解析|/max = 1.6075e-01
------------------------------------------------------------
  f_c 単独FD検証（K_c精度）
  ||∂f_c/∂u·du (FD)|| = 2.0134e-06
  ||K_c @ du|| = 5.7887e-07
  f_c FD相対誤差 = 1.1481e+00
  ⚠ K_c自体が不正確（f_c単独で10%超の不整合）
  f_c comp別不整合: [x=1.5e-06/64%, y=1.7e-06/73%, z=6.1e-07/26%, θx=0.0e+00/0%, θy=0.0e+00/0%, θz=0.0e+00/0%]
  f_c不整合DOF上位5件:
    dof=535 (node=89, comp=1): FD=9.0743e-07, K_c=-2.8024e-08, diff=9.3545e-07
    dof=534 (node=89, comp=0): FD=-6.9639e-07, K_c=7.7917e-08, diff=-7.7430e-07
    dof=444 (node=74, comp=0): FD=3.0564e-07, K_c=-2.1923e-07, diff=5.2487e-07
    dof=637 (node=106, comp=1): FD=-4.9359e-07, K_c=5.3504e-09, diff=-4.9894e-07
    dof=529 (node=88, comp=1): FD=4.6185e-07, K_c=-7.4496e-10, diff=4.6259e-07
============================================================
  Incr 163 (frac=0.3549), attempt 30, 凍結上限超過(disp)→通常NR復帰 ||R_t||/||f||=3.616e-06
  Incr 163 (frac=0.3549), attempt 31, ||du||/||u|| = 4.241e-09 (disp converged, 29 active)
  [NR診断] Incr 163 (frac=0.3549), 収束 att=32, Type分布[-:1(3%), B:1(3%), B+D.div:1(3%), C:2(6%), D.div+E:3(9%), D.stall+E:16(50%), E:8(25%)], 直近10[D.stall+E:9, E:1], R_c=4.19e-06, R_s=1.94e-06, active=29, sliding=397, activated=0, deactivated=0, stick→slide=0, slide→stick=0, comp(x=2.2e-06/49%,y=3.0e-06/66%,z=1.0e-06/22%,θx=2.2e-06/47%,θy=2.5e-07/6%,θz=1.1e-06/25%)
  [f_ref] Incr 164: f_ref=2.595e-01 (dynamic_ref), atol=6.92e-09
  Incr 164 (frac=0.3559), attempt 0 [C], ||R_t||/||f|| = 1.000e+00, ||R_r|| = 4.051e-03, ||R_w||/||f||=1.000e+00, active=30, R(x=1.3e-01/50%,y=2.3e-02/9%,z=2.2e-01/86%)
  Incr 164 (frac=0.3559), attempt 3, ||du||/||u|| = 7.000e-09 (disp converged, 30 active)
  [f_ref] Incr 165: f_ref=6.074e-01 (dynamic_ref), atol=5.62e-09
  Incr 165 (frac=0.3574), attempt 0 [C], ||R_t||/||f|| = 1.000e+00, ||R_r|| = 1.124e-02, ||R_w||/||f||=1.000e+00, active=29, R(x=3.1e-01/50%,y=5.4e-02/9%,z=5.2e-01/86%)
  Incr 165 (frac=0.3574), attempt 4, ||du||/||u|| = 5.172e-09 (disp converged, 30 active)
  [f_ref] Incr 166: f_ref=1.318e+00 (dynamic_ref), atol=5.76e-09
  Incr 166 (frac=0.3596), attempt 0 [C], ||R_t||/||f|| = 1.000e+00, ||R_r|| = 2.062e-02, ||R_w||/||f||=1.000e+00, active=28, R(x=6.7e-01/51%,y=1.2e-01/9%,z=1.1e+00/86%)
  Incr 166 (frac=0.3596), attempt 5 [E], ||R_t||/||f|| = 8.743e-06, ||R_r|| = 7.292e-06, ||R_w||/||f||=8.787e-06, rate=0.467, active=30, R(x=1.0e-05/75%,y=3.2e-06/24%,z=4.3e-06/32%)
  Incr 166 (frac=0.3596), attempt 6, ||du||/||u|| = 7.064e-09 (disp converged, 30 active)
  [f_ref] Incr 167: f_ref=1.361e+00 (dynamic_ref), atol=7.99e-09
  Incr 167 (frac=0.3618), attempt 0 [C], ||R_t||/||f|| = 1.000e+00, ||R_r|| = 2.917e-02, ||R_w||/||f||=1.000e+00, active=30, R(x=6.9e-01/51%,y=1.2e-01/9%,z=1.2e+00/86%)
  Incr 167 (frac=0.3618), attempt 5 [E], ||R_t||/||f|| = 4.136e-05, ||R_r|| = 3.556e-05, ||R_w||/||f||=4.157e-05, rate=0.621, active=31, R(x=5.1e-05/77%,y=1.7e-05/26%,z=1.6e-05/24%)
  Incr 167 (frac=0.3618), attempt 10 [D.div+E], ||R_t||/||f|| = 4.862e-05, ||R_r|| = 1.401e-05, ||R_w||/||f||=4.865e-05, rate=2.302, active=31, R(x=6.3e-05/94%,y=5.7e-06/8%,z=1.8e-05/27%)
  Incr 167 (frac=0.3618), 低残差チャタリング検知[E] → 接触凍結モード (att=15, ||R||/||f||=2.042e-05, R_c=2.99e-05, R_s=1.48e-05, cycle=1/5, active=31)
  Incr 167 (frac=0.3618), attempt 15 [E], ||R_t||/||f|| = 2.042e-05, ||R_r|| = 1.849e-05, ||R_w||/||f||=2.053e-05, rate=0.621, active=31, R(x=2.3e-05/69%,y=7.5e-06/22%,z=1.4e-05/41%)
============================================================
接線剛性FD方向診断（status-256）
============================================================
  ||du|| = 6.6181e-04
  ||R_u|| = 3.3380e-05
  ⚠ R_u vs compute_residual(u) 乖離: 1.0509e-07 (リラクゼーション/動的項の差異)
  ||R_base|| = 3.3451e-05
  ||R(u+eps*du)|| = 3.3452e-05
  方向有効性: ||R(u+eps*du)||/||R(u)|| = 1.000018
  ⚠ du方向で残差が増加 — Newton方向が無効
  FD方向微分 = 4.1897e-03
  解析方向微分 = -6.8887e-06
  全体系 K@du: FD vs 解析 相対誤差 = 1.0025e+00
  ⚠ 全体系で接線剛性不整合 — K_c自体が不正確
  全体系不整合DOF上位5件:
    dof=602 (node=100, comp=2): FD=4.4000e-03, analytical=-4.2135e-06, diff=4.4042e-03
    dof=1196 (node=199, comp=2): FD=-4.0468e-03, analytical=2.3824e-09, diff=-4.0468e-03
    dof=1202 (node=200, comp=2): FD=3.7859e-03, analytical=1.4835e-09, diff=3.7859e-03
    dof=498 (node=83, comp=0): FD=3.6042e-03, analytical=-2.3805e-06, diff=3.6065e-03
    dof=986 (node=164, comp=2): FD=3.5510e-03, analytical=-1.1960e-08, diff=3.5510e-03
  comp別不整合: [x:1.18e-02(52%), y:2.80e-03(12%), z:1.89e-02(84%), θx:2.31e-04(1%), θy:1.47e-03(7%), θz:6.23e-05(0%)]
  接触DOF不整合: 1.01e-02 (384 DOFs), 構造DOF不整合: 2.01e-02 (1554 DOFs)
  活性DOF K@du: FD vs 解析 相対誤差 = 1.0016e+00 (384 DOFs)
  ⚠ 活性DOFで接線剛性不整合
  方向微分整合度: |FD-解析|/max = 1.0016e+00
------------------------------------------------------------
  f_c 単独FD検証（K_c精度）
  ||∂f_c/∂u·du (FD)|| = 6.9118e-05
  ||K_c @ du|| = 6.6100e-05
  f_c FD相対誤差 = 1.7072e+00
  ⚠ K_c自体が不正確（f_c単独で10%超の不整合）
  f_c comp別不整合: [x=1.1e-04/92%, y=6.8e-06/6%, z=4.6e-05/39%, θx=0.0e+00/0%, θy=0.0e+00/0%, θz=0.0e+00/0%]
  f_c不整合DOF上位5件:
    dof=498 (node=83, comp=0): FD=2.9956e-05, K_c=-2.9714e-05, diff=5.9671e-05
    dof=600 (node=100, comp=0): FD=-2.9693e-05, K_c=2.9453e-05, diff=-5.9146e-05
    dof=492 (node=82, comp=0): FD=2.5075e-05, K_c=-2.2952e-05, diff=4.8027e-05
    dof=594 (node=99, comp=0): FD=-2.3543e-05, K_c=2.3328e-05, diff=-4.6872e-05
    dof=500 (node=83, comp=2): FD=-1.2425e-05, K_c=1.3006e-05, diff=-2.5431e-05
============================================================
============================================================
接線剛性FD方向診断（status-256）
============================================================
  ||du|| = 1.1502e-03
  ||R_u|| = 6.7671e-05
  ⚠ R_u vs compute_residual(u) 乖離: 3.7422e-05 (リラクゼーション/動的項の差異)
  ||R_base|| = 6.8750e-05
  ||R(u+eps*du)|| = 6.8750e-05
  方向有効性: ||R(u+eps*du)||/||R(u)|| = 1.000001
  ⚠ du方向で残差が増加 — Newton方向が無効
  FD方向微分 = -5.2040e-04
  解析方向微分 = 2.8928e-05
  全体系 K@du: FD vs 解析 相対誤差 = 1.0062e+00
  ⚠ 全体系で接線剛性不整合 — K_c自体が不正確
  全体系不整合DOF上位5件:
    dof=1190 (node=198, comp=2): FD=-4.1453e-03, analytical=-2.6707e-10, diff=-4.1453e-03
    dof=1712 (node=285, comp=2): FD=3.9720e-03, analytical=3.6795e-10, diff=3.9720e-03
    dof=1706 (node=284, comp=2): FD=-3.9470e-03, analytical=-3.0344e-10, diff=-3.9470e-03
    dof=1196 (node=199, comp=2): FD=3.9191e-03, analytical=5.5214e-10, diff=3.9191e-03
    dof=1820 (node=303, comp=2): FD=-3.8910e-03, analytical=-3.5594e-11, diff=-3.8910e-03
  comp別不整合: [x:8.97e-03(42%), y:2.14e-03(10%), z:1.93e-02(90%), θx:4.12e-04(2%), θy:2.38e-03(11%), θz:5.72e-05(0%)]
  接触DOF不整合: 9.86e-03 (384 DOFs), 構造DOF不整合: 1.91e-02 (1554 DOFs)
  活性DOF K@du: FD vs 解析 相対誤差 = 9.9994e-01 (384 DOFs)
  ⚠ 活性DOFで接線剛性不整合
  方向微分整合度: |FD-解析|/max = 1.0556e+00
------------------------------------------------------------
  f_c 単独FD検証（K_c精度）
  ||∂f_c/∂u·du (FD)|| = 1.3883e-04
  ||K_c @ du|| = 2.3123e-05
  f_c FD相対誤差 = 1.0891e+00
  ⚠ K_c自体が不正確（f_c単独で10%超の不整合）
  f_c comp別不整合: [x=1.2e-04/80%, y=7.4e-05/49%, z=5.2e-05/35%, θx=0.0e+00/0%, θy=0.0e+00/0%, θz=0.0e+00/0%]
  f_c不整合DOF上位5件:
    dof=444 (node=74, comp=0): FD=-6.3457e-05, K_c=1.2182e-05, diff=-7.5639e-05
    dof=438 (node=73, comp=0): FD=-3.2861e-05, K_c=9.2181e-06, diff=-4.2079e-05
    dof=534 (node=89, comp=0): FD=3.2551e-05, K_c=-4.4738e-06, diff=3.7024e-05
    dof=1056 (node=176, comp=0): FD=3.4664e-05, K_c=-1.4194e-06, diff=3.6083e-05
    dof=446 (node=74, comp=2): FD=3.5182e-05, K_c=1.2722e-06, diff=3.3910e-05
============================================================
============================================================
接線剛性FD方向診断（status-256）
============================================================
  ||du|| = 2.7640e-04
  ||R_u|| = 2.8181e-05
  ⚠ R_u vs compute_residual(u) 乖離: 1.0313e-04 (リラクゼーション/動的項の差異)
  ||R_base|| = 1.1652e-04
  ||R(u+eps*du)|| = 1.1652e-04
  方向有効性: ||R(u+eps*du)||/||R(u)|| = 1.000005
  ⚠ du方向で残差が増加 — Newton方向が無効
  FD方向微分 = -2.3797e-03
  解析方向微分 = 7.8489e-06
  全体系 K@du: FD vs 解析 相対誤差 = 1.0015e+00
  ⚠ 全体系で接線剛性不整合 — K_c自体が不正確
  全体系不整合DOF上位5件:
    dof=444 (node=74, comp=0): FD=-5.0773e-03, analytical=1.2232e-05, diff=-5.0896e-03
    dof=546 (node=91, comp=0): FD=4.6283e-03, analytical=-8.9689e-06, diff=4.6373e-03
    dof=540 (node=90, comp=0): FD=4.5524e-03, analytical=-9.3457e-06, diff=4.5618e-03
    dof=1610 (node=268, comp=2): FD=4.1976e-03, analytical=7.1248e-10, diff=4.1976e-03
    dof=380 (node=63, comp=2): FD=-4.0456e-03, analytical=-2.7783e-10, diff=-4.0456e-03
  comp別不整合: [x:1.19e-02(57%), y:4.34e-03(21%), z:1.68e-02(80%), θx:1.83e-04(1%), θy:9.68e-04(5%), θz:4.44e-05(0%)]
  接触DOF不整合: 1.28e-02 (402 DOFs), 構造DOF不整合: 1.67e-02 (1536 DOFs)
  活性DOF K@du: FD vs 解析 相対誤差 = 1.0013e+00 (402 DOFs)
  ⚠ 活性DOFで接線剛性不整合
  方向微分整合度: |FD-解析|/max = 1.0033e+00
------------------------------------------------------------
  f_c 単独FD検証（K_c精度）
  ||∂f_c/∂u·du (FD)|| = 5.6110e-05
  ||K_c @ du|| = 8.1068e-06
  f_c FD相対誤差 = 1.0806e+00
  ⚠ K_c自体が不正確（f_c単独で10%超の不整合）
  f_c comp別不整合: [x=4.6e-05/75%, y=3.2e-05/53%, z=2.3e-05/39%, θx=0.0e+00/0%, θy=0.0e+00/0%, θz=0.0e+00/0%]
  f_c不整合DOF上位5件:
    dof=444 (node=74, comp=0): FD=2.3076e-05, K_c=-4.1204e-06, diff=2.7196e-05
    dof=534 (node=89, comp=0): FD=-1.3987e-05, K_c=2.0053e-06, diff=-1.5992e-05
    dof=446 (node=74, comp=2): FD=-1.4572e-05, K_c=8.2365e-07, diff=-1.5396e-05
    dof=438 (node=73, comp=0): FD=1.2040e-05, K_c=-3.1727e-06, diff=1.5213e-05
    dof=1056 (node=176, comp=0): FD=-1.3642e-05, K_c=5.1027e-07, diff=-1.4153e-05
============================================================
============================================================
接線剛性FD方向診断（status-256）
============================================================
  ||du|| = 8.5362e-05
  ||R_u|| = 9.3248e-06
  ⚠ R_u vs compute_residual(u) 乖離: 4.6579e-05 (リラクゼーション/動的項の差異)
  ||R_base|| = 4.3051e-05
  ||R(u+eps*du)|| = 4.3051e-05
  方向有効性: ||R(u+eps*du)||/||R(u)|| = 0.999997
  ✓ du方向で残差が減少 — Newton方向は有効
  FD方向微分 = -1.0354e-03
  解析方向微分 = 2.4928e-06
  全体系 K@du: FD vs 解析 相対誤差 = 1.0002e+00
  ⚠ 全体系で接線剛性不整合 — K_c自体が不正確
  全体系不整合DOF上位5件:
    dof=1088 (node=181, comp=2): FD=3.9444e-03, analytical=-2.4139e-11, diff=3.9444e-03
    dof=1814 (node=302, comp=2): FD=3.8572e-03, analytical=4.3610e-10, diff=3.8572e-03
    dof=1808 (node=301, comp=2): FD=-3.8394e-03, analytical=-1.8071e-10, diff=-3.8394e-03
    dof=92 (node=15, comp=2): FD=3.5686e-03, analytical=-7.2720e-11, diff=3.5686e-03
    dof=602 (node=100, comp=2): FD=-3.4175e-03, analytical=-2.7358e-07, diff=-3.4172e-03
  comp別不整合: [x:7.76e-03(43%), y:2.05e-03(11%), z:1.63e-02(90%), θx:8.57e-05(0%), θy:4.30e-04(2%), θz:1.94e-05(0%)]
  接触DOF不整合: 9.39e-03 (402 DOFs), 構造DOF不整合: 1.55e-02 (1536 DOFs)
  活性DOF K@du: FD vs 解析 相対誤差 = 1.0003e+00 (402 DOFs)
  ⚠ 活性DOFで接線剛性不整合
  方向微分整合度: |FD-解析|/max = 1.0024e+00
------------------------------------------------------------
  f_c 単独FD検証（K_c精度）
  ||∂f_c/∂u·du (FD)|| = 1.9349e-05
  ||K_c @ du|| = 2.9502e-06
  f_c FD相対誤差 = 1.0845e+00
  ⚠ K_c自体が不正確（f_c単独で10%超の不整合）
  f_c comp別不整合: [x=1.6e-05/76%, y=1.1e-05/54%, z=7.5e-06/36%, θx=0.0e+00/0%, θy=0.0e+00/0%, θz=0.0e+00/0%]
  f_c不整合DOF上位5件:
    dof=444 (node=74, comp=0): FD=-7.9393e-06, K_c=1.4922e-06, diff=-9.4314e-06
    dof=534 (node=89, comp=0): FD=5.2520e-06, K_c=-7.6298e-07, diff=6.0150e-06
    dof=438 (node=73, comp=0): FD=-4.0588e-06, K_c=1.1394e-06, diff=-5.1983e-06
    dof=1056 (node=176, comp=0): FD=4.7829e-06, K_c=-1.6993e-07, diff=4.9528e-06
    dof=446 (node=74, comp=2): FD=4.7280e-06, K_c=-1.2546e-07, diff=4.8534e-06
============================================================
============================================================
接線剛性FD方向診断（status-256）
============================================================
  ||du|| = 8.1593e-05
  ||R_u|| = 8.9370e-06
  ⚠ R_u vs compute_residual(u) 乖離: 4.7165e-05 (リラクゼーション/動的項の差異)
  ||R_base|| = 4.3742e-05
  ||R(u+eps*du)|| = 4.3742e-05
  方向有効性: ||R(u+eps*du)||/||R(u)|| = 1.000000
  ⚠ du方向で残差が増加 — Newton方向が無効
  FD方向微分 = 1.7450e-05
  解析方向微分 = 2.3869e-06
  全体系 K@du: FD vs 解析 相対誤差 = 1.0002e+00
  ⚠ 全体系で接線剛性不整合 — K_c自体が不正確
  全体系不整合DOF上位5件:
    dof=1712 (node=285, comp=2): FD=-3.8466e-03, analytical=-4.2816e-10, diff=-3.8466e-03
    dof=1922 (node=320, comp=2): FD=-3.5166e-03, analytical=-1.6956e-10, diff=-3.5166e-03
    dof=1916 (node=319, comp=2): FD=3.2600e-03, analytical=1.1850e-10, diff=3.2600e-03
    dof=1010 (node=168, comp=2): FD=-3.1686e-03, analytical=1.3090e-10, diff=-3.1686e-03
    dof=1910 (node=318, comp=2): FD=-3.1484e-03, analytical=7.3405e-11, diff=-3.1484e-03
  comp別不整合: [x:6.73e-03(41%), y:1.19e-03(7%), z:1.51e-02(91%), θx:8.00e-05(0%), θy:3.99e-04(2%), θz:1.77e-05(0%)]
  接触DOF不整合: 7.00e-03 (402 DOFs), 構造DOF不整合: 1.51e-02 (1536 DOFs)
  活性DOF K@du: FD vs 解析 相対誤差 = 1.0000e+00 (402 DOFs)
  ⚠ 活性DOFで接線剛性不整合
  方向微分整合度: |FD-解析|/max = 8.6322e-01
------------------------------------------------------------
  f_c 単独FD検証（K_c精度）
  ||∂f_c/∂u·du (FD)|| = 1.8606e-05
  ||K_c @ du|| = 2.8184e-06
  f_c FD相対誤差 = 1.0851e+00
  ⚠ K_c自体が不正確（f_c単独で10%超の不整合）
  f_c comp別不整合: [x=1.5e-05/76%, y=1.1e-05/54%, z=7.2e-06/36%, θx=0.0e+00/0%, θy=0.0e+00/0%, θz=0.0e+00/0%]
  f_c不整合DOF上位5件:
    dof=444 (node=74, comp=0): FD=-7.6972e-06, K_c=1.4259e-06, diff=-9.1231e-06
    dof=534 (node=89, comp=0): FD=5.0536e-06, K_c=-7.2950e-07, diff=5.7831e-06
    dof=438 (node=73, comp=0): FD=-3.9659e-06, K_c=1.0889e-06, diff=-5.0548e-06
    dof=1056 (node=176, comp=0): FD=4.5702e-06, K_c=-1.6237e-07, diff=4.7325e-06
    dof=446 (node=74, comp=2): FD=4.5310e-06, K_c=-1.2050e-07, diff=4.6515e-06
============================================================
  Incr 167 (frac=0.3618), attempt 20 [D.stall+E], ||R_t||/||f|| = 5.474e-06, ||R_r|| = 4.226e-06, ||R_w||/||f||=5.496e-06, rate=0.958, active=31, R(x=6.9e-06/80%,y=2.3e-06/27%,z=1.8e-06/21%)
============================================================
接線剛性FD方向診断（status-256）
============================================================
  ||du|| = 7.7998e-05
  ||R_u|| = 8.5656e-06
  ⚠ R_u vs compute_residual(u) 乖離: 4.7726e-05 (リラクゼーション/動的項の差異)
  ||R_base|| = 4.4409e-05
  ||R(u+eps*du)|| = 4.4409e-05
  方向有効性: ||R(u+eps*du)||/||R(u)|| = 1.000000
  ✓ du方向で残差が減少 — Newton方向は有効
  FD方向微分 = 1.6675e-05
  解析方向微分 = 2.2857e-06
  全体系 K@du: FD vs 解析 相対誤差 = 1.0001e+00
  ⚠ 全体系で接線剛性不整合 — K_c自体が不正確
  全体系不整合DOF上位5件:
    dof=68 (node=11, comp=2): FD=-3.9286e-03, analytical=-2.0606e-10, diff=-3.9286e-03
    dof=380 (node=63, comp=2): FD=3.9130e-03, analytical=3.5784e-10, diff=3.9130e-03
    dof=602 (node=100, comp=2): FD=3.6050e-03, analytical=-2.4088e-07, diff=3.6052e-03
    dof=896 (node=149, comp=2): FD=3.5465e-03, analytical=8.3190e-08, diff=3.5464e-03
    dof=596 (node=99, comp=2): FD=-3.0677e-03, analytical=-1.9136e-07, diff=-3.0675e-03
  comp別不整合: [x:7.04e-03(42%), y:1.02e-03(6%), z:1.53e-02(91%), θx:8.02e-05(0%), θy:4.24e-04(3%), θz:1.76e-05(0%)]
  接触DOF不整合: 7.98e-03 (402 DOFs), 構造DOF不整合: 1.49e-02 (1536 DOFs)
  活性DOF K@du: FD vs 解析 相対誤差 = 1.0000e+00 (402 DOFs)
  ⚠ 活性DOFで接線剛性不整合
  方向微分整合度: |FD-解析|/max = 8.6293e-01
------------------------------------------------------------
  f_c 単独FD検証（K_c精度）
  ||∂f_c/∂u·du (FD)|| = 1.7760e-05
  ||K_c @ du|| = 2.6935e-06
  f_c FD相対誤差 = 1.0852e+00
  ⚠ K_c自体が不正確（f_c単独で10%超の不整合）
  f_c comp別不整合: [x=1.5e-05/76%, y=1.0e-05/54%, z=6.9e-06/36%, θx=0.0e+00/0%, θy=0.0e+00/0%, θz=0.0e+00/0%]
  f_c不整合DOF上位5件:
    dof=444 (node=74, comp=0): FD=-7.3285e-06, K_c=1.3631e-06, diff=-8.6916e-06
    dof=534 (node=89, comp=0): FD=4.8298e-06, K_c=-6.9760e-07, diff=5.5274e-06
    dof=438 (node=73, comp=0): FD=-3.7772e-06, K_c=1.0410e-06, diff=-4.8182e-06
    dof=1056 (node=176, comp=0): FD=4.3524e-06, K_c=-1.5519e-07, diff=4.5076e-06
    dof=446 (node=74, comp=2): FD=4.3112e-06, K_c=-1.1687e-07, diff=4.4281e-06
============================================================
============================================================
接線剛性FD方向診断（status-256）
============================================================
  ||du|| = 7.4568e-05
  ||R_u|| = 8.2098e-06
  ⚠ R_u vs compute_residual(u) 乖離: 4.8263e-05 (リラクゼーション/動的項の差異)
  ||R_base|| = 4.5051e-05
  ||R(u+eps*du)|| = 4.5051e-05
  方向有効性: ||R(u+eps*du)||/||R(u)|| = 1.000000
  ✓ du方向で残差が減少 — Newton方向は有効
  FD方向微分 = 1.5941e-05
  解析方向微分 = 2.1887e-06
  全体系 K@du: FD vs 解析 相対誤差 = 1.0001e+00
  ⚠ 全体系で接線剛性不整合 — K_c自体が不正確
  全体系不整合DOF上位5件:
    dof=698 (node=116, comp=2): FD=3.7462e-03, analytical=8.6987e-10, diff=3.7462e-03
    dof=704 (node=117, comp=2): FD=-3.6774e-03, analytical=-1.3713e-08, diff=-3.6774e-03
    dof=986 (node=164, comp=2): FD=-3.5693e-03, analytical=-2.4353e-09, diff=-3.5693e-03
    dof=1088 (node=181, comp=2): FD=3.1116e-03, analytical=-8.8913e-11, diff=3.1116e-03
    dof=980 (node=163, comp=2): FD=2.7144e-03, analytical=-1.2683e-09, diff=2.7144e-03
  comp別不整合: [x:6.43e-03(39%), y:1.22e-03(7%), z:1.52e-02(92%), θx:7.39e-05(0%), θy:3.46e-04(2%), θz:1.71e-05(0%)]
  接触DOF不整合: 7.45e-03 (402 DOFs), 構造DOF不整合: 1.48e-02 (1536 DOFs)
  活性DOF K@du: FD vs 解析 相対誤差 = 9.9998e-01 (402 DOFs)
  ⚠ 活性DOFで接線剛性不整合
  方向微分整合度: |FD-解析|/max = 8.6270e-01
------------------------------------------------------------
  f_c 単独FD検証（K_c精度）
  ||∂f_c/∂u·du (FD)|| = 1.6996e-05
  ||K_c @ du|| = 2.5745e-06
  f_c FD相対誤差 = 1.0851e+00
  ⚠ K_c自体が不正確（f_c単独で10%超の不整合）
  f_c comp別不整合: [x=1.4e-05/76%, y=1.0e-05/54%, z=6.6e-06/36%, θx=0.0e+00/0%, θy=0.0e+00/0%, θz=0.0e+00/0%]
  f_c不整合DOF上位5件:
    dof=444 (node=74, comp=0): FD=-7.0157e-06, K_c=1.3031e-06, diff=-8.3188e-06
    dof=534 (node=89, comp=0): FD=4.6326e-06, K_c=-6.6713e-07, diff=5.2998e-06
    dof=438 (node=73, comp=0): FD=-3.6223e-06, K_c=9.9528e-07, diff=-4.6176e-06
    dof=1056 (node=176, comp=0): FD=4.1610e-06, K_c=-1.4834e-07, diff=4.3093e-06
    dof=446 (node=74, comp=2): FD=4.1321e-06, K_c=-1.1328e-07, diff=4.2454e-06
============================================================
============================================================
接線剛性FD方向診断（status-256）
============================================================
  ||du|| = 7.1295e-05
  ||R_u|| = 7.8691e-06
  ⚠ R_u vs compute_residual(u) 乖離: 4.8777e-05 (リラクゼーション/動的項の差異)
  ||R_base|| = 4.5669e-05
  ||R(u+eps*du)|| = 4.5669e-05
  方向有効性: ||R(u+eps*du)||/||R(u)|| = 0.999999
  ✓ du方向で残差が減少 — Newton方向は有効
  FD方向微分 = 1.5238e-05
  解析方向微分 = 2.0959e-06
  全体系 K@du: FD vs 解析 相対誤差 = 1.0001e+00
  ⚠ 全体系で接線剛性不整合 — K_c自体が不正確
  全体系不整合DOF上位5件:
    dof=380 (node=63, comp=2): FD=3.9144e-03, analytical=4.3914e-10, diff=3.9144e-03
    dof=1814 (node=302, comp=2): FD=-3.8557e-03, analytical=1.9652e-11, diff=-3.8557e-03
    dof=1826 (node=304, comp=2): FD=-3.7862e-03, analytical=-4.9253e-10, diff=-3.7862e-03
    dof=1820 (node=303, comp=2): FD=3.6313e-03, analytical=9.5866e-11, diff=3.6313e-03
    dof=80 (node=13, comp=2): FD=-3.5591e-03, analytical=-1.2187e-10, diff=-3.5591e-03
  comp別不整合: [x:6.58e-03(38%), y:1.34e-03(8%), z:1.60e-02(92%), θx:7.69e-05(0%), θy:4.08e-04(2%), θz:1.68e-05(0%)]
  接触DOF不整合: 7.34e-03 (402 DOFs), 構造DOF不整合: 1.58e-02 (1536 DOFs)
  活性DOF K@du: FD vs 解析 相対誤差 = 1.0000e+00 (402 DOFs)
  ⚠ 活性DOFで接線剛性不整合
  方向微分整合度: |FD-解析|/max = 8.6246e-01
------------------------------------------------------------
  f_c 単独FD検証（K_c精度）
  ||∂f_c/∂u·du (FD)|| = 1.6236e-05
  ||K_c @ du|| = 2.4610e-06
  f_c FD相対誤差 = 1.0852e+00
  ⚠ K_c自体が不正確（f_c単独で10%超の不整合）
  f_c comp別不整合: [x=1.3e-05/76%, y=9.5e-06/54%, z=6.3e-06/36%, θx=0.0e+00/0%, θy=0.0e+00/0%, θz=0.0e+00/0%]
  f_c不整合DOF上位5件:
    dof=444 (node=74, comp=0): FD=-6.6989e-06, K_c=1.2459e-06, diff=-7.9448e-06
    dof=534 (node=89, comp=0): FD=4.4275e-06, K_c=-6.3801e-07, diff=5.0655e-06
    dof=438 (node=73, comp=0): FD=-3.4541e-06, K_c=9.5166e-07, diff=-4.4057e-06
    dof=1056 (node=176, comp=0): FD=3.9771e-06, K_c=-1.4182e-07, diff=4.1189e-06
    dof=446 (node=74, comp=2): FD=3.9449e-06, K_c=-1.0971e-07, diff=4.0546e-06
============================================================
  Incr 167 (frac=0.3618), attempt 22, 凍結解除(disp)→再凍結 ||R_t||/||f||=3.387e-05 (cycle=2)
============================================================
接線剛性FD方向診断（status-256）
============================================================
  ||du|| = 4.8752e-04
  ||R_u|| = 4.6264e-05
  ⚠ R_u vs compute_residual(u) 乖離: 5.1978e-10 (リラクゼーション/動的項の差異)
  ||R_base|| = 4.6264e-05
  ||R(u+eps*du)|| = 4.6264e-05
  方向有効性: ||R(u+eps*du)||/||R(u)|| = 1.000000
  ✓ du方向で残差が減少 — Newton方向は有効
  FD方向微分 = 4.6679e-05
  解析方向微分 = 1.3279e-05
  全体系 K@du: FD vs 解析 相対誤差 = 1.0022e+00
  ⚠ 全体系で接線剛性不整合 — K_c自体が不正確
  全体系不整合DOF上位5件:
    dof=992 (node=165, comp=2): FD=-4.6051e-03, analytical=-2.6363e-09, diff=-4.6051e-03
    dof=1292 (node=215, comp=2): FD=4.3268e-03, analytical=4.6204e-11, diff=4.3268e-03
    dof=86 (node=14, comp=2): FD=3.7606e-03, analytical=2.0206e-10, diff=3.7606e-03
    dof=1820 (node=303, comp=2): FD=3.6367e-03, analytical=8.9766e-10, diff=3.6367e-03
    dof=92 (node=15, comp=2): FD=-3.5680e-03, analytical=-3.3857e-10, diff=-3.5680e-03
  comp別不整合: [x:8.44e-03(39%), y:1.57e-03(7%), z:1.99e-02(92%), θx:4.16e-04(2%), θy:1.43e-03(7%), θz:5.10e-05(0%)]
  接触DOF不整合: 7.17e-03 (402 DOFs), 構造DOF不整合: 2.05e-02 (1536 DOFs)
  活性DOF K@du: FD vs 解析 相対誤差 = 9.9986e-01 (402 DOFs)
  ⚠ 活性DOFで接線剛性不整合
  方向微分整合度: |FD-解析|/max = 7.1552e-01
------------------------------------------------------------
  f_c 単独FD検証（K_c精度）
  ||∂f_c/∂u·du (FD)|| = 1.3413e-04
  ||K_c @ du|| = 1.3072e-05
  f_c FD相対誤差 = 1.0471e+00
  ⚠ K_c自体が不正確（f_c単独で10%超の不整合）
  f_c comp別不整合: [x=9.8e-05/70%, y=8.4e-05/60%, z=5.5e-05/39%, θx=0.0e+00/0%, θy=0.0e+00/0%, θz=0.0e+00/0%]
  f_c不整合DOF上位5件:
    dof=444 (node=74, comp=0): FD=5.7831e-05, K_c=-6.9233e-06, diff=6.4754e-05
    dof=1056 (node=176, comp=0): FD=-3.6691e-05, K_c=9.3974e-07, diff=-3.7631e-05
    dof=446 (node=74, comp=2): FD=-3.6435e-05, K_c=5.7705e-07, diff=-3.7012e-05
    dof=1057 (node=176, comp=1): FD=3.7146e-05, K_c=8.3754e-07, diff=3.6308e-05
    dof=949 (node=158, comp=1): FD=3.4575e-05, K_c=4.9139e-07, diff=3.4083e-05
============================================================
  [Type D対策] FD診断: Newton方向精度不良 (dir_ratio=1.000), NR上限拡張→38
============================================================
接線剛性FD方向診断（status-256）
============================================================
  ||du|| = 1.6967e-04
  ||R_u|| = 1.7140e-05
  ⚠ R_u vs compute_residual(u) 乖離: 1.3856e-04 (リラクゼーション/動的項の差異)
  ||R_base|| = 1.4553e-04
  ||R(u+eps*du)|| = 1.4553e-04
  方向有効性: ||R(u+eps*du)||/||R(u)|| = 1.000003
  ⚠ du方向で残差が増加 — Newton方向が無効
  FD方向微分 = -1.9832e-03
  解析方向微分 = 3.9249e-06
  全体系 K@du: FD vs 解析 相対誤差 = 1.0007e+00
  ⚠ 全体系で接線剛性不整合 — K_c自体が不正確
  全体系不整合DOF上位5件:
    dof=444 (node=74, comp=0): FD=3.9654e-03, analytical=-6.9347e-06, diff=3.9724e-03
    dof=1094 (node=182, comp=2): FD=3.9426e-03, analytical=1.0881e-08, diff=3.9426e-03
    dof=1814 (node=302, comp=2): FD=-3.7326e-03, analytical=-2.1930e-10, diff=-3.7326e-03
    dof=578 (node=96, comp=2): FD=3.5708e-03, analytical=5.8239e-08, diff=3.5708e-03
    dof=540 (node=90, comp=0): FD=-3.4630e-03, analytical=5.1767e-06, diff=-3.4682e-03
  comp別不整合: [x:9.24e-03(50%), y:2.87e-03(15%), z:1.58e-02(85%), θx:1.15e-04(1%), θy:6.26e-04(3%), θz:2.69e-05(0%)]
  接触DOF不整合: 1.07e-02 (402 DOFs), 構造DOF不整合: 1.52e-02 (1536 DOFs)
  活性DOF K@du: FD vs 解析 相対誤差 = 1.0008e+00 (402 DOFs)
  ⚠ 活性DOFで接線剛性不整合
  方向微分整合度: |FD-解析|/max = 1.0020e+00
------------------------------------------------------------
  f_c 単独FD検証（K_c精度）
  ||∂f_c/∂u·du (FD)|| = 3.9501e-05
  ||K_c @ du|| = 6.5352e-06
  f_c FD相対誤差 = 1.0858e+00
  ⚠ K_c自体が不正確（f_c単独で10%超の不整合）
  f_c comp別不整合: [x=3.3e-05/77%, y=2.3e-05/53%, z=1.5e-05/35%, θx=0.0e+00/0%, θy=0.0e+00/0%, θz=0.0e+00/0%]
  f_c不整合DOF上位5件:
    dof=444 (node=74, comp=0): FD=-1.7404e-05, K_c=3.1080e-06, diff=-2.0512e-05
    dof=1056 (node=176, comp=0): FD=1.0636e-05, K_c=-4.0106e-07, diff=1.1037e-05
    dof=438 (node=73, comp=0): FD=-8.6814e-06, K_c=2.3228e-06, diff=-1.1004e-05
    dof=534 (node=89, comp=0): FD=9.5007e-06, K_c=-1.3611e-06, diff=1.0862e-05
    dof=1057 (node=176, comp=1): FD=-1.0404e-05, K_c=-3.5005e-07, diff=-1.0054e-05
============================================================
  Incr 167 (frac=0.3618), attempt 25 [E], ||R_t||/||f|| = 4.804e-06, ||R_r|| = 1.605e-06, ||R_w||/||f||=4.807e-06, rate=0.499, active=31, R(x=5.9e-06/87%,y=1.5e-06/23%,z=2.4e-06/36%)
============================================================
接線剛性FD方向診断（status-256）
============================================================
  ||du|| = 6.5817e-05
  ||R_u|| = 6.7325e-06
  ⚠ R_u vs compute_residual(u) 乖離: 1.0212e-04 (リラクゼーション/動的項の差異)
  ||R_base|| = 1.0013e-04
  ||R(u+eps*du)|| = 1.0013e-04
  方向有効性: ||R(u+eps*du)||/||R(u)|| = 0.999998
  ✓ du方向で残差が減少 — Newton方向は有効
  FD方向微分 = 4.6948e-03
  解析方向微分 = -1.0677e-06
  全体系 K@du: FD vs 解析 相対誤差 = 1.0001e+00
  ⚠ 全体系で接線剛性不整合 — K_c自体が不正確
  全体系不整合DOF上位5件:
    dof=600 (node=100, comp=0): FD=5.4454e-03, analytical=-1.1062e-06, diff=5.4465e-03
    dof=500 (node=83, comp=2): FD=5.2731e-03, analytical=1.3197e-06, diff=5.2718e-03
    dof=890 (node=148, comp=2): FD=-3.6412e-03, analytical=-2.7035e-08, diff=-3.6412e-03
    dof=86 (node=14, comp=2): FD=3.6291e-03, analytical=-2.0198e-10, diff=3.6291e-03
    dof=492 (node=82, comp=0): FD=-3.5592e-03, analytical=1.0318e-06, diff=-3.5602e-03
  comp別不整合: [x:1.06e-02(52%), y:1.65e-03(8%), z:1.73e-02(85%), θx:5.66e-05(0%), θy:3.32e-04(2%), θz:1.51e-05(0%)]
  接触DOF不整合: 1.34e-02 (402 DOFs), 構造DOF不整合: 1.53e-02 (1536 DOFs)
  活性DOF K@du: FD vs 解析 相対誤差 = 1.0001e+00 (402 DOFs)
  ⚠ 活性DOFで接線剛性不整合
  方向微分整合度: |FD-解析|/max = 1.0002e+00
------------------------------------------------------------
  f_c 単独FD検証（K_c精度）
  ||∂f_c/∂u·du (FD)|| = 9.4332e-06
  ||K_c @ du|| = 6.7084e-06
  f_c FD相対誤差 = 1.6362e+00
  ⚠ K_c自体が不正確（f_c単独で10%超の不整合）
  f_c comp別不整合: [x=1.4e-05/91%, y=4.1e-06/26%, z=5.1e-06/33%, θx=0.0e+00/0%, θy=0.0e+00/0%, θz=0.0e+00/0%]
  f_c不整合DOF上位5件:
    dof=498 (node=83, comp=0): FD=-3.9610e-06, K_c=3.5318e-06, diff=-7.4928e-06
    dof=600 (node=100, comp=0): FD=3.9262e-06, K_c=-3.5008e-06, diff=7.4270e-06
    dof=492 (node=82, comp=0): FD=-3.4709e-06, K_c=2.7838e-06, diff=-6.2547e-06
    dof=594 (node=99, comp=0): FD=3.1124e-06, K_c=-2.7734e-06, diff=5.8858e-06
    dof=500 (node=83, comp=2): FD=1.3525e-06, K_c=-1.1869e-06, diff=2.5394e-06
============================================================
  Incr 167 (frac=0.3618), attempt 25, 凍結解除(disp)→再凍結 ||R_t||/||f||=7.349e-05 (cycle=3)
============================================================
接線剛性FD方向診断（status-256）
============================================================
  ||du|| = 1.2142e-03
  ||R_u|| = 1.0004e-04
  ⚠ R_u vs compute_residual(u) 乖離: 2.2843e-09 (リラクゼーション/動的項の差異)
  ||R_base|| = 1.0004e-04
  ||R(u+eps*du)|| = 1.0004e-04
  方向有効性: ||R(u+eps*du)||/||R(u)|| = 1.000000
  ✓ du方向で残差が減少 — Newton方向は有効
  FD方向微分 = 1.2608e-04
  解析方向微分 = 1.5484e-05
  全体系 K@du: FD vs 解析 相対誤差 = 1.0064e+00
  ⚠ 全体系で接線剛性不整合 — K_c自体が不正確
  全体系不整合DOF上位5件:
    dof=1106 (node=184, comp=2): FD=-4.0267e-03, analytical=7.9465e-11, diff=-4.0267e-03
    dof=1202 (node=200, comp=2): FD=-3.8088e-03, analytical=3.1758e-11, diff=-3.8088e-03
    dof=1610 (node=268, comp=2): FD=-3.7984e-03, analytical=-5.4941e-09, diff=-3.7984e-03
    dof=1922 (node=320, comp=2): FD=3.7630e-03, analytical=1.2918e-08, diff=3.7630e-03
    dof=176 (node=29, comp=2): FD=-3.5069e-03, analytical=3.8218e-09, diff=-3.5069e-03
  comp別不整合: [x:8.99e-03(40%), y:1.87e-03(8%), z:2.04e-02(91%), θx:1.53e-03(7%), θy:2.07e-03(9%), θz:1.41e-04(1%)]
  接触DOF不整合: 1.02e-02 (402 DOFs), 構造DOF不整合: 2.01e-02 (1536 DOFs)
  活性DOF K@du: FD vs 解析 相対誤差 = 9.9980e-01 (402 DOFs)
  ⚠ 活性DOFで接線剛性不整合
  方向微分整合度: |FD-解析|/max = 8.7718e-01
------------------------------------------------------------
  f_c 単独FD検証（K_c精度）
  ||∂f_c/∂u·du (FD)|| = 3.1253e-04
  ||K_c @ du|| = 6.4831e-05
  f_c FD相対誤差 = 1.0552e+00
  ⚠ K_c自体が不正確（f_c単独で10%超の不整合）
  f_c comp別不整合: [x=1.8e-04/54%, y=2.6e-04/80%, z=8.6e-05/26%, θx=0.0e+00/0%, θy=0.0e+00/0%, θz=0.0e+00/0%]
  f_c不整合DOF上位5件:
    dof=445 (node=74, comp=1): FD=1.3000e-04, K_c=-9.7674e-08, diff=1.3010e-04
    dof=439 (node=73, comp=1): FD=1.0650e-04, K_c=3.4580e-07, diff=1.0616e-04
    dof=949 (node=158, comp=1): FD=-9.2026e-05, K_c=1.7453e-07, diff=-9.2200e-05
    dof=487 (node=81, comp=1): FD=8.5561e-05, K_c=-6.2230e-07, diff=8.6184e-05
    dof=493 (node=82, comp=1): FD=7.5695e-05, K_c=7.0133e-07, diff=7.4994e-05
============================================================
============================================================
接線剛性FD方向診断（status-256）
============================================================
  ||du|| = 2.1897e-03
  ||R_u|| = 7.4045e-05
  ⚠ R_u vs compute_residual(u) 乖離: 3.6011e-04 (リラクゼーション/動的項の差異)
  ||R_base|| = 3.6519e-04
  ||R(u+eps*du)|| = 3.6519e-04
  方向有効性: ||R(u+eps*du)||/||R(u)|| = 1.000000
  ✓ du方向で残差が減少 — Newton方向は有効
  FD方向微分 = -4.7105e-04
  解析方向微分 = 3.2497e-05
  全体系 K@du: FD vs 解析 相対誤差 = 1.0181e+00
  ⚠ 全体系で接線剛性不整合 — K_c自体が不正確
  全体系不整合DOF上位5件:
    dof=398 (node=66, comp=2): FD=-4.4590e-03, analytical=4.7022e-08, diff=-4.4590e-03
    dof=1496 (node=249, comp=2): FD=4.2507e-03, analytical=2.3704e-10, diff=4.2507e-03
    dof=1706 (node=284, comp=2): FD=3.8164e-03, analytical=-2.6543e-09, diff=3.8164e-03
    dof=80 (node=13, comp=2): FD=-3.8147e-03, analytical=-2.1899e-10, diff=-3.8147e-03
    dof=1820 (node=303, comp=2): FD=3.7624e-03, analytical=9.2922e-10, diff=3.7624e-03
  comp別不整合: [x:9.68e-03(40%), y:2.17e-03(9%), z:2.17e-02(89%), θx:4.51e-04(2%), θy:4.54e-03(19%), θz:9.11e-05(0%)]
  接触DOF不整合: 1.04e-02 (402 DOFs), 構造DOF不整合: 2.19e-02 (1536 DOFs)
  活性DOF K@du: FD vs 解析 相対誤差 = 1.0001e+00 (402 DOFs)
  ⚠ 活性DOFで接線剛性不整合
  方向微分整合度: |FD-解析|/max = 1.0690e+00
------------------------------------------------------------
  f_c 単独FD検証（K_c精度）
  ||∂f_c/∂u·du (FD)|| = 3.0344e-04
  ||K_c @ du|| = 7.3467e-05
  f_c FD相対誤差 = 1.1257e+00
  ⚠ K_c自体が不正確（f_c単独で10%超の不整合）
  f_c comp別不整合: [x=2.8e-04/81%, y=1.6e-04/46%, z=1.2e-04/36%, θx=0.0e+00/0%, θy=0.0e+00/0%, θz=0.0e+00/0%]
  f_c不整合DOF上位5件:
    dof=444 (node=74, comp=0): FD=-1.3573e-04, K_c=2.7095e-05, diff=-1.6283e-04
    dof=438 (node=73, comp=0): FD=-7.2250e-05, K_c=2.0670e-05, diff=-9.2920e-05
    dof=486 (node=81, comp=0): FD=-4.5489e-05, K_c=2.9935e-05, diff=-7.5424e-05
    dof=446 (node=74, comp=2): FD=7.7281e-05, K_c=1.8829e-06, diff=7.5398e-05
    dof=540 (node=90, comp=0): FD=5.0317e-05, K_c=-2.0875e-05, diff=7.1192e-05
============================================================
============================================================
接線剛性FD方向診断（status-256）
============================================================
  ||du|| = 1.4362e-03
  ||R_u|| = 8.3328e-05
  ⚠ R_u vs compute_residual(u) 乖離: 5.2816e-04 (リラクゼーション/動的項の差異)
  ||R_base|| = 5.5240e-04
  ||R(u+eps*du)|| = 5.5240e-04
  方向有効性: ||R(u+eps*du)||/||R(u)|| = 1.000001
  ⚠ du方向で残差が増加 — Newton方向が無効
  FD方向微分 = -2.1269e-03
  解析方向微分 = 3.3960e-05
  全体系 K@du: FD vs 解析 相対誤差 = 1.0079e+00
  ⚠ 全体系で接線剛性不整合 — K_c自体が不正確
  全体系不整合DOF上位5件:
    dof=444 (node=74, comp=0): FD=-6.2916e-03, analytical=2.7251e-05, diff=-6.3189e-03
    dof=546 (node=91, comp=0): FD=5.2099e-03, analytical=-2.0340e-05, diff=5.2302e-03
    dof=540 (node=90, comp=0): FD=5.1151e-03, analytical=-2.0839e-05, diff=5.1360e-03
    dof=440 (node=73, comp=2): FD=4.4991e-03, analytical=2.2493e-06, diff=4.4968e-03
    dof=438 (node=73, comp=0): FD=-4.3130e-03, analytical=2.0908e-05, diff=-4.3339e-03
  comp別不整合: [x:1.40e-02(55%), y:6.18e-03(24%), z:2.03e-02(79%), θx:5.45e-04(2%), θy:2.95e-03(12%), θz:1.42e-04(1%)]
  接触DOF不整合: 1.63e-02 (378 DOFs), 構造DOF不整合: 1.97e-02 (1560 DOFs)
  活性DOF K@du: FD vs 解析 相対誤差 = 1.0024e+00 (378 DOFs)
  ⚠ 活性DOFで接線剛性不整合
  方向微分整合度: |FD-解析|/max = 1.0160e+00
------------------------------------------------------------
  f_c 単独FD検証（K_c精度）
  ||∂f_c/∂u·du (FD)|| = 2.2103e-04
  ||K_c @ du|| = 2.3693e-05
  f_c FD相対誤差 = 1.0341e+00
  ⚠ K_c自体が不正確（f_c単独で10%超の不整合）
  f_c comp別不整合: [x=1.3e-04/58%, y=1.7e-04/74%, z=7.8e-05/34%, θx=0.0e+00/0%, θy=0.0e+00/0%, θz=0.0e+00/0%]
  f_c不整合DOF上位5件:
    dof=487 (node=81, comp=1): FD=7.1445e-05, K_c=-3.5745e-06, diff=7.5019e-05
    dof=444 (node=74, comp=0): FD=5.3061e-05, K_c=-8.0404e-06, diff=6.1101e-05
    dof=997 (node=166, comp=1): FD=-5.1771e-05, K_c=3.4728e-06, diff=-5.5244e-05
    dof=451 (node=75, comp=1): FD=5.5077e-05, K_c=-1.7332e-08, diff=5.5094e-05
    dof=493 (node=82, comp=1): FD=5.2193e-05, K_c=-2.7359e-06, diff=5.4929e-05
============================================================
============================================================
接線剛性FD方向診断（status-256）
============================================================
  ||du|| = 1.1180e-03
  ||R_u|| = 4.7769e-05
  ⚠ R_u vs compute_residual(u) 乖離: 5.5548e-04 (リラクゼーション/動的項の差異)
  ||R_base|| = 5.5559e-04
  ||R(u+eps*du)|| = 5.5559e-04
  方向有効性: ||R(u+eps*du)||/||R(u)|| = 1.000000
  ✓ du方向で残差が減少 — Newton方向は有効
  FD方向微分 = -4.8018e-03
  解析方向微分 = 6.8972e-06
  全体系 K@du: FD vs 解析 相対誤差 = 1.0040e+00
  ⚠ 全体系で接線剛性不整合 — K_c自体が不正確
  全体系不整合DOF上位5件:
    dof=444 (node=74, comp=0): FD=5.6206e-03, analytical=-7.9640e-06, diff=5.6286e-03
    dof=540 (node=90, comp=0): FD=-4.9506e-03, analytical=5.6689e-06, diff=-4.9562e-03
    dof=476 (node=79, comp=2): FD=-4.8277e-03, analytical=-1.9798e-07, diff=-4.8275e-03
    dof=546 (node=91, comp=0): FD=-4.7337e-03, analytical=5.3094e-06, diff=-4.7390e-03
    dof=488 (node=81, comp=2): FD=-4.3703e-03, analytical=7.5775e-06, diff=-4.3779e-03
  comp別不整合: [x:1.39e-02(59%), y:5.73e-03(25%), z:1.78e-02(76%), θx:4.63e-04(2%), θy:1.90e-03(8%), θz:1.11e-04(0%)]
  接触DOF不整合: 1.58e-02 (402 DOFs), 構造DOF不整合: 1.72e-02 (1536 DOFs)
  活性DOF K@du: FD vs 解析 相対誤差 = 1.0012e+00 (402 DOFs)
  ⚠ 活性DOFで接線剛性不整合
  方向微分整合度: |FD-解析|/max = 1.0014e+00
------------------------------------------------------------
  f_c 単独FD検証（K_c精度）
  ||∂f_c/∂u·du (FD)|| = 2.3651e-04
  ||K_c @ du|| = 4.7888e-05
  f_c FD相対誤差 = 1.0671e+00
  ⚠ K_c自体が不正確（f_c単独で10%超の不整合）
  f_c comp別不整合: [x=8.4e-05/33%, y=2.3e-04/92%, z=5.0e-05/20%, θx=0.0e+00/0%, θy=0.0e+00/0%, θz=0.0e+00/0%]
  f_c不整合DOF上位5件:
    dof=487 (node=81, comp=1): FD=-1.3286e-04, K_c=1.0631e-05, diff=-1.4349e-04
    dof=997 (node=166, comp=1): FD=9.8611e-05, K_c=-1.0244e-05, diff=1.0885e-04
    dof=1003 (node=167, comp=1): FD=7.8831e-05, K_c=-8.4584e-06, diff=8.7289e-05
    dof=493 (node=82, comp=1): FD=-7.8280e-05, K_c=8.0592e-06, diff=-8.6339e-05
    dof=444 (node=74, comp=0): FD=-4.0425e-05, K_c=7.9818e-06, diff=-4.8407e-05
============================================================
  Incr 167 (frac=0.3618), attempt 30 [D.div+E], ||R_t||/||f|| = 3.564e-05, ||R_r|| = 3.668e-05, ||R_w||/||f||=3.590e-05, rate=1.996, active=31, R(x=3.6e-05/59%,y=2.0e-05/33%,z=2.5e-05/42%)
============================================================
接線剛性FD方向診断（status-256）
============================================================
  ||du|| = 1.0822e-03
  ||R_u|| = 6.0815e-05
  ⚠ R_u vs compute_residual(u) 乖離: 4.4638e-04 (リラクゼーション/動的項の差異)
  ||R_base|| = 4.5672e-04
  ||R(u+eps*du)|| = 4.5672e-04
  方向有効性: ||R(u+eps*du)||/||R(u)|| = 1.000001
  ⚠ du方向で残差が増加 — Newton方向が無効
  FD方向微分 = -9.9530e-04
  解析方向微分 = 2.3371e-05
  全体系 K@du: FD vs 解析 相対誤差 = 1.0044e+00
  ⚠ 全体系で接線剛性不整合 — K_c自体が不正確
  全体系不整合DOF上位5件:
    dof=380 (node=63, comp=2): FD=-3.9113e-03, analytical=-3.3319e-10, diff=-3.9113e-03
    dof=1088 (node=181, comp=2): FD=-3.9085e-03, analytical=-1.9124e-10, diff=-3.9085e-03
    dof=386 (node=64, comp=2): FD=3.9006e-03, analytical=2.4696e-10, diff=3.9006e-03
    dof=680 (node=113, comp=2): FD=-3.8890e-03, analytical=-6.1469e-11, diff=-3.8890e-03
    dof=1814 (node=302, comp=2): FD=3.8554e-03, analytical=1.7242e-10, diff=3.8554e-03
  comp別不整合: [x:8.53e-03(42%), y:2.67e-03(13%), z:1.81e-02(89%), θx:4.57e-04(2%), θy:1.79e-03(9%), θz:1.04e-04(1%)]
  接触DOF不整合: 9.21e-03 (378 DOFs), 構造DOF不整合: 1.81e-02 (1560 DOFs)
  活性DOF K@du: FD vs 解析 相対誤差 = 1.0019e+00 (378 DOFs)
  ⚠ 活性DOFで接線剛性不整合
  方向微分整合度: |FD-解析|/max = 1.0235e+00
------------------------------------------------------------
  f_c 単独FD検証（K_c精度）
  ||∂f_c/∂u·du (FD)|| = 2.0303e-04
  ||K_c @ du|| = 1.7032e-05
  f_c FD相対誤差 = 1.0175e+00
  ⚠ K_c自体が不正確（f_c単独で10%超の不整合）
  f_c comp別不整合: [x=9.4e-05/46%, y=1.8e-04/86%, z=5.1e-05/24%, θx=0.0e+00/0%, θy=0.0e+00/0%, θz=0.0e+00/0%]
  f_c不整合DOF上位5件:
    dof=487 (node=81, comp=1): FD=9.5170e-05, K_c=-3.0910e-06, diff=9.8261e-05
    dof=997 (node=166, comp=1): FD=-6.9553e-05, K_c=2.9922e-06, diff=-7.2546e-05
    dof=493 (node=82, comp=1): FD=6.5828e-05, K_c=-2.3566e-06, diff=6.8184e-05
    dof=1003 (node=167, comp=1): FD=-5.5241e-05, K_c=2.4721e-06, diff=-5.7713e-05
    dof=451 (node=75, comp=1): FD=3.7982e-05, K_c=-6.3959e-08, diff=3.8046e-05
============================================================
============================================================
接線剛性FD方向診断（status-256）
============================================================
  ||du|| = 8.6892e-04
  ||R_u|| = 4.0181e-05
  ⚠ R_u vs compute_residual(u) 乖離: 5.5301e-04 (リラクゼーション/動的項の差異)
  ||R_base|| = 5.5363e-04
  ||R(u+eps*du)|| = 5.5363e-04
  方向有効性: ||R(u+eps*du)||/||R(u)|| = 1.000000
  ✓ du方向で残差が減少 — Newton方向は有効
  FD方向微分 = -3.1581e-03
  解析方向微分 = 5.7632e-06
  全体系 K@du: FD vs 解析 相対誤差 = 1.0024e+00
  ⚠ 全体系で接線剛性不整合 — K_c自体が不正確
  全体系不整合DOF上位5件:
    dof=998 (node=166, comp=2): FD=4.9482e-03, analytical=-6.9195e-06, diff=4.9551e-03
    dof=1826 (node=304, comp=2): FD=-3.9164e-03, analytical=-4.2566e-10, diff=-3.9164e-03
    dof=74 (node=12, comp=2): FD=-3.8786e-03, analytical=-1.9666e-10, diff=-3.8786e-03
    dof=596 (node=99, comp=2): FD=-3.7028e-03, analytical=-9.0275e-08, diff=-3.7027e-03
    dof=92 (node=15, comp=2): FD=-3.5660e-03, analytical=-6.2617e-10, diff=-3.5660e-03
  comp別不整合: [x:1.11e-02(50%), y:3.50e-03(16%), z:1.91e-02(85%), θx:3.78e-04(2%), θy:1.44e-03(6%), θz:8.64e-05(0%)]
  接触DOF不整合: 1.05e-02 (378 DOFs), 構造DOF不整合: 1.98e-02 (1560 DOFs)
  活性DOF K@du: FD vs 解析 相対誤差 = 1.0012e+00 (378 DOFs)
  ⚠ 活性DOFで接線剛性不整合
  方向微分整合度: |FD-解析|/max = 1.0018e+00
------------------------------------------------------------
  f_c 単独FD検証（K_c精度）
  ||∂f_c/∂u·du (FD)|| = 1.9056e-04
  ||K_c @ du|| = 3.6112e-05
  f_c FD相対誤差 = 1.0585e+00
  ⚠ K_c自体が不正確（f_c単独で10%超の不整合）
  f_c comp別不整合: [x=6.2e-05/31%, y=1.9e-04/93%, z=3.8e-05/19%, θx=0.0e+00/0%, θy=0.0e+00/0%, θz=0.0e+00/0%]
  f_c不整合DOF上位5件:
    dof=487 (node=81, comp=1): FD=-1.0858e-04, K_c=8.1054e-06, diff=-1.1668e-04
    dof=997 (node=166, comp=1): FD=8.0158e-05, K_c=-7.8114e-06, diff=8.7969e-05
    dof=1003 (node=167, comp=1): FD=6.4038e-05, K_c=-6.4500e-06, diff=7.0488e-05
    dof=493 (node=82, comp=1): FD=-6.3639e-05, K_c=6.1455e-06, diff=-6.9784e-05
    dof=444 (node=74, comp=0): FD=-2.8895e-05, K_c=5.5625e-06, diff=-3.4457e-05
============================================================
============================================================
接線剛性FD方向診断（status-256）
============================================================
  ||du|| = 8.7935e-04
  ||R_u|| = 4.6695e-05
  ⚠ R_u vs compute_residual(u) 乖離: 4.5298e-04 (リラクゼーション/動的項の差異)
  ||R_base|| = 4.5934e-04
  ||R(u+eps*du)|| = 4.5935e-04
  方向有効性: ||R(u+eps*du)||/||R(u)|| = 1.000000
  ⚠ du方向で残差が増加 — Newton方向が無効
  FD方向微分 = -1.0273e-03
  解析方向微分 = 1.7544e-05
  全体系 K@du: FD vs 解析 相対誤差 = 1.0030e+00
  ⚠ 全体系で接線剛性不整合 — K_c自体が不正確
  全体系不整合DOF上位5件:
    dof=68 (node=11, comp=2): FD=4.1967e-03, analytical=2.6590e-10, diff=4.1967e-03
    dof=596 (node=99, comp=2): FD=-3.9694e-03, analytical=4.9550e-08, diff=-3.9694e-03
    dof=680 (node=113, comp=2): FD=3.9064e-03, analytical=2.2580e-10, diff=3.9064e-03
    dof=692 (node=115, comp=2): FD=3.8446e-03, analytical=2.6680e-10, diff=3.8446e-03
    dof=686 (node=114, comp=2): FD=-3.8044e-03, analytical=-5.4398e-10, diff=-3.8044e-03
  comp別不整合: [x:8.35e-03(43%), y:2.23e-03(11%), z:1.75e-02(89%), θx:3.77e-04(2%), θy:1.42e-03(7%), θz:8.44e-05(0%)]
  接触DOF不整合: 7.40e-03 (378 DOFs), 構造DOF不整合: 1.81e-02 (1560 DOFs)
  活性DOF K@du: FD vs 解析 相対誤差 = 1.0018e+00 (378 DOFs)
  ⚠ 活性DOFで接線剛性不整合
  方向微分整合度: |FD-解析|/max = 1.0171e+00
------------------------------------------------------------
  f_c 単独FD検証（K_c精度）
  ||∂f_c/∂u·du (FD)|| = 1.7252e-04
  ||K_c @ du|| = 1.6291e-05
  f_c FD相対誤差 = 1.0197e+00
  ⚠ K_c自体が不正確（f_c単独で10%超の不整合）
  f_c comp別不整合: [x=7.5e-05/43%, y=1.5e-04/88%, z=4.0e-05/23%, θx=0.0e+00/0%, θy=0.0e+00/0%, θz=0.0e+00/0%]
  f_c不整合DOF上位5件:
    dof=487 (node=81, comp=1): FD=8.5606e-05, K_c=-3.2266e-06, diff=8.8832e-05
    dof=997 (node=166, comp=1): FD=-6.2750e-05, K_c=3.1202e-06, diff=-6.5870e-05
    dof=493 (node=82, comp=1): FD=5.6625e-05, K_c=-2.4563e-06, diff=5.9082e-05
    dof=1003 (node=167, comp=1): FD=-4.9874e-05, K_c=2.5770e-06, diff=-5.2451e-05
    dof=444 (node=74, comp=0): FD=2.5714e-05, K_c=-4.4270e-06, diff=3.0141e-05
============================================================
============================================================
接線剛性FD方向診断（status-256）
============================================================
  ||du|| = 9.4100e-04
  ||R_u|| = 3.4063e-05
  ⚠ R_u vs compute_residual(u) 乖離: 5.5419e-04 (リラクゼーション/動的項の差異)
  ||R_base|| = 5.5466e-04
  ||R(u+eps*du)|| = 5.5466e-04
  方向有効性: ||R(u+eps*du)||/||R(u)|| = 1.000000
  ✓ du方向で残差が減少 — Newton方向は有効
  FD方向微分 = -2.9260e-03
  解析方向微分 = 6.0149e-06
  全体系 K@du: FD vs 解析 相対誤差 = 1.0032e+00
  ⚠ 全体系で接線剛性不整合 — K_c自体が不正確
  全体系不整合DOF上位5件:
    dof=1724 (node=287, comp=2): FD=-3.8627e-03, analytical=3.6126e-09, diff=-3.8627e-03
    dof=392 (node=65, comp=2): FD=3.8527e-03, analytical=2.5249e-10, diff=3.8527e-03
    dof=398 (node=66, comp=2): FD=-3.6803e-03, analytical=2.1147e-08, diff=-3.6803e-03
    dof=686 (node=114, comp=2): FD=3.6794e-03, analytical=4.2801e-10, diff=3.6794e-03
    dof=602 (node=100, comp=2): FD=3.6028e-03, analytical=-8.8883e-08, diff=3.6029e-03
  comp別不整合: [x:9.63e-03(48%), y:3.11e-03(15%), z:1.74e-02(86%), θx:4.04e-04(2%), θy:1.53e-03(8%), θz:8.93e-05(0%)]
  接触DOF不整合: 9.13e-03 (378 DOFs), 構造DOF不整合: 1.80e-02 (1560 DOFs)
  活性DOF K@du: FD vs 解析 相対誤差 = 1.0013e+00 (378 DOFs)
  ⚠ 活性DOFで接線剛性不整合
  方向微分整合度: |FD-解析|/max = 1.0021e+00
------------------------------------------------------------
  f_c 単独FD検証（K_c精度）
  ||∂f_c/∂u·du (FD)|| = 2.0346e-04
  ||K_c @ du|| = 3.9354e-05
  f_c FD相対誤差 = 1.0604e+00
  ⚠ K_c自体が不正確（f_c単独で10%超の不整合）
  f_c comp別不整合: [x=6.5e-05/30%, y=2.0e-04/94%, z=4.0e-05/19%, θx=0.0e+00/0%, θy=0.0e+00/0%, θz=0.0e+00/0%]
  f_c不整合DOF上位5件:
    dof=487 (node=81, comp=1): FD=-1.1635e-04, K_c=8.8615e-06, diff=-1.2522e-04
    dof=997 (node=166, comp=1): FD=8.5463e-05, K_c=-8.5397e-06, diff=9.4003e-05
    dof=1003 (node=167, comp=1): FD=6.8293e-05, K_c=-7.0514e-06, diff=7.5345e-05
    dof=493 (node=82, comp=1): FD=-6.7857e-05, K_c=6.7185e-06, diff=-7.4576e-05
    dof=444 (node=74, comp=0): FD=-3.0284e-05, K_c=5.7194e-06, diff=-3.6004e-05
============================================================
============================================================
接線剛性FD方向診断（status-256）
============================================================
  ||du|| = 9.3776e-04
  ||R_u|| = 5.0971e-05
  ⚠ R_u vs compute_residual(u) 乖離: 4.4918e-04 (リラクゼーション/動的項の差異)
  ||R_base|| = 4.5632e-04
  ||R(u+eps*du)|| = 4.5632e-04
  方向有効性: ||R(u+eps*du)||/||R(u)|| = 1.000000
  ⚠ du方向で残差が増加 — Newton方向が無効
  FD方向微分 = -9.8028e-04
  解析方向微分 = 1.9199e-05
  全体系 K@du: FD vs 解析 相対誤差 = 1.0034e+00
  ⚠ 全体系で接線剛性不整合 — K_c自体が不正確
  全体系不整合DOF上位5件:
    dof=998 (node=166, comp=2): FD=-4.2342e-03, analytical=1.1704e-05, diff=-4.2459e-03
    dof=1718 (node=286, comp=2): FD=4.1245e-03, analytical=2.2289e-10, diff=4.1245e-03
    dof=500 (node=83, comp=2): FD=3.4603e-03, analytical=-1.3702e-07, diff=3.4604e-03
    dof=1088 (node=181, comp=2): FD=3.1407e-03, analytical=1.3315e-10, diff=3.1407e-03
    dof=68 (node=11, comp=2): FD=3.1068e-03, analytical=2.6405e-10, diff=3.1068e-03
  comp別不整合: [x:7.80e-03(40%), y:2.23e-03(11%), z:1.76e-02(91%), θx:4.05e-04(2%), θy:1.52e-03(8%), θz:8.97e-05(0%)]
  接触DOF不整合: 9.42e-03 (378 DOFs), 構造DOF不整合: 1.71e-02 (1560 DOFs)
  活性DOF K@du: FD vs 解析 相対誤差 = 1.0012e+00 (378 DOFs)
  ⚠ 活性DOFで接線剛性不整合
  方向微分整合度: |FD-解析|/max = 1.0196e+00
------------------------------------------------------------
  f_c 単独FD検証（K_c精度）
  ||∂f_c/∂u·du (FD)|| = 1.8216e-04
  ||K_c @ du|| = 1.6410e-05
  f_c FD相対誤差 = 1.0185e+00
  ⚠ K_c自体が不正確（f_c単独で10%超の不整合）
  f_c comp別不整合: [x=8.0e-05/43%, y=1.6e-04/87%, z=4.2e-05/23%, θx=0.0e+00/0%, θy=0.0e+00/0%, θz=0.0e+00/0%]
  f_c不整合DOF上位5件:
    dof=487 (node=81, comp=1): FD=8.9272e-05, K_c=-3.1941e-06, diff=9.2466e-05
    dof=997 (node=166, comp=1): FD=-6.5322e-05, K_c=3.0895e-06, diff=-6.8412e-05
    dof=493 (node=82, comp=1): FD=5.9794e-05, K_c=-2.4325e-06, diff=6.2227e-05
    dof=1003 (node=167, comp=1): FD=-5.1904e-05, K_c=2.5519e-06, diff=-5.4456e-05
    dof=451 (node=75, comp=1): FD=3.1688e-05, K_c=-5.8960e-08, diff=3.1747e-05
============================================================
  Incr 167 (frac=0.3618), attempt 35 [E], ||R_t||/||f|| = 1.248e-05, ||R_r|| = 3.163e-05, ||R_w||/||f||=1.301e-05, rate=0.426, active=31, R(x=9.0e-06/25%,y=7.4e-06/21%,z=1.2e-05/34%)
============================================================
接線剛性FD方向診断（status-256）
============================================================
  ||du|| = 9.2039e-04
  ||R_u|| = 3.5901e-05
  ⚠ R_u vs compute_residual(u) 乖離: 5.5441e-04 (リラクゼーション/動的項の差異)
  ||R_base|| = 5.5497e-04
  ||R(u+eps*du)|| = 5.5497e-04
  方向有効性: ||R(u+eps*du)||/||R(u)|| = 1.000000
  ✓ du方向で残差が減少 — Newton方向は有効
  FD方向微分 = -2.9864e-03
  解析方向微分 = 5.9265e-06
  全体系 K@du: FD vs 解析 相対誤差 = 1.0028e+00
  ⚠ 全体系で接線剛性不整合 — K_c自体が不正確
  全体系不整合DOF上位5件:
    dof=494 (node=82, comp=2): FD=-4.3092e-03, analytical=5.2049e-06, diff=-4.3144e-03
    dof=392 (node=65, comp=2): FD=-4.1249e-03, analytical=-1.3424e-11, diff=-4.1249e-03
    dof=386 (node=64, comp=2): FD=3.8869e-03, analytical=2.3240e-10, diff=3.8869e-03
    dof=1706 (node=284, comp=2): FD=-3.8185e-03, analytical=4.3742e-11, diff=-3.8185e-03
    dof=486 (node=81, comp=0): FD=3.7183e-03, analytical=-3.1568e-06, diff=3.7214e-03
  comp別不整合: [x:9.99e-03(47%), y:3.21e-03(15%), z:1.82e-02(86%), θx:3.97e-04(2%), θy:1.49e-03(7%), θz:8.85e-05(0%)]
  接触DOF不整合: 1.11e-02 (378 DOFs), 構造DOF不整合: 1.79e-02 (1560 DOFs)
  活性DOF K@du: FD vs 解析 相対誤差 = 1.0008e+00 (378 DOFs)
  ⚠ 活性DOFで接線剛性不整合
  方向微分整合度: |FD-解析|/max = 1.0020e+00
------------------------------------------------------------
  f_c 単独FD検証（K_c精度）
  ||∂f_c/∂u·du (FD)|| = 2.0043e-04
  ||K_c @ du|| = 3.8432e-05
  f_c FD相対誤差 = 1.0595e+00
  ⚠ K_c自体が不正確（f_c単独で10%超の不整合）
  f_c comp別不整合: [x=6.4e-05/30%, y=2.0e-04/94%, z=3.9e-05/19%, θx=0.0e+00/0%, θy=0.0e+00/0%, θz=0.0e+00/0%]
  f_c不整合DOF上位5件:
    dof=487 (node=81, comp=1): FD=-1.1465e-04, K_c=8.6521e-06, diff=-1.2330e-04
    dof=997 (node=166, comp=1): FD=8.4319e-05, K_c=-8.3381e-06, diff=9.2657e-05
    dof=1003 (node=167, comp=1): FD=6.7372e-05, K_c=-6.8849e-06, diff=7.4257e-05
    dof=493 (node=82, comp=1): FD=-6.6931e-05, K_c=6.5598e-06, diff=-7.3491e-05
    dof=444 (node=74, comp=0): FD=-2.9701e-05, K_c=5.6343e-06, diff=-3.5335e-05
============================================================
============================================================
接線剛性FD方向診断（status-256）
============================================================
  ||du|| = 9.2127e-04
  ||R_u|| = 4.9775e-05
  ⚠ R_u vs compute_residual(u) 乖離: 4.5005e-04 (リラクゼーション/動的項の差異)
  ||R_base|| = 4.5694e-04
  ||R(u+eps*du)|| = 4.5694e-04
  方向有効性: ||R(u+eps*du)||/||R(u)|| = 1.000000
  ⚠ du方向で残差が増加 — Newton方向が無効
  FD方向微分 = -9.9068e-04
  解析方向微分 = 1.8730e-05
  全体系 K@du: FD vs 解析 相対誤差 = 1.0037e+00
  ⚠ 全体系で接線剛性不整合 — K_c自体が不正確
  全体系不整合DOF上位5件:
    dof=578 (node=96, comp=2): FD=-4.6619e-03, analytical=-1.2583e-08, diff=-4.6619e-03
    dof=74 (node=12, comp=2): FD=4.0101e-03, analytical=2.9509e-10, diff=4.0101e-03
    dof=692 (node=115, comp=2): FD=3.9698e-03, analytical=3.1705e-10, diff=3.9698e-03
    dof=686 (node=114, comp=2): FD=-3.8018e-03, analytical=-4.5105e-10, diff=-3.8018e-03
    dof=1706 (node=284, comp=2): FD=3.6879e-03, analytical=2.7849e-10, diff=3.6879e-03
  comp別不整合: [x:7.77e-03(42%), y:2.14e-03(12%), z:1.66e-02(90%), θx:3.97e-04(2%), θy:1.49e-03(8%), θz:8.83e-05(0%)]
  接触DOF不整合: 7.25e-03 (378 DOFs), 構造DOF不整合: 1.70e-02 (1560 DOFs)
  活性DOF K@du: FD vs 解析 相対誤差 = 1.0020e+00 (378 DOFs)
  ⚠ 活性DOFで接線剛性不整合
  方向微分整合度: |FD-解析|/max = 1.0189e+00
------------------------------------------------------------
  f_c 単独FD検証（K_c精度）
  ||∂f_c/∂u·du (FD)|| = 1.7958e-04
  ||K_c @ du|| = 1.6368e-05
  f_c FD相対誤差 = 1.0187e+00
  ⚠ K_c自体が不正確（f_c単独で10%超の不整合）
  f_c comp別不整合: [x=7.9e-05/43%, y=1.6e-04/87%, z=4.2e-05/23%, θx=0.0e+00/0%, θy=0.0e+00/0%, θz=0.0e+00/0%]
  f_c不整合DOF上位5件:
    dof=487 (node=81, comp=1): FD=8.8348e-05, K_c=-3.2036e-06, diff=9.1552e-05
    dof=997 (node=166, comp=1): FD=-6.4678e-05, K_c=3.0984e-06, diff=-6.7777e-05
    dof=493 (node=82, comp=1): FD=5.8966e-05, K_c=-2.4394e-06, diff=6.1406e-05
    dof=1003 (node=167, comp=1): FD=-5.1396e-05, K_c=2.5592e-06, diff=-5.3955e-05
    dof=444 (node=74, comp=0): FD=2.6630e-05, K_c=-4.5498e-06, diff=3.1180e-05
============================================================
============================================================
接線剛性FD方向診断（status-256）
============================================================
  ||du|| = 9.2610e-04
  ||R_u|| = 3.5388e-05
  ⚠ R_u vs compute_residual(u) 乖離: 5.5439e-04 (リラクゼーション/動的項の差異)
  ||R_base|| = 5.5493e-04
  ||R(u+eps*du)|| = 5.5493e-04
  方向有効性: ||R(u+eps*du)||/||R(u)|| = 1.000000
  ✓ du方向で残差が減少 — Newton方向は有効
  FD方向微分 = -2.9685e-03
  解析方向微分 = 5.9498e-06
  全体系 K@du: FD vs 解析 相対誤差 = 1.0029e+00
  ⚠ 全体系で接線剛性不整合 — K_c自体が不正確
  全体系不整合DOF上位5件:
    dof=1190 (node=198, comp=2): FD=-4.4248e-03, analytical=-4.8965e-10, diff=-4.4248e-03
    dof=380 (node=63, comp=2): FD=-4.0487e-03, analytical=-1.0185e-10, diff=-4.0487e-03
    dof=392 (node=65, comp=2): FD=3.8552e-03, analytical=-6.5244e-11, diff=3.8552e-03
    dof=374 (node=62, comp=2): FD=3.7891e-03, analytical=8.5318e-11, diff=3.7891e-03
    dof=986 (node=164, comp=2): FD=3.7061e-03, analytical=-6.9894e-08, diff=3.7062e-03
  comp別不整合: [x:9.69e-03(46%), y:3.26e-03(16%), z:1.82e-02(87%), θx:4.01e-04(2%), θy:1.51e-03(7%), θz:8.83e-05(0%)]
  接触DOF不整合: 9.20e-03 (378 DOFs), 構造DOF不整合: 1.88e-02 (1560 DOFs)
  活性DOF K@du: FD vs 解析 相対誤差 = 1.0013e+00 (378 DOFs)
  ⚠ 活性DOFで接線剛性不整合
  方向微分整合度: |FD-解析|/max = 1.0020e+00
------------------------------------------------------------
  f_c 単独FD検証（K_c精度）
  ||∂f_c/∂u·du (FD)|| = 2.0122e-04
  ||K_c @ du|| = 3.8688e-05
  f_c FD相対誤差 = 1.0598e+00
  ⚠ K_c自体が不正確（f_c単独で10%超の不整合）
  f_c comp別不整合: [x=6.4e-05/30%, y=2.0e-04/94%, z=4.0e-05/19%, θx=0.0e+00/0%, θy=0.0e+00/0%, θz=0.0e+00/0%]
  f_c不整合DOF上位5件:
    dof=487 (node=81, comp=1): FD=-1.1509e-04, K_c=8.7107e-06, diff=-1.2380e-04
    dof=997 (node=166, comp=1): FD=8.4609e-05, K_c=-8.3946e-06, diff=9.3004e-05
    dof=1003 (node=167, comp=1): FD=6.7607e-05, K_c=-6.9315e-06, diff=7.4538e-05
    dof=493 (node=82, comp=1): FD=-6.7169e-05, K_c=6.6043e-06, diff=-7.3773e-05
    dof=444 (node=74, comp=0): FD=-2.9847e-05, K_c=5.6542e-06, diff=-3.5501e-05
============================================================
  [NR診断] Incr 167 (frac=0.3618), 不収束 att=38, Type分布[-:1(3%), C:1(3%), D.div+E:12(32%), D.stall+E:4(11%), E:20(53%)], 直近10[D.div+E:5, E:5], R_c=2.68e-05, R_s=2.31e-05, active=31, sliding=392, activated=0, deactivated=0, stick→slide=0, slide→stick=0, comp(x=9.0e-06/25%,y=7.3e-06/21%,z=1.2e-05/35%,θx=2.6e-05/73%,θy=4.8e-06/13%,θz=1.6e-05/47%)
  [CUTBACK:nr_limit] frac 0.3618, dt=2.2247e-03 → sub-steps (cutback #18)
  [f_ref] Incr 167: f_ref=3.408e-01 (dynamic_ref), atol=7.99e-09
  Incr 167 (frac=0.3607), attempt 0 [C], ||R_t||/||f|| = 1.000e+00, ||R_r|| = 7.670e-03, ||R_w||/||f||=1.000e+00, active=30, R(x=1.7e-01/51%,y=3.0e-02/9%,z=2.9e-01/86%)
  Incr 167 (frac=0.3607), attempt 3, ||du||/||u|| = 3.492e-09 (disp converged, 31 active)
  [f_ref] Incr 168: f_ref=7.430e-01 (dynamic_ref), atol=6.61e-09
  Incr 168 (frac=0.3624), attempt 0 [C], ||R_t||/||f|| = 1.000e+00, ||R_r|| = 1.278e-02, ||R_w||/||f||=1.000e+00, active=31, R(x=3.8e-01/51%,y=6.6e-02/9%,z=6.4e-01/86%)
  Incr 168 (frac=0.3624), attempt 3, ||du||/||u|| = 9.414e-09 (disp converged, 31 active)
  [f_ref] Incr 169: f_ref=1.720e+00 (dynamic_ref), atol=6.86e-09
  Incr 169 (frac=0.3649), attempt 0 [C], ||R_t||/||f|| = 1.000e+00, ||R_r|| = 3.600e-02, ||R_w||/||f||=1.000e+00, active=32, R(x=8.8e-01/51%,y=1.5e-01/9%,z=1.5e+00/85%)
  Incr 169 (frac=0.3649), attempt 5 [E], ||R_t||/||f|| = 1.698e-06, ||R_r|| = 9.114e-07, ||R_w||/||f||=1.700e-06, rate=0.295, active=33, R(x=2.1e-06/69%,y=3.3e-07/11%,z=2.0e-06/65%)
  Incr 169 (frac=0.3649), attempt 5, ||du||/||u|| = 6.922e-09 (disp converged, 33 active)
  [f_ref] Incr 170: f_ref=1.676e+00 (dynamic_ref), atol=9.96e-09
  Incr 170 (frac=0.3674), attempt 0 [A], ||R_t||/||f|| = 1.000e+00, ||R_r|| = 2.641e-02, ||R_w||/||f||=1.000e+00, active=33, R(x=8.7e-01/52%,y=1.5e-01/9%,z=1.4e+00/85%)
  Incr 170 (frac=0.3674), attempt 5 [E], ||R_t||/||f|| = 6.165e-06, ||R_r|| = 1.097e-05, ||R_w||/||f||=6.253e-06, rate=0.402, active=35, R(x=8.3e-06/55%,y=3.8e-06/25%,z=4.8e-06/32%)
  Incr 170 (frac=0.3674), attempt 10 [D.stall+E], ||R_t||/||f|| = 2.373e-06, ||R_r|| = 4.057e-06, ||R_w||/||f||=2.404e-06, rate=0.953, active=35, R(x=3.4e-06/59%,y=1.6e-06/28%,z=1.4e-06/25%)
============================================================
接線剛性FD方向診断（status-256）
============================================================
  ||du|| = 7.6619e-05
  ||R_u|| = 5.4159e-06
  ⚠ R_u vs compute_residual(u) 乖離: 1.1742e-10 (リラクゼーション/動的項の差異)
  ||R_base|| = 5.4158e-06
  ||R(u+eps*du)|| = 5.4158e-06
  方向有効性: ||R(u+eps*du)||/||R(u)|| = 0.999995
  ✓ du方向で残差が減少 — Newton方向は有効
  FD方向微分 = 2.0444e-06
  解析方向微分 = 1.6085e-06
  全体系 K@du: FD vs 解析 相対誤差 = 1.0000e+00
  ⚠ 全体系で接線剛性不整合 — K_c自体が不正確
  全体系不整合DOF上位5件:
    dof=1292 (node=215, comp=2): FD=-4.1740e-03, analytical=4.0187e-09, diff=-4.1740e-03
    dof=1298 (node=216, comp=2): FD=3.9959e-03, analytical=5.4816e-09, diff=3.9959e-03
    dof=578 (node=96, comp=2): FD=-3.9881e-03, analytical=3.0693e-08, diff=-3.9881e-03
    dof=1928 (node=321, comp=2): FD=-3.7753e-03, analytical=3.1407e-10, diff=-3.7753e-03
    dof=1922 (node=320, comp=2): FD=3.6243e-03, analytical=2.1979e-09, diff=3.6243e-03
  comp別不整合: [x:8.96e-03(39%), y:1.66e-03(7%), z:2.14e-02(92%), θx:9.63e-05(0%), θy:3.80e-04(2%), θz:1.79e-05(0%)]
  接触DOF不整合: 1.03e-02 (426 DOFs), 構造DOF不整合: 2.08e-02 (1512 DOFs)
  活性DOF K@du: FD vs 解析 相対誤差 = 9.9999e-01 (426 DOFs)
  ⚠ 活性DOFで接線剛性不整合
  方向微分整合度: |FD-解析|/max = 2.1320e-01
------------------------------------------------------------
  f_c 単独FD検証（K_c精度）
  ||∂f_c/∂u·du (FD)|| = 3.3380e-06
  ||K_c @ du|| = 3.0746e-06
  f_c FD相対誤差 = 5.9722e-01
  ⚠ K_c自体が不正確（f_c単独で10%超の不整合）
  f_c comp別不整合: [x=1.7e-06/84%, y=8.3e-07/42%, z=6.7e-07/34%, θx=0.0e+00/0%, θy=0.0e+00/0%, θz=0.0e+00/0%]
  f_c不整合DOF上位5件:
    dof=180 (node=30, comp=0): FD=-3.2680e-07, K_c=5.1784e-07, diff=-8.4464e-07
    dof=186 (node=31, comp=0): FD=-2.1275e-07, K_c=3.2570e-07, diff=-5.3846e-07
    dof=1608 (node=268, comp=0): FD=2.0980e-07, K_c=-3.1706e-07, diff=5.2686e-07
    dof=444 (node=74, comp=0): FD=1.0132e-06, K_c=5.0117e-07, diff=5.1207e-07
    dof=1614 (node=269, comp=0): FD=2.0246e-07, K_c=-3.0851e-07, diff=5.1097e-07
============================================================
  [Type D対策] FD診断: Newton方向精度不良 (dir_ratio=1.000), NR上限拡張→200
  Incr 170 (frac=0.3674), attempt 12, ||du||/||u|| = 9.892e-09 (disp converged, 35 active)
  [f_ref] Incr 171: f_ref=1.716e+00 (dynamic_ref), atol=1.20e-08
  Incr 171 (frac=0.3699), attempt 0 [C], ||R_t||/||f|| = 1.000e+00, ||R_r|| = 3.099e-02, ||R_w||/||f||=1.000e+00, active=34, R(x=8.9e-01/52%,y=1.5e-01/9%,z=1.5e+00/85%)
  Incr 171 (frac=0.3699), attempt 5 [E], ||R_t||/||f|| = 8.733e-06, ||R_r|| = 1.494e-05, ||R_w||/||f||=8.842e-06, rate=0.594, active=33, R(x=1.3e-05/63%,y=3.9e-06/19%,z=5.8e-06/27%)
  Incr 171 (frac=0.3699), attempt 10 [D.slow+E], ||R_t||/||f|| = 4.396e-06, ||R_r|| = 8.011e-06, ||R_w||/||f||=4.459e-06, rate=0.949, active=33, R(x=6.7e-06/61%,y=1.9e-06/18%,z=2.9e-06/27%)
============================================================
接線剛性FD方向診断（status-256）
============================================================
  ||du|| = 9.6070e-05
  ||R_u|| = 1.0458e-05
  ⚠ R_u vs compute_residual(u) 乖離: 4.8887e-10 (リラクゼーション/動的項の差異)
  ||R_base|| = 1.0458e-05
  ||R(u+eps*du)|| = 1.0458e-05
  方向有効性: ||R(u+eps*du)||/||R(u)|| = 1.000001
  ⚠ du方向で残差が増加 — Newton方向が無効
  FD方向微分 = 7.7689e-06
  解析方向微分 = 2.3798e-06
  全体系 K@du: FD vs 解析 相対誤差 = 1.0001e+00
  ⚠ 全体系で接線剛性不整合 — K_c自体が不正確
  全体系不整合DOF上位5件:
    dof=380 (node=63, comp=2): FD=4.7172e-03, analytical=-3.3968e-09, diff=4.7172e-03
    dof=1616 (node=269, comp=2): FD=4.4408e-03, analytical=-1.3995e-08, diff=4.4408e-03
    dof=374 (node=62, comp=2): FD=-4.3191e-03, analytical=1.4552e-07, diff=-4.3192e-03
    dof=1514 (node=252, comp=2): FD=4.1734e-03, analytical=-1.0630e-10, diff=4.1734e-03
    dof=272 (node=45, comp=2): FD=4.0854e-03, analytical=-2.2996e-07, diff=4.0856e-03
  comp別不整合: [x:1.02e-02(41%), y:1.61e-03(6%), z:2.27e-02(91%), θx:1.09e-04(0%), θy:4.48e-04(2%), θz:1.89e-05(0%)]
  接触DOF不整合: 1.13e-02 (402 DOFs), 構造DOF不整合: 2.22e-02 (1536 DOFs)
  活性DOF K@du: FD vs 解析 相対誤差 = 1.0000e+00 (402 DOFs)
  ⚠ 活性DOFで接線剛性不整合
  方向微分整合度: |FD-解析|/max = 6.9368e-01
------------------------------------------------------------
  f_c 単独FD検証（K_c精度）
  ||∂f_c/∂u·du (FD)|| = 8.2589e-06
  ||K_c @ du|| = 6.5653e-06
  f_c FD相対誤差 = 5.3605e-01
  ⚠ K_c自体が不正確（f_c単独で10%超の不整合）
  f_c comp別不整合: [x=4.0e-06/90%, y=1.1e-06/24%, z=1.6e-06/36%, θx=0.0e+00/0%, θy=0.0e+00/0%, θz=0.0e+00/0%]
  f_c不整合DOF上位5件:
    dof=444 (node=74, comp=0): FD=-3.4644e-06, K_c=-1.6353e-06, diff=-1.8291e-06
    dof=540 (node=90, comp=0): FD=1.3526e-06, K_c=-6.6198e-08, diff=1.4188e-06
    dof=534 (node=89, comp=0): FD=2.9524e-06, K_c=1.6041e-06, diff=1.3483e-06
    dof=438 (node=73, comp=0): FD=-1.8206e-06, K_c=-5.2765e-07, diff=-1.2929e-06
    dof=546 (node=91, comp=0): FD=1.2011e-06, K_c=-7.8822e-08, diff=1.2799e-06
============================================================
  [Type D対策] FD診断: Newton方向精度不良 (dir_ratio=1.000), NR上限拡張→200
  Incr 171 (frac=0.3699), 低残差停滞[D+E] → Type D対策: NR上限拡張→200 (att=15, ||R||/||f||=3.393e-06, rate=0.950, R_c=6.88e-06, R_s=5.05e-06, active=33)
  Incr 171 (frac=0.3699), attempt 15 [D.slow+E], ||R_t||/||f|| = 3.393e-06, ||R_r|| = 6.245e-06, ||R_w||/||f||=3.442e-06, rate=0.950, active=33, R(x=5.1e-06/60%,y=1.5e-06/18%,z=2.3e-06/27%)
============================================================
接線剛性FD方向診断（status-256）
============================================================
  ||du|| = 7.7414e-05
  ||R_u|| = 8.5376e-06
  ⚠ R_u vs compute_residual(u) 乖離: 3.9595e-10 (リラクゼーション/動的項の差異)
  ||R_base|| = 8.5374e-06
  ||R(u+eps*du)|| = 8.5374e-06
  方向有効性: ||R(u+eps*du)||/||R(u)|| = 0.999997
  ✓ du方向で残差が減少 — Newton方向は有効
  FD方向微分 = 6.2998e-06
  解析方向微分 = 1.9264e-06
  全体系 K@du: FD vs 解析 相対誤差 = 1.0000e+00
  ⚠ 全体系で接線剛性不整合 — K_c自体が不正確
  全体系不整合DOF上位5件:
    dof=392 (node=65, comp=2): FD=4.6262e-03, analytical=-5.3854e-09, diff=4.6262e-03
    dof=1298 (node=216, comp=2): FD=-4.5199e-03, analytical=7.9615e-10, diff=-4.5199e-03
    dof=1610 (node=268, comp=2): FD=4.3182e-03, analytical=-1.1861e-08, diff=4.3182e-03
    dof=1616 (node=269, comp=2): FD=-4.1756e-03, analytical=-1.2188e-08, diff=-4.1756e-03
    dof=68 (node=11, comp=2): FD=-4.0490e-03, analytical=-1.8885e-10, diff=-4.0490e-03
  comp別不整合: [x:9.50e-03(39%), y:1.79e-03(7%), z:2.23e-02(92%), θx:1.09e-04(0%), θy:4.43e-04(2%), θz:1.90e-05(0%)]
  接触DOF不整合: 9.67e-03 (402 DOFs), 構造DOF不整合: 2.23e-02 (1536 DOFs)
  活性DOF K@du: FD vs 解析 相対誤差 = 1.0000e+00 (402 DOFs)
  ⚠ 活性DOFで接線剛性不整合
  方向微分整合度: |FD-解析|/max = 6.9421e-01
------------------------------------------------------------
  f_c 単独FD検証（K_c精度）
  ||∂f_c/∂u·du (FD)|| = 6.6765e-06
  ||K_c @ du|| = 5.3209e-06
  f_c FD相対誤差 = 5.3349e-01
  ⚠ K_c自体が不正確（f_c単独で10%超の不整合）
  f_c comp別不整合: [x=3.2e-06/90%, y=9.1e-07/25%, z=1.3e-06/36%, θx=0.0e+00/0%, θy=0.0e+00/0%, θz=0.0e+00/0%]
  f_c不整合DOF上位5件:
    dof=444 (node=74, comp=0): FD=-2.7834e-06, K_c=-1.3279e-06, diff=-1.4555e-06
    dof=540 (node=90, comp=0): FD=1.0826e-06, K_c=-5.2940e-08, diff=1.1356e-06
    dof=534 (node=89, comp=0): FD=2.3900e-06, K_c=1.3017e-06, diff=1.0883e-06
    dof=438 (node=73, comp=0): FD=-1.4694e-06, K_c=-4.2873e-07, diff=-1.0407e-06
    dof=546 (node=91, comp=0): FD=9.5980e-07, K_c=-6.3814e-08, diff=1.0236e-06
============================================================
  Incr 171 (frac=0.3699), attempt 20 [D.slow+E], ||R_t||/||f|| = 2.592e-06, ||R_r|| = 4.920e-06, ||R_w||/||f||=2.632e-06, rate=0.938, active=33, R(x=3.9e-06/59%,y=1.2e-06/19%,z=1.8e-06/27%)
  Incr 171 (frac=0.3699), attempt 20, ||du||/||u|| = 9.517e-09 (disp converged, 33 active)
  [NR診断] Incr 171 (frac=0.3699), 収束 att=21, Type分布[-:1(5%), C:1(5%), D.slow+E:11(52%), D.stall+E:3(14%), E:5(24%)], 直近10[D.slow+E:8, D.stall+E:2], R_c=5.30e-06, R_s=3.98e-06, active=33, sliding=388, activated=0, deactivated=0, stick→slide=0, slide→stick=0, comp(x=3.9e-06/59%,y=1.2e-06/19%,z=1.8e-06/27%,θx=4.3e-06/65%,θy=2.6e-07/4%,θz=2.4e-06/35%)
  [f_ref] Incr 172: f_ref=4.197e-01 (dynamic_ref), atol=1.35e-08
  Incr 172 (frac=0.3712), attempt 0 [C], ||R_t||/||f|| = 1.000e+00, ||R_r|| = 6.492e-03, ||R_w||/||f||=1.000e+00, active=29, R(x=2.2e-01/52%,y=3.7e-02/9%,z=3.6e-01/85%)
  Incr 172 (frac=0.3712), attempt 5 [D.slow+E], ||R_t||/||f|| = 1.322e-04, ||R_r|| = 6.567e-06, ||R_w||/||f||=1.322e-04, rate=0.937, active=31, R(x=5.1e-05/91%,y=1.4e-05/26%,z=1.7e-05/31%)
  Incr 172 (frac=0.3712), attempt 10 [E], ||R_t||/||f|| = 4.292e-05, ||R_r|| = 2.343e-06, ||R_w||/||f||=4.293e-05, rate=0.766, active=31, R(x=1.6e-05/90%,y=5.3e-06/29%,z=5.2e-06/29%)
  Incr 172 (frac=0.3712), attempt 10, ||du||/||u|| = 9.347e-09 (disp converged, 31 active)
  [f_ref] Incr 173: f_ref=4.286e-01 (dynamic_ref), atol=1.07e-08
  Incr 173 (frac=0.3724), attempt 0 [C], ||R_t||/||f|| = 1.000e+00, ||R_r|| = 7.374e-03, ||R_w||/||f||=1.000e+00, active=31, R(x=2.2e-01/52%,y=3.8e-02/9%,z=3.6e-01/85%)
  Incr 173 (frac=0.3724), attempt 3, ||du||/||u|| = 4.931e-09 (disp converged, 31 active)
  [f_ref] Incr 174: f_ref=9.460e-01 (dynamic_ref), atol=8.81e-09
  Incr 174 (frac=0.3743), attempt 0 [C], ||R_t||/||f|| = 1.000e+00, ||R_r|| = 1.448e-02, ||R_w||/||f||=1.000e+00, active=34, R(x=5.0e-01/52%,y=8.4e-02/9%,z=8.0e-01/85%)
  Incr 174 (frac=0.3743), attempt 5 [D.stall+E], ||R_t||/||f|| = 1.398e-05, ||R_r|| = 6.395e-06, ||R_w||/||f||=1.402e-05, rate=0.953, active=33, R(x=1.3e-05/87%,y=2.3e-06/16%,z=2.4e-06/17%)
============================================================
接線剛性FD方向診断（status-256）
============================================================
  ||du|| = 1.8157e-04
  ||R_u|| = 1.2082e-05
  ⚠ R_u vs compute_residual(u) 乖離: 1.8255e-10 (リラクゼーション/動的項の差異)
  ||R_base|| = 1.2082e-05
  ||R(u+eps*du)|| = 1.2082e-05
  方向有効性: ||R(u+eps*du)||/||R(u)|| = 1.000002
  ⚠ du方向で残差が増加 — Newton方向が無効
  FD方向微分 = 5.6863e-06
  解析方向微分 = 5.6848e-06
  全体系 K@du: FD vs 解析 相対誤差 = 1.0003e+00
  ⚠ 全体系で接線剛性不整合 — K_c自体が不正確
  全体系不整合DOF上位5件:
    dof=74 (node=12, comp=2): FD=-4.1157e-03, analytical=-2.3323e-10, diff=-4.1157e-03
    dof=380 (node=63, comp=2): FD=3.8967e-03, analytical=3.3804e-10, diff=3.8967e-03
    dof=1106 (node=184, comp=2): FD=-3.6264e-03, analytical=4.2094e-10, diff=-3.6264e-03
    dof=884 (node=147, comp=2): FD=3.4665e-03, analytical=5.0433e-09, diff=3.4665e-03
    dof=1916 (node=319, comp=2): FD=-3.3540e-03, analytical=-2.2789e-08, diff=-3.3539e-03
  comp別不整合: [x:7.76e-03(40%), y:1.38e-03(7%), z:1.75e-02(91%), θx:8.00e-05(0%), θy:5.40e-04(3%), θz:2.35e-05(0%)]
  接触DOF不整合: 9.13e-03 (348 DOFs), 構造DOF不整合: 1.69e-02 (1590 DOFs)
  活性DOF K@du: FD vs 解析 相対誤差 = 1.0009e+00 (348 DOFs)
  ⚠ 活性DOFで接線剛性不整合
  方向微分整合度: |FD-解析|/max = 2.6903e-04
------------------------------------------------------------
  f_c 単独FD検証（K_c精度）
  ||∂f_c/∂u·du (FD)|| = 5.5327e-06
  ||K_c @ du|| = 5.0492e-06
  f_c FD相対誤差 = 1.1027e+00
  ⚠ K_c自体が不正確（f_c単独で10%超の不整合）
  f_c comp別不整合: [x=5.5e-06/90%, y=9.5e-07/16%, z=2.5e-06/41%, θx=0.0e+00/0%, θy=0.0e+00/0%, θz=0.0e+00/0%]
  f_c不整合DOF上位5件:
    dof=810 (node=135, comp=0): FD=2.2668e-06, K_c=-1.6521e-06, diff=3.9189e-06
    dof=1932 (node=322, comp=0): FD=-1.3044e-06, K_c=1.0511e-06, diff=-2.3554e-06
    dof=812 (node=135, comp=2): FD=-1.0646e-06, K_c=7.8845e-07, diff=-1.8531e-06
    dof=1926 (node=321, comp=0): FD=-8.8009e-07, K_c=7.3019e-07, diff=-1.6103e-06
    dof=912 (node=152, comp=0): FD=-9.2141e-07, K_c=5.6944e-07, diff=-1.4908e-06
============================================================
  [Type D対策] FD診断: Newton方向精度不良 (dir_ratio=1.000), NR上限拡張→200
  Incr 174 (frac=0.3743), attempt 10 [D.stall+E], ||R_t||/||f|| = 1.093e-05, ||R_r|| = 5.054e-06, ||R_w||/||f||=1.096e-05, rate=0.952, active=33, R(x=1.0e-05/87%,y=1.8e-06/16%,z=1.7e-06/15%)
  Incr 174 (frac=0.3743), 低残差停滞[D+E] → Type D対策: NR上限拡張→200 (att=15, ||R||/||f||=8.538e-06, rate=0.952, R_c=8.57e-06, R_s=2.79e-06, active=33)
  Incr 174 (frac=0.3743), attempt 15 [D.stall+E], ||R_t||/||f|| = 8.538e-06, ||R_r|| = 4.004e-06, ||R_w||/||f||=8.564e-06, rate=0.952, active=33, R(x=7.9e-06/87%,y=1.4e-06/16%,z=1.2e-06/13%)
============================================================
接線剛性FD方向診断（status-256）
============================================================
  ||du|| = 1.3451e-04
  ||R_u|| = 9.0146e-06
  ⚠ R_u vs compute_residual(u) 乖離: 1.3706e-10 (リラクゼーション/動的項の差異)
  ||R_base|| = 9.0146e-06
  ||R(u+eps*du)|| = 9.0146e-06
  方向有効性: ||R(u+eps*du)||/||R(u)|| = 1.000001
  ⚠ du方向で残差が増加 — Newton方向が無効
  FD方向微分 = 4.2134e-06
  解析方向微分 = 4.1865e-06
  全体系 K@du: FD vs 解析 相対誤差 = 1.0002e+00
  ⚠ 全体系で接線剛性不整合 — K_c自体が不正確
  全体系不整合DOF上位5件:
    dof=1718 (node=286, comp=2): FD=4.1006e-03, analytical=1.5396e-09, diff=4.1006e-03
    dof=896 (node=149, comp=2): FD=-3.1637e-03, analytical=-9.7700e-09, diff=-3.1637e-03
    dof=578 (node=96, comp=2): FD=3.1426e-03, analytical=6.6013e-08, diff=3.1425e-03
    dof=800 (node=133, comp=2): FD=-3.0208e-03, analytical=-4.0909e-08, diff=-3.0208e-03
    dof=1826 (node=304, comp=2): FD=2.9744e-03, analytical=-4.6802e-08, diff=2.9744e-03
  comp別不整合: [x:7.23e-03(41%), y:1.23e-03(7%), z:1.59e-02(91%), θx:6.61e-05(0%), θy:4.36e-04(2%), θz:1.94e-05(0%)]
  接触DOF不整合: 6.63e-03 (348 DOFs), 構造DOF不整合: 1.62e-02 (1590 DOFs)
  活性DOF K@du: FD vs 解析 相対誤差 = 1.0009e+00 (348 DOFs)
  ⚠ 活性DOFで接線剛性不整合
  方向微分整合度: |FD-解析|/max = 6.3920e-03
------------------------------------------------------------
  f_c 単独FD検証（K_c精度）
  ||∂f_c/∂u·du (FD)|| = 4.1149e-06
  ||K_c @ du|| = 3.7603e-06
  f_c FD相対誤差 = 1.1042e+00
  ⚠ K_c自体が不正確（f_c単独で10%超の不整合）
  f_c comp別不整合: [x=4.1e-06/91%, y=7.1e-07/16%, z=1.7e-06/38%, θx=0.0e+00/0%, θy=0.0e+00/0%, θz=0.0e+00/0%]
  f_c不整合DOF上位5件:
    dof=810 (node=135, comp=0): FD=1.7034e-06, K_c=-1.2529e-06, diff=2.9563e-06
    dof=1932 (node=322, comp=0): FD=-9.8605e-07, K_c=7.9992e-07, diff=-1.7860e-06
    dof=812 (node=135, comp=2): FD=-7.4684e-07, K_c=5.4640e-07, diff=-1.2932e-06
    dof=1926 (node=321, comp=0): FD=-6.6439e-07, K_c=5.5416e-07, diff=-1.2185e-06
    dof=912 (node=152, comp=0): FD=-6.8638e-07, K_c=4.2893e-07, diff=-1.1153e-06
============================================================
  Incr 174 (frac=0.3743), attempt 20 [D.stall+E], ||R_t||/||f|| = 6.765e-06, ||R_r|| = 3.154e-06, ||R_w||/||f||=6.786e-06, rate=0.953, active=33, R(x=6.2e-06/87%,y=1.2e-06/16%,z=8.9e-07/12%)
  Incr 174 (frac=0.3743), attempt 25 [D.stall+E], ||R_t||/||f|| = 5.352e-06, ||R_r|| = 2.480e-06, ||R_w||/||f||=5.368e-06, rate=0.955, active=33, R(x=4.9e-06/87%,y=1.0e-06/18%,z=6.3e-07/11%)
  Incr 174 (frac=0.3743), attempt 29, ||du||/||u|| = 9.823e-09 (disp converged, 33 active)
  [NR診断] Incr 174 (frac=0.3743), 収束 att=30, Type分布[-:1(3%), C:1(3%), D.stall+E:25(83%), E:3(10%)], 直近10[D.stall+E:10], R_c=4.45e-06, R_s=1.48e-06, active=33, sliding=385, activated=0, deactivated=0, stick→slide=0, slide→stick=0, comp(x=4.1e-06/87%,y=9.3e-07/20%,z=4.9e-07/10%,θx=1.7e-06/37%,θy=6.3e-07/13%,θz=8.8e-07/19%)
  [f_ref] Incr 175: f_ref=2.408e-01 (dynamic_ref), atol=9.00e-09
  Incr 175 (frac=0.3752), attempt 0 [C], ||R_t||/||f|| = 1.000e+00, ||R_r|| = 4.272e-03, ||R_w||/||f||=1.000e+00, active=32, R(x=1.3e-01/53%,y=2.1e-02/9%,z=2.0e-01/85%)
  Incr 175 (frac=0.3752), attempt 5 [D.div+E], ||R_t||/||f|| = 7.757e-04, ||R_r|| = 1.852e-05, ||R_w||/||f||=7.758e-04, rate=1.821, active=32, R(x=1.8e-04/97%,y=9.8e-06/5%,z=4.0e-05/21%)
  Incr 175 (frac=0.3752), attempt 10 [D.div+E], ||R_t||/||f|| = 5.554e-04, ||R_r|| = 1.793e-05, ||R_w||/||f||=5.555e-04, rate=1.276, active=32, R(x=1.3e-04/95%,y=8.3e-06/6%,z=3.5e-05/26%)
  Incr 175 (frac=0.3752), 低残差チャタリング検知[E] → 接触凍結モード (att=15, ||R||/||f||=4.531e-04, R_c=1.10e-04, R_s=1.21e-05, cycle=1/5, active=32)
  Incr 175 (frac=0.3752), attempt 15 [E], ||R_t||/||f|| = 4.531e-04, ||R_r|| = 1.807e-05, ||R_w||/||f||=4.532e-04, rate=0.794, active=32, R(x=1.1e-04/96%,y=9.2e-06/8%,z=2.3e-05/21%)
============================================================
接線剛性FD方向診断（status-256）
============================================================
  ||du|| = 8.3393e-04
  ||R_u|| = 1.1059e-04
  ⚠ R_u vs compute_residual(u) 乖離: 2.7169e-07 (リラクゼーション/動的項の差異)
  ||R_base|| = 1.1074e-04
  ||R(u+eps*du)|| = 1.1074e-04
  方向有効性: ||R(u+eps*du)||/||R(u)|| = 1.000011
  ⚠ du方向で残差が増加 — Newton方向が無効
  FD方向微分 = -1.0828e-02
  解析方向微分 = 6.2291e-05
  全体系 K@du: FD vs 解析 相対誤差 = 1.0036e+00
  ⚠ 全体系で接線剛性不整合 — K_c自体が不正確
  全体系不整合DOF上位5件:
    dof=702 (node=117, comp=0): FD=-1.2894e-02, analytical=1.4044e-05, diff=-1.2908e-02
    dof=90 (node=15, comp=0): FD=1.1879e-02, analytical=-4.5099e-05, diff=1.1925e-02
    dof=86 (node=14, comp=2): FD=-8.6323e-03, analytical=-1.8346e-06, diff=-8.6304e-03
    dof=398 (node=66, comp=2): FD=7.2976e-03, analytical=1.9833e-06, diff=7.2956e-03
    dof=92 (node=15, comp=2): FD=-6.1620e-03, analytical=-5.7967e-06, diff=-6.1562e-03
  comp別不整合: [x:2.53e-02(70%), y:4.73e-03(13%), z:2.50e-02(70%), θx:1.84e-04(1%), θy:2.59e-03(7%), θz:9.78e-05(0%)]
  接触DOF不整合: 2.96e-02 (384 DOFs), 構造DOF不整合: 2.04e-02 (1554 DOFs)
  活性DOF K@du: FD vs 解析 相対誤差 = 1.0036e+00 (384 DOFs)
  ⚠ 活性DOFで接線剛性不整合
  方向微分整合度: |FD-解析|/max = 1.0058e+00
------------------------------------------------------------
  f_c 単独FD検証（K_c精度）
  ||∂f_c/∂u·du (FD)|| = 7.7635e-05
  ||K_c @ du|| = 7.9445e-05
  f_c FD相対誤差 = 1.8840e+00
  ⚠ K_c自体が不正確（f_c単独で10%超の不整合）
  f_c comp別不整合: [x=1.4e-04/96%, y=9.3e-06/6%, z=4.3e-05/28%, θx=0.0e+00/0%, θy=0.0e+00/0%, θz=0.0e+00/0%]
  f_c不整合DOF上位5件:
    dof=702 (node=117, comp=0): FD=4.3472e-05, K_c=-4.5963e-05, diff=8.9435e-05
    dof=90 (node=15, comp=0): FD=-4.1973e-05, K_c=4.4070e-05, diff=-8.6043e-05
    dof=696 (node=116, comp=0): FD=1.4729e-05, K_c=-1.5623e-05, diff=3.0352e-05
    dof=84 (node=14, comp=0): FD=-1.4847e-05, K_c=1.5203e-05, diff=-3.0050e-05
    dof=1818 (node=303, comp=0): FD=-1.1215e-05, K_c=1.1776e-05, diff=-2.2990e-05
============================================================
============================================================
接線剛性FD方向診断（status-256）
============================================================
  ||du|| = 3.9752e-04
  ||R_u|| = 8.1492e-05
  ⚠ R_u vs compute_residual(u) 乖離: 7.9050e-05 (リラクゼーション/動的項の差異)
  ||R_base|| = 1.4004e-04
  ||R(u+eps*du)|| = 1.4004e-04
  方向有効性: ||R(u+eps*du)||/||R(u)|| = 1.000008
  ⚠ du方向で残差が増加 — Newton方向が無効
  FD方向微分 = -6.8640e-03
  解析方向微分 = 4.1694e-05
  全体系 K@du: FD vs 解析 相対誤差 = 1.0008e+00
  ⚠ 全体系で接線剛性不整合 — K_c自体が不正確
  全体系不整合DOF上位5件:
    dof=92 (node=15, comp=2): FD=-1.0568e-02, analytical=-1.1326e-05, diff=-1.0556e-02
    dof=398 (node=66, comp=2): FD=1.0299e-02, analytical=8.0454e-06, diff=1.0291e-02
    dof=392 (node=65, comp=2): FD=9.5343e-03, analytical=4.0679e-06, diff=9.5303e-03
    dof=86 (node=14, comp=2): FD=-8.7876e-03, analytical=-6.7421e-06, diff=-8.7809e-03
    dof=396 (node=66, comp=0): FD=8.5312e-03, analytical=-8.0407e-06, diff=8.5393e-03
  comp別不整合: [x:2.58e-02(67%), y:4.98e-03(13%), z:2.79e-02(73%), θx:1.64e-04(0%), θy:1.24e-03(3%), θz:5.49e-05(0%)]
  接触DOF不整合: 3.33e-02 (402 DOFs), 構造DOF不整合: 1.91e-02 (1536 DOFs)
  活性DOF K@du: FD vs 解析 相対誤差 = 1.0006e+00 (402 DOFs)
  ⚠ 活性DOFで接線剛性不整合
  方向微分整合度: |FD-解析|/max = 1.0061e+00
------------------------------------------------------------
  f_c 単独FD検証（K_c精度）
  ||∂f_c/∂u·du (FD)|| = 2.1878e-05
  ||K_c @ du|| = 1.7538e-05
  f_c FD相対誤差 = 1.5960e+00
  ⚠ K_c自体が不正確（f_c単独で10%超の不整合）
  f_c comp別不整合: [x=2.6e-05/75%, y=1.5e-05/43%, z=1.7e-05/50%, θx=0.0e+00/0%, θy=0.0e+00/0%, θz=0.0e+00/0%]
  f_c不整合DOF上位5件:
    dof=810 (node=135, comp=0): FD=5.6163e-06, K_c=-6.7946e-06, diff=1.2411e-05
    dof=1932 (node=322, comp=0): FD=-6.2151e-06, K_c=5.7661e-06, diff=-1.1981e-05
    dof=811 (node=135, comp=1): FD=1.0017e-05, K_c=7.6821e-07, diff=9.2487e-06
    dof=1926 (node=321, comp=0): FD=-4.6763e-06, K_c=4.3034e-06, diff=-8.9797e-06
    dof=92 (node=15, comp=2): FD=2.5920e-06, K_c=-4.6203e-06, diff=7.2123e-06
============================================================
============================================================
接線剛性FD方向診断（status-256）
============================================================
  ||du|| = 1.2885e-04
  ||R_u|| = 1.8986e-05
  ⚠ R_u vs compute_residual(u) 乖離: 5.6431e-05 (リラクゼーション/動的項の差異)
  ||R_base|| = 5.5366e-05
  ||R(u+eps*du)|| = 5.5341e-05
  方向有効性: ||R(u+eps*du)||/||R(u)|| = 0.999545
  ✓ du方向で残差が減少 — Newton方向は有効
  FD方向微分 = 3.5474e-02
  解析方向微分 = 8.3329e-06
  全体系 K@du: FD vs 解析 相対誤差 = 1.0000e+00
  ⚠ 全体系で接線剛性不整合 — K_c自体が不正確
  全体系不整合DOF上位5件:
    dof=90 (node=15, comp=0): FD=2.0708e-01, analytical=-3.4997e-06, diff=2.0708e-01
    dof=396 (node=66, comp=0): FD=-2.0533e-01, analytical=3.7013e-06, diff=-2.0533e-01
    dof=84 (node=14, comp=0): FD=1.8924e-01, analytical=-2.9269e-06, diff=1.8924e-01
    dof=390 (node=65, comp=0): FD=-1.8919e-01, analytical=2.7366e-06, diff=-1.8920e-01
    dof=398 (node=66, comp=2): FD=9.3382e-02, analytical=4.2627e-06, diff=9.3378e-02
  comp別不整合: [x:3.96e-01(91%), y:1.24e-02(3%), z:1.75e-01(40%), θx:5.47e-05(0%), θy:5.73e-04(0%), θz:2.41e-05(0%)]
  接触DOF不整合: 4.33e-01 (402 DOFs), 構造DOF不整合: 1.75e-02 (1536 DOFs)
  活性DOF K@du: FD vs 解析 相対誤差 = 1.0000e+00 (402 DOFs)
  ⚠ 活性DOFで接線剛性不整合
  方向微分整合度: |FD-解析|/max = 9.9977e-01
------------------------------------------------------------
  f_c 単独FD検証（K_c精度）
  ||∂f_c/∂u·du (FD)|| = 7.0154e-04
  ||K_c @ du|| = 1.3514e-05
  f_c FD相対誤差 = 1.0113e+00
  ⚠ K_c自体が不正確（f_c単独で10%超の不整合）
  f_c comp別不整合: [x=6.5e-04/91%, y=2.4e-05/3%, z=2.9e-04/41%, θx=0.0e+00/0%, θy=0.0e+00/0%, θz=0.0e+00/0%]
  f_c不整合DOF上位5件:
    dof=90 (node=15, comp=0): FD=3.3443e-04, K_c=-3.6533e-06, diff=3.3808e-04
    dof=396 (node=66, comp=0): FD=-3.3418e-04, K_c=3.7700e-06, diff=-3.3795e-04
    dof=390 (node=65, comp=0): FD=-3.0579e-04, K_c=3.3809e-06, diff=-3.0917e-04
    dof=84 (node=14, comp=0): FD=3.0534e-04, K_c=-3.3597e-06, diff=3.0870e-04
    dof=92 (node=15, comp=2): FD=-1.4884e-04, K_c=1.5222e-06, diff=-1.5036e-04
============================================================
============================================================
接線剛性FD方向診断（status-256）
============================================================
  ||du|| = 1.2239e-04
  ||R_u|| = 1.8172e-05
  ⚠ R_u vs compute_residual(u) 乖離: 5.6571e-05 (リラクゼーション/動的項の差異)
  ||R_base|| = 5.5297e-05
  ||R(u+eps*du)|| = 5.5296e-05
  方向有効性: ||R(u+eps*du)||/||R(u)|| = 0.999994
  ✓ du方向で残差が減少 — Newton方向は有効
  FD方向微分 = 5.4380e-04
  解析方向微分 = 7.7639e-06
  全体系 K@du: FD vs 解析 相対誤差 = 1.0003e+00
  ⚠ 全体系で接線剛性不整合 — K_c自体が不正確
  全体系不整合DOF上位5件:
    dof=1094 (node=182, comp=2): FD=3.9023e-03, analytical=-9.8468e-10, diff=3.9023e-03
    dof=1412 (node=235, comp=2): FD=3.8366e-03, analytical=7.7758e-11, diff=3.8366e-03
    dof=1100 (node=183, comp=2): FD=-3.6602e-03, analytical=-5.0516e-09, diff=-3.6602e-03
    dof=488 (node=81, comp=2): FD=-3.4732e-03, analytical=-5.6447e-08, diff=-3.4732e-03
    dof=1724 (node=287, comp=2): FD=-3.1760e-03, analytical=6.8407e-07, diff=-3.1767e-03
  comp別不整合: [x:7.63e-03(40%), y:1.42e-03(7%), z:1.73e-02(91%), θx:6.13e-05(0%), θy:5.70e-04(3%), θz:2.26e-05(0%)]
  接触DOF不整合: 8.43e-03 (402 DOFs), 構造DOF不整合: 1.70e-02 (1536 DOFs)
  活性DOF K@du: FD vs 解析 相対誤差 = 1.0011e+00 (402 DOFs)
  ⚠ 活性DOFで接線剛性不整合
  方向微分整合度: |FD-解析|/max = 9.8572e-01
------------------------------------------------------------
  f_c 単独FD検証（K_c精度）
  ||∂f_c/∂u·du (FD)|| = 2.1130e-05
  ||K_c @ du|| = 1.3381e-05
  f_c FD相対誤差 = 1.5717e+00
  ⚠ K_c自体が不正確（f_c単独で10%超の不整合）
  f_c comp別不整合: [x=2.9e-05/89%, y=1.1e-05/34%, z=1.1e-05/32%, θx=0.0e+00/0%, θy=0.0e+00/0%, θz=0.0e+00/0%]
  f_c不整合DOF上位5件:
    dof=810 (node=135, comp=0): FD=-6.9437e-06, K_c=5.8734e-06, diff=-1.2817e-05
    dof=396 (node=66, comp=0): FD=-6.6505e-06, K_c=3.9734e-06, diff=-1.0624e-05
    dof=90 (node=15, comp=0): FD=6.4792e-06, K_c=-3.8557e-06, diff=1.0335e-05
    dof=1932 (node=322, comp=0): FD=4.7540e-06, K_c=-5.0074e-06, diff=9.7614e-06
    dof=390 (node=65, comp=0): FD=-6.0035e-06, K_c=3.5519e-06, diff=-9.5554e-06
============================================================
============================================================
接線剛性FD方向診断（status-256）
============================================================
  ||du|| = 1.1625e-04
  ||R_u|| = 1.7402e-05
  ⚠ R_u vs compute_residual(u) 乖離: 5.6710e-05 (リラクゼーション/動的項の差異)
  ||R_base|| = 5.5240e-05
  ||R(u+eps*du)|| = 5.5240e-05
  方向有効性: ||R(u+eps*du)||/||R(u)|| = 0.999995
  ✓ du方向で残差が減少 — Newton方向は有効
  FD方向微分 = 6.1942e-04
  解析方向微分 = 7.2448e-06
  全体系 K@du: FD vs 解析 相対誤差 = 1.0003e+00
  ⚠ 全体系で接線剛性不整合 — K_c自体が不正確
  全体系不整合DOF上位5件:
    dof=908 (node=151, comp=2): FD=-3.8717e-03, analytical=-1.2992e-08, diff=-3.8717e-03
    dof=1112 (node=185, comp=2): FD=-3.4818e-03, analytical=-4.9821e-07, diff=-3.4813e-03
    dof=902 (node=150, comp=2): FD=3.4332e-03, analytical=-1.1054e-08, diff=3.4332e-03
    dof=806 (node=134, comp=2): FD=3.3928e-03, analytical=1.9737e-06, diff=3.3908e-03
    dof=398 (node=66, comp=2): FD=2.8544e-03, analytical=3.9032e-06, diff=2.8505e-03
  comp別不整合: [x:8.52e-03(47%), y:1.32e-03(7%), z:1.58e-02(88%), θx:6.51e-05(0%), θy:5.27e-04(3%), θz:2.28e-05(0%)]
  接触DOF不整合: 1.19e-02 (402 DOFs), 構造DOF不整合: 1.35e-02 (1536 DOFs)
  活性DOF K@du: FD vs 解析 相対誤差 = 1.0006e+00 (402 DOFs)
  ⚠ 活性DOFで接線剛性不整合
  方向微分整合度: |FD-解析|/max = 9.8830e-01
------------------------------------------------------------
  f_c 単独FD検証（K_c精度）
  ||∂f_c/∂u·du (FD)|| = 2.1158e-05
  ||K_c @ du|| = 1.3166e-05
  f_c FD相対誤差 = 1.5662e+00
  ⚠ K_c自体が不正確（f_c単独で10%超の不整合）
  f_c comp別不整合: [x=2.9e-05/89%, y=1.1e-05/32%, z=1.1e-05/33%, θx=0.0e+00/0%, θy=0.0e+00/0%, θz=0.0e+00/0%]
  f_c不整合DOF上位5件:
    dof=810 (node=135, comp=0): FD=-6.6061e-06, K_c=5.5908e-06, diff=-1.2197e-05
    dof=396 (node=66, comp=0): FD=-7.0568e-06, K_c=4.1070e-06, diff=-1.1164e-05
    dof=90 (node=15, comp=0): FD=6.8882e-06, K_c=-3.9910e-06, diff=1.0879e-05
    dof=390 (node=65, comp=0): FD=-6.3682e-06, K_c=3.6673e-06, diff=-1.0035e-05
    dof=84 (node=14, comp=0): FD=6.3313e-06, K_c=-3.6542e-06, diff=9.9855e-06
============================================================
  Incr 175 (frac=0.3752), attempt 20 [D.stall+E], ||R_t||/||f|| = 6.409e-05, ||R_r|| = 6.312e-06, ||R_w||/||f||=6.423e-05, rate=0.959, active=32, R(x=1.2e-05/73%,y=1.5e-06/9%,z=9.3e-06/56%)
============================================================
接線剛性FD方向診断（status-256）
============================================================
  ||du|| = 1.1040e-04
  ||R_u|| = 1.6676e-05
  ⚠ R_u vs compute_residual(u) 乖離: 5.6831e-05 (リラクゼーション/動的項の差異)
  ||R_base|| = 5.5187e-05
  ||R(u+eps*du)|| = 5.5187e-05
  方向有効性: ||R(u+eps*du)||/||R(u)|| = 0.999996
  ✓ du方向で残差が減少 — Newton方向は有効
  FD方向微分 = 6.7670e-04
  解析方向微分 = 6.7395e-06
  全体系 K@du: FD vs 解析 相対誤差 = 1.0002e+00
  ⚠ 全体系で接線剛性不整合 — K_c自体が不正確
  全体系不整合DOF上位5件:
    dof=494 (node=82, comp=2): FD=-4.7409e-03, analytical=3.7716e-08, diff=-4.7409e-03
    dof=1400 (node=233, comp=2): FD=4.2708e-03, analytical=1.2686e-12, diff=4.2708e-03
    dof=1406 (node=234, comp=2): FD=-4.2076e-03, analytical=-5.8990e-10, diff=-4.2076e-03
    dof=488 (node=81, comp=2): FD=4.1480e-03, analytical=-4.8916e-08, diff=4.1480e-03
    dof=482 (node=80, comp=2): FD=-4.0789e-03, analytical=2.3373e-10, diff=-4.0789e-03
  comp別不整合: [x:9.80e-03(44%), y:1.51e-03(7%), z:2.01e-02(90%), θx:6.37e-05(0%), θy:5.38e-04(2%), θz:2.09e-05(0%)]
  接触DOF不整合: 9.01e-03 (402 DOFs), 構造DOF不整合: 2.05e-02 (1536 DOFs)
  活性DOF K@du: FD vs 解析 相対誤差 = 1.0010e+00 (402 DOFs)
  ⚠ 活性DOFで接線剛性不整合
  方向微分整合度: |FD-解析|/max = 9.9004e-01
------------------------------------------------------------
  f_c 単独FD検証（K_c精度）
  ||∂f_c/∂u·du (FD)|| = 2.1007e-05
  ||K_c @ du|| = 1.2995e-05
  f_c FD相対誤差 = 1.5671e+00
  ⚠ K_c自体が不正確（f_c単独で10%超の不整合）
  f_c comp別不整合: [x=2.9e-05/89%, y=1.0e-05/31%, z=1.1e-05/35%, θx=0.0e+00/0%, θy=0.0e+00/0%, θz=0.0e+00/0%]
  f_c不整合DOF上位5件:
    dof=810 (node=135, comp=0): FD=-6.2796e-06, K_c=5.3158e-06, diff=-1.1595e-05
    dof=396 (node=66, comp=0): FD=-7.2823e-06, K_c=4.2471e-06, diff=-1.1529e-05
    dof=90 (node=15, comp=0): FD=7.1145e-06, K_c=-4.1325e-06, diff=1.1247e-05
    dof=390 (node=65, comp=0): FD=-6.5668e-06, K_c=3.7883e-06, diff=-1.0355e-05
    dof=84 (node=14, comp=0): FD=6.5329e-06, K_c=-3.7782e-06, diff=1.0311e-05
============================================================
============================================================
接線剛性FD方向診断（status-256）
============================================================
  ||du|| = 1.0485e-04
  ||R_u|| = 1.5993e-05
  ⚠ R_u vs compute_residual(u) 乖離: 5.6934e-05 (リラクゼーション/動的項の差異)
  ||R_base|| = 5.5133e-05
  ||R(u+eps*du)|| = 5.5133e-05
  方向有効性: ||R(u+eps*du)||/||R(u)|| = 0.999995
  ✓ du方向で残差が減少 — Newton方向は有効
  FD方向微分 = 7.4309e-04
  解析方向微分 = 6.2453e-06
  全体系 K@du: FD vs 解析 相対誤差 = 1.0003e+00
  ⚠ 全体系で接線剛性不整合 — K_c自体が不正確
  全体系不整合DOF上位5件:
    dof=596 (node=99, comp=2): FD=4.4718e-03, analytical=-9.3328e-08, diff=4.4719e-03
    dof=488 (node=81, comp=2): FD=-3.6174e-03, analytical=-4.6407e-08, diff=-3.6173e-03
    dof=992 (node=165, comp=2): FD=3.5554e-03, analytical=2.8650e-10, diff=3.5554e-03
    dof=374 (node=62, comp=2): FD=3.4995e-03, analytical=-2.3320e-08, diff=3.4995e-03
    dof=1112 (node=185, comp=2): FD=3.1203e-03, analytical=-4.7012e-07, diff=3.1207e-03
  comp別不整合: [x:8.77e-03(46%), y:1.21e-03(6%), z:1.69e-02(89%), θx:5.57e-05(0%), θy:4.97e-04(3%), θz:2.10e-05(0%)]
  接触DOF不整合: 1.07e-02 (402 DOFs), 構造DOF不整合: 1.58e-02 (1536 DOFs)
  活性DOF K@du: FD vs 解析 相対誤差 = 1.0007e+00 (402 DOFs)
  ⚠ 活性DOFで接線剛性不整合
  方向微分整合度: |FD-解析|/max = 9.9160e-01
------------------------------------------------------------
  f_c 単独FD検証（K_c精度）
  ||∂f_c/∂u·du (FD)|| = 2.0937e-05
  ||K_c @ du|| = 1.2876e-05
  f_c FD相対誤差 = 1.5682e+00
  ⚠ K_c自体が不正確（f_c単独で10%超の不整合）
  f_c comp別不整合: [x=2.9e-05/89%, y=9.7e-06/29%, z=1.2e-05/36%, θx=0.0e+00/0%, θy=0.0e+00/0%, θz=0.0e+00/0%]
  f_c不整合DOF上位5件:
    dof=396 (node=66, comp=0): FD=-7.5190e-06, K_c=4.3944e-06, diff=-1.1913e-05
    dof=90 (node=15, comp=0): FD=7.3530e-06, K_c=-4.2809e-06, diff=1.1634e-05
    dof=810 (node=135, comp=0): FD=-5.9667e-06, K_c=5.0493e-06, diff=-1.1016e-05
    dof=390 (node=65, comp=0): FD=-6.7756e-06, K_c=3.9154e-06, diff=-1.0691e-05
    dof=84 (node=14, comp=0): FD=6.7451e-06, K_c=-3.9085e-06, diff=1.0654e-05
============================================================
============================================================
接線剛性FD方向診断（status-256）
============================================================
  ||du|| = 9.9620e-05
  ||R_u|| = 1.5352e-05
  ⚠ R_u vs compute_residual(u) 乖離: 5.7020e-05 (リラクゼーション/動的項の差異)
  ||R_base|| = 5.5076e-05
  ||R(u+eps*du)|| = 5.5076e-05
  方向有効性: ||R(u+eps*du)||/||R(u)|| = 0.999997
  ✓ du方向で残差が減少 — Newton方向は有効
  FD方向微分 = 8.2009e-04
  解析方向微分 = 5.7592e-06
  全体系 K@du: FD vs 解析 相対誤差 = 1.0003e+00
  ⚠ 全体系で接線剛性不整合 — K_c自体が不正確
  全体系不整合DOF上位5件:
    dof=1406 (node=234, comp=2): FD=4.0715e-03, analytical=-1.3136e-10, diff=4.0715e-03
    dof=84 (node=14, comp=0): FD=3.6769e-03, analytical=-3.0338e-06, diff=3.6799e-03
    dof=1802 (node=300, comp=2): FD=-3.3183e-03, analytical=1.0831e-09, diff=-3.3183e-03
    dof=890 (node=148, comp=2): FD=3.1082e-03, analytical=-2.5142e-09, diff=3.1082e-03
    dof=392 (node=65, comp=2): FD=2.9653e-03, analytical=2.6435e-06, diff=2.9626e-03
  comp別不整合: [x:8.65e-03(47%), y:1.19e-03(6%), z:1.62e-02(88%), θx:6.09e-05(0%), θy:4.94e-04(3%), θz:2.13e-05(0%)]
  接触DOF不整合: 9.21e-03 (402 DOFs), 構造DOF不整合: 1.60e-02 (1536 DOFs)
  活性DOF K@du: FD vs 解析 相対誤差 = 1.0009e+00 (402 DOFs)
  ⚠ 活性DOFで接線剛性不整合
  方向微分整合度: |FD-解析|/max = 9.9298e-01
------------------------------------------------------------
  f_c 単独FD検証（K_c精度）
  ||∂f_c/∂u·du (FD)|| = 2.0944e-05
  ||K_c @ du|| = 1.2811e-05
  f_c FD相対誤差 = 1.5696e+00
  ⚠ K_c自体が不正確（f_c単独で10%超の不整合）
  f_c comp別不整合: [x=2.9e-05/88%, y=9.2e-06/28%, z=1.2e-05/38%, θx=0.0e+00/0%, θy=0.0e+00/0%, θz=0.0e+00/0%]
  f_c不整合DOF上位5件:
    dof=396 (node=66, comp=0): FD=-7.7662e-06, K_c=4.5495e-06, diff=-1.2316e-05
    dof=90 (node=15, comp=0): FD=7.6005e-06, K_c=-4.4369e-06, diff=1.2037e-05
    dof=390 (node=65, comp=0): FD=-6.9933e-06, K_c=4.0493e-06, diff=-1.1043e-05
    dof=84 (node=14, comp=0): FD=6.9659e-06, K_c=-4.0456e-06, diff=1.1011e-05
    dof=810 (node=135, comp=0): FD=-5.6649e-06, K_c=4.7917e-06, diff=-1.0457e-05
============================================================
  [Type D対策] FD診断: Newton方向精度不良 (dir_ratio=1.000), NR上限拡張→37
============================================================
接線剛性FD方向診断（status-256）
============================================================
  ||du|| = 9.4719e-05
  ||R_u|| = 1.4752e-05
  ⚠ R_u vs compute_residual(u) 乖離: 5.7086e-05 (リラクゼーション/動的項の差異)
  ||R_base|| = 5.5013e-05
  ||R(u+eps*du)|| = 5.5013e-05
  方向有効性: ||R(u+eps*du)||/||R(u)|| = 0.999994
  ✓ du方向で残差が減少 — Newton方向は有効
  FD方向微分 = 9.0934e-04
  解析方向微分 = 5.2782e-06
  全体系 K@du: FD vs 解析 相対誤差 = 1.0002e+00
  ⚠ 全体系で接線剛性不整合 — K_c自体が不正確
  全体系不整合DOF上位5件:
    dof=686 (node=114, comp=2): FD=5.6020e-03, analytical=-1.6980e-08, diff=5.6020e-03
    dof=398 (node=66, comp=2): FD=4.4969e-03, analytical=3.2001e-06, diff=4.4937e-03
    dof=1412 (node=235, comp=2): FD=3.8366e-03, analytical=1.1283e-10, diff=3.8366e-03
    dof=692 (node=115, comp=2): FD=-3.7125e-03, analytical=-3.2608e-08, diff=-3.7125e-03
    dof=680 (node=113, comp=2): FD=-3.4522e-03, analytical=-2.1629e-09, diff=-3.4522e-03
  comp別不整合: [x:8.84e-03(43%), y:1.41e-03(7%), z:1.84e-02(90%), θx:6.15e-05(0%), θy:4.92e-04(2%), θz:2.11e-05(0%)]
  接触DOF不整合: 1.12e-02 (402 DOFs), 構造DOF不整合: 1.72e-02 (1536 DOFs)
  活性DOF K@du: FD vs 解析 相対誤差 = 1.0005e+00 (402 DOFs)
  ⚠ 活性DOFで接線剛性不整合
  方向微分整合度: |FD-解析|/max = 9.9420e-01
------------------------------------------------------------
  f_c 単独FD検証（K_c精度）
  ||∂f_c/∂u·du (FD)|| = 2.1033e-05
  ||K_c @ du|| = 1.2805e-05
  f_c FD相対誤差 = 1.5715e+00
  ⚠ K_c自体が不正確（f_c単独で10%超の不整合）
  f_c comp別不整合: [x=2.9e-05/88%, y=8.7e-06/26%, z=1.3e-05/39%, θx=0.0e+00/0%, θy=0.0e+00/0%, θz=0.0e+00/0%]
  f_c不整合DOF上位5件:
    dof=396 (node=66, comp=0): FD=-8.0306e-06, K_c=4.7134e-06, diff=-1.2744e-05
    dof=90 (node=15, comp=0): FD=7.8654e-06, K_c=-4.6014e-06, diff=1.2467e-05
    dof=390 (node=65, comp=0): FD=-7.2260e-06, K_c=4.1908e-06, diff=-1.1417e-05
    dof=84 (node=14, comp=0): FD=7.2020e-06, K_c=-4.1902e-06, diff=1.1392e-05
    dof=810 (node=135, comp=0): FD=-5.3651e-06, K_c=4.5433e-06, diff=-9.9084e-06
============================================================
============================================================
接線剛性FD方向診断（status-256）
============================================================
  ||du|| = 9.0159e-05
  ||R_u|| = 1.4193e-05
  ⚠ R_u vs compute_residual(u) 乖離: 5.7134e-05 (リラクゼーション/動的項の差異)
  ||R_base|| = 5.4941e-05
  ||R(u+eps*du)|| = 5.4941e-05
  方向有効性: ||R(u+eps*du)||/||R(u)|| = 0.999995
  ✓ du方向で残差が減少 — Newton方向は有効
  FD方向微分 = 1.0126e-03
  解析方向微分 = 4.7988e-06
  全体系 K@du: FD vs 解析 相対誤差 = 1.0001e+00
  ⚠ 全体系で接線剛性不整合 — K_c自体が不正確
  全体系不整合DOF上位5件:
    dof=1916 (node=319, comp=2): FD=5.4583e-03, analytical=-1.4461e-08, diff=5.4583e-03
    dof=1826 (node=304, comp=2): FD=4.6601e-03, analytical=-2.6095e-07, diff=4.6603e-03
    dof=380 (node=63, comp=2): FD=-4.2892e-03, analytical=-5.6357e-10, diff=-4.2892e-03
    dof=1922 (node=320, comp=2): FD=-4.2217e-03, analytical=7.4759e-07, diff=-4.2224e-03
    dof=698 (node=116, comp=2): FD=4.2170e-03, analytical=2.1445e-07, diff=4.2168e-03
  comp別不整合: [x:1.10e-02(45%), y:1.90e-03(8%), z:2.14e-02(89%), θx:6.97e-05(0%), θy:4.88e-04(2%), θz:1.90e-05(0%)]
  接触DOF不整合: 1.43e-02 (402 DOFs), 構造DOF不整合: 1.94e-02 (1536 DOFs)
  活性DOF K@du: FD vs 解析 相対誤差 = 1.0003e+00 (402 DOFs)
  ⚠ 活性DOFで接線剛性不整合
  方向微分整合度: |FD-解析|/max = 9.9526e-01
------------------------------------------------------------
  f_c 単独FD検証（K_c精度）
  ||∂f_c/∂u·du (FD)|| = 2.1210e-05
  ||K_c @ du|| = 1.2862e-05
  f_c FD相対誤差 = 1.5734e+00
  ⚠ K_c自体が不正確（f_c単独で10%超の不整合）
  f_c comp別不整合: [x=2.9e-05/88%, y=8.3e-06/25%, z=1.4e-05/41%, θx=0.0e+00/0%, θy=0.0e+00/0%, θz=0.0e+00/0%]
  f_c不整合DOF上位5件:
    dof=396 (node=66, comp=0): FD=-8.2950e-06, K_c=4.8871e-06, diff=-1.3182e-05
    dof=90 (node=15, comp=0): FD=8.1289e-06, K_c=-4.7754e-06, diff=1.2904e-05
    dof=390 (node=65, comp=0): FD=-7.4581e-06, K_c=4.3407e-06, diff=-1.1799e-05
    dof=84 (node=14, comp=0): FD=7.4374e-06, K_c=-4.3434e-06, diff=1.1781e-05
    dof=810 (node=135, comp=0): FD=-5.0847e-06, K_c=4.3045e-06, diff=-9.3892e-06
============================================================
  Incr 175 (frac=0.3752), attempt 25 [D.stall+E], ||R_t||/||f|| = 5.278e-05, ||R_r|| = 5.037e-06, ||R_w||/||f||=5.288e-05, rate=0.964, active=32, R(x=1.0e-05/75%,y=1.2e-06/9%,z=7.4e-06/54%)
============================================================
接線剛性FD方向診断（status-256）
============================================================
  ||du|| = 8.5954e-05
  ||R_u|| = 1.3672e-05
  ⚠ R_u vs compute_residual(u) 乖離: 5.7164e-05 (リラクゼーション/動的項の差異)
  ||R_base|| = 5.4859e-05
  ||R(u+eps*du)|| = 5.4858e-05
  方向有効性: ||R(u+eps*du)||/||R(u)|| = 0.999995
  ✓ du方向で残差が減少 — Newton方向は有効
  FD方向微分 = 1.1319e-03
  解析方向微分 = 4.3175e-06
  全体系 K@du: FD vs 解析 相対誤差 = 1.0002e+00
  ⚠ 全体系で接線剛性不整合 — K_c自体が不正確
  全体系不整合DOF上位5件:
    dof=704 (node=117, comp=2): FD=-3.7545e-03, analytical=1.1315e-07, diff=-3.7546e-03
    dof=992 (node=165, comp=2): FD=3.5531e-03, analytical=1.3085e-10, diff=3.5531e-03
    dof=1814 (node=302, comp=2): FD=3.3197e-03, analytical=-2.3861e-09, diff=3.3197e-03
    dof=86 (node=14, comp=2): FD=-3.0954e-03, analytical=-2.4996e-06, diff=-3.0929e-03
    dof=386 (node=64, comp=2): FD=3.0659e-03, analytical=-3.4346e-09, diff=3.0659e-03
  comp別不整合: [x:9.23e-03(49%), y:1.35e-03(7%), z:1.62e-02(87%), θx:6.01e-05(0%), θy:4.37e-04(2%), θz:1.94e-05(0%)]
  接触DOF不整合: 1.20e-02 (402 DOFs), 構造DOF不整合: 1.43e-02 (1536 DOFs)
  活性DOF K@du: FD vs 解析 相対誤差 = 1.0005e+00 (402 DOFs)
  ⚠ 活性DOFで接線剛性不整合
  方向微分整合度: |FD-解析|/max = 9.9619e-01
------------------------------------------------------------
  f_c 単独FD検証（K_c精度）
  ||∂f_c/∂u·du (FD)|| = 2.1482e-05
  ||K_c @ du|| = 1.2986e-05
  f_c FD相対誤差 = 1.5757e+00
  ⚠ K_c自体が不正確（f_c単独で10%超の不整合）
  f_c comp別不整合: [x=3.0e-05/88%, y=7.9e-06/23%, z=1.4e-05/42%, θx=0.0e+00/0%, θy=0.0e+00/0%, θz=0.0e+00/0%]
  f_c不整合DOF上位5件:
    dof=396 (node=66, comp=0): FD=-8.5789e-06, K_c=5.0719e-06, diff=-1.3651e-05
    dof=90 (node=15, comp=0): FD=8.4122e-06, K_c=-4.9601e-06, diff=1.3372e-05
    dof=390 (node=65, comp=0): FD=-7.7073e-06, K_c=4.4999e-06, diff=-1.2207e-05
    dof=84 (node=14, comp=0): FD=7.6901e-06, K_c=-4.5061e-06, diff=1.2196e-05
    dof=810 (node=135, comp=0): FD=-4.8121e-06, K_c=4.0754e-06, diff=-8.8875e-06
============================================================
============================================================
接線剛性FD方向診断（status-256）
============================================================
  ||du|| = 8.2117e-05
  ||R_u|| = 1.3190e-05
  ⚠ R_u vs compute_residual(u) 乖離: 5.7174e-05 (リラクゼーション/動的項の差異)
  ||R_base|| = 5.4763e-05
  ||R(u+eps*du)|| = 5.4763e-05
  方向有効性: ||R(u+eps*du)||/||R(u)|| = 0.999994
  ✓ du方向で残差が減少 — Newton方向は有効
  FD方向微分 = 1.2694e-03
  解析方向微分 = 3.8306e-06
  全体系 K@du: FD vs 解析 相対誤差 = 1.0002e+00
  ⚠ 全体系で接線剛性不整合 — K_c自体が不正確
  全体系不整合DOF上位5件:
    dof=590 (node=98, comp=2): FD=3.7800e-03, analytical=5.1338e-10, diff=3.7800e-03
    dof=84 (node=14, comp=0): FD=3.2961e-03, analytical=-3.1822e-06, diff=3.2993e-03
    dof=1820 (node=303, comp=2): FD=3.2075e-03, analytical=-7.3631e-07, diff=3.2082e-03
    dof=68 (node=11, comp=2): FD=-2.9617e-03, analytical=5.6850e-10, diff=-2.9617e-03
    dof=1010 (node=168, comp=2): FD=2.8889e-03, analytical=6.4346e-10, diff=2.8889e-03
  comp別不整合: [x:8.31e-03(49%), y:1.14e-03(7%), z:1.48e-02(87%), θx:5.39e-05(0%), θy:4.17e-04(2%), θz:1.94e-05(0%)]
  接触DOF不整合: 9.84e-03 (402 DOFs), 構造DOF不整合: 1.39e-02 (1536 DOFs)
  活性DOF K@du: FD vs 解析 相対誤差 = 1.0006e+00 (402 DOFs)
  ⚠ 活性DOFで接線剛性不整合
  方向微分整合度: |FD-解析|/max = 9.9698e-01
------------------------------------------------------------
  f_c 単独FD検証（K_c精度）
  ||∂f_c/∂u·du (FD)|| = 2.1854e-05
  ||K_c @ du|| = 1.3179e-05
  f_c FD相対誤差 = 1.5781e+00
  ⚠ K_c自体が不正確（f_c単独で10%超の不整合）
  f_c comp別不整合: [x=3.0e-05/87%, y=7.5e-06/22%, z=1.5e-05/44%, θx=0.0e+00/0%, θy=0.0e+00/0%, θz=0.0e+00/0%]
  f_c不整合DOF上位5件:
    dof=396 (node=66, comp=0): FD=-8.8793e-06, K_c=5.2692e-06, diff=-1.4148e-05
    dof=90 (node=15, comp=0): FD=8.7112e-06, K_c=-5.1570e-06, diff=1.3868e-05
    dof=390 (node=65, comp=0): FD=-7.9707e-06, K_c=4.6699e-06, diff=-1.2641e-05
    dof=84 (node=14, comp=0): FD=7.9572e-06, K_c=-4.6797e-06, diff=1.2637e-05
    dof=810 (node=135, comp=0): FD=-4.5602e-06, K_c=3.8561e-06, diff=-8.4162e-06
============================================================
============================================================
接線剛性FD方向診断（status-256）
============================================================
  ||du|| = 7.8665e-05
  ||R_u|| = 1.2747e-05
  ⚠ R_u vs compute_residual(u) 乖離: 5.7165e-05 (リラクゼーション/動的項の差異)
  ||R_base|| = 5.4653e-05
  ||R(u+eps*du)|| = 5.4652e-05
  方向有効性: ||R(u+eps*du)||/||R(u)|| = 0.999995
  ✓ du方向で残差が減少 — Newton方向は有効
  FD方向微分 = 1.4273e-03
  解析方向微分 = 3.3341e-06
  全体系 K@du: FD vs 解析 相対誤差 = 1.0002e+00
  ⚠ 全体系で接線剛性不整合 — K_c自体が不正確
  全体系不整合DOF上位5件:
    dof=1700 (node=283, comp=2): FD=4.6865e-03, analytical=1.5055e-09, diff=4.6865e-03
    dof=398 (node=66, comp=2): FD=4.5714e-03, analytical=2.5150e-06, diff=4.5689e-03
    dof=1706 (node=284, comp=2): FD=-4.1775e-03, analytical=6.6392e-10, diff=-4.1775e-03
    dof=482 (node=80, comp=2): FD=3.9438e-03, analytical=5.2904e-10, diff=3.9438e-03
    dof=84 (node=14, comp=0): FD=3.4957e-03, analytical=-3.2290e-06, diff=3.4989e-03
  comp別不整合: [x:9.26e-03(47%), y:1.31e-03(7%), z:1.73e-02(88%), θx:5.63e-05(0%), θy:4.08e-04(2%), θz:1.88e-05(0%)]
  接触DOF不整合: 1.05e-02 (402 DOFs), 構造DOF不整合: 1.67e-02 (1536 DOFs)
  活性DOF K@du: FD vs 解析 相対誤差 = 1.0005e+00 (402 DOFs)
  ⚠ 活性DOFで接線剛性不整合
  方向微分整合度: |FD-解析|/max = 9.9766e-01
------------------------------------------------------------
  f_c 単独FD検証（K_c精度）
  ||∂f_c/∂u·du (FD)|| = 2.2334e-05
  ||K_c @ du|| = 1.3446e-05
  f_c FD相対誤差 = 1.5805e+00
  ⚠ K_c自体が不正確（f_c単独で10%超の不整合）
  f_c comp別不整合: [x=3.1e-05/87%, y=7.2e-06/20%, z=1.6e-05/46%, θx=0.0e+00/0%, θy=0.0e+00/0%, θz=0.0e+00/0%]
  f_c不整合DOF上位5件:
    dof=396 (node=66, comp=0): FD=-9.1935e-06, K_c=5.4807e-06, diff=-1.4674e-05
    dof=90 (node=15, comp=0): FD=9.0248e-06, K_c=-5.3678e-06, diff=1.4393e-05
    dof=84 (node=14, comp=0): FD=8.2371e-06, K_c=-4.8656e-06, diff=1.3103e-05
    dof=390 (node=65, comp=0): FD=-8.2467e-06, K_c=4.8520e-06, diff=-1.3099e-05
    dof=398 (node=66, comp=2): FD=5.1605e-06, K_c=-2.9858e-06, diff=8.1463e-06
============================================================
============================================================
接線剛性FD方向診断（status-256）
============================================================
  ||du|| = 7.5622e-05
  ||R_u|| = 1.2341e-05
  ⚠ R_u vs compute_residual(u) 乖離: 5.7137e-05 (リラクゼーション/動的項の差異)
  ||R_base|| = 5.4526e-05
  ||R(u+eps*du)|| = 5.4526e-05
  方向有効性: ||R(u+eps*du)||/||R(u)|| = 0.999995
  ✓ du方向で残差が減少 — Newton方向は有効
  FD方向微分 = 1.6080e-03
  解析方向微分 = 2.8244e-06
  全体系 K@du: FD vs 解析 相対誤差 = 1.0001e+00
  ⚠ 全体系で接線剛性不整合 — K_c自体が不正確
  全体系不整合DOF上位5件:
    dof=392 (node=65, comp=2): FD=5.4941e-03, analytical=1.7660e-06, diff=5.4923e-03
    dof=584 (node=97, comp=2): FD=4.2957e-03, analytical=6.1132e-10, diff=4.2957e-03
    dof=396 (node=66, comp=0): FD=-3.9629e-03, analytical=3.9781e-06, diff=-3.9668e-03
    dof=1928 (node=321, comp=2): FD=3.8709e-03, analytical=-1.2311e-06, diff=3.8721e-03
    dof=1814 (node=302, comp=2): FD=3.6966e-03, analytical=-2.0682e-09, diff=3.6966e-03
  comp別不整合: [x:1.02e-02(46%), y:1.67e-03(8%), z:1.95e-02(88%), θx:5.92e-05(0%), θy:4.41e-04(2%), θz:1.93e-05(0%)]
  接触DOF不整合: 1.31e-02 (402 DOFs), 構造DOF不整合: 1.78e-02 (1536 DOFs)
  活性DOF K@du: FD vs 解析 相対誤差 = 1.0004e+00 (402 DOFs)
  ⚠ 活性DOFで接線剛性不整合
  方向微分整合度: |FD-解析|/max = 9.9824e-01
------------------------------------------------------------
  f_c 単独FD検証（K_c精度）
  ||∂f_c/∂u·du (FD)|| = 2.2903e-05
  ||K_c @ du|| = 1.3792e-05
  f_c FD相対誤差 = 1.5838e+00
  ⚠ K_c自体が不正確（f_c単独で10%超の不整合）
  f_c comp別不整合: [x=3.1e-05/86%, y=6.8e-06/19%, z=1.7e-05/47%, θx=0.0e+00/0%, θy=0.0e+00/0%, θz=0.0e+00/0%]
  f_c不整合DOF上位5件:
    dof=396 (node=66, comp=0): FD=-9.5303e-06, K_c=5.7088e-06, diff=-1.5239e-05
    dof=90 (node=15, comp=0): FD=9.3589e-06, K_c=-5.5947e-06, diff=1.4954e-05
    dof=84 (node=14, comp=0): FD=8.5358e-06, K_c=-5.0657e-06, diff=1.3602e-05
    dof=390 (node=65, comp=0): FD=-8.5415e-06, K_c=5.0481e-06, diff=-1.3590e-05
    dof=398 (node=66, comp=2): FD=5.5104e-06, K_c=-3.2028e-06, diff=8.7132e-06
============================================================
============================================================
接線剛性FD方向診断（status-256）
============================================================
  ||du|| = 7.3014e-05
  ||R_u|| = 1.1973e-05
  ⚠ R_u vs compute_residual(u) 乖離: 5.7089e-05 (リラクゼーション/動的項の差異)
  ||R_base|| = 5.4381e-05
  ||R(u+eps*du)|| = 5.4381e-05
  方向有効性: ||R(u+eps*du)||/||R(u)|| = 0.999995
  ✓ du方向で残差が減少 — Newton方向は有効
  FD方向微分 = 1.8138e-03
  解析方向微分 = 2.2978e-06
  全体系 K@du: FD vs 解析 相対誤差 = 1.0002e+00
  ⚠ 全体系で接線剛性不整合 — K_c自体が不正確
  全体系不整合DOF上位5件:
    dof=392 (node=65, comp=2): FD=5.3320e-03, analytical=1.6166e-06, diff=5.3304e-03
    dof=90 (node=15, comp=0): FD=4.6203e-03, analytical=-3.8583e-06, diff=4.6242e-03
    dof=482 (node=80, comp=2): FD=4.2074e-03, analytical=5.2689e-10, diff=4.2074e-03
    dof=590 (node=98, comp=2): FD=-4.0394e-03, analytical=-1.8970e-11, diff=-4.0394e-03
    dof=686 (node=114, comp=2): FD=-3.9074e-03, analytical=-1.4520e-08, diff=-3.9074e-03
  comp別不整合: [x:9.97e-03(48%), y:1.15e-03(6%), z:1.82e-02(88%), θx:5.59e-05(0%), θy:4.31e-04(2%), θz:1.88e-05(0%)]
  接触DOF不整合: 1.19e-02 (402 DOFs), 構造DOF不整合: 1.70e-02 (1536 DOFs)
  活性DOF K@du: FD vs 解析 相対誤差 = 1.0004e+00 (402 DOFs)
  ⚠ 活性DOFで接線剛性不整合
  方向微分整合度: |FD-解析|/max = 9.9873e-01
------------------------------------------------------------
  f_c 単独FD検証（K_c精度）
  ||∂f_c/∂u·du (FD)|| = 2.3592e-05
  ||K_c @ du|| = 1.4223e-05
  f_c FD相対誤差 = 1.5872e+00
  ⚠ K_c自体が不正確（f_c単独で10%超の不整合）
  f_c comp別不整合: [x=3.2e-05/86%, y=6.5e-06/17%, z=1.8e-05/49%, θx=0.0e+00/0%, θy=0.0e+00/0%, θz=0.0e+00/0%]
  f_c不整合DOF上位5件:
    dof=396 (node=66, comp=0): FD=-9.8837e-06, K_c=5.9561e-06, diff=-1.5840e-05
    dof=90 (node=15, comp=0): FD=9.7089e-06, K_c=-5.8403e-06, diff=1.5549e-05
    dof=84 (node=14, comp=0): FD=8.8485e-06, K_c=-5.2825e-06, diff=1.4131e-05
    dof=390 (node=65, comp=0): FD=-8.8501e-06, K_c=5.2604e-06, diff=-1.4111e-05
    dof=398 (node=66, comp=2): FD=5.8936e-06, K_c=-3.4445e-06, diff=9.3382e-06
============================================================
  Incr 175 (frac=0.3752), attempt 29, 凍結解除(disp)→再凍結 ||R_t||/||f||=2.245e-04 (cycle=2)
  Incr 175 (frac=0.3752), attempt 30 [D.div+E], ||R_t||/||f|| = 2.245e-04, ||R_r|| = 4.059e-06, ||R_w||/||f||=2.245e-04, rate=4.828, active=32, R(x=3.1e-05/58%,y=3.1e-05/56%,z=3.2e-05/59%)
============================================================
接線剛性FD方向診断（status-256）
============================================================
  ||du|| = 3.3524e-04
  ||R_u|| = 5.4225e-05
  ⚠ R_u vs compute_residual(u) 乖離: 1.6583e-08 (リラクゼーション/動的項の差異)
  ||R_base|| = 5.4217e-05
  ||R(u+eps*du)|| = 5.4217e-05
  方向有効性: ||R(u+eps*du)||/||R(u)|| = 0.999999
  ✓ du方向で残差が減少 — Newton方向は有効
  FD方向微分 = 5.6131e-06
  解析方向微分 = 1.0191e-05
  全体系 K@du: FD vs 解析 相対誤差 = 1.0008e+00
  ⚠ 全体系で接線剛性不整合 — K_c自体が不正確
  全体系不整合DOF上位5件:
    dof=1094 (node=182, comp=2): FD=-4.3156e-03, analytical=-1.0766e-09, diff=-4.3156e-03
    dof=590 (node=98, comp=2): FD=-3.6705e-03, analytical=9.2785e-12, diff=-3.6705e-03
    dof=686 (node=114, comp=2): FD=-3.5137e-03, analytical=-1.3898e-08, diff=-3.5137e-03
    dof=1088 (node=181, comp=2): FD=3.3576e-03, analytical=1.8654e-09, diff=3.3576e-03
    dof=692 (node=115, comp=2): FD=3.1871e-03, analytical=-2.5866e-08, diff=3.1871e-03
  comp別不整合: [x:8.36e-03(39%), y:1.67e-03(8%), z:1.96e-02(92%), θx:1.81e-04(1%), θy:9.23e-04(4%), θz:1.02e-04(0%)]
  接触DOF不整合: 9.77e-03 (402 DOFs), 構造DOF不整合: 1.90e-02 (1536 DOFs)
  活性DOF K@du: FD vs 解析 相対誤差 = 1.0022e+00 (402 DOFs)
  ⚠ 活性DOFで接線剛性不整合
  方向微分整合度: |FD-解析|/max = 4.4920e-01
------------------------------------------------------------
  f_c 単独FD検証（K_c精度）
  ||∂f_c/∂u·du (FD)|| = 1.3812e-04
  ||K_c @ du|| = 6.7330e-05
  f_c FD相対誤差 = 1.3100e+00
  ⚠ K_c自体が不正確（f_c単独で10%超の不整合）
  f_c comp別不整合: [x=1.2e-04/64%, y=1.2e-04/67%, z=6.9e-05/38%, θx=0.0e+00/0%, θy=0.0e+00/0%, θz=0.0e+00/0%]
  f_c不整合DOF上位5件:
    dof=811 (node=135, comp=1): FD=-8.6890e-05, K_c=1.2965e-06, diff=-8.8186e-05
    dof=90 (node=15, comp=0): FD=-2.8119e-05, K_c=2.8866e-05, diff=-5.6985e-05
    dof=396 (node=66, comp=0): FD=2.7733e-05, K_c=-2.8819e-05, diff=5.6552e-05
    dof=84 (node=14, comp=0): FD=-2.5244e-05, K_c=2.5902e-05, diff=-5.1146e-05
    dof=390 (node=65, comp=0): FD=2.4994e-05, K_c=-2.5661e-05, diff=5.0655e-05
============================================================
============================================================
接線剛性FD方向診断（status-256）
============================================================
  ||du|| = 4.1776e-04
  ||R_u|| = 6.7891e-05
  ⚠ R_u vs compute_residual(u) 乖離: 1.2392e-04 (リラクゼーション/動的項の差異)
  ||R_base|| = 1.5702e-04
  ||R(u+eps*du)|| = 1.5702e-04
  方向有効性: ||R(u+eps*du)||/||R(u)|| = 1.000015
  ⚠ du方向で残差が増加 — Newton方向が無効
  FD方向微分 = -1.9049e-02
  解析方向微分 = 3.9463e-05
  全体系 K@du: FD vs 解析 相対誤差 = 1.0003e+00
  ⚠ 全体系で接線剛性不整合 — K_c自体が不正確
  全体系不整合DOF上位5件:
    dof=398 (node=66, comp=2): FD=2.7322e-02, analytical=1.7495e-05, diff=2.7305e-02
    dof=396 (node=66, comp=0): FD=2.6323e-02, analytical=-2.8833e-05, diff=2.6352e-02
    dof=392 (node=65, comp=2): FD=2.6348e-02, analytical=1.6348e-05, diff=2.6331e-02
    dof=86 (node=14, comp=2): FD=-2.5420e-02, analytical=-1.6067e-05, diff=-2.5404e-02
    dof=92 (node=15, comp=2): FD=-2.5084e-02, analytical=-1.7065e-05, diff=-2.5067e-02
  comp別不整合: [x:5.23e-02(69%), y:4.33e-03(6%), z:5.47e-02(72%), θx:7.66e-05(0%), θy:1.21e-03(2%), θz:5.19e-05(0%)]
  接触DOF不整合: 7.39e-02 (390 DOFs), 構造DOF不整合: 1.66e-02 (1548 DOFs)
  活性DOF K@du: FD vs 解析 相対誤差 = 1.0003e+00 (390 DOFs)
  ⚠ 活性DOFで接線剛性不整合
  方向微分整合度: |FD-解析|/max = 1.0021e+00
------------------------------------------------------------
  f_c 単独FD検証（K_c精度）
  ||∂f_c/∂u·du (FD)|| = 2.9715e-05
  ||K_c @ du|| = 3.0746e-05
  f_c FD相対誤差 = 1.6467e+00
  ⚠ K_c自体が不正確（f_c単独で10%超の不整合）
  f_c comp別不整合: [x=3.7e-05/73%, y=2.1e-05/41%, z=2.7e-05/54%, θx=0.0e+00/0%, θy=0.0e+00/0%, θz=0.0e+00/0%]
  f_c不整合DOF上位5件:
    dof=396 (node=66, comp=0): FD=-4.1287e-06, K_c=1.1441e-05, diff=-1.5570e-05
    dof=92 (node=15, comp=2): FD=3.1522e-06, K_c=-1.0829e-05, diff=1.3981e-05
    dof=398 (node=66, comp=2): FD=-2.6373e-06, K_c=1.0774e-05, diff=-1.3411e-05
    dof=90 (node=15, comp=0): FD=2.6371e-06, K_c=-1.0366e-05, diff=1.3004e-05
    dof=810 (node=135, comp=0): FD=-6.4703e-06, K_c=6.2598e-06, diff=-1.2730e-05
============================================================
============================================================
接線剛性FD方向診断（status-256）
============================================================
  ||du|| = 1.5369e-04
  ||R_u|| = 3.1634e-05
  ⚠ R_u vs compute_residual(u) 乖離: 1.1379e-04 (リラクゼーション/動的項の差異)
  ||R_base|| = 1.1656e-04
  ||R(u+eps*du)|| = 1.1656e-04
  方向有効性: ||R(u+eps*du)||/||R(u)|| = 1.000001
  ⚠ du方向で残差が増加 — Newton方向が無効
  FD方向微分 = -1.0229e-02
  解析方向微分 = 1.0029e-05
  全体系 K@du: FD vs 解析 相対誤差 = 9.9987e-01
  ⚠ 全体系で接線剛性不整合 — K_c自体が不正確
  全体系不整合DOF上位5件:
    dof=398 (node=66, comp=2): FD=1.6719e-02, analytical=1.0735e-05, diff=1.6708e-02
    dof=92 (node=15, comp=2): FD=-1.2087e-02, analytical=-1.0872e-05, diff=-1.2076e-02
    dof=86 (node=14, comp=2): FD=-1.1968e-02, analytical=-9.1469e-06, diff=-1.1958e-02
    dof=392 (node=65, comp=2): FD=1.1217e-02, analytical=8.5255e-06, diff=1.1209e-02
    dof=1932 (node=322, comp=0): FD=8.2106e-03, analytical=-5.7377e-06, diff=8.2163e-03
  comp別不整合: [x:1.70e-02(46%), y:3.47e-03(9%), z:3.23e-02(88%), θx:8.40e-05(0%), θy:5.98e-04(2%), θz:2.15e-05(0%)]
  接触DOF不整合: 3.15e-02 (390 DOFs), 構造DOF不整合: 1.87e-02 (1548 DOFs)
  活性DOF K@du: FD vs 解析 相対誤差 = 9.9980e-01 (390 DOFs)
  ⚠ 活性DOFで接線剛性不整合
  方向微分整合度: |FD-解析|/max = 1.0010e+00
------------------------------------------------------------
  f_c 単独FD検証（K_c精度）
  ||∂f_c/∂u·du (FD)|| = 1.7026e-05
  ||K_c @ du|| = 1.3783e-05
  f_c FD相対誤差 = 1.6776e+00
  ⚠ K_c自体が不正確（f_c単独で10%超の不整合）
  f_c comp別不整合: [x=2.6e-05/90%, y=1.1e-05/39%, z=4.6e-06/16%, θx=0.0e+00/0%, θy=0.0e+00/0%, θz=0.0e+00/0%]
  f_c不整合DOF上位5件:
    dof=810 (node=135, comp=0): FD=7.2281e-06, K_c=-7.6155e-06, diff=1.4844e-05
    dof=1932 (node=322, comp=0): FD=-5.7787e-06, K_c=7.0285e-06, diff=-1.2807e-05
    dof=1926 (node=321, comp=0): FD=-4.0488e-06, K_c=4.8578e-06, diff=-8.9066e-06
    dof=811 (node=135, comp=1): FD=-6.2695e-06, K_c=9.5629e-07, diff=-7.2258e-06
    dof=804 (node=134, comp=0): FD=3.0794e-06, K_c=-3.8088e-06, diff=6.8882e-06
============================================================
============================================================
接線剛性FD方向診断（status-256）
============================================================
  ||du|| = 1.4381e-04
  ||R_u|| = 3.0472e-05
  ⚠ R_u vs compute_residual(u) 乖離: 1.1398e-04 (リラクゼーション/動的項の差異)
  ||R_base|| = 1.1644e-04
  ||R(u+eps*du)|| = 1.1644e-04
  方向有効性: ||R(u+eps*du)||/||R(u)|| = 1.000000
  ⚠ du方向で残差が増加 — Newton方向が無効
  FD方向微分 = 2.2333e-04
  解析方向微分 = 9.5163e-06
  全体系 K@du: FD vs 解析 相対誤差 = 1.0003e+00
  ⚠ 全体系で接線剛性不整合 — K_c自体が不正確
  全体系不整合DOF上位5件:
    dof=584 (node=97, comp=2): FD=5.5005e-03, analytical=-7.8929e-10, diff=5.5005e-03
    dof=578 (node=96, comp=2): FD=-4.2311e-03, analytical=-1.4335e-08, diff=-4.2311e-03
    dof=1820 (node=303, comp=2): FD=3.8588e-03, analytical=-6.7819e-07, diff=3.8595e-03
    dof=590 (node=98, comp=2): FD=-3.6801e-03, analytical=-9.9983e-10, diff=-3.6801e-03
    dof=686 (node=114, comp=2): FD=3.5262e-03, analytical=-8.5017e-11, diff=3.5262e-03
  comp別不整合: [x:7.91e-03(41%), y:1.26e-03(7%), z:1.76e-02(91%), θx:6.52e-05(0%), θy:5.46e-04(3%), θz:2.04e-05(0%)]
  接触DOF不整合: 9.22e-03 (390 DOFs), 構造DOF不整合: 1.70e-02 (1548 DOFs)
  活性DOF K@du: FD vs 解析 相対誤差 = 1.0008e+00 (390 DOFs)
  ⚠ 活性DOFで接線剛性不整合
  方向微分整合度: |FD-解析|/max = 9.5739e-01
------------------------------------------------------------
  f_c 単独FD検証（K_c精度）
  ||∂f_c/∂u·du (FD)|| = 1.7009e-05
  ||K_c @ du|| = 1.2701e-05
  f_c FD相対誤差 = 1.6541e+00
  ⚠ K_c自体が不正確（f_c単独で10%超の不整合）
  f_c comp別不整合: [x=2.5e-05/90%, y=1.1e-05/38%, z=6.3e-06/22%, θx=0.0e+00/0%, θy=0.0e+00/0%, θz=0.0e+00/0%]
  f_c不整合DOF上位5件:
    dof=810 (node=135, comp=0): FD=7.5083e-06, K_c=-6.9865e-06, diff=1.4495e-05
    dof=1932 (node=322, comp=0): FD=-6.1541e-06, K_c=6.4486e-06, diff=-1.2603e-05
    dof=1926 (node=321, comp=0): FD=-4.2201e-06, K_c=4.4704e-06, diff=-8.6905e-06
    dof=804 (node=134, comp=0): FD=3.2870e-06, K_c=-3.4945e-06, diff=6.7816e-06
    dof=811 (node=135, comp=1): FD=-5.8839e-06, K_c=8.7609e-07, diff=-6.7600e-06
============================================================
============================================================
接線剛性FD方向診断（status-256）
============================================================
  ||du|| = 1.3482e-04
  ||R_u|| = 2.9363e-05
  ⚠ R_u vs compute_residual(u) 乖離: 1.1414e-04 (リラクゼーション/動的項の差異)
  ||R_base|| = 1.1634e-04
  ||R(u+eps*du)|| = 1.1634e-04
  方向有効性: ||R(u+eps*du)||/||R(u)|| = 1.000000
  ✓ du方向で残差が減少 — Newton方向は有効
  FD方向微分 = 2.0295e-04
  解析方向微分 = 9.0433e-06
  全体系 K@du: FD vs 解析 相対誤差 = 1.0001e+00
  ⚠ 全体系で接線剛性不整合 — K_c自体が不正確
  全体系不整合DOF上位5件:
    dof=1922 (node=320, comp=2): FD=5.3427e-03, analytical=6.3153e-07, diff=5.3420e-03
    dof=890 (node=148, comp=2): FD=5.1112e-03, analytical=5.5729e-10, diff=5.1112e-03
    dof=1916 (node=319, comp=2): FD=-4.7041e-03, analytical=1.2653e-09, diff=-4.7041e-03
    dof=1928 (node=321, comp=2): FD=-4.4970e-03, analytical=-7.7678e-07, diff=-4.4962e-03
    dof=884 (node=147, comp=2): FD=-4.3511e-03, analytical=-5.9650e-11, diff=-4.3511e-03
  comp別不整合: [x:1.01e-02(44%), y:1.98e-03(9%), z:2.07e-02(89%), θx:7.65e-05(0%), θy:5.09e-04(2%), θz:1.95e-05(0%)]
  接触DOF不整合: 1.23e-02 (390 DOFs), 構造DOF不整合: 1.96e-02 (1548 DOFs)
  活性DOF K@du: FD vs 解析 相対誤差 = 1.0004e+00 (390 DOFs)
  ⚠ 活性DOFで接線剛性不整合
  方向微分整合度: |FD-解析|/max = 9.5544e-01
------------------------------------------------------------
  f_c 単独FD検証（K_c精度）
  ||∂f_c/∂u·du (FD)|| = 1.5782e-05
  ||K_c @ du|| = 1.1729e-05
  f_c FD相対誤差 = 1.6490e+00
  ⚠ K_c自体が不正確（f_c単独で10%超の不整合）
  f_c comp別不整合: [x=2.3e-05/90%, y=9.8e-06/38%, z=6.0e-06/23%, θx=0.0e+00/0%, θy=0.0e+00/0%, θz=0.0e+00/0%]
  f_c不整合DOF上位5件:
    dof=810 (node=135, comp=0): FD=6.8831e-06, K_c=-6.4020e-06, diff=1.3285e-05
    dof=1932 (node=322, comp=0): FD=-5.6459e-06, K_c=5.9094e-06, diff=-1.1555e-05
    dof=1926 (node=321, comp=0): FD=-3.8839e-06, K_c=4.1100e-06, diff=-7.9938e-06
    dof=804 (node=134, comp=0): FD=3.0159e-06, K_c=-3.2023e-06, diff=6.2183e-06
    dof=811 (node=135, comp=1): FD=-5.3702e-06, K_c=8.0092e-07, diff=-6.1711e-06
============================================================
  Incr 175 (frac=0.3752), attempt 35 [D.stall+E], ||R_t||/||f|| = 1.145e-04, ||R_r|| = 6.435e-06, ||R_w||/||f||=1.145e-04, rate=0.965, active=32, R(x=2.0e-05/72%,y=1.4e-06/5%,z=1.9e-05/66%)
============================================================
接線剛性FD方向診断（status-256）
============================================================
  ||du|| = 1.2659e-04
  ||R_u|| = 2.8307e-05
  ⚠ R_u vs compute_residual(u) 乖離: 1.1429e-04 (リラクゼーション/動的項の差異)
  ||R_base|| = 1.1625e-04
  ||R(u+eps*du)|| = 1.1625e-04
  方向有効性: ||R(u+eps*du)||/||R(u)|| = 1.000000
  ✓ du方向で残差が減少 — Newton方向は有効
  FD方向微分 = 1.8480e-04
  解析方向微分 = 8.6000e-06
  全体系 K@du: FD vs 解析 相対誤差 = 1.0001e+00
  ⚠ 全体系で接線剛性不整合 — K_c自体が不正確
  全体系不整合DOF上位5件:
    dof=392 (node=65, comp=2): FD=4.6954e-03, analytical=7.8712e-06, diff=4.6875e-03
    dof=386 (node=64, comp=2): FD=-4.1331e-03, analytical=-5.3669e-08, diff=-4.1330e-03
    dof=1706 (node=284, comp=2): FD=3.7924e-03, analytical=2.8735e-10, diff=3.7924e-03
    dof=998 (node=166, comp=2): FD=3.5551e-03, analytical=-9.2540e-08, diff=3.5552e-03
    dof=992 (node=165, comp=2): FD=-3.5492e-03, analytical=-1.6391e-10, diff=-3.5492e-03
  comp別不整合: [x:8.59e-03(41%), y:1.52e-03(7%), z:1.89e-02(91%), θx:6.49e-05(0%), θy:4.87e-04(2%), θz:1.84e-05(0%)]
  接触DOF不整合: 1.09e-02 (390 DOFs), 構造DOF不整合: 1.77e-02 (1548 DOFs)
  活性DOF K@du: FD vs 解析 相対誤差 = 1.0003e+00 (390 DOFs)
  ⚠ 活性DOFで接線剛性不整合
  方向微分整合度: |FD-解析|/max = 9.5346e-01
------------------------------------------------------------
  f_c 単独FD検証（K_c精度）
  ||∂f_c/∂u·du (FD)|| = 1.4702e-05
  ||K_c @ du|| = 1.0852e-05
  f_c FD相対誤差 = 1.6418e+00
  ⚠ K_c自体が不正確（f_c単独で10%超の不整合）
  f_c comp別不整合: [x=2.2e-05/89%, y=9.1e-06/38%, z=5.7e-06/24%, θx=0.0e+00/0%, θy=0.0e+00/0%, θz=0.0e+00/0%]
  f_c不整合DOF上位5件:
    dof=810 (node=135, comp=0): FD=6.3218e-06, K_c=-5.8758e-06, diff=1.2198e-05
    dof=1932 (node=322, comp=0): FD=-5.1845e-06, K_c=5.4240e-06, diff=-1.0608e-05
    dof=1926 (node=321, comp=0): FD=-3.5784e-06, K_c=3.7842e-06, diff=-7.3627e-06
    dof=804 (node=134, comp=0): FD=2.7695e-06, K_c=-2.9393e-06, diff=5.7088e-06
    dof=811 (node=135, comp=1): FD=-4.9361e-06, K_c=7.3352e-07, diff=-5.6696e-06
============================================================
============================================================
接線剛性FD方向診断（status-256）
============================================================
  ||du|| = 1.1902e-04
  ||R_u|| = 2.7299e-05
  ⚠ R_u vs compute_residual(u) 乖離: 1.1443e-04 (リラクゼーション/動的項の差異)
  ||R_base|| = 1.1617e-04
  ||R(u+eps*du)|| = 1.1617e-04
  方向有効性: ||R(u+eps*du)||/||R(u)|| = 1.000000
  ⚠ du方向で残差が増加 — Newton方向が無効
  FD方向微分 = 1.6876e-04
  解析方向微分 = 8.1838e-06
  全体系 K@du: FD vs 解析 相対誤差 = 1.0002e+00
  ⚠ 全体系で接線剛性不整合 — K_c自体が不正確
  全体系不整合DOF上位5件:
    dof=1088 (node=181, comp=2): FD=-5.3841e-03, analytical=9.1963e-10, diff=-5.3841e-03
    dof=1094 (node=182, comp=2): FD=4.6001e-03, analytical=7.2629e-10, diff=4.6001e-03
    dof=1706 (node=284, comp=2): FD=3.7951e-03, analytical=3.9413e-10, diff=3.7951e-03
    dof=1826 (node=304, comp=2): FD=-3.7497e-03, analytical=-2.1085e-07, diff=-3.7495e-03
    dof=1712 (node=285, comp=2): FD=-3.5583e-03, analytical=-3.5542e-10, diff=-3.5583e-03
  comp別不整合: [x:8.55e-03(40%), y:1.87e-03(9%), z:1.95e-02(91%), θx:7.79e-05(0%), θy:5.15e-04(2%), θz:1.73e-05(0%)]
  接触DOF不整合: 1.05e-02 (390 DOFs), 構造DOF不整合: 1.87e-02 (1548 DOFs)
  活性DOF K@du: FD vs 解析 相対誤差 = 1.0007e+00 (390 DOFs)
  ⚠ 活性DOFで接線剛性不整合
  方向微分整合度: |FD-解析|/max = 9.5151e-01
------------------------------------------------------------
  f_c 単独FD検証（K_c精度）
  ||∂f_c/∂u·du (FD)|| = 1.3701e-05
  ||K_c @ du|| = 1.0059e-05
  f_c FD相対誤差 = 1.6361e+00
  ⚠ K_c自体が不正確（f_c単独で10%超の不整合）
  f_c comp別不整合: [x=2.0e-05/89%, y=8.5e-06/38%, z=5.5e-06/25%, θx=0.0e+00/0%, θy=0.0e+00/0%, θz=0.0e+00/0%]
  f_c不整合DOF上位5件:
    dof=810 (node=135, comp=0): FD=5.8067e-06, K_c=-5.4010e-06, diff=1.1208e-05
    dof=1932 (node=322, comp=0): FD=-4.7655e-06, K_c=4.9859e-06, diff=-9.7514e-06
    dof=1926 (node=321, comp=0): FD=-3.2992e-06, K_c=3.4892e-06, diff=-6.7884e-06
    dof=804 (node=134, comp=0): FD=2.5457e-06, K_c=-2.7019e-06, diff=5.2477e-06
    dof=811 (node=135, comp=1): FD=-4.5240e-06, K_c=6.7292e-07, diff=-5.1970e-06
============================================================
  [NR診断] Incr 175 (frac=0.3752), 不収束 att=37, Type分布[-:1(3%), C:1(3%), D.div+E:9(24%), D.stall+E:16(43%), E:10(27%)], 直近10[D.div+E:2, D.stall+E:7, E:1], R_c=2.70e-05, R_s=3.80e-06, active=32, sliding=385, activated=0, deactivated=0, stick→slide=0, slide→stick=0, comp(x=1.9e-05/71%,y=1.3e-06/5%,z=1.8e-05/66%,θx=5.5e-06/20%,θy=1.5e-07/1%,θz=2.7e-06/10%)
  [CUTBACK:nr_limit] frac 0.3752, dt=9.3856e-04 → sub-steps (cutback #19)
  [f_ref] Incr 175: f_ref=6.032e-02 (dynamic_ref), atol=9.00e-09
  Incr 175 (frac=0.3748), attempt 0 [C], ||R_t||/||f|| = 1.000e+00, ||R_r|| = 1.133e-03, ||R_w||/||f||=1.000e+00, active=32, R(x=3.2e-02/53%,y=5.4e-03/9%,z=5.1e-02/85%)
  Incr 175 (frac=0.3748), attempt 5 [E], ||R_t||/||f|| = 1.488e-03, ||R_r|| = 4.072e-06, ||R_w||/||f||=1.488e-03, rate=0.415, active=32, R(x=8.9e-05/99%,y=3.8e-06/4%,z=1.1e-05/12%)
  Incr 175 (frac=0.3748), attempt 10 [D.div+E], ||R_t||/||f|| = 2.156e-03, ||R_r|| = 1.619e-06, ||R_w||/||f||=2.156e-03, rate=1.380, active=32, R(x=1.3e-04/99%,y=2.0e-06/2%,z=1.9e-05/15%)
============================================================
接線剛性FD方向診断（status-256）
============================================================
  ||du|| = 2.1008e-04
  ||R_u|| = 1.3005e-04
  ⚠ R_u vs compute_residual(u) 乖離: 9.0068e-07 (リラクゼーション/動的項の差異)
  ||R_base|| = 1.2996e-04
  ||R(u+eps*du)|| = 1.2996e-04
  方向有効性: ||R(u+eps*du)||/||R(u)|| = 0.999979
  ✓ du方向で残差が減少 — Newton方向は有効
  FD方向微分 = -4.4937e-02
  解析方向微分 = 7.4262e-05
  全体系 K@du: FD vs 解析 相対誤差 = 9.9992e-01
  ⚠ 全体系で接線剛性不整合 — K_c自体が不正確
  全体系不整合DOF上位5件:
    dof=92 (node=15, comp=2): FD=-1.0402e-01, analytical=-1.0367e-05, diff=-1.0401e-01
    dof=398 (node=66, comp=2): FD=9.9660e-02, analytical=9.1877e-06, diff=9.9651e-02
    dof=86 (node=14, comp=2): FD=-9.3070e-02, analytical=-7.9487e-06, diff=-9.3062e-02
    dof=392 (node=65, comp=2): FD=9.1449e-02, analytical=6.8876e-06, diff=9.1442e-02
    dof=810 (node=135, comp=0): FD=-4.0041e-02, analytical=-3.9675e-07, diff=-4.0040e-02
  comp別不整合: [x:7.14e-02(34%), y:1.03e-02(5%), z:1.95e-01(94%), θx:6.23e-05(0%), θy:1.02e-03(0%), θz:3.84e-05(0%)]
  接触DOF不整合: 2.07e-01 (402 DOFs), 構造DOF不整合: 1.73e-02 (1536 DOFs)
  活性DOF K@du: FD vs 解析 相対誤差 = 9.9992e-01 (402 DOFs)
  ⚠ 活性DOFで接線剛性不整合
  方向微分整合度: |FD-解析|/max = 1.0017e+00
------------------------------------------------------------
  f_c 単独FD検証（K_c精度）
  ||∂f_c/∂u·du (FD)|| = 1.0316e-04
  ||K_c @ du|| = 3.4476e-05
  f_c FD相対誤差 = 1.0052e+00
  ⚠ K_c自体が不正確（f_c単独で10%超の不整合）
  f_c comp別不整合: [x=7.1e-05/68%, y=7.5e-06/7%, z=7.6e-05/73%, θx=0.0e+00/0%, θy=0.0e+00/0%, θz=0.0e+00/0%]
  f_c不整合DOF上位5件:
    dof=398 (node=66, comp=2): FD=4.6736e-05, K_c=7.0849e-06, diff=3.9651e-05
    dof=92 (node=15, comp=2): FD=-4.6499e-05, K_c=-8.4910e-06, diff=-3.8008e-05
    dof=392 (node=65, comp=2): FD=4.3354e-05, K_c=6.3084e-06, diff=3.7046e-05
    dof=86 (node=14, comp=2): FD=-4.2987e-05, K_c=-6.8598e-06, diff=-3.6127e-05
    dof=90 (node=15, comp=0): FD=-1.5161e-05, K_c=1.8570e-05, diff=-3.3731e-05
============================================================
  [Type D対策] FD診断: Newton方向精度不良 (dir_ratio=1.000), NR上限拡張→200
  Incr 175 (frac=0.3748), 低残差チャタリング検知[E] → 接触凍結モード (att=15, ||R||/||f||=1.849e-03, R_c=1.12e-04, R_s=2.11e-06, cycle=1/5, active=32)
  Incr 175 (frac=0.3748), attempt 15 [E], ||R_t||/||f|| = 1.849e-03, ||R_r|| = 3.290e-06, ||R_w||/||f||=1.849e-03, rate=0.817, active=32, R(x=9.8e-05/87%,y=3.8e-06/3%,z=5.4e-05/48%)
============================================================
接線剛性FD方向診断（status-256）
============================================================
  ||du|| = 2.6154e-04
  ||R_u|| = 1.1157e-04
  ⚠ R_u vs compute_residual(u) 乖離: 1.7770e-06 (リラクゼーション/動的項の差異)
  ||R_base|| = 1.1236e-04
  ||R(u+eps*du)|| = 1.1240e-04
  方向有効性: ||R(u+eps*du)||/||R(u)|| = 1.000345
  ⚠ du方向で残差が増加 — Newton方向が無効
  FD方向微分 = -3.5684e-01
  解析方向微分 = 7.2387e-05
  全体系 K@du: FD vs 解析 相対誤差 = 1.0001e+00
  ⚠ 全体系で接線剛性不整合 — K_c自体が不正確
  全体系不整合DOF上位5件:
    dof=396 (node=66, comp=0): FD=4.1035e-01, analytical=-4.1471e-05, diff=4.1039e-01
    dof=90 (node=15, comp=0): FD=-4.0999e-01, analytical=6.0638e-05, diff=-4.1005e-01
    dof=390 (node=65, comp=0): FD=3.7293e-01, analytical=-2.7016e-05, diff=3.7296e-01
    dof=84 (node=14, comp=0): FD=-3.7203e-01, analytical=3.7944e-05, diff=-3.7207e-01
    dof=398 (node=66, comp=2): FD=2.5353e-01, analytical=2.6907e-05, diff=2.5350e-01
  comp別不整合: [x:7.87e-01(85%), y:1.16e-02(1%), z:4.82e-01(52%), θx:7.86e-05(0%), θy:1.33e-03(0%), θz:6.20e-05(0%)]
  接触DOF不整合: 9.23e-01 (402 DOFs), 構造DOF不整合: 1.81e-02 (1536 DOFs)
  活性DOF K@du: FD vs 解析 相対誤差 = 1.0000e+00 (402 DOFs)
  ⚠ 活性DOFで接線剛性不整合
  方向微分整合度: |FD-解析|/max = 1.0002e+00
------------------------------------------------------------
  f_c 単独FD検証（K_c精度）
  ||∂f_c/∂u·du (FD)|| = 2.5562e-03
  ||K_c @ du|| = 9.8807e-05
  f_c FD相対誤差 = 9.6228e-01
  ⚠ K_c自体が不正確（f_c単独で10%超の不整合）
  f_c comp別不整合: [x=2.1e-03/85%, y=7.9e-06/0%, z=1.3e-03/53%, θx=0.0e+00/0%, θy=0.0e+00/0%, θz=0.0e+00/0%]
  f_c不整合DOF上位5件:
    dof=90 (node=15, comp=0): FD=-1.1370e-03, K_c=-4.4009e-05, diff=-1.0930e-03
    dof=396 (node=66, comp=0): FD=1.1346e-03, K_c=4.4618e-05, diff=1.0899e-03
    dof=390 (node=65, comp=0): FD=1.0396e-03, K_c=3.9070e-05, diff=1.0006e-03
    dof=84 (node=14, comp=0): FD=-1.0378e-03, K_c=-3.9460e-05, diff=-9.9836e-04
    dof=92 (node=15, comp=2): FD=-6.9924e-04, K_c=-2.5449e-05, diff=-6.7379e-04
============================================================
============================================================
接線剛性FD方向診断（status-256）
============================================================
  ||du|| = 1.2372e-04
  ||R_u|| = 9.8922e-05
  ⚠ R_u vs compute_residual(u) 乖離: 8.1225e-05 (リラクゼーション/動的項の差異)
  ||R_base|| = 1.5717e-04
  ||R(u+eps*du)|| = 1.5717e-04
  方向有効性: ||R(u+eps*du)||/||R(u)|| = 1.000011
  ⚠ du方向で残差が増加 — Newton方向が無効
  FD方向微分 = -4.7577e-02
  解析方向微分 = 4.2115e-05
  全体系 K@du: FD vs 解析 相対誤差 = 9.9983e-01
  ⚠ 全体系で接線剛性不整合 — K_c自体が不正確
  全体系不整合DOF上位5件:
    dof=92 (node=15, comp=2): FD=-7.4176e-02, analytical=-2.5514e-05, diff=-7.4150e-02
    dof=398 (node=66, comp=2): FD=5.8709e-02, analytical=2.5529e-05, diff=5.8683e-02
    dof=86 (node=14, comp=2): FD=-5.7888e-02, analytical=-2.2349e-05, diff=-5.7866e-02
    dof=392 (node=65, comp=2): FD=5.5505e-02, analytical=2.1610e-05, diff=5.5483e-02
    dof=810 (node=135, comp=0): FD=4.6209e-02, analytical=-1.2379e-05, diff=4.6221e-02
  comp別不整合: [x:8.28e-02(54%), y:1.04e-02(7%), z:1.27e-01(84%), θx:7.59e-05(0%), θy:6.85e-04(0%), θz:3.54e-05(0%)]
  接触DOF不整合: 1.51e-01 (402 DOFs), 構造DOF不整合: 2.03e-02 (1536 DOFs)
  活性DOF K@du: FD vs 解析 相対誤差 = 9.9983e-01 (402 DOFs)
  ⚠ 活性DOFで接線剛性不整合
  方向微分整合度: |FD-解析|/max = 1.0009e+00
------------------------------------------------------------
  f_c 単独FD検証（K_c精度）
  ||∂f_c/∂u·du (FD)|| = 4.8032e-05
  ||K_c @ du|| = 2.1965e-05
  f_c FD相対誤差 = 8.5836e-01
  ⚠ K_c自体が不正確（f_c単独で10%超の不整合）
  f_c comp別不整合: [x=2.6e-05/64%, y=4.0e-06/10%, z=3.1e-05/76%, θx=0.0e+00/0%, θy=0.0e+00/0%, θz=0.0e+00/0%]
  f_c不整合DOF上位5件:
    dof=392 (node=65, comp=2): FD=1.8390e-05, K_c=2.1310e-06, diff=1.6259e-05
    dof=398 (node=66, comp=2): FD=1.9236e-05, K_c=3.3026e-06, diff=1.5934e-05
    dof=86 (node=14, comp=2): FD=-1.8813e-05, K_c=-3.8192e-06, diff=-1.4994e-05
    dof=92 (node=15, comp=2): FD=-2.1354e-05, K_c=-7.1098e-06, diff=-1.4244e-05
    dof=90 (node=15, comp=0): FD=-8.0801e-07, K_c=9.7056e-06, diff=-1.0514e-05
============================================================
============================================================
接線剛性FD方向診断（status-256）
============================================================
  ||du|| = 4.0280e-05
  ||R_u|| = 2.2145e-05
  ⚠ R_u vs compute_residual(u) 乖離: 6.8089e-05 (リラクゼーション/動的項の差異)
  ||R_base|| = 5.8948e-05
  ||R(u+eps*du)|| = 5.8942e-05
  方向有効性: ||R(u+eps*du)||/||R(u)|| = 0.999899
  ✓ du方向で残差が減少 — Newton方向は有効
  FD方向微分 = -5.9092e-02
  解析方向微分 = 1.3278e-05
  全体系 K@du: FD vs 解析 相対誤差 = 1.0001e+00
  ⚠ 全体系で接線剛性不整合 — K_c自体が不正確
  全体系不整合DOF上位5件:
    dof=398 (node=66, comp=2): FD=-7.1090e-02, analytical=3.2904e-06, diff=-7.1093e-02
    dof=92 (node=15, comp=2): FD=7.0354e-02, analytical=-7.1195e-06, diff=7.0361e-02
    dof=392 (node=65, comp=2): FD=-7.0179e-02, analytical=2.1145e-06, diff=-7.0181e-02
    dof=86 (node=14, comp=2): FD=6.2040e-02, analytical=-3.8343e-06, diff=6.2044e-02
    dof=810 (node=135, comp=0): FD=-4.4730e-02, analytical=6.2638e-06, diff=-4.4736e-02
  comp別不整合: [x:7.42e-02(47%), y:1.12e-02(7%), z:1.38e-01(88%), θx:5.07e-05(0%), θy:3.69e-04(0%), θz:2.19e-05(0%)]
  接触DOF不整合: 1.56e-01 (402 DOFs), 構造DOF不整合: 1.73e-02 (1536 DOFs)
  活性DOF K@du: FD vs 解析 相対誤差 = 1.0001e+00 (402 DOFs)
  ⚠ 活性DOFで接線剛性不整合
  方向微分整合度: |FD-解析|/max = 1.0002e+00
------------------------------------------------------------
  f_c 単独FD検証（K_c精度）
  ||∂f_c/∂u·du (FD)|| = 2.3306e-04
  ||K_c @ du|| = 8.9721e-06
  f_c FD相対誤差 = 9.7910e-01
  ⚠ K_c自体が不正確（f_c単独で10%超の不整合）
  f_c comp別不整合: [x=3.6e-05/16%, y=8.6e-06/4%, z=2.3e-04/99%, θx=0.0e+00/0%, θy=0.0e+00/0%, θz=0.0e+00/0%]
  f_c不整合DOF上位5件:
    dof=92 (node=15, comp=2): FD=1.1941e-04, K_c=1.4545e-06, diff=1.1796e-04
    dof=398 (node=66, comp=2): FD=-1.1941e-04, K_c=-2.0742e-06, diff=-1.1734e-04
    dof=86 (node=14, comp=2): FD=1.0912e-04, K_c=1.7609e-06, diff=1.0736e-04
    dof=392 (node=65, comp=2): FD=-1.0929e-04, K_c=-2.0391e-06, diff=-1.0725e-04
    dof=1932 (node=322, comp=0): FD=2.4856e-05, K_c=4.3323e-06, diff=2.0523e-05
============================================================
  Incr 175 (frac=0.3748), attempt 17, 凍結解除(disp)→再凍結 ||R_t||/||f||=9.789e-04 (cycle=2)
============================================================
接線剛性FD方向診断（status-256）
============================================================
  ||du|| = 1.0117e-04
  ||R_u|| = 5.9253e-05
  ⚠ R_u vs compute_residual(u) 乖離: 8.2155e-09 (リラクゼーション/動的項の差異)
  ||R_base|| = 5.9256e-05
  ||R(u+eps*du)|| = 5.9256e-05
  方向有効性: ||R(u+eps*du)||/||R(u)|| = 1.000000
  ✓ du方向で残差が減少 — Newton方向は有効
  FD方向微分 = -8.3201e-06
  解析方向微分 = 3.8242e-05
  全体系 K@du: FD vs 解析 相対誤差 = 1.0003e+00
  ⚠ 全体系で接線剛性不整合 — K_c自体が不正確
  全体系不整合DOF上位5件:
    dof=476 (node=79, comp=2): FD=4.2587e-03, analytical=2.6702e-10, diff=4.2587e-03
    dof=1196 (node=199, comp=2): FD=4.0308e-03, analytical=1.7918e-10, diff=4.0308e-03
    dof=596 (node=99, comp=2): FD=3.5554e-03, analytical=-6.0680e-08, diff=3.5554e-03
    dof=278 (node=46, comp=2): FD=3.5308e-03, analytical=2.0907e-10, diff=3.5308e-03
    dof=590 (node=98, comp=2): FD=-3.5253e-03, analytical=-3.4216e-10, diff=-3.5253e-03
  comp別不整合: [x:7.77e-03(41%), y:1.34e-03(7%), z:1.74e-02(91%), θx:5.62e-05(0%), θy:5.87e-04(3%), θz:3.43e-05(0%)]
  接触DOF不整合: 8.02e-03 (402 DOFs), 構造DOF不整合: 1.73e-02 (1536 DOFs)
  活性DOF K@du: FD vs 解析 相対誤差 = 1.0009e+00 (402 DOFs)
  ⚠ 活性DOFで接線剛性不整合
  方向微分整合度: |FD-解析|/max = 1.2176e+00
------------------------------------------------------------
  f_c 単独FD検証（K_c精度）
  ||∂f_c/∂u·du (FD)|| = 1.8905e-05
  ||K_c @ du|| = 1.8027e-05
  f_c FD相対誤差 = 1.9090e+00
  ⚠ K_c自体が不正確（f_c単独で10%超の不整合）
  f_c comp別不整合: [x=1.2e-05/32%, y=7.8e-06/22%, z=3.3e-05/92%, θx=0.0e+00/0%, θy=0.0e+00/0%, θz=0.0e+00/0%]
  f_c不整合DOF上位5件:
    dof=398 (node=66, comp=2): FD=-8.4867e-06, K_c=8.8391e-06, diff=-1.7326e-05
    dof=392 (node=65, comp=2): FD=-8.1659e-06, K_c=8.5967e-06, diff=-1.6763e-05
    dof=92 (node=15, comp=2): FD=7.7787e-06, K_c=-8.3218e-06, diff=1.6101e-05
    dof=86 (node=14, comp=2): FD=7.7480e-06, K_c=-8.2030e-06, diff=1.5951e-05
    dof=396 (node=66, comp=0): FD=2.7609e-06, K_c=-2.8035e-06, diff=5.5644e-06
============================================================
============================================================
接線剛性FD方向診断（status-256）
============================================================
  ||du|| = 9.8530e-05
  ||R_u|| = 5.7112e-05
  ⚠ R_u vs compute_residual(u) 乖離: 6.4634e-07 (リラクゼーション/動的項の差異)
  ||R_base|| = 5.6793e-05
  ||R(u+eps*du)|| = 5.6792e-05
  方向有効性: ||R(u+eps*du)||/||R(u)|| = 0.999992
  ✓ du方向で残差が減少 — Newton方向は有効
  FD方向微分 = 3.0517e-03
  解析方向微分 = 3.6843e-05
  全体系 K@du: FD vs 解析 相対誤差 = 9.9971e-01
  ⚠ 全体系で接線剛性不整合 — K_c自体が不正確
  全体系不整合DOF上位5件:
    dof=86 (node=14, comp=2): FD=6.0835e-03, analytical=1.0280e-05, diff=6.0732e-03
    dof=92 (node=15, comp=2): FD=5.9614e-03, analytical=7.5535e-06, diff=5.9538e-03
    dof=398 (node=66, comp=2): FD=-5.5282e-03, analytical=-1.1963e-05, diff=-5.5162e-03
    dof=1700 (node=283, comp=2): FD=4.0335e-03, analytical=3.6736e-10, diff=4.0335e-03
    dof=1196 (node=199, comp=2): FD=3.8945e-03, analytical=1.1157e-10, diff=3.8945e-03
  comp別不整合: [x:8.21e-03(37%), y:1.51e-03(7%), z:2.03e-02(92%), θx:5.82e-05(0%), θy:6.00e-04(3%), θz:3.36e-05(0%)]
  接触DOF不整合: 1.24e-02 (402 DOFs), 構造DOF不整合: 1.82e-02 (1536 DOFs)
  活性DOF K@du: FD vs 解析 相対誤差 = 9.9875e-01 (402 DOFs)
  ⚠ 活性DOFで接線剛性不整合
  方向微分整合度: |FD-解析|/max = 9.8793e-01
------------------------------------------------------------
  f_c 単独FD検証（K_c精度）
  ||∂f_c/∂u·du (FD)|| = 3.5924e-05
  ||K_c @ du|| = 1.8600e-05
  f_c FD相対誤差 = 1.5067e+00
  ⚠ K_c自体が不正確（f_c単独で10%超の不整合）
  f_c comp別不整合: [x=1.3e-05/23%, y=8.0e-06/15%, z=5.2e-05/96%, θx=0.0e+00/0%, θy=0.0e+00/0%, θz=0.0e+00/0%]
  f_c不整合DOF上位5件:
    dof=398 (node=66, comp=2): FD=-1.7988e-05, K_c=9.1576e-06, diff=-2.7146e-05
    dof=92 (node=15, comp=2): FD=1.7326e-05, K_c=-8.6782e-06, diff=2.6004e-05
    dof=392 (node=65, comp=2): FD=-1.6870e-05, K_c=8.8867e-06, diff=-2.5757e-05
    dof=86 (node=14, comp=2): FD=1.6452e-05, K_c=-8.5066e-06, diff=2.4958e-05
    dof=396 (node=66, comp=0): FD=3.5533e-06, K_c=-2.8601e-06, diff=6.4134e-06
============================================================
  Incr 175 (frac=0.3748), attempt 20 [D.stall+E], ||R_t||/||f|| = 9.113e-04, ||R_r|| = 2.541e-06, ||R_w||/||f||=9.114e-04, rate=0.964, active=32, R(x=5.0e-05/91%,y=5.1e-06/9%,z=2.2e-05/39%)
============================================================
接線剛性FD方向診断（status-256）
============================================================
  ||du|| = 9.6089e-05
  ||R_u|| = 5.5029e-05
  ⚠ R_u vs compute_residual(u) 乖離: 1.3151e-06 (リラクゼーション/動的項の差異)
  ||R_base|| = 5.4388e-05
  ||R(u+eps*du)|| = 5.4388e-05
  方向有効性: ||R(u+eps*du)||/||R(u)|| = 0.999991
  ✓ du方向で残差が減少 — Newton方向は有効
  FD方向微分 = 3.4491e-03
  解析方向微分 = 3.5479e-05
  全体系 K@du: FD vs 解析 相対誤差 = 9.9969e-01
  ⚠ 全体系で接線剛性不整合 — K_c自体が不正確
  全体系不整合DOF上位5件:
    dof=86 (node=14, comp=2): FD=8.7269e-03, analytical=9.6936e-06, diff=8.7172e-03
    dof=392 (node=65, comp=2): FD=-8.0626e-03, analytical=-1.1813e-05, diff=-8.0508e-03
    dof=92 (node=15, comp=2): FD=4.7079e-03, analytical=7.0462e-06, diff=4.7008e-03
    dof=1190 (node=198, comp=2): FD=4.2723e-03, analytical=6.9824e-11, diff=4.2723e-03
    dof=1196 (node=199, comp=2): FD=-4.1586e-03, analytical=-5.1535e-11, diff=-4.1586e-03
  comp別不整合: [x:7.89e-03(34%), y:1.47e-03(6%), z:2.18e-02(94%), θx:5.99e-05(0%), θy:5.64e-04(2%), θz:3.26e-05(0%)]
  接触DOF不整合: 1.66e-02 (402 DOFs), 構造DOF不整合: 1.61e-02 (1536 DOFs)
  活性DOF K@du: FD vs 解析 相対誤差 = 9.9921e-01 (402 DOFs)
  ⚠ 活性DOFで接線剛性不整合
  方向微分整合度: |FD-解析|/max = 9.8971e-01
------------------------------------------------------------
  f_c 単独FD検証（K_c精度）
  ||∂f_c/∂u·du (FD)|| = 3.9382e-05
  ||K_c @ du|| = 1.9255e-05
  f_c FD相対誤差 = 1.4800e+00
  ⚠ K_c自体が不正確（f_c単独で10%超の不整合）
  f_c comp別不整合: [x=1.3e-05/22%, y=8.0e-06/14%, z=5.6e-05/97%, θx=0.0e+00/0%, θy=0.0e+00/0%, θz=0.0e+00/0%]
  f_c不整合DOF上位5件:
    dof=398 (node=66, comp=2): FD=-1.9828e-05, K_c=9.5085e-06, diff=-2.9336e-05
    dof=92 (node=15, comp=2): FD=1.9207e-05, K_c=-9.0629e-06, diff=2.8270e-05
    dof=392 (node=65, comp=2): FD=-1.8553e-05, K_c=9.2056e-06, diff=-2.7759e-05
    dof=86 (node=14, comp=2): FD=1.8147e-05, K_c=-8.8379e-06, diff=2.6985e-05
    dof=396 (node=66, comp=0): FD=3.9212e-06, K_c=-2.9502e-06, diff=6.8714e-06
============================================================
============================================================
接線剛性FD方向診断（status-256）
============================================================
  ||du|| = 9.3814e-05
  ||R_u|| = 5.3000e-05
  ⚠ R_u vs compute_residual(u) 乖離: 2.0033e-06 (リラクゼーション/動的項の差異)
  ||R_base|| = 5.2040e-05
  ||R(u+eps*du)|| = 5.2039e-05
  方向有効性: ||R(u+eps*du)||/||R(u)|| = 0.999990
  ✓ du方向で残差が減少 — Newton方向は有効
  FD方向微分 = 3.9053e-03
  解析方向微分 = 3.4147e-05
  全体系 K@du: FD vs 解析 相対誤差 = 9.9967e-01
  ⚠ 全体系で接線剛性不整合 — K_c自体が不正確
  全体系不整合DOF上位5件:
    dof=398 (node=66, comp=2): FD=-9.5899e-03, analytical=-1.0653e-05, diff=-9.5792e-03
    dof=86 (node=14, comp=2): FD=7.1938e-03, analytical=9.1143e-06, diff=7.1847e-03
    dof=482 (node=80, comp=2): FD=4.2127e-03, analytical=-4.7385e-11, diff=4.2127e-03
    dof=782 (node=130, comp=2): FD=4.1669e-03, analytical=5.5413e-08, diff=4.1669e-03
    dof=1910 (node=318, comp=2): FD=4.1020e-03, analytical=5.6122e-09, diff=4.1020e-03
  comp別不整合: [x:9.30e-03(38%), y:1.55e-03(6%), z:2.26e-02(92%), θx:6.19e-05(0%), θy:5.51e-04(2%), θz:3.18e-05(0%)]
  接触DOF不整合: 1.51e-02 (402 DOFs), 構造DOF不整合: 1.93e-02 (1536 DOFs)
  活性DOF K@du: FD vs 解析 相対誤差 = 9.9891e-01 (402 DOFs)
  ⚠ 活性DOFで接線剛性不整合
  方向微分整合度: |FD-解析|/max = 9.9126e-01
------------------------------------------------------------
  f_c 単独FD検証（K_c精度）
  ||∂f_c/∂u·du (FD)|| = 4.3414e-05
  ||K_c @ du|| = 1.9966e-05
  f_c FD相対誤差 = 1.4528e+00
  ⚠ K_c自体が不正確（f_c単独で10%超の不整合）
  f_c comp別不整合: [x=1.4e-05/22%, y=7.9e-06/13%, z=6.1e-05/97%, θx=0.0e+00/0%, θy=0.0e+00/0%, θz=0.0e+00/0%]
  f_c不整合DOF上位5件:
    dof=398 (node=66, comp=2): FD=-2.1941e-05, K_c=9.8796e-06, diff=-3.1821e-05
    dof=92 (node=15, comp=2): FD=2.1358e-05, K_c=-9.4640e-06, diff=3.0822e-05
    dof=392 (node=65, comp=2): FD=-2.0487e-05, K_c=9.5421e-06, diff=-3.0029e-05
    dof=86 (node=14, comp=2): FD=2.0091e-05, K_c=-9.1858e-06, diff=2.9276e-05
    dof=396 (node=66, comp=0): FD=4.4036e-06, K_c=-3.0684e-06, diff=7.4719e-06
============================================================
============================================================
接線剛性FD方向診断（status-256）
============================================================
  ||du|| = 9.1710e-05
  ||R_u|| = 5.1024e-05
  ⚠ R_u vs compute_residual(u) 乖離: 2.7128e-06 (リラクゼーション/動的項の差異)
  ||R_base|| = 4.9747e-05
  ||R(u+eps*du)|| = 4.9746e-05
  方向有効性: ||R(u+eps*du)||/||R(u)|| = 0.999989
  ✓ du方向で残差が減少 — Newton方向は有効
  FD方向微分 = 4.4282e-03
  解析方向微分 = 3.2845e-05
  全体系 K@du: FD vs 解析 相対誤差 = 9.9958e-01
  ⚠ 全体系で接線剛性不整合 — K_c自体が不正確
  全体系不整合DOF上位5件:
    dof=86 (node=14, comp=2): FD=9.9739e-03, analytical=8.5426e-06, diff=9.9654e-03
    dof=392 (node=65, comp=2): FD=-7.5792e-03, analytical=-1.0510e-05, diff=-7.5687e-03
    dof=92 (node=15, comp=2): FD=6.3022e-03, analytical=6.0425e-06, diff=6.2961e-03
    dof=398 (node=66, comp=2): FD=-4.8801e-03, analytical=-1.0011e-05, diff=-4.8701e-03
    dof=692 (node=115, comp=2): FD=3.7089e-03, analytical=-6.9058e-10, diff=3.7089e-03
  comp別不整合: [x:7.33e-03(32%), y:1.28e-03(6%), z:2.14e-02(94%), θx:5.98e-05(0%), θy:5.71e-04(3%), θz:3.19e-05(0%)]
  接触DOF不整合: 1.67e-02 (402 DOFs), 構造DOF不整合: 1.54e-02 (1536 DOFs)
  活性DOF K@du: FD vs 解析 相対誤差 = 9.9906e-01 (402 DOFs)
  ⚠ 活性DOFで接線剛性不整合
  方向微分整合度: |FD-解析|/max = 9.9258e-01
------------------------------------------------------------
  f_c 単独FD検証（K_c精度）
  ||∂f_c/∂u·du (FD)|| = 4.8106e-05
  ||K_c @ du|| = 2.0738e-05
  f_c FD相対誤差 = 1.4254e+00
  ⚠ K_c自体が不正確（f_c単独で10%超の不整合）
  f_c comp別不整合: [x=1.5e-05/21%, y=7.9e-06/11%, z=6.7e-05/97%, θx=0.0e+00/0%, θy=0.0e+00/0%, θz=0.0e+00/0%]
  f_c不整合DOF上位5件:
    dof=398 (node=66, comp=2): FD=-2.4372e-05, K_c=1.0273e-05, diff=-3.4645e-05
    dof=92 (node=15, comp=2): FD=2.3821e-05, K_c=-9.8842e-06, diff=3.3705e-05
    dof=392 (node=65, comp=2): FD=-2.2710e-05, K_c=9.8986e-06, diff=-3.2609e-05
    dof=86 (node=14, comp=2): FD=2.2322e-05, K_c=-9.5526e-06, diff=3.1875e-05
    dof=396 (node=66, comp=0): FD=5.0234e-06, K_c=-3.2168e-06, diff=8.2402e-06
============================================================
============================================================
接線剛性FD方向診断（status-256）
============================================================
  ||du|| = 8.9780e-05
  ||R_u|| = 4.9096e-05
  ⚠ R_u vs compute_residual(u) 乖離: 3.4460e-06 (リラクゼーション/動的項の差異)
  ||R_base|| = 4.7509e-05
  ||R(u+eps*du)|| = 4.7509e-05
  方向有効性: ||R(u+eps*du)||/||R(u)|| = 0.999987
  ✓ du方向で残差が減少 — Newton方向は有効
  FD方向微分 = 5.0286e-03
  解析方向微分 = 3.1571e-05
  全体系 K@du: FD vs 解析 相対誤差 = 9.9958e-01
  ⚠ 全体系で接線剛性不整合 — K_c自体が不正確
  全体系不整合DOF上位5件:
    dof=392 (node=65, comp=2): FD=-8.7430e-03, analytical=-9.8723e-06, diff=-8.7332e-03
    dof=92 (node=15, comp=2): FD=7.3786e-03, analytical=5.5447e-06, diff=7.3730e-03
    dof=86 (node=14, comp=2): FD=6.9859e-03, analytical=7.9771e-06, diff=6.9779e-03
    dof=398 (node=66, comp=2): FD=-5.3277e-03, analytical=-9.3775e-06, diff=-5.3183e-03
    dof=680 (node=113, comp=2): FD=-4.5457e-03, analytical=1.8543e-10, diff=-4.5457e-03
  comp別不整合: [x:8.07e-03(33%), y:1.37e-03(6%), z:2.30e-02(94%), θx:5.82e-05(0%), θy:5.32e-04(2%), θz:3.05e-05(0%)]
  接触DOF不整合: 1.61e-02 (402 DOFs), 構造DOF不整合: 1.84e-02 (1536 DOFs)
  活性DOF K@du: FD vs 解析 相対誤差 = 9.9886e-01 (402 DOFs)
  ⚠ 活性DOFで接線剛性不整合
  方向微分整合度: |FD-解析|/max = 9.9372e-01
------------------------------------------------------------
  f_c 単独FD検証（K_c精度）
  ||∂f_c/∂u·du (FD)|| = 5.3591e-05
  ||K_c @ du|| = 2.1578e-05
  f_c FD相対誤差 = 1.3981e+00
  ⚠ K_c自体が不正確（f_c単独で10%超の不整合）
  f_c comp別不整合: [x=1.6e-05/22%, y=7.9e-06/11%, z=7.3e-05/97%, θx=0.0e+00/0%, θy=0.0e+00/0%, θz=0.0e+00/0%]
  f_c不整合DOF上位5件:
    dof=398 (node=66, comp=2): FD=-2.7177e-05, K_c=1.0691e-05, diff=-3.7869e-05
    dof=92 (node=15, comp=2): FD=2.6657e-05, K_c=-1.0326e-05, diff=3.6983e-05
    dof=392 (node=65, comp=2): FD=-2.5276e-05, K_c=1.0278e-05, diff=-3.5553e-05
    dof=86 (node=14, comp=2): FD=2.4895e-05, K_c=-9.9410e-06, diff=3.4836e-05
    dof=396 (node=66, comp=0): FD=5.8149e-06, K_c=-3.3982e-06, diff=9.2132e-06
============================================================
============================================================
接線剛性FD方向診断（status-256）
============================================================
  ||du|| = 8.8032e-05
  ||R_u|| = 4.7215e-05
  ⚠ R_u vs compute_residual(u) 乖離: 4.2053e-06 (リラクゼーション/動的項の差異)
  ||R_base|| = 4.5327e-05
  ||R(u+eps*du)|| = 4.5327e-05
  方向有効性: ||R(u+eps*du)||/||R(u)|| = 0.999986
  ✓ du方向で残差が減少 — Newton方向は有効
  FD方向微分 = 5.7198e-03
  解析方向微分 = 3.0322e-05
  全体系 K@du: FD vs 解析 相対誤差 = 9.9964e-01
  ⚠ 全体系で接線剛性不整合 — K_c自体が不正確
  全体系不整合DOF上位5件:
    dof=398 (node=66, comp=2): FD=-1.0097e-02, analytical=-8.7505e-06, diff=-1.0088e-02
    dof=392 (node=65, comp=2): FD=-9.5866e-03, analytical=-9.2427e-06, diff=-9.5774e-03
    dof=86 (node=14, comp=2): FD=9.5204e-03, analytical=7.4170e-06, diff=9.5130e-03
    dof=92 (node=15, comp=2): FD=8.5343e-03, analytical=5.0489e-06, diff=8.5292e-03
    dof=686 (node=114, comp=2): FD=4.3117e-03, analytical=5.3373e-10, diff=4.3117e-03
  comp別不整合: [x:8.09e-03(30%), y:1.59e-03(6%), z:2.58e-02(95%), θx:6.25e-05(0%), θy:5.21e-04(2%), θz:3.16e-05(0%)]
  接触DOF不整合: 2.08e-02 (402 DOFs), 構造DOF不整合: 1.74e-02 (1536 DOFs)
  活性DOF K@du: FD vs 解析 相対誤差 = 9.9930e-01 (402 DOFs)
  ⚠ 活性DOFで接線剛性不整合
  方向微分整合度: |FD-解析|/max = 9.9470e-01
------------------------------------------------------------
  f_c 単独FD検証（K_c精度）
  ||∂f_c/∂u·du (FD)|| = 5.9996e-05
  ||K_c @ du|| = 2.2493e-05
  f_c FD相対誤差 = 1.3713e+00
  ⚠ K_c自体が不正確（f_c単独で10%超の不整合）
  f_c comp別不整合: [x=1.8e-05/22%, y=7.9e-06/10%, z=8.0e-05/97%, θx=0.0e+00/0%, θy=0.0e+00/0%, θz=0.0e+00/0%]
  f_c不整合DOF上位5件:
    dof=398 (node=66, comp=2): FD=-3.0421e-05, K_c=1.1138e-05, diff=-4.1559e-05
    dof=92 (node=15, comp=2): FD=2.9931e-05, K_c=-1.0794e-05, diff=4.0725e-05
    dof=392 (node=65, comp=2): FD=-2.8243e-05, K_c=1.0683e-05, diff=-3.8926e-05
    dof=86 (node=14, comp=2): FD=2.7868e-05, K_c=-1.0355e-05, diff=3.8222e-05
    dof=396 (node=66, comp=0): FD=6.8165e-06, K_c=-3.6164e-06, diff=1.0433e-05
============================================================
  Incr 175 (frac=0.3748), attempt 25 [D.stall+E], ||R_t||/||f|| = 7.514e-04, ||R_r|| = 2.207e-06, ||R_w||/||f||=7.514e-04, rate=0.961, active=32, R(x=4.2e-05/93%,y=4.3e-06/10%,z=1.6e-05/35%)
============================================================
接線剛性FD方向診断（status-256）
============================================================
  ||du|| = 8.6477e-05
  ||R_u|| = 4.5378e-05
  ⚠ R_u vs compute_residual(u) 乖離: 4.9935e-06 (リラクゼーション/動的項の差異)
  ||R_base|| = 4.3202e-05
  ||R(u+eps*du)|| = 4.3202e-05
  方向有効性: ||R(u+eps*du)||/||R(u)|| = 0.999984
  ✓ du方向で残差が減少 — Newton方向は有効
  FD方向微分 = 6.5180e-03
  解析方向微分 = 2.9095e-05
  全体系 K@du: FD vs 解析 相対誤差 = 9.9952e-01
  ⚠ 全体系で接線剛性不整合 — K_c自体が不正確
  全体系不整合DOF上位5件:
    dof=92 (node=15, comp=2): FD=9.6457e-03, analytical=4.5539e-06, diff=9.6412e-03
    dof=398 (node=66, comp=2): FD=-9.5443e-03, analytical=-8.1290e-06, diff=-9.5362e-03
    dof=392 (node=65, comp=2): FD=-8.5179e-03, analytical=-8.6201e-06, diff=-8.5092e-03
    dof=86 (node=14, comp=2): FD=8.3685e-03, analytical=6.8616e-06, diff=8.3616e-03
    dof=1190 (node=198, comp=2): FD=4.2730e-03, analytical=1.8068e-10, diff=4.2730e-03
  comp別不整合: [x:7.70e-03(31%), y:1.36e-03(5%), z:2.37e-02(95%), θx:5.79e-05(0%), θy:5.05e-04(2%), θz:3.04e-05(0%)]
  接触DOF不整合: 1.95e-02 (402 DOFs), 構造DOF不整合: 1.55e-02 (1536 DOFs)
  活性DOF K@du: FD vs 解析 相対誤差 = 9.9911e-01 (402 DOFs)
  ⚠ 活性DOFで接線剛性不整合
  方向微分整合度: |FD-解析|/max = 9.9554e-01
------------------------------------------------------------
  f_c 単独FD検証（K_c精度）
  ||∂f_c/∂u·du (FD)|| = 6.7504e-05
  ||K_c @ du|| = 2.3496e-05
  f_c FD相対誤差 = 1.3452e+00
  ⚠ K_c自体が不正確（f_c単独で10%超の不整合）
  f_c comp別不整合: [x=2.1e-05/23%, y=8.0e-06/9%, z=8.8e-05/97%, θx=0.0e+00/0%, θy=0.0e+00/0%, θz=0.0e+00/0%]
  f_c不整合DOF上位5件:
    dof=398 (node=66, comp=2): FD=-3.4188e-05, K_c=1.1619e-05, diff=-4.5807e-05
    dof=92 (node=15, comp=2): FD=3.3724e-05, K_c=-1.1293e-05, diff=4.5017e-05
    dof=392 (node=65, comp=2): FD=-3.1689e-05, K_c=1.1118e-05, diff=-4.2808e-05
    dof=86 (node=14, comp=2): FD=3.1318e-05, K_c=-1.0798e-05, diff=4.2116e-05
    dof=396 (node=66, comp=0): FD=8.0780e-06, K_c=-3.8757e-06, diff=1.1954e-05
============================================================
============================================================
接線剛性FD方向診断（status-256）
============================================================
  ||du|| = 8.5131e-05
  ||R_u|| = 4.3581e-05
  ⚠ R_u vs compute_residual(u) 乖離: 5.8137e-06 (リラクゼーション/動的項の差異)
  ||R_base|| = 4.1137e-05
  ||R(u+eps*du)|| = 4.1137e-05
  方向有効性: ||R(u+eps*du)||/||R(u)|| = 0.999981
  ✓ du方向で残差が減少 — Newton方向は有効
  FD方向微分 = 7.4433e-03
  解析方向微分 = 2.7887e-05
  全体系 K@du: FD vs 解析 相対誤差 = 9.9949e-01
  ⚠ 全体系で接線剛性不整合 — K_c自体が不正確
  全体系不整合DOF上位5件:
    dof=92 (node=15, comp=2): FD=1.0983e-02, analytical=4.0585e-06, diff=1.0979e-02
    dof=398 (node=66, comp=2): FD=-1.0891e-02, analytical=-7.5122e-06, diff=-1.0884e-02
    dof=392 (node=65, comp=2): FD=-9.4018e-03, analytical=-8.0031e-06, diff=-9.3938e-03
    dof=86 (node=14, comp=2): FD=7.3076e-03, analytical=6.3098e-06, diff=7.3013e-03
    dof=278 (node=46, comp=2): FD=3.7851e-03, analytical=3.0580e-10, diff=3.7851e-03
  comp別不整合: [x:7.80e-03(31%), y:1.34e-03(5%), z:2.42e-02(95%), θx:5.30e-05(0%), θy:4.86e-04(2%), θz:2.92e-05(0%)]
  接触DOF不整合: 2.14e-02 (402 DOFs), 構造DOF不整合: 1.38e-02 (1536 DOFs)
  活性DOF K@du: FD vs 解析 相対誤差 = 9.9918e-01 (402 DOFs)
  ⚠ 活性DOFで接線剛性不整合
  方向微分整合度: |FD-解析|/max = 9.9625e-01
------------------------------------------------------------
  f_c 単独FD検証（K_c精度）
  ||∂f_c/∂u·du (FD)|| = 7.6343e-05
  ||K_c @ du|| = 2.4601e-05
  f_c FD相対誤差 = 1.3199e+00
  ⚠ K_c自体が不正確（f_c単独で10%超の不整合）
  f_c comp別不整合: [x=2.5e-05/24%, y=8.1e-06/8%, z=9.7e-05/97%, θx=0.0e+00/0%, θy=0.0e+00/0%, θz=0.0e+00/0%]
  f_c不整合DOF上位5件:
    dof=398 (node=66, comp=2): FD=-3.8580e-05, K_c=1.2138e-05, diff=-5.0718e-05
    dof=92 (node=15, comp=2): FD=3.8141e-05, K_c=-1.1828e-05, diff=4.9969e-05
    dof=392 (node=65, comp=2): FD=-3.5708e-05, K_c=1.1590e-05, diff=-4.7298e-05
    dof=86 (node=14, comp=2): FD=3.5339e-05, K_c=-1.1275e-05, diff=4.6614e-05
    dof=396 (node=66, comp=0): FD=9.6706e-06, K_c=-4.1823e-06, diff=1.3853e-05
============================================================
============================================================
接線剛性FD方向診断（status-256）
============================================================
  ||du|| = 8.4016e-05
  ||R_u|| = 4.1823e-05
  ⚠ R_u vs compute_residual(u) 乖離: 6.6697e-06 (リラクゼーション/動的項の差異)
  ||R_base|| = 3.9136e-05
  ||R(u+eps*du)|| = 3.9135e-05
  方向有効性: ||R(u+eps*du)||/||R(u)|| = 0.999981
  ✓ du方向で残差が減少 — Newton方向は有効
  FD方向微分 = 8.5213e-03
  解析方向微分 = 2.6696e-05
  全体系 K@du: FD vs 解析 相対誤差 = 9.9966e-01
  ⚠ 全体系で接線剛性不整合 — K_c自体が不正確
  全体系不整合DOF上位5件:
    dof=86 (node=14, comp=2): FD=1.4215e-02, analytical=5.7604e-06, diff=1.4209e-02
    dof=392 (node=65, comp=2): FD=-1.2615e-02, analytical=-7.3911e-06, diff=-1.2608e-02
    dof=92 (node=15, comp=2): FD=1.0150e-02, analytical=3.5620e-06, diff=1.0147e-02
    dof=398 (node=66, comp=2): FD=-1.0005e-02, analytical=-6.8981e-06, diff=-9.9985e-03
    dof=1196 (node=199, comp=2): FD=4.1612e-03, analytical=2.6749e-10, diff=4.1612e-03
  comp別不整合: [x:1.02e-02(32%), y:1.68e-03(5%), z:3.03e-02(95%), θx:6.19e-05(0%), θy:5.36e-04(2%), θz:2.97e-05(0%)]
  接触DOF不整合: 2.63e-02 (402 DOFs), 構造DOF不整合: 1.83e-02 (1536 DOFs)
  活性DOF K@du: FD vs 解析 相対誤差 = 9.9943e-01 (402 DOFs)
  ⚠ 活性DOFで接線剛性不整合
  方向微分整合度: |FD-解析|/max = 9.9687e-01
------------------------------------------------------------
  f_c 単独FD検証（K_c精度）
  ||∂f_c/∂u·du (FD)|| = 8.6814e-05
  ||K_c @ du|| = 2.5829e-05
  f_c FD相対誤差 = 1.2957e+00
  ⚠ K_c自体が不正確（f_c単独で10%超の不整合）
  f_c comp別不整合: [x=2.9e-05/26%, y=8.3e-06/7%, z=1.1e-04/96%, θx=0.0e+00/0%, θy=0.0e+00/0%, θz=0.0e+00/0%]
  f_c不整合DOF上位5件:
    dof=398 (node=66, comp=2): FD=-4.3728e-05, K_c=1.2703e-05, diff=-5.6431e-05
    dof=92 (node=15, comp=2): FD=4.3311e-05, K_c=-1.2407e-05, diff=5.5718e-05
    dof=392 (node=65, comp=2): FD=-4.0420e-05, K_c=1.2105e-05, diff=-5.2525e-05
    dof=86 (node=14, comp=2): FD=4.0050e-05, K_c=-1.1795e-05, diff=5.1845e-05
    dof=396 (node=66, comp=0): FD=1.1687e-05, K_c=-4.5437e-06, diff=1.6230e-05
============================================================
============================================================
接線剛性FD方向診断（status-256）
============================================================
  ||du|| = 8.3162e-05
  ||R_u|| = 4.0100e-05
  ⚠ R_u vs compute_residual(u) 乖離: 7.5658e-06 (リラクゼーション/動的項の差異)
  ||R_base|| = 3.7205e-05
  ||R(u+eps*du)|| = 3.7205e-05
  方向有効性: ||R(u+eps*du)||/||R(u)|| = 0.999977
  ✓ du方向で残差が減少 — Newton方向は有効
  FD方向微分 = 9.7847e-03
  解析方向微分 = 2.5518e-05
  全体系 K@du: FD vs 解析 相対誤差 = 9.9953e-01
  ⚠ 全体系で接線剛性不整合 — K_c自体が不正確
  全体系不整合DOF上位5件:
    dof=92 (node=15, comp=2): FD=1.2908e-02, analytical=3.0632e-06, diff=1.2905e-02
    dof=392 (node=65, comp=2): FD=-1.1734e-02, analytical=-6.7819e-06, diff=-1.1727e-02
    dof=86 (node=14, comp=2): FD=1.1726e-02, analytical=5.2116e-06, diff=1.1720e-02
    dof=398 (node=66, comp=2): FD=-1.0962e-02, analytical=-6.2855e-06, diff=-1.0956e-02
    dof=1724 (node=287, comp=2): FD=4.0966e-03, analytical=-6.6375e-09, diff=4.0967e-03
  comp別不整合: [x:9.36e-03(32%), y:1.36e-03(5%), z:2.79e-02(95%), θx:5.56e-05(0%), θy:5.14e-04(2%), θz:2.94e-05(0%)]
  接触DOF不整合: 2.64e-02 (402 DOFs), 構造DOF不整合: 1.30e-02 (1536 DOFs)
  活性DOF K@du: FD vs 解析 相対誤差 = 9.9936e-01 (402 DOFs)
  ⚠ 活性DOFで接線剛性不整合
  方向微分整合度: |FD-解析|/max = 9.9739e-01
------------------------------------------------------------
  f_c 単独FD検証（K_c精度）
  ||∂f_c/∂u·du (FD)|| = 9.9279e-05
  ||K_c @ du|| = 2.7206e-05
  f_c FD相対誤差 = 1.2726e+00
  ⚠ K_c自体が不正確（f_c単独で10%超の不整合）
  f_c comp別不整合: [x=3.5e-05/27%, y=8.6e-06/7%, z=1.2e-04/96%, θx=0.0e+00/0%, θy=0.0e+00/0%, θz=0.0e+00/0%]
  f_c不整合DOF上位5件:
    dof=398 (node=66, comp=2): FD=-4.9794e-05, K_c=1.3325e-05, diff=-6.3120e-05
    dof=92 (node=15, comp=2): FD=4.9397e-05, K_c=-1.3041e-05, diff=6.2437e-05
    dof=392 (node=65, comp=2): FD=-4.5972e-05, K_c=1.2673e-05, diff=-5.8645e-05
    dof=86 (node=14, comp=2): FD=4.5599e-05, K_c=-1.2367e-05, diff=5.7966e-05
    dof=396 (node=66, comp=0): FD=1.4240e-05, K_c=-4.9703e-06, diff=1.9210e-05
============================================================
============================================================
接線剛性FD方向診断（status-256）
============================================================
  ||du|| = 8.2610e-05
  ||R_u|| = 3.8409e-05
  ⚠ R_u vs compute_residual(u) 乖離: 8.5071e-06 (リラクゼーション/動的項の差異)
  ||R_base|| = 3.5354e-05
  ||R(u+eps*du)|| = 3.5353e-05
  方向有効性: ||R(u+eps*du)||/||R(u)|| = 0.999975
  ✓ du方向で残差が減少 — Newton方向は有効
  FD方向微分 = 1.1277e-02
  解析方向微分 = 2.4349e-05
  全体系 K@du: FD vs 解析 相対誤差 = 9.9957e-01
  ⚠ 全体系で接線剛性不整合 — K_c自体が不正確
  全体系不整合DOF上位5件:
    dof=398 (node=66, comp=2): FD=-1.4818e-02, analytical=-5.6729e-06, diff=-1.4812e-02
    dof=92 (node=15, comp=2): FD=1.4406e-02, analytical=2.5596e-06, diff=1.4404e-02
    dof=86 (node=14, comp=2): FD=1.1162e-02, analytical=4.6623e-06, diff=1.1157e-02
    dof=392 (node=65, comp=2): FD=-1.0897e-02, analytical=-6.1737e-06, diff=-1.0890e-02
    dof=390 (node=65, comp=0): FD=4.4322e-03, analytical=1.9309e-05, diff=4.4128e-03
  comp別不整合: [x:1.04e-02(32%), y:1.61e-03(5%), z:3.04e-02(94%), θx:6.10e-05(0%), θy:5.08e-04(2%), θz:2.81e-05(0%)]
  接触DOF不整合: 2.82e-02 (402 DOFs), 構造DOF不整合: 1.54e-02 (1536 DOFs)
  活性DOF K@du: FD vs 解析 相対誤差 = 9.9939e-01 (402 DOFs)
  ⚠ 活性DOFで接線剛性不整合
  方向微分整合度: |FD-解析|/max = 9.9784e-01
------------------------------------------------------------
  f_c 単独FD検証（K_c精度）
  ||∂f_c/∂u·du (FD)|| = 1.1423e-04
  ||K_c @ du|| = 2.8768e-05
  f_c FD相対誤差 = 1.2507e+00
  ⚠ K_c自体が不正確（f_c単独で10%超の不整合）
  f_c comp別不整合: [x=4.2e-05/29%, y=9.0e-06/6%, z=1.4e-04/95%, θx=0.0e+00/0%, θy=0.0e+00/0%, θz=0.0e+00/0%]
  f_c不整合DOF上位5件:
    dof=398 (node=66, comp=2): FD=-5.6986e-05, K_c=1.4018e-05, diff=-7.1004e-05
    dof=92 (node=15, comp=2): FD=5.6608e-05, K_c=-1.3743e-05, diff=7.0351e-05
    dof=392 (node=65, comp=2): FD=-5.2555e-05, K_c=1.3307e-05, diff=-6.5862e-05
    dof=86 (node=14, comp=2): FD=5.2178e-05, K_c=-1.3003e-05, diff=6.5181e-05
    dof=396 (node=66, comp=0): FD=1.7494e-05, K_c=-5.4761e-06, diff=2.2970e-05
============================================================
  Incr 175 (frac=0.3748), attempt 30 [D.stall+E], ||R_t||/||f|| = 6.083e-04, ||R_r|| = 1.943e-06, ||R_w||/||f||=6.084e-04, rate=0.957, active=32, R(x=3.5e-05/95%,y=3.6e-06/10%,z=1.0e-05/28%)
============================================================
接線剛性FD方向診断（status-256）
============================================================
  ||du|| = 8.2424e-05
  ||R_u|| = 3.6746e-05
  ⚠ R_u vs compute_residual(u) 乖離: 9.5002e-06 (リラクゼーション/動的項の差異)
  ||R_base|| = 3.3594e-05
  ||R(u+eps*du)|| = 3.3593e-05
  方向有効性: ||R(u+eps*du)||/||R(u)|| = 0.999976
  ✓ du方向で残差が減少 — Newton方向は有効
  FD方向微分 = 1.3055e-02
  解析方向微分 = 2.3185e-05
  全体系 K@du: FD vs 解析 相対誤差 = 9.9965e-01
  ⚠ 全体系で接線剛性不整合 — K_c自体が不正確
  全体系不整合DOF上位5件:
    dof=392 (node=65, comp=2): FD=-1.6423e-02, analytical=-5.5653e-06, diff=-1.6417e-02
    dof=92 (node=15, comp=2): FD=1.5981e-02, analytical=2.0504e-06, diff=1.5979e-02
    dof=86 (node=14, comp=2): FD=1.4541e-02, analytical=4.1102e-06, diff=1.4537e-02
    dof=398 (node=66, comp=2): FD=-1.4421e-02, analytical=-5.0575e-06, diff=-1.4416e-02
    dof=396 (node=66, comp=0): FD=5.2976e-03, analytical=1.8784e-05, diff=5.2788e-03
  comp別不整合: [x:1.16e-02(32%), y:1.56e-03(4%), z:3.45e-02(95%), θx:5.34e-05(0%), θy:4.92e-04(1%), θz:2.91e-05(0%)]
  接触DOF不整合: 3.34e-02 (402 DOFs), 構造DOF不整合: 1.46e-02 (1536 DOFs)
  活性DOF K@du: FD vs 解析 相対誤差 = 9.9954e-01 (402 DOFs)
  ⚠ 活性DOFで接線剛性不整合
  方向微分整合度: |FD-解析|/max = 9.9822e-01
------------------------------------------------------------
  f_c 単独FD検証（K_c精度）
  ||∂f_c/∂u·du (FD)|| = 1.3235e-04
  ||K_c @ du|| = 3.0567e-05
  f_c FD相対誤差 = 1.2300e+00
  ⚠ K_c自体が不正確（f_c単独で10%超の不整合）
  f_c comp別不整合: [x=5.1e-05/31%, y=9.4e-06/6%, z=1.5e-04/95%, θx=0.0e+00/0%, θy=0.0e+00/0%, θz=0.0e+00/0%]
  f_c不整合DOF上位5件:
    dof=398 (node=66, comp=2): FD=-6.5593e-05, K_c=1.4801e-05, diff=-8.0394e-05
    dof=92 (node=15, comp=2): FD=6.5234e-05, K_c=-1.4532e-05, diff=7.9767e-05
    dof=392 (node=65, comp=2): FD=-6.0436e-05, K_c=1.4024e-05, diff=-7.4460e-05
    dof=86 (node=14, comp=2): FD=6.0050e-05, K_c=-1.3722e-05, diff=7.3771e-05
    dof=396 (node=66, comp=0): FD=2.1681e-05, K_c=-6.0804e-06, diff=2.7761e-05
============================================================
============================================================
接線剛性FD方向診断（status-256）
============================================================
  ||du|| = 8.2693e-05
  ||R_u|| = 3.5107e-05
  ⚠ R_u vs compute_residual(u) 乖離: 1.0553e-05 (リラクゼーション/動的項の差異)
  ||R_base|| = 3.1944e-05
  ||R(u+eps*du)|| = 3.1943e-05
  方向有効性: ||R(u+eps*du)||/||R(u)|| = 0.999976
  ✓ du方向で残差が減少 — Newton方向は有効
  FD方向微分 = 1.5199e-02
  解析方向微分 = 2.2019e-05
  全体系 K@du: FD vs 解析 相対誤差 = 9.9966e-01
  ⚠ 全体系で接線剛性不整合 — K_c自体が不正確
  全体系不整合DOF上位5件:
    dof=392 (node=65, comp=2): FD=-1.8345e-02, analytical=-4.9533e-06, diff=-1.8340e-02
    dof=92 (node=15, comp=2): FD=1.8042e-02, analytical=1.5321e-06, diff=1.8040e-02
    dof=398 (node=66, comp=2): FD=-1.5979e-02, analytical=-4.4369e-06, diff=-1.5975e-02
    dof=86 (node=14, comp=2): FD=1.5694e-02, analytical=3.5530e-06, diff=1.5691e-02
    dof=396 (node=66, comp=0): FD=6.4955e-03, analytical=1.8007e-05, diff=6.4775e-03
  comp別不整合: [x:1.27e-02(32%), y:1.63e-03(4%), z:3.71e-02(95%), θx:5.29e-05(0%), θy:4.83e-04(1%), θz:2.84e-05(0%)]
  接触DOF不整合: 3.65e-02 (402 DOFs), 構造DOF不整合: 1.44e-02 (1536 DOFs)
  活性DOF K@du: FD vs 解析 相対誤差 = 9.9958e-01 (402 DOFs)
  ⚠ 活性DOFで接線剛性不整合
  方向微分整合度: |FD-解析|/max = 9.9855e-01
------------------------------------------------------------
  f_c 単独FD検証（K_c精度）
  ||∂f_c/∂u·du (FD)|| = 1.5458e-04
  ||K_c @ du|| = 3.2677e-05
  f_c FD相対誤差 = 1.2107e+00
  ⚠ K_c自体が不正確（f_c単独で10%超の不整合）
  f_c comp別不整合: [x=6.3e-05/34%, y=1.0e-05/5%, z=1.8e-04/94%, θx=0.0e+00/0%, θy=0.0e+00/0%, θz=0.0e+00/0%]
  f_c不整合DOF上位5件:
    dof=398 (node=66, comp=2): FD=-7.5999e-05, K_c=1.5702e-05, diff=-9.1701e-05
    dof=92 (node=15, comp=2): FD=7.5657e-05, K_c=-1.5437e-05, diff=9.1094e-05
    dof=392 (node=65, comp=2): FD=-6.9966e-05, K_c=1.4853e-05, diff=-8.4819e-05
    dof=86 (node=14, comp=2): FD=6.9567e-05, K_c=-1.4548e-05, diff=8.4115e-05
    dof=396 (node=66, comp=0): FD=2.7119e-05, K_c=-6.8112e-06, diff=3.3930e-05
============================================================
============================================================
接線剛性FD方向診断（status-256）
============================================================
  ||du|| = 8.3557e-05
  ||R_u|| = 3.3487e-05
  ⚠ R_u vs compute_residual(u) 乖離: 1.1677e-05 (リラクゼーション/動的項の差異)
  ||R_base|| = 3.0427e-05
  ||R(u+eps*du)|| = 3.0427e-05
  方向有効性: ||R(u+eps*du)||/||R(u)|| = 0.999978
  ✓ du方向で残差が減少 — Newton方向は有効
  FD方向微分 = 1.7825e-02
  解析方向微分 = 2.0846e-05
  全体系 K@du: FD vs 解析 相対誤差 = 9.9970e-01
  ⚠ 全体系で接線剛性不整合 — K_c自体が不正確
  全体系不整合DOF上位5件:
    dof=392 (node=65, comp=2): FD=-2.0422e-02, analytical=-4.3344e-06, diff=-2.0417e-02
    dof=92 (node=15, comp=2): FD=1.9307e-02, analytical=1.0020e-06, diff=1.9306e-02
    dof=86 (node=14, comp=2): FD=1.8014e-02, analytical=2.9872e-06, diff=1.8011e-02
    dof=398 (node=66, comp=2): FD=-1.7853e-02, analytical=-3.8079e-06, diff=-1.7849e-02
    dof=396 (node=66, comp=0): FD=7.9692e-03, analytical=1.7231e-05, diff=7.9519e-03
  comp別不整合: [x:1.51e-02(35%), y:1.78e-03(4%), z:4.06e-02(94%), θx:4.88e-05(0%), θy:4.99e-04(1%), θz:2.83e-05(0%)]
  接触DOF不整合: 4.10e-02 (402 DOFs), 構造DOF不整合: 1.40e-02 (1536 DOFs)
  活性DOF K@du: FD vs 解析 相対誤差 = 9.9964e-01 (402 DOFs)
  ⚠ 活性DOFで接線剛性不整合
  方向微分整合度: |FD-解析|/max = 9.9883e-01
------------------------------------------------------------
  f_c 単独FD検証（K_c精度）
  ||∂f_c/∂u·du (FD)|| = 1.8226e-04
  ||K_c @ du|| = 3.5210e-05
  f_c FD相対誤差 = 1.1926e+00
  ⚠ K_c自体が不正確（f_c単独で10%超の不整合）
  f_c comp別不整合: [x=7.8e-05/36%, y=1.1e-05/5%, z=2.0e-04/93%, θx=0.0e+00/0%, θy=0.0e+00/0%, θz=0.0e+00/0%]
  f_c不整合DOF上位5件:
    dof=398 (node=66, comp=2): FD=-8.8756e-05, K_c=1.6763e-05, diff=-1.0552e-04
    dof=92 (node=15, comp=2): FD=8.8429e-05, K_c=-1.6499e-05, diff=1.0493e-04
    dof=392 (node=65, comp=2): FD=-8.1650e-05, K_c=1.5831e-05, diff=-9.7481e-05
    dof=86 (node=14, comp=2): FD=8.1232e-05, K_c=-1.5523e-05, diff=9.6754e-05
    dof=396 (node=66, comp=0): FD=3.4282e-05, K_c=-7.7107e-06, diff=4.1993e-05
============================================================
============================================================
接線剛性FD方向診断（status-256）
============================================================
  ||du|| = 8.5240e-05
  ||R_u|| = 3.1882e-05
  ⚠ R_u vs compute_residual(u) 乖離: 1.2886e-05 (リラクゼーション/動的項の差異)
  ||R_base|| = 2.9078e-05
  ||R(u+eps*du)|| = 2.9078e-05
  方向有効性: ||R(u+eps*du)||/||R(u)|| = 0.999982
  ✓ du方向で残差が減少 — Newton方向は有効
  FD方向微分 = 2.1105e-02
  解析方向微分 = 1.9654e-05
  全体系 K@du: FD vs 解析 相対誤差 = 9.9974e-01
  ⚠ 全体系で接線剛性不整合 — K_c自体が不正確
  全体系不整合DOF上位5件:
    dof=86 (node=14, comp=2): FD=2.3552e-02, analytical=2.4090e-06, diff=2.3550e-02
    dof=398 (node=66, comp=2): FD=-2.2359e-02, analytical=-3.1652e-06, diff=-2.2355e-02
    dof=392 (node=65, comp=2): FD=-2.0520e-02, analytical=-3.7042e-06, diff=-2.0516e-02
    dof=92 (node=15, comp=2): FD=1.8555e-02, analytical=4.5472e-07, diff=1.8555e-02
    dof=90 (node=15, comp=0): FD=-1.0863e-02, analytical=-1.2557e-05, diff=-1.0850e-02
  comp別不整合: [x:1.85e-02(38%), y:1.84e-03(4%), z:4.54e-02(93%), θx:5.46e-05(0%), θy:5.11e-04(1%), θz:2.90e-05(0%)]
  接触DOF不整合: 4.67e-02 (402 DOFs), 構造DOF不整合: 1.48e-02 (1536 DOFs)
  活性DOF K@du: FD vs 解析 相対誤差 = 9.9969e-01 (402 DOFs)
  ⚠ 活性DOFで接線剛性不整合
  方向微分整合度: |FD-解析|/max = 9.9907e-01
------------------------------------------------------------
  f_c 単独FD検証（K_c精度）
  ||∂f_c/∂u·du (FD)|| = 2.1743e-04
  ||K_c @ du|| = 3.8343e-05
  f_c FD相対誤差 = 1.1759e+00
  ⚠ K_c自体が不正確（f_c単独で10%超の不整合）
  f_c comp別不整合: [x=9.9e-05/39%, y=1.2e-05/5%, z=2.4e-04/92%, θx=0.0e+00/0%, θy=0.0e+00/0%, θz=0.0e+00/0%]
  f_c不整合DOF上位5件:
    dof=398 (node=66, comp=2): FD=-1.0467e-04, K_c=1.8052e-05, diff=-1.2273e-04
    dof=92 (node=15, comp=2): FD=1.0436e-04, K_c=-1.7786e-05, diff=1.2215e-04
    dof=392 (node=65, comp=2): FD=-9.6231e-05, K_c=1.7022e-05, diff=-1.1325e-04
    dof=86 (node=14, comp=2): FD=9.5787e-05, K_c=-1.6706e-05, diff=1.1249e-04
    dof=396 (node=66, comp=0): FD=4.3898e-05, K_c=-8.8451e-06, diff=5.2743e-05
============================================================
============================================================
接線剛性FD方向診断（status-256）
============================================================
  ||du|| = 8.8131e-05
  ||R_u|| = 3.0282e-05
  ⚠ R_u vs compute_residual(u) 乖離: 1.4200e-05 (リラクゼーション/動的項の差異)
  ||R_base|| = 2.7943e-05
  ||R(u+eps*du)|| = 2.7943e-05
  方向有効性: ||R(u+eps*du)||/||R(u)|| = 0.999987
  ✓ du方向で残差が減少 — Newton方向は有効
  FD方向微分 = 2.5313e-02
  解析方向微分 = 1.8432e-05
  全体系 K@du: FD vs 解析 相対誤差 = 9.9977e-01
  ⚠ 全体系で接線剛性不整合 — K_c自体が不正確
  全体系不整合DOF上位5件:
    dof=398 (node=66, comp=2): FD=-2.5088e-02, analytical=-2.5023e-06, diff=-2.5086e-02
    dof=92 (node=15, comp=2): FD=2.4369e-02, analytical=-1.1527e-07, diff=2.4369e-02
    dof=392 (node=65, comp=2): FD=-2.2849e-02, analytical=-3.0565e-06, diff=-2.2845e-02
    dof=86 (node=14, comp=2): FD=2.0998e-02, analytical=1.8114e-06, diff=2.0996e-02
    dof=90 (node=15, comp=0): FD=-1.1689e-02, analytical=-1.1898e-05, diff=-1.1677e-02
  comp別不整合: [x:2.35e-02(43%), y:2.12e-03(4%), z:4.96e-02(90%), θx:5.96e-05(0%), θy:5.32e-04(1%), θz:3.00e-05(0%)]
  接触DOF不整合: 5.24e-02 (402 DOFs), 構造DOF不整合: 1.66e-02 (1536 DOFs)
  活性DOF K@du: FD vs 解析 相対誤差 = 9.9973e-01 (402 DOFs)
  ⚠ 活性DOFで接線剛性不整合
  方向微分整合度: |FD-解析|/max = 9.9927e-01
------------------------------------------------------------
  f_c 単独FD検証（K_c精度）
  ||∂f_c/∂u·du (FD)|| = 2.6337e-04
  ||K_c @ du|| = 4.2382e-05
  f_c FD相対誤差 = 1.1606e+00
  ⚠ K_c自体が不正確（f_c単独で10%超の不整合）
  f_c comp別不整合: [x=1.3e-04/42%, y=1.4e-05/4%, z=2.8e-04/91%, θx=0.0e+00/0%, θy=0.0e+00/0%, θz=0.0e+00/0%]
  f_c不整合DOF上位5件:
    dof=398 (node=66, comp=2): FD=-1.2503e-04, K_c=1.9683e-05, diff=-1.4472e-04
    dof=92 (node=15, comp=2): FD=1.2474e-04, K_c=-1.9409e-05, diff=1.4414e-04
    dof=392 (node=65, comp=2): FD=-1.1488e-04, K_c=1.8534e-05, diff=-1.3342e-04
    dof=86 (node=14, comp=2): FD=1.1440e-04, K_c=-1.8206e-05, diff=1.3261e-04
    dof=396 (node=66, comp=0): FD=5.7161e-05, K_c=-1.0328e-05, diff=6.7488e-05
============================================================
  [NR診断] Incr 175 (frac=0.3748), 不収束 att=35, Type分布[-:1(3%), C:1(3%), D.div+E:6(17%), D.slow+E:2(6%), D.stall+E:17(49%), E:8(23%)], 直近10[D.slow+E:1, D.stall+E:9], R_c=3.03e-05, R_s=1.14e-06, active=32, sliding=385, activated=0, deactivated=0, stick→slide=0, slide→stick=0, comp(x=2.9e-05/97%,y=3.2e-06/10%,z=6.2e-06/20%,θx=1.6e-06/5%,θy=3.0e-08/0%,θz=8.2e-07/3%)
  WARNING: Incr 175 (frac=0.3748) did not converge.
============================================================
  NCP Solver Convergence Diagnostics
============================================================
  Step: 175, Load fraction: 0.374758
  Attempts: 35 / 50
  Final residual: 5.011715e-04
  Min residual:   3.641195e-04
  Active pairs: 32
  Contact pairs (active=392):
    pair 0: elem(224,240) gap=4.9319e-02 p_n=0.0000e+00 [sliding]
    pair 1: elem(240,256) gap=4.9966e-02 p_n=0.0000e+00 [sliding]
    pair 3: elem(80,240) gap=2.9305e-02 p_n=0.0000e+00 [sliding]
    pair 4: elem(192,208) gap=4.6720e-02 p_n=0.0000e+00 [sliding]
    pair 5: elem(48,192) gap=2.3112e-02 p_n=0.0000e+00 [sliding]
    pair 6: elem(176,192) gap=4.5145e-02 p_n=0.0000e+00 [sliding]
    pair 7: elem(208,224) gap=4.8150e-02 p_n=0.0000e+00 [sliding]
    pair 8: elem(64,208) gap=2.8454e-02 p_n=0.0000e+00 [sliding]
    pair 12: elem(64,224) gap=2.4312e-02 p_n=0.0000e+00 [sliding]
    pair 13: elem(80,256) gap=2.5887e-02 p_n=0.0000e+00 [sliding]
    ... and 382 more
  NR Type distribution (35 iterations): [-:1(3%), C:1(3%), D+E:25(71%), E:8(23%)]
  Last 10 iterations: [D+E:10]
  Last snapshot: R_c=3.03e-05, R_s=1.14e-06, rate=0.950, active=32, sliding=385
============================================================
  曲げフェーズ完了: frac=0.3743, incr=175, cutback=19
/home/user/xkep-cae/xkep_cae/mesh/process.py:67: UserWarning: 指定ギャップ 0.000000 < 最小安全ギャップ 0.031769（弦近似誤差）。自動的に 0.031769 に引き上げます。
  mesh = _make_twisted_wire_mesh(

======================================================================
ソルバー結果
======================================================================
  frac_completed: 0.3743
  converged:      False
  n_increments:   175
  n_cutbacks:     19
  elapsed:        530.78 s

======================================================================
FD 診断レポート抽出: 166 件
======================================================================
  full_rel_err          : n=166, mean=1.004e+00, min=9.995e-01, max=1.355e+00, median=1.000e+00
  fc_rel_err            : n=166, mean=1.155e+00, min=4.309e-01, max=1.909e+00, median=1.099e+00
  directional_ratio     : n=166, mean=1.000e+00, min=9.995e-01, max=1.000e+00, median=1.000e+00
  deriv_agreement       : n=166, mean=7.848e-01, min=2.690e-04, max=1.218e+00, median=9.656e-01

  [全体系 K@du comp 別] 平均シェア（% 単位）:
    x  : mean= 40.8%, max= 91.0%, n=166
    y  : mean=  8.3%, max= 37.0%, n=166
    z  : mean= 89.7%, max= 97.0%, n=166
    tx : mean=  0.7%, max= 17.0%, n=166
    ty : mean=  3.7%, max= 66.0%, n=166
    tz : mean=  0.0%, max=  3.0%, n=166

  [f_c comp 別] 平均シェア（% 単位）:
    x  : mean= 68.3%, max= 98.0%, n=166
    y  : mean= 44.2%, max= 94.0%, n=166
    z  : mean= 41.5%, max= 99.0%, n=166
    tx : mean=  0.0%, max=  0.0%, n=166
    ty : mean=  0.0%, max=  0.0%, n=166
    tz : mean=  0.0%, max=  0.0%, n=166

  → CSV 書き出し: /tmp/kc_fd_diag_19strand_1776223903.csv

======================================================================
完了
======================================================================
[ProcessDiagnostics] レポート出力: /home/user/xkep-cae/docs/generated/process_usage_report.md
