{
  "task": {
    "name": "s3_scaling_analysis",
    "description": "素線数スケーリング分析: 計算時間・DOF・反復数の増加率",
    "params": [
      {
        "name": "n_strands",
        "low": 7,
        "high": 91,
        "default": 19,
        "log_scale": false,
        "description": "素線数（離散値: 7, 19, 37, 61, 91）"
      }
    ],
    "criteria": [
      {
        "metric": "total_time_s",
        "op": "lt",
        "target": 21600.0,
        "description": "計算時間が6時間以内"
      }
    ],
    "fixed_params": {},
    "tags": [
      "s3",
      "scaling",
      "benchmark"
    ]
  },
  "runs": [
    {
      "params": {
        "auto_kpen": true,
        "lambda_n_max_factor": 0.1,
        "al_relaxation": 0.01,
        "k_pen_scaling": "sqrt",
        "staged_activation": true,
        "g_on": 0.0005,
        "g_off": 0.001,
        "preserve_inactive_lambda": true,
        "no_deactivation_within_step": true,
        "penalty_growth_factor": 1.0,
        "use_block_solver": true,
        "adaptive_omega": true,
        "omega_min": 0.01,
        "omega_max": 0.3,
        "omega_growth": 2.0
      },
      "metrics": {
        "converged": true,
        "n_load_steps": 15,
        "total_newton_iterations": 349,
        "total_outer_iterations": 45,
        "n_active_pairs": 60,
        "max_penetration_ratio": 0.1251587049541119,
        "total_time_s": 0,
        "solve_time_s": 2.814288149999925,
        "mesh_time_s": 0.00016333500002474466,
        "linear_solve_ratio": 0.0
      },
      "time_series": {
        "load_factor": [
          0.06666666666666667,
          0.13333333333333333,
          0.2,
          0.26666666666666666,
          0.3333333333333333,
          0.4,
          0.4666666666666667,
          0.5333333333333333,
          0.6,
          0.6666666666666666,
          0.7333333333333333,
          0.8,
          0.8666666666666667,
          0.9333333333333333,
          1.0
        ],
        "contact_force": [
          16.06177933587961,
          17.05483599667613,
          18.047190561221278,
          19.038783755097757,
          20.0295828001691,
          21.019566991244787,
          22.00872408735917,
          22.99704827249394,
          23.984538394202527,
          24.97119668195387,
          25.95702790021602,
          26.69169097870471,
          26.829117119606227,
          26.964056380038866,
          27.09737235399348
        ],
        "active_pairs": [
          60.0,
          60.0,
          60.0,
          60.0,
          60.0,
          60.0,
          60.0,
          60.0,
          60.0,
          60.0,
          60.0,
          60.0,
          60.0,
          60.0,
          60.0
        ],
        "total_normal_force": [
          105.54240481592713,
          111.84816396120598,
          118.12950521033756,
          124.38686912747936,
          130.6207895623515,
          136.83178752874198,
          143.0203664134945,
          149.1870156605101,
          155.33221042290884,
          161.45641178247837,
          167.56006855458125,
          172.30835946985533,
          173.62774337043402,
          174.86198888784028,
          176.06583099981782
        ],
        "stick_slip_ratio": [
          1.0,
          1.0,
          1.0,
          1.0,
          1.0,
          1.0,
          1.0,
          1.0,
          1.0,
          1.0,
          1.0,
          1.0,
          1.0,
          1.0,
          1.0
        ]
      },
      "metadata": {
        "n_strands": 7,
        "n_nodes": 35,
        "n_elems": 28,
        "ndof": 210,
        "n_elems_per_strand": 4,
        "load_type": "tension",
        "load_value": 100.0,
        "step_times": {}
      }
    },
    {
      "params": {
        "auto_kpen": true,
        "lambda_n_max_factor": 0.1,
        "al_relaxation": 0.01,
        "k_pen_scaling": "sqrt",
        "staged_activation": true,
        "g_on": 0.0005,
        "g_off": 0.001,
        "preserve_inactive_lambda": true,
        "no_deactivation_within_step": true,
        "penalty_growth_factor": 1.0,
        "use_block_solver": true,
        "adaptive_omega": true,
        "omega_min": 0.01,
        "omega_max": 0.3,
        "omega_growth": 2.0
      },
      "metrics": {
        "converged": false,
        "n_load_steps": 8,
        "total_newton_iterations": 495,
        "total_outer_iterations": 24,
        "n_active_pairs": 264,
        "max_penetration_ratio": 0.12194412803960877,
        "total_time_s": 0,
        "solve_time_s": 14.646715614999948,
        "mesh_time_s": 0.00015983700006927393,
        "linear_solve_ratio": 0.0
      },
      "time_series": {
        "load_factor": [
          0.06666666666666667,
          0.13333333333333333,
          0.2,
          0.26666666666666666,
          0.3333333333333333,
          0.4,
          0.4666666666666667
        ],
        "contact_force": [
          14.391680704501029,
          15.25156318811427,
          16.108040635386097,
          16.96109082824919,
          17.810706328408983,
          18.656988374060262,
          19.50869605970435
        ],
        "active_pairs": [
          264.0,
          264.0,
          264.0,
          264.0,
          264.0,
          264.0,
          264.0
        ],
        "total_normal_force": [
          173.9362632560538,
          184.7256258571913,
          195.48490682516368,
          206.21437755524195,
          216.91435578389235,
          227.5859241564452,
          238.2980174614116
        ],
        "stick_slip_ratio": [
          1.0,
          1.0,
          1.0,
          1.0,
          1.0,
          1.0,
          1.0
        ]
      },
      "metadata": {
        "n_strands": 19,
        "n_nodes": 95,
        "n_elems": 76,
        "ndof": 570,
        "n_elems_per_strand": 4,
        "load_type": "tension",
        "load_value": 100.0,
        "step_times": {}
      }
    }
  ]
}